path,label,condition,prob
C:\Users\navee\Desktop\Projects\MediaDna\OpenAVFF\FakeAVCeleb_v1.2\FakeAVCeleb_v1.2\RealVideo-RealAudio/Caucasian (European)/women/id00042\00028.mp4,0,RVRA,0.50859135389328
C:\Users\navee\Desktop\Projects\MediaDna\OpenAVFF\FakeAVCeleb_v1.2\FakeAVCeleb_v1.2\RealVideo-RealAudio/Caucasian (European)/women/id00068\00004.mp4,0,RVRA,0.5156202912330627
C:\Users\navee\Desktop\Projects\MediaDna\OpenAVFF\FakeAVCeleb_v1.2\FakeAVCeleb_v1.2\RealVideo-RealAudio/Caucasian (European)/women/id00071\00014.mp4,0,RVRA,0.5272679924964905
C:\Users\navee\Desktop\Projects\MediaDna\OpenAVFF\FakeAVCeleb_v1.2\FakeAVCeleb_v1.2\RealVideo-RealAudio/Caucasian (European)/women/id00188\00020.mp4,0,RVRA,0.5245827436447144
C:\Users\navee\Desktop\Projects\MediaDna\OpenAVFF\FakeAVCeleb_v1.2\FakeAVCeleb_v1.2\RealVideo-RealAudio/Caucasian (European)/women/id00232\00025.mp4,0,RVRA,0.5147071480751038
C:\Users\navee\Desktop\Projects\MediaDna\OpenAVFF\FakeAVCeleb_v1.2\FakeAVCeleb_v1.2\RealVideo-RealAudio/Caucasian (European)/women/id00234\00063.mp4,0,RVRA,0.5169139504432678
C:\Users\navee\Desktop\Projects\MediaDna\OpenAVFF\FakeAVCeleb_v1.2\FakeAVCeleb_v1.2\RealVideo-RealAudio/Caucasian (European)/women/id00262\00028.mp4,0,RVRA,0.53387051820755
C:\Users\navee\Desktop\Projects\MediaDna\OpenAVFF\FakeAVCeleb_v1.2\FakeAVCeleb_v1.2\RealVideo-RealAudio/Caucasian (European)/women/id00270\00088.mp4,0,RVRA,0.5060970783233643
C:\Users\navee\Desktop\Projects\MediaDna\OpenAVFF\FakeAVCeleb_v1.2\FakeAVCeleb_v1.2\RealVideo-RealAudio/Caucasian (European)/women/id00271\00028.mp4,0,RVRA,0.5063092112541199
C:\Users\navee\Desktop\Projects\MediaDna\OpenAVFF\FakeAVCeleb_v1.2\FakeAVCeleb_v1.2\RealVideo-RealAudio/Caucasian (European)/women/id00287\00005.mp4,0,RVRA,0.5204331874847412
C:\Users\navee\Desktop\Projects\MediaDna\OpenAVFF\FakeAVCeleb_v1.2\FakeAVCeleb_v1.2\RealVideo-RealAudio/Caucasian (European)/women/id00325\00015.mp4,0,RVRA,0.527228832244873
C:\Users\navee\Desktop\Projects\MediaDna\OpenAVFF\FakeAVCeleb_v1.2\FakeAVCeleb_v1.2\RealVideo-RealAudio/Caucasian (European)/women/id00328\00092.mp4,0,RVRA,0.5441787242889404
C:\Users\navee\Desktop\Projects\MediaDna\OpenAVFF\FakeAVCeleb_v1.2\FakeAVCeleb_v1.2\RealVideo-RealAudio/Caucasian (European)/women/id00330\00118.mp4,0,RVRA,0.4980049133300781
C:\Users\navee\Desktop\Projects\MediaDna\OpenAVFF\FakeAVCeleb_v1.2\FakeAVCeleb_v1.2\RealVideo-RealAudio/Caucasian (European)/women/id00332\00293.mp4,0,RVRA,0.527783215045929
C:\Users\navee\Desktop\Projects\MediaDna\OpenAVFF\FakeAVCeleb_v1.2\FakeAVCeleb_v1.2\RealVideo-RealAudio/Caucasian (European)/women/id00365\00078.mp4,0,RVRA,0.5326046347618103
C:\Users\navee\Desktop\Projects\MediaDna\OpenAVFF\FakeAVCeleb_v1.2\FakeAVCeleb_v1.2\RealVideo-RealAudio/Caucasian (European)/women/id00373\00028.mp4,0,RVRA,0.5687585473060608
C:\Users\navee\Desktop\Projects\MediaDna\OpenAVFF\FakeAVCeleb_v1.2\FakeAVCeleb_v1.2\RealVideo-RealAudio/Caucasian (European)/women/id00374\00311.mp4,0,RVRA,0.5762965083122253
C:\Users\navee\Desktop\Projects\MediaDna\OpenAVFF\FakeAVCeleb_v1.2\FakeAVCeleb_v1.2\RealVideo-RealAudio/Caucasian (European)/women/id00379\00043.mp4,0,RVRA,0.5185155868530273
C:\Users\navee\Desktop\Projects\MediaDna\OpenAVFF\FakeAVCeleb_v1.2\FakeAVCeleb_v1.2\RealVideo-RealAudio/Caucasian (European)/women/id00395\00420.mp4,0,RVRA,0.507686972618103
C:\Users\navee\Desktop\Projects\MediaDna\OpenAVFF\FakeAVCeleb_v1.2\FakeAVCeleb_v1.2\RealVideo-RealAudio/Caucasian (European)/women/id00403\00052.mp4,0,RVRA,0.5016078352928162
C:\Users\navee\Desktop\Projects\MediaDna\OpenAVFF\FakeAVCeleb_v1.2\FakeAVCeleb_v1.2\RealVideo-RealAudio/Caucasian (European)/women/id00434\00046.mp4,0,RVRA,0.5059065222740173
C:\Users\navee\Desktop\Projects\MediaDna\OpenAVFF\FakeAVCeleb_v1.2\FakeAVCeleb_v1.2\RealVideo-RealAudio/Caucasian (European)/women/id00484\00202.mp4,0,RVRA,0.5141501426696777
C:\Users\navee\Desktop\Projects\MediaDna\OpenAVFF\FakeAVCeleb_v1.2\FakeAVCeleb_v1.2\RealVideo-RealAudio/Caucasian (European)/women/id00491\00122.mp4,0,RVRA,0.49802443385124207
C:\Users\navee\Desktop\Projects\MediaDna\OpenAVFF\FakeAVCeleb_v1.2\FakeAVCeleb_v1.2\RealVideo-RealAudio/Caucasian (European)/women/id00495\00027.mp4,0,RVRA,0.5006598234176636
C:\Users\navee\Desktop\Projects\MediaDna\OpenAVFF\FakeAVCeleb_v1.2\FakeAVCeleb_v1.2\RealVideo-RealAudio/Caucasian (European)/women/id00496\00015.mp4,0,RVRA,0.5328633189201355
C:\Users\navee\Desktop\Projects\MediaDna\OpenAVFF\FakeAVCeleb_v1.2\FakeAVCeleb_v1.2\RealVideo-RealAudio/Caucasian (European)/women/id00569\00239.mp4,0,RVRA,0.5698908567428589
C:\Users\navee\Desktop\Projects\MediaDna\OpenAVFF\FakeAVCeleb_v1.2\FakeAVCeleb_v1.2\RealVideo-RealAudio/Caucasian (European)/women/id00581\00010.mp4,0,RVRA,0.5206490159034729
C:\Users\navee\Desktop\Projects\MediaDna\OpenAVFF\FakeAVCeleb_v1.2\FakeAVCeleb_v1.2\RealVideo-RealAudio/Caucasian (European)/women/id00589\00130.mp4,0,RVRA,0.5258169174194336
C:\Users\navee\Desktop\Projects\MediaDna\OpenAVFF\FakeAVCeleb_v1.2\FakeAVCeleb_v1.2\RealVideo-RealAudio/Caucasian (European)/women/id00591\00001.mp4,0,RVRA,0.5840510129928589
C:\Users\navee\Desktop\Projects\MediaDna\OpenAVFF\FakeAVCeleb_v1.2\FakeAVCeleb_v1.2\RealVideo-RealAudio/Caucasian (European)/women/id00633\00088.mp4,0,RVRA,0.5921730399131775
C:\Users\navee\Desktop\Projects\MediaDna\OpenAVFF\FakeAVCeleb_v1.2\FakeAVCeleb_v1.2\RealVideo-RealAudio/Caucasian (European)/women/id00634\00078.mp4,0,RVRA,0.5448764562606812
C:\Users\navee\Desktop\Projects\MediaDna\OpenAVFF\FakeAVCeleb_v1.2\FakeAVCeleb_v1.2\RealVideo-RealAudio/Caucasian (European)/women/id00735\00037.mp4,0,RVRA,0.49648573994636536
C:\Users\navee\Desktop\Projects\MediaDna\OpenAVFF\FakeAVCeleb_v1.2\FakeAVCeleb_v1.2\RealVideo-RealAudio/Caucasian (European)/women/id00806\00005.mp4,0,RVRA,0.5126996636390686
C:\Users\navee\Desktop\Projects\MediaDna\OpenAVFF\FakeAVCeleb_v1.2\FakeAVCeleb_v1.2\RealVideo-RealAudio/Caucasian (European)/women/id00813\00169.mp4,0,RVRA,0.5116850137710571
C:\Users\navee\Desktop\Projects\MediaDna\OpenAVFF\FakeAVCeleb_v1.2\FakeAVCeleb_v1.2\RealVideo-RealAudio/Caucasian (European)/women/id00823\00125.mp4,0,RVRA,0.505290150642395
C:\Users\navee\Desktop\Projects\MediaDna\OpenAVFF\FakeAVCeleb_v1.2\FakeAVCeleb_v1.2\RealVideo-RealAudio/Caucasian (European)/women/id00826\00065.mp4,0,RVRA,0.5409079194068909
C:\Users\navee\Desktop\Projects\MediaDna\OpenAVFF\FakeAVCeleb_v1.2\FakeAVCeleb_v1.2\RealVideo-RealAudio/Caucasian (European)/women/id00897\00005.mp4,0,RVRA,0.5439041256904602
C:\Users\navee\Desktop\Projects\MediaDna\OpenAVFF\FakeAVCeleb_v1.2\FakeAVCeleb_v1.2\RealVideo-RealAudio/Caucasian (European)/women/id01001\00086.mp4,0,RVRA,0.5220865607261658
C:\Users\navee\Desktop\Projects\MediaDna\OpenAVFF\FakeAVCeleb_v1.2\FakeAVCeleb_v1.2\RealVideo-RealAudio/Caucasian (European)/women/id01002\00043.mp4,0,RVRA,0.5032194256782532
C:\Users\navee\Desktop\Projects\MediaDna\OpenAVFF\FakeAVCeleb_v1.2\FakeAVCeleb_v1.2\RealVideo-RealAudio/Caucasian (European)/women/id01018\00072.mp4,0,RVRA,0.5058774352073669
C:\Users\navee\Desktop\Projects\MediaDna\OpenAVFF\FakeAVCeleb_v1.2\FakeAVCeleb_v1.2\RealVideo-RealAudio/Caucasian (European)/women/id03371\00430.mp4,0,RVRA,0.5254064798355103
C:\Users\navee\Desktop\Projects\MediaDna\OpenAVFF\FakeAVCeleb_v1.2\FakeAVCeleb_v1.2\RealVideo-RealAudio/Caucasian (European)/women/id03589\00002.mp4,0,RVRA,0.5047870874404907
C:\Users\navee\Desktop\Projects\MediaDna\OpenAVFF\FakeAVCeleb_v1.2\FakeAVCeleb_v1.2\RealVideo-RealAudio/Caucasian (European)/women/id03620\00081.mp4,0,RVRA,0.5468257665634155
C:\Users\navee\Desktop\Projects\MediaDna\OpenAVFF\FakeAVCeleb_v1.2\FakeAVCeleb_v1.2\RealVideo-RealAudio/Caucasian (European)/women/id03649\00001.mp4,0,RVRA,0.5065277814865112
C:\Users\navee\Desktop\Projects\MediaDna\OpenAVFF\FakeAVCeleb_v1.2\FakeAVCeleb_v1.2\RealVideo-RealAudio/Caucasian (European)/women/id03651\00092.mp4,0,RVRA,0.5119783282279968
C:\Users\navee\Desktop\Projects\MediaDna\OpenAVFF\FakeAVCeleb_v1.2\FakeAVCeleb_v1.2\RealVideo-RealAudio/Caucasian (European)/women/id03716\00040.mp4,0,RVRA,0.5045610666275024
C:\Users\navee\Desktop\Projects\MediaDna\OpenAVFF\FakeAVCeleb_v1.2\FakeAVCeleb_v1.2\RealVideo-RealAudio/Caucasian (European)/women/id03816\00093.mp4,0,RVRA,0.5057480335235596
C:\Users\navee\Desktop\Projects\MediaDna\OpenAVFF\FakeAVCeleb_v1.2\FakeAVCeleb_v1.2\RealVideo-RealAudio/Caucasian (European)/women/id03844\00028.mp4,0,RVRA,0.49855247139930725
C:\Users\navee\Desktop\Projects\MediaDna\OpenAVFF\FakeAVCeleb_v1.2\FakeAVCeleb_v1.2\RealVideo-RealAudio/Caucasian (European)/women/id03858\00092.mp4,0,RVRA,0.5153206586837769
C:\Users\navee\Desktop\Projects\MediaDna\OpenAVFF\FakeAVCeleb_v1.2\FakeAVCeleb_v1.2\RealVideo-RealAudio/Caucasian (European)/women/id03941\00021.mp4,0,RVRA,0.5631924867630005
C:\Users\navee\Desktop\Projects\MediaDna\OpenAVFF\FakeAVCeleb_v1.2\FakeAVCeleb_v1.2\RealVideo-FakeAudio/Caucasian (European)/women/id00042\00028_fake.mp4,1,RVFA,0.9985527396202087
C:\Users\navee\Desktop\Projects\MediaDna\OpenAVFF\FakeAVCeleb_v1.2\FakeAVCeleb_v1.2\RealVideo-FakeAudio/Caucasian (European)/women/id00068\00004_fake.mp4,1,RVFA,0.9664000868797302
C:\Users\navee\Desktop\Projects\MediaDna\OpenAVFF\FakeAVCeleb_v1.2\FakeAVCeleb_v1.2\RealVideo-FakeAudio/Caucasian (European)/women/id00071\00014_fake.mp4,1,RVFA,0.9998877048492432
C:\Users\navee\Desktop\Projects\MediaDna\OpenAVFF\FakeAVCeleb_v1.2\FakeAVCeleb_v1.2\RealVideo-FakeAudio/Caucasian (European)/women/id00188\00020_fake.mp4,1,RVFA,0.9970678687095642
C:\Users\navee\Desktop\Projects\MediaDna\OpenAVFF\FakeAVCeleb_v1.2\FakeAVCeleb_v1.2\RealVideo-FakeAudio/Caucasian (European)/women/id00232\00025_fake.mp4,1,RVFA,0.9918336868286133
C:\Users\navee\Desktop\Projects\MediaDna\OpenAVFF\FakeAVCeleb_v1.2\FakeAVCeleb_v1.2\RealVideo-FakeAudio/Caucasian (European)/women/id00234\00063_fake.mp4,1,RVFA,0.9983540773391724
C:\Users\navee\Desktop\Projects\MediaDna\OpenAVFF\FakeAVCeleb_v1.2\FakeAVCeleb_v1.2\RealVideo-FakeAudio/Caucasian (European)/women/id00262\00028_fake.mp4,1,RVFA,0.9657576680183411
C:\Users\navee\Desktop\Projects\MediaDna\OpenAVFF\FakeAVCeleb_v1.2\FakeAVCeleb_v1.2\RealVideo-FakeAudio/Caucasian (European)/women/id00270\00088_fake.mp4,1,RVFA,0.9975876808166504
C:\Users\navee\Desktop\Projects\MediaDna\OpenAVFF\FakeAVCeleb_v1.2\FakeAVCeleb_v1.2\RealVideo-FakeAudio/Caucasian (European)/women/id00271\00028_fake.mp4,1,RVFA,0.9902061820030212
C:\Users\navee\Desktop\Projects\MediaDna\OpenAVFF\FakeAVCeleb_v1.2\FakeAVCeleb_v1.2\RealVideo-FakeAudio/Caucasian (European)/women/id00287\00005_fake.mp4,1,RVFA,0.9999614953994751
C:\Users\navee\Desktop\Projects\MediaDna\OpenAVFF\FakeAVCeleb_v1.2\FakeAVCeleb_v1.2\RealVideo-FakeAudio/Caucasian (European)/women/id00325\00015_fake.mp4,1,RVFA,0.9999170303344727
C:\Users\navee\Desktop\Projects\MediaDna\OpenAVFF\FakeAVCeleb_v1.2\FakeAVCeleb_v1.2\RealVideo-FakeAudio/Caucasian (European)/women/id00328\00092_fake.mp4,1,RVFA,0.9996625185012817
C:\Users\navee\Desktop\Projects\MediaDna\OpenAVFF\FakeAVCeleb_v1.2\FakeAVCeleb_v1.2\RealVideo-FakeAudio/Caucasian (European)/women/id00330\00118_fake.mp4,1,RVFA,0.9736165404319763
C:\Users\navee\Desktop\Projects\MediaDna\OpenAVFF\FakeAVCeleb_v1.2\FakeAVCeleb_v1.2\RealVideo-FakeAudio/Caucasian (European)/women/id00332\00293_fake.mp4,1,RVFA,0.9940991401672363
C:\Users\navee\Desktop\Projects\MediaDna\OpenAVFF\FakeAVCeleb_v1.2\FakeAVCeleb_v1.2\RealVideo-FakeAudio/Caucasian (European)/women/id00365\00078_fake.mp4,1,RVFA,0.6275145411491394
C:\Users\navee\Desktop\Projects\MediaDna\OpenAVFF\FakeAVCeleb_v1.2\FakeAVCeleb_v1.2\RealVideo-FakeAudio/Caucasian (European)/women/id00373\00028_fake.mp4,1,RVFA,0.9994168281555176
C:\Users\navee\Desktop\Projects\MediaDna\OpenAVFF\FakeAVCeleb_v1.2\FakeAVCeleb_v1.2\RealVideo-FakeAudio/Caucasian (European)/women/id00374\00311_fake.mp4,1,RVFA,0.5904114246368408
C:\Users\navee\Desktop\Projects\MediaDna\OpenAVFF\FakeAVCeleb_v1.2\FakeAVCeleb_v1.2\RealVideo-FakeAudio/Caucasian (European)/women/id00379\00043_fake.mp4,1,RVFA,0.9918318390846252
C:\Users\navee\Desktop\Projects\MediaDna\OpenAVFF\FakeAVCeleb_v1.2\FakeAVCeleb_v1.2\RealVideo-FakeAudio/Caucasian (European)/women/id00395\00420_fake.mp4,1,RVFA,0.9811112284660339
C:\Users\navee\Desktop\Projects\MediaDna\OpenAVFF\FakeAVCeleb_v1.2\FakeAVCeleb_v1.2\RealVideo-FakeAudio/Caucasian (European)/women/id00403\00052_fake.mp4,1,RVFA,0.9998825788497925
C:\Users\navee\Desktop\Projects\MediaDna\OpenAVFF\FakeAVCeleb_v1.2\FakeAVCeleb_v1.2\RealVideo-FakeAudio/Caucasian (European)/women/id00434\00046_fake.mp4,1,RVFA,0.9615979194641113
C:\Users\navee\Desktop\Projects\MediaDna\OpenAVFF\FakeAVCeleb_v1.2\FakeAVCeleb_v1.2\RealVideo-FakeAudio/Caucasian (European)/women/id00484\00202_fake.mp4,1,RVFA,0.9995519518852234
C:\Users\navee\Desktop\Projects\MediaDna\OpenAVFF\FakeAVCeleb_v1.2\FakeAVCeleb_v1.2\RealVideo-FakeAudio/Caucasian (European)/women/id00491\00122_fake.mp4,1,RVFA,0.997731626033783
C:\Users\navee\Desktop\Projects\MediaDna\OpenAVFF\FakeAVCeleb_v1.2\FakeAVCeleb_v1.2\RealVideo-FakeAudio/Caucasian (European)/women/id00495\00027_fake.mp4,1,RVFA,0.999588668346405
C:\Users\navee\Desktop\Projects\MediaDna\OpenAVFF\FakeAVCeleb_v1.2\FakeAVCeleb_v1.2\RealVideo-FakeAudio/Caucasian (European)/women/id00496\00015_fake.mp4,1,RVFA,0.6013984084129333
C:\Users\navee\Desktop\Projects\MediaDna\OpenAVFF\FakeAVCeleb_v1.2\FakeAVCeleb_v1.2\RealVideo-FakeAudio/Caucasian (European)/women/id00569\00239_fake.mp4,1,RVFA,0.9995244741439819
C:\Users\navee\Desktop\Projects\MediaDna\OpenAVFF\FakeAVCeleb_v1.2\FakeAVCeleb_v1.2\RealVideo-FakeAudio/Caucasian (European)/women/id00581\00010_fake.mp4,1,RVFA,0.9968895316123962
C:\Users\navee\Desktop\Projects\MediaDna\OpenAVFF\FakeAVCeleb_v1.2\FakeAVCeleb_v1.2\RealVideo-FakeAudio/Caucasian (European)/women/id00589\00130_fake.mp4,1,RVFA,0.9658348560333252
C:\Users\navee\Desktop\Projects\MediaDna\OpenAVFF\FakeAVCeleb_v1.2\FakeAVCeleb_v1.2\RealVideo-FakeAudio/Caucasian (European)/women/id00591\00001_fake.mp4,1,RVFA,0.9970009922981262
C:\Users\navee\Desktop\Projects\MediaDna\OpenAVFF\FakeAVCeleb_v1.2\FakeAVCeleb_v1.2\RealVideo-FakeAudio/Caucasian (European)/women/id00633\00088_fake.mp4,1,RVFA,0.9988969564437866
C:\Users\navee\Desktop\Projects\MediaDna\OpenAVFF\FakeAVCeleb_v1.2\FakeAVCeleb_v1.2\RealVideo-FakeAudio/Caucasian (European)/women/id00634\00078_fake.mp4,1,RVFA,0.9973195195198059
C:\Users\navee\Desktop\Projects\MediaDna\OpenAVFF\FakeAVCeleb_v1.2\FakeAVCeleb_v1.2\RealVideo-FakeAudio/Caucasian (European)/women/id00735\00037_fake.mp4,1,RVFA,0.9982080459594727
C:\Users\navee\Desktop\Projects\MediaDna\OpenAVFF\FakeAVCeleb_v1.2\FakeAVCeleb_v1.2\RealVideo-FakeAudio/Caucasian (European)/women/id00806\00005_fake.mp4,1,RVFA,0.9669378995895386
C:\Users\navee\Desktop\Projects\MediaDna\OpenAVFF\FakeAVCeleb_v1.2\FakeAVCeleb_v1.2\RealVideo-FakeAudio/Caucasian (European)/women/id00813\00169_fake.mp4,1,RVFA,0.9292222857475281
C:\Users\navee\Desktop\Projects\MediaDna\OpenAVFF\FakeAVCeleb_v1.2\FakeAVCeleb_v1.2\RealVideo-FakeAudio/Caucasian (European)/women/id00823\00125_fake.mp4,1,RVFA,0.9996001124382019
C:\Users\navee\Desktop\Projects\MediaDna\OpenAVFF\FakeAVCeleb_v1.2\FakeAVCeleb_v1.2\RealVideo-FakeAudio/Caucasian (European)/women/id00826\00065_fake.mp4,1,RVFA,0.9999788999557495
C:\Users\navee\Desktop\Projects\MediaDna\OpenAVFF\FakeAVCeleb_v1.2\FakeAVCeleb_v1.2\RealVideo-FakeAudio/Caucasian (European)/women/id00897\00005_fake.mp4,1,RVFA,0.985524594783783
C:\Users\navee\Desktop\Projects\MediaDna\OpenAVFF\FakeAVCeleb_v1.2\FakeAVCeleb_v1.2\RealVideo-FakeAudio/Caucasian (European)/women/id01001\00086_fake.mp4,1,RVFA,0.9631258845329285
C:\Users\navee\Desktop\Projects\MediaDna\OpenAVFF\FakeAVCeleb_v1.2\FakeAVCeleb_v1.2\RealVideo-FakeAudio/Caucasian (European)/women/id01002\00043_fake.mp4,1,RVFA,0.9999585151672363
C:\Users\navee\Desktop\Projects\MediaDna\OpenAVFF\FakeAVCeleb_v1.2\FakeAVCeleb_v1.2\RealVideo-FakeAudio/Caucasian (European)/women/id01018\00072_fake.mp4,1,RVFA,0.9993595480918884
C:\Users\navee\Desktop\Projects\MediaDna\OpenAVFF\FakeAVCeleb_v1.2\FakeAVCeleb_v1.2\RealVideo-FakeAudio/Caucasian (European)/women/id03371\00430_fake.mp4,1,RVFA,0.9994742274284363
C:\Users\navee\Desktop\Projects\MediaDna\OpenAVFF\FakeAVCeleb_v1.2\FakeAVCeleb_v1.2\RealVideo-FakeAudio/Caucasian (European)/women/id03589\00002_fake.mp4,1,RVFA,0.9999604225158691
C:\Users\navee\Desktop\Projects\MediaDna\OpenAVFF\FakeAVCeleb_v1.2\FakeAVCeleb_v1.2\RealVideo-FakeAudio/Caucasian (European)/women/id03620\00081_fake.mp4,1,RVFA,0.891920804977417
C:\Users\navee\Desktop\Projects\MediaDna\OpenAVFF\FakeAVCeleb_v1.2\FakeAVCeleb_v1.2\RealVideo-FakeAudio/Caucasian (European)/women/id03649\00001_fake.mp4,1,RVFA,0.9969145059585571
C:\Users\navee\Desktop\Projects\MediaDna\OpenAVFF\FakeAVCeleb_v1.2\FakeAVCeleb_v1.2\RealVideo-FakeAudio/Caucasian (European)/women/id03651\00092_fake.mp4,1,RVFA,0.9998278617858887
C:\Users\navee\Desktop\Projects\MediaDna\OpenAVFF\FakeAVCeleb_v1.2\FakeAVCeleb_v1.2\RealVideo-FakeAudio/Caucasian (European)/women/id03716\00040_fake.mp4,1,RVFA,0.9997461438179016
C:\Users\navee\Desktop\Projects\MediaDna\OpenAVFF\FakeAVCeleb_v1.2\FakeAVCeleb_v1.2\RealVideo-FakeAudio/Caucasian (European)/women/id03816\00093_fake.mp4,1,RVFA,0.7948403358459473
C:\Users\navee\Desktop\Projects\MediaDna\OpenAVFF\FakeAVCeleb_v1.2\FakeAVCeleb_v1.2\RealVideo-FakeAudio/Caucasian (European)/women/id03844\00028_fake.mp4,1,RVFA,0.9724549055099487
C:\Users\navee\Desktop\Projects\MediaDna\OpenAVFF\FakeAVCeleb_v1.2\FakeAVCeleb_v1.2\RealVideo-FakeAudio/Caucasian (European)/women/id03858\00092_fake.mp4,1,RVFA,0.9998492002487183
C:\Users\navee\Desktop\Projects\MediaDna\OpenAVFF\FakeAVCeleb_v1.2\FakeAVCeleb_v1.2\RealVideo-FakeAudio/Caucasian (European)/women/id03941\00021_fake.mp4,1,RVFA,0.9989230036735535
C:\Users\navee\Desktop\Projects\MediaDna\OpenAVFF\FakeAVCeleb_v1.2\FakeAVCeleb_v1.2\FakeVideo-RealAudio/Caucasian (European)/women/id00042\00028_0.mp4,1,FVRA,0.5028703212738037
C:\Users\navee\Desktop\Projects\MediaDna\OpenAVFF\FakeAVCeleb_v1.2\FakeAVCeleb_v1.2\FakeVideo-RealAudio/Caucasian (European)/women/id00042\00028_id00325_4vJtbNe0L98_faceswap.mp4,1,FVRA,0.5157762765884399
C:\Users\navee\Desktop\Projects\MediaDna\OpenAVFF\FakeAVCeleb_v1.2\FakeAVCeleb_v1.2\FakeVideo-RealAudio/Caucasian (European)/women/id00068\00004_0.mp4,1,FVRA,0.5067806243896484
C:\Users\navee\Desktop\Projects\MediaDna\OpenAVFF\FakeAVCeleb_v1.2\FakeAVCeleb_v1.2\FakeVideo-RealAudio/Caucasian (European)/women/id00068\00004_1.mp4,1,FVRA,0.5381831526756287
C:\Users\navee\Desktop\Projects\MediaDna\OpenAVFF\FakeAVCeleb_v1.2\FakeAVCeleb_v1.2\FakeVideo-RealAudio/Caucasian (European)/women/id00068\00004_2.mp4,1,FVRA,0.537947952747345
C:\Users\navee\Desktop\Projects\MediaDna\OpenAVFF\FakeAVCeleb_v1.2\FakeAVCeleb_v1.2\FakeVideo-RealAudio/Caucasian (European)/women/id00068\00004_3.mp4,1,FVRA,0.5300929546356201
C:\Users\navee\Desktop\Projects\MediaDna\OpenAVFF\FakeAVCeleb_v1.2\FakeAVCeleb_v1.2\FakeVideo-RealAudio/Caucasian (European)/women/id00068\00004_id00495_E46aiMUC4A0_faceswap.mp4,1,FVRA,0.5173591375350952
C:\Users\navee\Desktop\Projects\MediaDna\OpenAVFF\FakeAVCeleb_v1.2\FakeAVCeleb_v1.2\FakeVideo-RealAudio/Caucasian (European)/women/id00071\00014_id03371_truKMXt8Dak_faceswap.mp4,1,FVRA,0.5310952663421631
C:\Users\navee\Desktop\Projects\MediaDna\OpenAVFF\FakeAVCeleb_v1.2\FakeAVCeleb_v1.2\FakeVideo-RealAudio/Caucasian (European)/women/id00188\00020_id00569_gSynmpwioV4_faceswap.mp4,1,FVRA,0.5184130668640137
C:\Users\navee\Desktop\Projects\MediaDna\OpenAVFF\FakeAVCeleb_v1.2\FakeAVCeleb_v1.2\FakeVideo-RealAudio/Caucasian (European)/women/id00232\00025_0.mp4,1,FVRA,0.5347787141799927
C:\Users\navee\Desktop\Projects\MediaDna\OpenAVFF\FakeAVCeleb_v1.2\FakeAVCeleb_v1.2\FakeVideo-RealAudio/Caucasian (European)/women/id00232\00025_id00365_XV-imLNJvfk_faceswap.mp4,1,FVRA,0.5137961506843567
C:\Users\navee\Desktop\Projects\MediaDna\OpenAVFF\FakeAVCeleb_v1.2\FakeAVCeleb_v1.2\FakeVideo-RealAudio/Caucasian (European)/women/id00234\00063_id00403_n4LSCxzFr6o_faceswap.mp4,1,FVRA,0.51874840259552
C:\Users\navee\Desktop\Projects\MediaDna\OpenAVFF\FakeAVCeleb_v1.2\FakeAVCeleb_v1.2\FakeVideo-RealAudio/Caucasian (European)/women/id00262\00028_0.mp4,1,FVRA,0.5279595255851746
C:\Users\navee\Desktop\Projects\MediaDna\OpenAVFF\FakeAVCeleb_v1.2\FakeAVCeleb_v1.2\FakeVideo-RealAudio/Caucasian (European)/women/id00262\00028_id00287_2NpfYjyMsPM_faceswap.mp4,1,FVRA,0.536503255367279
C:\Users\navee\Desktop\Projects\MediaDna\OpenAVFF\FakeAVCeleb_v1.2\FakeAVCeleb_v1.2\FakeVideo-RealAudio/Caucasian (European)/women/id00270\00088_0.mp4,1,FVRA,0.5460195541381836
C:\Users\navee\Desktop\Projects\MediaDna\OpenAVFF\FakeAVCeleb_v1.2\FakeAVCeleb_v1.2\FakeVideo-RealAudio/Caucasian (European)/women/id00270\00088_id00633_UXrTMta1EDM_faceswap.mp4,1,FVRA,0.5073971152305603
C:\Users\navee\Desktop\Projects\MediaDna\OpenAVFF\FakeAVCeleb_v1.2\FakeAVCeleb_v1.2\FakeVideo-RealAudio/Caucasian (European)/women/id00271\00028_0.mp4,1,FVRA,0.543289065361023
C:\Users\navee\Desktop\Projects\MediaDna\OpenAVFF\FakeAVCeleb_v1.2\FakeAVCeleb_v1.2\FakeVideo-RealAudio/Caucasian (European)/women/id00271\00028_id00495_E46aiMUC4A0_faceswap.mp4,1,FVRA,0.5064464211463928
C:\Users\navee\Desktop\Projects\MediaDna\OpenAVFF\FakeAVCeleb_v1.2\FakeAVCeleb_v1.2\FakeVideo-RealAudio/Caucasian (European)/women/id00287\00005_id00262_3p7sRWAAh1Q_faceswap.mp4,1,FVRA,0.5252196192741394
C:\Users\navee\Desktop\Projects\MediaDna\OpenAVFF\FakeAVCeleb_v1.2\FakeAVCeleb_v1.2\FakeVideo-RealAudio/Caucasian (European)/women/id00325\00015_id00042_4yuJSkaZwn0_faceswap.mp4,1,FVRA,0.5261561274528503
C:\Users\navee\Desktop\Projects\MediaDna\OpenAVFF\FakeAVCeleb_v1.2\FakeAVCeleb_v1.2\FakeVideo-RealAudio/Caucasian (European)/women/id00328\00092_0.mp4,1,FVRA,0.5203971266746521
C:\Users\navee\Desktop\Projects\MediaDna\OpenAVFF\FakeAVCeleb_v1.2\FakeAVCeleb_v1.2\FakeVideo-RealAudio/Caucasian (European)/women/id00328\00092_id00484_u7YTz8eFZv0_faceswap.mp4,1,FVRA,0.5388221740722656
C:\Users\navee\Desktop\Projects\MediaDna\OpenAVFF\FakeAVCeleb_v1.2\FakeAVCeleb_v1.2\FakeVideo-RealAudio/Caucasian (European)/women/id00330\00118_id00365_XV-imLNJvfk_faceswap.mp4,1,FVRA,0.4995492100715637
C:\Users\navee\Desktop\Projects\MediaDna\OpenAVFF\FakeAVCeleb_v1.2\FakeAVCeleb_v1.2\FakeVideo-RealAudio/Caucasian (European)/women/id00332\00293_0.mp4,1,FVRA,0.5283766388893127
C:\Users\navee\Desktop\Projects\MediaDna\OpenAVFF\FakeAVCeleb_v1.2\FakeAVCeleb_v1.2\FakeVideo-RealAudio/Caucasian (European)/women/id00365\00078_0.mp4,1,FVRA,0.5161163806915283
C:\Users\navee\Desktop\Projects\MediaDna\OpenAVFF\FakeAVCeleb_v1.2\FakeAVCeleb_v1.2\FakeVideo-RealAudio/Caucasian (European)/women/id00365\00078_id00330_zCFFgGSIZ_s_faceswap.mp4,1,FVRA,0.5339025259017944
C:\Users\navee\Desktop\Projects\MediaDna\OpenAVFF\FakeAVCeleb_v1.2\FakeAVCeleb_v1.2\FakeVideo-RealAudio/Caucasian (European)/women/id00373\00028_0.mp4,1,FVRA,0.5035476088523865
C:\Users\navee\Desktop\Projects\MediaDna\OpenAVFF\FakeAVCeleb_v1.2\FakeAVCeleb_v1.2\FakeVideo-RealAudio/Caucasian (European)/women/id00374\00311_0.mp4,1,FVRA,0.5128284096717834
C:\Users\navee\Desktop\Projects\MediaDna\OpenAVFF\FakeAVCeleb_v1.2\FakeAVCeleb_v1.2\FakeVideo-RealAudio/Caucasian (European)/women/id00374\00311_id00330_zCFFgGSIZ_s_faceswap.mp4,1,FVRA,0.5755078196525574
C:\Users\navee\Desktop\Projects\MediaDna\OpenAVFF\FakeAVCeleb_v1.2\FakeAVCeleb_v1.2\FakeVideo-RealAudio/Caucasian (European)/women/id00379\00043_id00633_UXrTMta1EDM_faceswap.mp4,1,FVRA,0.5166546702384949
C:\Users\navee\Desktop\Projects\MediaDna\OpenAVFF\FakeAVCeleb_v1.2\FakeAVCeleb_v1.2\FakeVideo-RealAudio/Caucasian (European)/women/id00395\00420_0.mp4,1,FVRA,0.4964567720890045
C:\Users\navee\Desktop\Projects\MediaDna\OpenAVFF\FakeAVCeleb_v1.2\FakeAVCeleb_v1.2\FakeVideo-RealAudio/Caucasian (European)/women/id00395\00420_id00823_KgExwCvgrUk_faceswap.mp4,1,FVRA,0.5115827322006226
C:\Users\navee\Desktop\Projects\MediaDna\OpenAVFF\FakeAVCeleb_v1.2\FakeAVCeleb_v1.2\FakeVideo-RealAudio/Caucasian (European)/women/id00403\00052_id00234_M3g5KRLJB60_faceswap.mp4,1,FVRA,0.5038516521453857
C:\Users\navee\Desktop\Projects\MediaDna\OpenAVFF\FakeAVCeleb_v1.2\FakeAVCeleb_v1.2\FakeVideo-RealAudio/Caucasian (European)/women/id00434\00046_0.mp4,1,FVRA,0.580790638923645
C:\Users\navee\Desktop\Projects\MediaDna\OpenAVFF\FakeAVCeleb_v1.2\FakeAVCeleb_v1.2\FakeVideo-RealAudio/Caucasian (European)/women/id00434\00046_id00330_zCFFgGSIZ_s_faceswap.mp4,1,FVRA,0.5086888670921326
C:\Users\navee\Desktop\Projects\MediaDna\OpenAVFF\FakeAVCeleb_v1.2\FakeAVCeleb_v1.2\FakeVideo-RealAudio/Caucasian (European)/women/id00484\00202_0.mp4,1,FVRA,0.5130385160446167
C:\Users\navee\Desktop\Projects\MediaDna\OpenAVFF\FakeAVCeleb_v1.2\FakeAVCeleb_v1.2\FakeVideo-RealAudio/Caucasian (European)/women/id00484\00202_id03844_AEAEN1Lns2c_faceswap.mp4,1,FVRA,0.5115833282470703
C:\Users\navee\Desktop\Projects\MediaDna\OpenAVFF\FakeAVCeleb_v1.2\FakeAVCeleb_v1.2\FakeVideo-RealAudio/Caucasian (European)/women/id00491\00122_id00633_UXrTMta1EDM_faceswap.mp4,1,FVRA,0.500535249710083
C:\Users\navee\Desktop\Projects\MediaDna\OpenAVFF\FakeAVCeleb_v1.2\FakeAVCeleb_v1.2\FakeVideo-RealAudio/Caucasian (European)/women/id00495\00027_0.mp4,1,FVRA,0.5279598832130432
C:\Users\navee\Desktop\Projects\MediaDna\OpenAVFF\FakeAVCeleb_v1.2\FakeAVCeleb_v1.2\FakeVideo-RealAudio/Caucasian (European)/women/id00495\00027_id00395_wM5kGJfTtEM_faceswap.mp4,1,FVRA,0.49946340918540955
C:\Users\navee\Desktop\Projects\MediaDna\OpenAVFF\FakeAVCeleb_v1.2\FakeAVCeleb_v1.2\FakeVideo-RealAudio/Caucasian (European)/women/id00496\00015_id00262_3p7sRWAAh1Q_faceswap.mp4,1,FVRA,0.5312271118164062
C:\Users\navee\Desktop\Projects\MediaDna\OpenAVFF\FakeAVCeleb_v1.2\FakeAVCeleb_v1.2\FakeVideo-RealAudio/Caucasian (European)/women/id00569\00239_0.mp4,1,FVRA,0.5769834518432617
C:\Users\navee\Desktop\Projects\MediaDna\OpenAVFF\FakeAVCeleb_v1.2\FakeAVCeleb_v1.2\FakeVideo-RealAudio/Caucasian (European)/women/id00569\00239_1.mp4,1,FVRA,0.5268611311912537
C:\Users\navee\Desktop\Projects\MediaDna\OpenAVFF\FakeAVCeleb_v1.2\FakeAVCeleb_v1.2\FakeVideo-RealAudio/Caucasian (European)/women/id00569\00239_2.mp4,1,FVRA,0.5712604522705078
C:\Users\navee\Desktop\Projects\MediaDna\OpenAVFF\FakeAVCeleb_v1.2\FakeAVCeleb_v1.2\FakeVideo-RealAudio/Caucasian (European)/women/id00581\00010_id03371_truKMXt8Dak_faceswap.mp4,1,FVRA,0.521109402179718
C:\Users\navee\Desktop\Projects\MediaDna\OpenAVFF\FakeAVCeleb_v1.2\FakeAVCeleb_v1.2\FakeVideo-RealAudio/Caucasian (European)/women/id00589\00130_0.mp4,1,FVRA,0.5038170218467712
C:\Users\navee\Desktop\Projects\MediaDna\OpenAVFF\FakeAVCeleb_v1.2\FakeAVCeleb_v1.2\FakeVideo-RealAudio/Caucasian (European)/women/id00589\00130_id00634_z5t9oJizDQg_faceswap.mp4,1,FVRA,0.5291421413421631
C:\Users\navee\Desktop\Projects\MediaDna\OpenAVFF\FakeAVCeleb_v1.2\FakeAVCeleb_v1.2\FakeVideo-RealAudio/Caucasian (European)/women/id00591\00001_id00897_0ayFw8JhoyI_faceswap.mp4,1,FVRA,0.589388906955719
C:\Users\navee\Desktop\Projects\MediaDna\OpenAVFF\FakeAVCeleb_v1.2\FakeAVCeleb_v1.2\FakeVideo-RealAudio/Caucasian (European)/women/id00633\00088_id01002_eQTviHjyISo_faceswap.mp4,1,FVRA,0.5955901741981506
C:\Users\navee\Desktop\Projects\MediaDna\OpenAVFF\FakeAVCeleb_v1.2\FakeAVCeleb_v1.2\FakeVideo-RealAudio/Caucasian (European)/women/id00634\00078_0.mp4,1,FVRA,0.5176265239715576
C:\Users\navee\Desktop\Projects\MediaDna\OpenAVFF\FakeAVCeleb_v1.2\FakeAVCeleb_v1.2\FakeVideo-RealAudio/Caucasian (European)/women/id00634\00078_id03649_389qfFqUddI_faceswap.mp4,1,FVRA,0.5448959469795227
C:\Users\navee\Desktop\Projects\MediaDna\OpenAVFF\FakeAVCeleb_v1.2\FakeAVCeleb_v1.2\FakeVideo-RealAudio/Caucasian (European)/women/id00735\00037_id03844_AEAEN1Lns2c_faceswap.mp4,1,FVRA,0.50192791223526
C:\Users\navee\Desktop\Projects\MediaDna\OpenAVFF\FakeAVCeleb_v1.2\FakeAVCeleb_v1.2\FakeVideo-RealAudio/Caucasian (European)/women/id00806\00005_id00379_fgkgYHCuk4g_faceswap.mp4,1,FVRA,0.5131189227104187
C:\Users\navee\Desktop\Projects\MediaDna\OpenAVFF\FakeAVCeleb_v1.2\FakeAVCeleb_v1.2\FakeVideo-RealAudio/Caucasian (European)/women/id00813\00169_id00897_0ayFw8JhoyI_faceswap.mp4,1,FVRA,0.5166641473770142
C:\Users\navee\Desktop\Projects\MediaDna\OpenAVFF\FakeAVCeleb_v1.2\FakeAVCeleb_v1.2\FakeVideo-RealAudio/Caucasian (European)/women/id00823\00125_id00395_wM5kGJfTtEM_faceswap.mp4,1,FVRA,0.5082810521125793
C:\Users\navee\Desktop\Projects\MediaDna\OpenAVFF\FakeAVCeleb_v1.2\FakeAVCeleb_v1.2\FakeVideo-RealAudio/Caucasian (European)/women/id00826\00065_0.mp4,1,FVRA,0.5090315937995911
C:\Users\navee\Desktop\Projects\MediaDna\OpenAVFF\FakeAVCeleb_v1.2\FakeAVCeleb_v1.2\FakeVideo-RealAudio/Caucasian (European)/women/id00826\00065_id00581_7AxvP19LGKg_faceswap.mp4,1,FVRA,0.5459073781967163
C:\Users\navee\Desktop\Projects\MediaDna\OpenAVFF\FakeAVCeleb_v1.2\FakeAVCeleb_v1.2\FakeVideo-RealAudio/Caucasian (European)/women/id00897\00005_id00591_1Jo8xElXQMs_faceswap.mp4,1,FVRA,0.5470247268676758
C:\Users\navee\Desktop\Projects\MediaDna\OpenAVFF\FakeAVCeleb_v1.2\FakeAVCeleb_v1.2\FakeVideo-RealAudio/Caucasian (European)/women/id01001\00086_id00633_UXrTMta1EDM_faceswap.mp4,1,FVRA,0.5221900939941406
C:\Users\navee\Desktop\Projects\MediaDna\OpenAVFF\FakeAVCeleb_v1.2\FakeAVCeleb_v1.2\FakeVideo-RealAudio/Caucasian (European)/women/id01002\00043_0.mp4,1,FVRA,0.5220041871070862
C:\Users\navee\Desktop\Projects\MediaDna\OpenAVFF\FakeAVCeleb_v1.2\FakeAVCeleb_v1.2\FakeVideo-RealAudio/Caucasian (European)/women/id01002\00043_id00633_UXrTMta1EDM_faceswap.mp4,1,FVRA,0.506279468536377
C:\Users\navee\Desktop\Projects\MediaDna\OpenAVFF\FakeAVCeleb_v1.2\FakeAVCeleb_v1.2\FakeVideo-RealAudio/Caucasian (European)/women/id01018\00072_id00569_gSynmpwioV4_faceswap.mp4,1,FVRA,0.5053977370262146
C:\Users\navee\Desktop\Projects\MediaDna\OpenAVFF\FakeAVCeleb_v1.2\FakeAVCeleb_v1.2\FakeVideo-RealAudio/Caucasian (European)/women/id03371\00430_id00581_7AxvP19LGKg_faceswap.mp4,1,FVRA,0.5276716351509094
C:\Users\navee\Desktop\Projects\MediaDna\OpenAVFF\FakeAVCeleb_v1.2\FakeAVCeleb_v1.2\FakeVideo-RealAudio/Caucasian (European)/women/id03589\00002_0.mp4,1,FVRA,0.5176606774330139
C:\Users\navee\Desktop\Projects\MediaDna\OpenAVFF\FakeAVCeleb_v1.2\FakeAVCeleb_v1.2\FakeVideo-RealAudio/Caucasian (European)/women/id03589\00002_id00495_E46aiMUC4A0_faceswap.mp4,1,FVRA,0.5057278275489807
C:\Users\navee\Desktop\Projects\MediaDna\OpenAVFF\FakeAVCeleb_v1.2\FakeAVCeleb_v1.2\FakeVideo-RealAudio/Caucasian (European)/women/id03620\00081_id00496_SImaDcXQnh8_faceswap.mp4,1,FVRA,0.5484673976898193
C:\Users\navee\Desktop\Projects\MediaDna\OpenAVFF\FakeAVCeleb_v1.2\FakeAVCeleb_v1.2\FakeVideo-RealAudio/Caucasian (European)/women/id03649\00001_0.mp4,1,FVRA,0.5381314158439636
C:\Users\navee\Desktop\Projects\MediaDna\OpenAVFF\FakeAVCeleb_v1.2\FakeAVCeleb_v1.2\FakeVideo-RealAudio/Caucasian (European)/women/id03649\00001_id00634_z5t9oJizDQg_faceswap.mp4,1,FVRA,0.507004976272583
C:\Users\navee\Desktop\Projects\MediaDna\OpenAVFF\FakeAVCeleb_v1.2\FakeAVCeleb_v1.2\FakeVideo-RealAudio/Caucasian (European)/women/id03651\00092_id03716_s-lxbGafZQA_faceswap.mp4,1,FVRA,0.5142743587493896
C:\Users\navee\Desktop\Projects\MediaDna\OpenAVFF\FakeAVCeleb_v1.2\FakeAVCeleb_v1.2\FakeVideo-RealAudio/Caucasian (European)/women/id03716\00040_0.mp4,1,FVRA,0.5299637913703918
C:\Users\navee\Desktop\Projects\MediaDna\OpenAVFF\FakeAVCeleb_v1.2\FakeAVCeleb_v1.2\FakeVideo-RealAudio/Caucasian (European)/women/id03716\00040_id03651_EjcoRkL6loI_faceswap.mp4,1,FVRA,0.5081532001495361
C:\Users\navee\Desktop\Projects\MediaDna\OpenAVFF\FakeAVCeleb_v1.2\FakeAVCeleb_v1.2\FakeVideo-RealAudio/Caucasian (European)/women/id03816\00093_id03941_SsYtP8Ze88Q_faceswap.mp4,1,FVRA,0.50872403383255
C:\Users\navee\Desktop\Projects\MediaDna\OpenAVFF\FakeAVCeleb_v1.2\FakeAVCeleb_v1.2\FakeVideo-RealAudio/Caucasian (European)/women/id03844\00028_0.mp4,1,FVRA,0.4998018443584442
C:\Users\navee\Desktop\Projects\MediaDna\OpenAVFF\FakeAVCeleb_v1.2\FakeAVCeleb_v1.2\FakeVideo-RealAudio/Caucasian (European)/women/id03844\00028_id00484_u7YTz8eFZv0_faceswap.mp4,1,FVRA,0.49876460433006287
C:\Users\navee\Desktop\Projects\MediaDna\OpenAVFF\FakeAVCeleb_v1.2\FakeAVCeleb_v1.2\FakeVideo-RealAudio/Caucasian (European)/women/id03858\00092_0.mp4,1,FVRA,0.5060204267501831
C:\Users\navee\Desktop\Projects\MediaDna\OpenAVFF\FakeAVCeleb_v1.2\FakeAVCeleb_v1.2\FakeVideo-RealAudio/Caucasian (European)/women/id03858\00092_id00395_wM5kGJfTtEM_faceswap.mp4,1,FVRA,0.5163552165031433
C:\Users\navee\Desktop\Projects\MediaDna\OpenAVFF\FakeAVCeleb_v1.2\FakeAVCeleb_v1.2\FakeVideo-RealAudio/Caucasian (European)/women/id03941\00021_0.mp4,1,FVRA,0.5513520836830139
C:\Users\navee\Desktop\Projects\MediaDna\OpenAVFF\FakeAVCeleb_v1.2\FakeAVCeleb_v1.2\FakeVideo-RealAudio/Caucasian (European)/women/id03941\00021_id03816_XXD0yTNei50_faceswap.mp4,1,FVRA,0.5675979852676392
C:\Users\navee\Desktop\Projects\MediaDna\OpenAVFF\FakeAVCeleb_v1.2\FakeAVCeleb_v1.2\FakeVideo-FakeAudio/Caucasian (European)/women/id00042\00028_id00325_4vJtbNe0L98_faceswap_id00325_wavtolip.mp4,1,FVFA,0.9999980926513672
C:\Users\navee\Desktop\Projects\MediaDna\OpenAVFF\FakeAVCeleb_v1.2\FakeAVCeleb_v1.2\FakeVideo-FakeAudio/Caucasian (European)/women/id00042\00028_id00325_4vJtbNe0L98_faceswap_id00495_wavtolip.mp4,1,FVFA,0.9982731342315674
C:\Users\navee\Desktop\Projects\MediaDna\OpenAVFF\FakeAVCeleb_v1.2\FakeAVCeleb_v1.2\FakeVideo-FakeAudio/Caucasian (European)/women/id00042\00028_id00325_4vJtbNe0L98_faceswap_id00735_wavtolip.mp4,1,FVFA,0.9999985694885254
C:\Users\navee\Desktop\Projects\MediaDna\OpenAVFF\FakeAVCeleb_v1.2\FakeAVCeleb_v1.2\FakeVideo-FakeAudio/Caucasian (European)/women/id00042\00028_id00325_4vJtbNe0L98_faceswap_id03858_wavtolip.mp4,1,FVFA,0.9999974966049194
C:\Users\navee\Desktop\Projects\MediaDna\OpenAVFF\FakeAVCeleb_v1.2\FakeAVCeleb_v1.2\FakeVideo-FakeAudio/Caucasian (European)/women/id00068\00004_1_id00262_wavtolip.mp4,1,FVFA,0.9999879598617554
C:\Users\navee\Desktop\Projects\MediaDna\OpenAVFF\FakeAVCeleb_v1.2\FakeAVCeleb_v1.2\FakeVideo-FakeAudio/Caucasian (European)/women/id00068\00004_1_id00373_wavtolip.mp4,1,FVFA,0.9999971389770508
C:\Users\navee\Desktop\Projects\MediaDna\OpenAVFF\FakeAVCeleb_v1.2\FakeAVCeleb_v1.2\FakeVideo-FakeAudio/Caucasian (European)/women/id00068\00004_1_id00569_wavtolip.mp4,1,FVFA,0.9854509830474854
C:\Users\navee\Desktop\Projects\MediaDna\OpenAVFF\FakeAVCeleb_v1.2\FakeAVCeleb_v1.2\FakeVideo-FakeAudio/Caucasian (European)/women/id00068\00004_1_id00581_wavtolip.mp4,1,FVFA,0.9999943971633911
C:\Users\navee\Desktop\Projects\MediaDna\OpenAVFF\FakeAVCeleb_v1.2\FakeAVCeleb_v1.2\FakeVideo-FakeAudio/Caucasian (European)/women/id00068\00004_1_id00633_wavtolip.mp4,1,FVFA,0.9999958276748657
C:\Users\navee\Desktop\Projects\MediaDna\OpenAVFF\FakeAVCeleb_v1.2\FakeAVCeleb_v1.2\FakeVideo-FakeAudio/Caucasian (European)/women/id00068\00004_2_id00068_wavtolip.mp4,1,FVFA,0.9997778534889221
C:\Users\navee\Desktop\Projects\MediaDna\OpenAVFF\FakeAVCeleb_v1.2\FakeAVCeleb_v1.2\FakeVideo-FakeAudio/Caucasian (European)/women/id00068\00004_2_id00332_wavtolip.mp4,1,FVFA,0.9999865293502808
C:\Users\navee\Desktop\Projects\MediaDna\OpenAVFF\FakeAVCeleb_v1.2\FakeAVCeleb_v1.2\FakeVideo-FakeAudio/Caucasian (European)/women/id00068\00004_2_id00581_wavtolip.mp4,1,FVFA,0.9999948740005493
C:\Users\navee\Desktop\Projects\MediaDna\OpenAVFF\FakeAVCeleb_v1.2\FakeAVCeleb_v1.2\FakeVideo-FakeAudio/Caucasian (European)/women/id00068\00004_2_id03716_wavtolip.mp4,1,FVFA,0.999996542930603
C:\Users\navee\Desktop\Projects\MediaDna\OpenAVFF\FakeAVCeleb_v1.2\FakeAVCeleb_v1.2\FakeVideo-FakeAudio/Caucasian (European)/women/id00068\00004_3_id00332_wavtolip.mp4,1,FVFA,0.9999841451644897
C:\Users\navee\Desktop\Projects\MediaDna\OpenAVFF\FakeAVCeleb_v1.2\FakeAVCeleb_v1.2\FakeVideo-FakeAudio/Caucasian (European)/women/id00068\00004_3_id00434_wavtolip.mp4,1,FVFA,0.999996542930603
C:\Users\navee\Desktop\Projects\MediaDna\OpenAVFF\FakeAVCeleb_v1.2\FakeAVCeleb_v1.2\FakeVideo-FakeAudio/Caucasian (European)/women/id00068\00004_3_id00495_wavtolip.mp4,1,FVFA,0.9981755018234253
C:\Users\navee\Desktop\Projects\MediaDna\OpenAVFF\FakeAVCeleb_v1.2\FakeAVCeleb_v1.2\FakeVideo-FakeAudio/Caucasian (European)/women/id00068\00004_3_id03371_wavtolip.mp4,1,FVFA,0.9999971389770508
C:\Users\navee\Desktop\Projects\MediaDna\OpenAVFF\FakeAVCeleb_v1.2\FakeAVCeleb_v1.2\FakeVideo-FakeAudio/Caucasian (European)/women/id00068\00004_3_id03716_wavtolip.mp4,1,FVFA,0.9999963045120239
C:\Users\navee\Desktop\Projects\MediaDna\OpenAVFF\FakeAVCeleb_v1.2\FakeAVCeleb_v1.2\FakeVideo-FakeAudio/Caucasian (European)/women/id00068\00004_id00495_E46aiMUC4A0_faceswap_id00071_wavtolip.mp4,1,FVFA,0.9998871088027954
C:\Users\navee\Desktop\Projects\MediaDna\OpenAVFF\FakeAVCeleb_v1.2\FakeAVCeleb_v1.2\FakeVideo-FakeAudio/Caucasian (European)/women/id00068\00004_id00495_E46aiMUC4A0_faceswap_id00434_wavtolip.mp4,1,FVFA,0.999997615814209
C:\Users\navee\Desktop\Projects\MediaDna\OpenAVFF\FakeAVCeleb_v1.2\FakeAVCeleb_v1.2\FakeVideo-FakeAudio/Caucasian (European)/women/id00068\00004_id00495_E46aiMUC4A0_faceswap_id00591_wavtolip.mp4,1,FVFA,0.9988716244697571
C:\Users\navee\Desktop\Projects\MediaDna\OpenAVFF\FakeAVCeleb_v1.2\FakeAVCeleb_v1.2\FakeVideo-FakeAudio/Caucasian (European)/women/id00068\00004_id00495_E46aiMUC4A0_faceswap_id00813_wavtolip.mp4,1,FVFA,0.9999953508377075
C:\Users\navee\Desktop\Projects\MediaDna\OpenAVFF\FakeAVCeleb_v1.2\FakeAVCeleb_v1.2\FakeVideo-FakeAudio/Caucasian (European)/women/id00071\00014_id03371_truKMXt8Dak_faceswap_id00271_wavtolip.mp4,1,FVFA,0.9901639819145203
C:\Users\navee\Desktop\Projects\MediaDna\OpenAVFF\FakeAVCeleb_v1.2\FakeAVCeleb_v1.2\FakeVideo-FakeAudio/Caucasian (European)/women/id00071\00014_id03371_truKMXt8Dak_faceswap_id00806_wavtolip.mp4,1,FVFA,0.9998859167098999
C:\Users\navee\Desktop\Projects\MediaDna\OpenAVFF\FakeAVCeleb_v1.2\FakeAVCeleb_v1.2\FakeVideo-FakeAudio/Caucasian (European)/women/id00071\00014_id03371_truKMXt8Dak_faceswap_id01018_wavtolip.mp4,1,FVFA,0.9999980926513672
C:\Users\navee\Desktop\Projects\MediaDna\OpenAVFF\FakeAVCeleb_v1.2\FakeAVCeleb_v1.2\FakeVideo-FakeAudio/Caucasian (European)/women/id00071\00014_id03371_truKMXt8Dak_faceswap_id03716_wavtolip.mp4,1,FVFA,0.9999963045120239
C:\Users\navee\Desktop\Projects\MediaDna\OpenAVFF\FakeAVCeleb_v1.2\FakeAVCeleb_v1.2\FakeVideo-FakeAudio/Caucasian (European)/women/id00188\00020_id00569_gSynmpwioV4_faceswap_id00270_wavtolip.mp4,1,FVFA,0.9999955892562866
C:\Users\navee\Desktop\Projects\MediaDna\OpenAVFF\FakeAVCeleb_v1.2\FakeAVCeleb_v1.2\FakeVideo-FakeAudio/Caucasian (European)/women/id00188\00020_id00569_gSynmpwioV4_faceswap_id00328_wavtolip.mp4,1,FVFA,0.9999990463256836
C:\Users\navee\Desktop\Projects\MediaDna\OpenAVFF\FakeAVCeleb_v1.2\FakeAVCeleb_v1.2\FakeVideo-FakeAudio/Caucasian (European)/women/id00188\00020_id00569_gSynmpwioV4_faceswap_id00395_wavtolip.mp4,1,FVFA,0.9685810208320618
C:\Users\navee\Desktop\Projects\MediaDna\OpenAVFF\FakeAVCeleb_v1.2\FakeAVCeleb_v1.2\FakeVideo-FakeAudio/Caucasian (European)/women/id00188\00020_id00569_gSynmpwioV4_faceswap_id00491_wavtolip.mp4,1,FVFA,0.9998472929000854
C:\Users\navee\Desktop\Projects\MediaDna\OpenAVFF\FakeAVCeleb_v1.2\FakeAVCeleb_v1.2\FakeVideo-FakeAudio/Caucasian (European)/women/id00188\00020_id00569_gSynmpwioV4_faceswap_id00581_wavtolip.mp4,1,FVFA,0.9999947547912598
C:\Users\navee\Desktop\Projects\MediaDna\OpenAVFF\FakeAVCeleb_v1.2\FakeAVCeleb_v1.2\FakeVideo-FakeAudio/Caucasian (European)/women/id00232\00025_id00365_XV-imLNJvfk_faceswap_id00395_wavtolip.mp4,1,FVFA,0.9654698967933655
C:\Users\navee\Desktop\Projects\MediaDna\OpenAVFF\FakeAVCeleb_v1.2\FakeAVCeleb_v1.2\FakeVideo-FakeAudio/Caucasian (European)/women/id00232\00025_id00365_XV-imLNJvfk_faceswap_id00491_wavtolip.mp4,1,FVFA,0.9998399019241333
C:\Users\navee\Desktop\Projects\MediaDna\OpenAVFF\FakeAVCeleb_v1.2\FakeAVCeleb_v1.2\FakeVideo-FakeAudio/Caucasian (European)/women/id00232\00025_id00365_XV-imLNJvfk_faceswap_id00581_wavtolip.mp4,1,FVFA,0.9999969005584717
C:\Users\navee\Desktop\Projects\MediaDna\OpenAVFF\FakeAVCeleb_v1.2\FakeAVCeleb_v1.2\FakeVideo-FakeAudio/Caucasian (European)/women/id00232\00025_id00365_XV-imLNJvfk_faceswap_id00735_wavtolip.mp4,1,FVFA,0.9990954399108887
C:\Users\navee\Desktop\Projects\MediaDna\OpenAVFF\FakeAVCeleb_v1.2\FakeAVCeleb_v1.2\FakeVideo-FakeAudio/Caucasian (European)/women/id00234\00063_id00403_n4LSCxzFr6o_faceswap_id00071_wavtolip.mp4,1,FVFA,0.9998863935470581
C:\Users\navee\Desktop\Projects\MediaDna\OpenAVFF\FakeAVCeleb_v1.2\FakeAVCeleb_v1.2\FakeVideo-FakeAudio/Caucasian (European)/women/id00234\00063_id00403_n4LSCxzFr6o_faceswap_id00234_wavtolip.mp4,1,FVFA,0.9999986886978149
C:\Users\navee\Desktop\Projects\MediaDna\OpenAVFF\FakeAVCeleb_v1.2\FakeAVCeleb_v1.2\FakeVideo-FakeAudio/Caucasian (European)/women/id00234\00063_id00403_n4LSCxzFr6o_faceswap_id00495_wavtolip.mp4,1,FVFA,0.9983898401260376
C:\Users\navee\Desktop\Projects\MediaDna\OpenAVFF\FakeAVCeleb_v1.2\FakeAVCeleb_v1.2\FakeVideo-FakeAudio/Caucasian (European)/women/id00234\00063_id00403_n4LSCxzFr6o_faceswap_id00581_wavtolip.mp4,1,FVFA,0.9999985694885254
C:\Users\navee\Desktop\Projects\MediaDna\OpenAVFF\FakeAVCeleb_v1.2\FakeAVCeleb_v1.2\FakeVideo-FakeAudio/Caucasian (European)/women/id00234\00063_id00403_n4LSCxzFr6o_faceswap_id03941_wavtolip.mp4,1,FVFA,0.9930590391159058
C:\Users\navee\Desktop\Projects\MediaDna\OpenAVFF\FakeAVCeleb_v1.2\FakeAVCeleb_v1.2\FakeVideo-FakeAudio/Caucasian (European)/women/id00262\00028_id00287_2NpfYjyMsPM_faceswap_id00379_wavtolip.mp4,1,FVFA,0.8885970711708069
C:\Users\navee\Desktop\Projects\MediaDna\OpenAVFF\FakeAVCeleb_v1.2\FakeAVCeleb_v1.2\FakeVideo-FakeAudio/Caucasian (European)/women/id00262\00028_id00287_2NpfYjyMsPM_faceswap_id01002_wavtolip.mp4,1,FVFA,0.9999388456344604
C:\Users\navee\Desktop\Projects\MediaDna\OpenAVFF\FakeAVCeleb_v1.2\FakeAVCeleb_v1.2\FakeVideo-FakeAudio/Caucasian (European)/women/id00262\00028_id00287_2NpfYjyMsPM_faceswap_id03620_wavtolip.mp4,1,FVFA,0.999995231628418
C:\Users\navee\Desktop\Projects\MediaDna\OpenAVFF\FakeAVCeleb_v1.2\FakeAVCeleb_v1.2\FakeVideo-FakeAudio/Caucasian (European)/women/id00262\00028_id00287_2NpfYjyMsPM_faceswap_id03858_wavtolip.mp4,1,FVFA,0.9998489618301392
C:\Users\navee\Desktop\Projects\MediaDna\OpenAVFF\FakeAVCeleb_v1.2\FakeAVCeleb_v1.2\FakeVideo-FakeAudio/Caucasian (European)/women/id00262\00028_id00287_2NpfYjyMsPM_faceswap_id03941_wavtolip.mp4,1,FVFA,0.9928722381591797
C:\Users\navee\Desktop\Projects\MediaDna\OpenAVFF\FakeAVCeleb_v1.2\FakeAVCeleb_v1.2\FakeVideo-FakeAudio/Caucasian (European)/women/id00270\00088_id00633_UXrTMta1EDM_faceswap_id00042_wavtolip.mp4,1,FVFA,0.9744682908058167
C:\Users\navee\Desktop\Projects\MediaDna\OpenAVFF\FakeAVCeleb_v1.2\FakeAVCeleb_v1.2\FakeVideo-FakeAudio/Caucasian (European)/women/id00270\00088_id00633_UXrTMta1EDM_faceswap_id00434_wavtolip.mp4,1,FVFA,0.9999974966049194
C:\Users\navee\Desktop\Projects\MediaDna\OpenAVFF\FakeAVCeleb_v1.2\FakeAVCeleb_v1.2\FakeVideo-FakeAudio/Caucasian (European)/women/id00270\00088_id00633_UXrTMta1EDM_faceswap_id03649_wavtolip.mp4,1,FVFA,0.9948616623878479
C:\Users\navee\Desktop\Projects\MediaDna\OpenAVFF\FakeAVCeleb_v1.2\FakeAVCeleb_v1.2\FakeVideo-FakeAudio/Caucasian (European)/women/id00271\00028_id00495_E46aiMUC4A0_faceswap_id00328_wavtolip.mp4,1,FVFA,0.9999984502792358
C:\Users\navee\Desktop\Projects\MediaDna\OpenAVFF\FakeAVCeleb_v1.2\FakeAVCeleb_v1.2\FakeVideo-FakeAudio/Caucasian (European)/women/id00271\00028_id00495_E46aiMUC4A0_faceswap_id00484_wavtolip.mp4,1,FVFA,0.9999932050704956
C:\Users\navee\Desktop\Projects\MediaDna\OpenAVFF\FakeAVCeleb_v1.2\FakeAVCeleb_v1.2\FakeVideo-FakeAudio/Caucasian (European)/women/id00271\00028_id00495_E46aiMUC4A0_faceswap_id00826_wavtolip.mp4,1,FVFA,0.9999991655349731
C:\Users\navee\Desktop\Projects\MediaDna\OpenAVFF\FakeAVCeleb_v1.2\FakeAVCeleb_v1.2\FakeVideo-FakeAudio/Caucasian (European)/women/id00271\00028_id00495_E46aiMUC4A0_faceswap_id03620_wavtolip.mp4,1,FVFA,0.9999969005584717
C:\Users\navee\Desktop\Projects\MediaDna\OpenAVFF\FakeAVCeleb_v1.2\FakeAVCeleb_v1.2\FakeVideo-FakeAudio/Caucasian (European)/women/id00271\00028_id00495_E46aiMUC4A0_faceswap_id03716_wavtolip.mp4,1,FVFA,0.9999969005584717
C:\Users\navee\Desktop\Projects\MediaDna\OpenAVFF\FakeAVCeleb_v1.2\FakeAVCeleb_v1.2\FakeVideo-FakeAudio/Caucasian (European)/women/id00287\00005_id00262_3p7sRWAAh1Q_faceswap_id00271_wavtolip.mp4,1,FVFA,0.9908022880554199
C:\Users\navee\Desktop\Projects\MediaDna\OpenAVFF\FakeAVCeleb_v1.2\FakeAVCeleb_v1.2\FakeVideo-FakeAudio/Caucasian (European)/women/id00287\00005_id00262_3p7sRWAAh1Q_faceswap_id00897_wavtolip.mp4,1,FVFA,0.9999977350234985
C:\Users\navee\Desktop\Projects\MediaDna\OpenAVFF\FakeAVCeleb_v1.2\FakeAVCeleb_v1.2\FakeVideo-FakeAudio/Caucasian (European)/women/id00287\00005_id00262_3p7sRWAAh1Q_faceswap_id03589_wavtolip.mp4,1,FVFA,0.9999969005584717
C:\Users\navee\Desktop\Projects\MediaDna\OpenAVFF\FakeAVCeleb_v1.2\FakeAVCeleb_v1.2\FakeVideo-FakeAudio/Caucasian (European)/women/id00287\00005_id00262_3p7sRWAAh1Q_faceswap_id03941_wavtolip.mp4,1,FVFA,0.9999940395355225
C:\Users\navee\Desktop\Projects\MediaDna\OpenAVFF\FakeAVCeleb_v1.2\FakeAVCeleb_v1.2\FakeVideo-FakeAudio/Caucasian (European)/women/id00325\00015_id00042_4yuJSkaZwn0_faceswap_id00188_wavtolip.mp4,1,FVFA,0.9996241331100464
C:\Users\navee\Desktop\Projects\MediaDna\OpenAVFF\FakeAVCeleb_v1.2\FakeAVCeleb_v1.2\FakeVideo-FakeAudio/Caucasian (European)/women/id00325\00015_id00042_4yuJSkaZwn0_faceswap_id00232_wavtolip.mp4,1,FVFA,0.9999948740005493
C:\Users\navee\Desktop\Projects\MediaDna\OpenAVFF\FakeAVCeleb_v1.2\FakeAVCeleb_v1.2\FakeVideo-FakeAudio/Caucasian (European)/women/id00325\00015_id00042_4yuJSkaZwn0_faceswap_id00484_wavtolip.mp4,1,FVFA,0.9995861649513245
C:\Users\navee\Desktop\Projects\MediaDna\OpenAVFF\FakeAVCeleb_v1.2\FakeAVCeleb_v1.2\FakeVideo-FakeAudio/Caucasian (European)/women/id00325\00015_id00042_4yuJSkaZwn0_faceswap_id00591_wavtolip.mp4,1,FVFA,0.9987924098968506
C:\Users\navee\Desktop\Projects\MediaDna\OpenAVFF\FakeAVCeleb_v1.2\FakeAVCeleb_v1.2\FakeVideo-FakeAudio/Caucasian (European)/women/id00328\00092_id00484_u7YTz8eFZv0_faceswap_id00287_wavtolip.mp4,1,FVFA,0.9999258518218994
C:\Users\navee\Desktop\Projects\MediaDna\OpenAVFF\FakeAVCeleb_v1.2\FakeAVCeleb_v1.2\FakeVideo-FakeAudio/Caucasian (European)/women/id00328\00092_id00484_u7YTz8eFZv0_faceswap_id00484_wavtolip.mp4,1,FVFA,0.9995492100715637
C:\Users\navee\Desktop\Projects\MediaDna\OpenAVFF\FakeAVCeleb_v1.2\FakeAVCeleb_v1.2\FakeVideo-FakeAudio/Caucasian (European)/women/id00328\00092_id00484_u7YTz8eFZv0_faceswap_id01002_wavtolip.mp4,1,FVFA,0.9999368190765381
C:\Users\navee\Desktop\Projects\MediaDna\OpenAVFF\FakeAVCeleb_v1.2\FakeAVCeleb_v1.2\FakeVideo-FakeAudio/Caucasian (European)/women/id00328\00092_id00484_u7YTz8eFZv0_faceswap_id03589_wavtolip.mp4,1,FVFA,0.9999973773956299
C:\Users\navee\Desktop\Projects\MediaDna\OpenAVFF\FakeAVCeleb_v1.2\FakeAVCeleb_v1.2\FakeVideo-FakeAudio/Caucasian (European)/women/id00330\00118_id00365_XV-imLNJvfk_faceswap_id00262_wavtolip.mp4,1,FVFA,0.9999946355819702
C:\Users\navee\Desktop\Projects\MediaDna\OpenAVFF\FakeAVCeleb_v1.2\FakeAVCeleb_v1.2\FakeVideo-FakeAudio/Caucasian (European)/women/id00330\00118_id00365_XV-imLNJvfk_faceswap_id00328_wavtolip.mp4,1,FVFA,0.998325526714325
C:\Users\navee\Desktop\Projects\MediaDna\OpenAVFF\FakeAVCeleb_v1.2\FakeAVCeleb_v1.2\FakeVideo-FakeAudio/Caucasian (European)/women/id00330\00118_id00365_XV-imLNJvfk_faceswap_id00569_wavtolip.mp4,1,FVFA,0.9850316047668457
C:\Users\navee\Desktop\Projects\MediaDna\OpenAVFF\FakeAVCeleb_v1.2\FakeAVCeleb_v1.2\FakeVideo-FakeAudio/Caucasian (European)/women/id00330\00118_id00365_XV-imLNJvfk_faceswap_id00897_wavtolip.mp4,1,FVFA,0.9999984502792358
C:\Users\navee\Desktop\Projects\MediaDna\OpenAVFF\FakeAVCeleb_v1.2\FakeAVCeleb_v1.2\FakeVideo-FakeAudio/Caucasian (European)/women/id00330\00118_id00365_XV-imLNJvfk_faceswap_id03716_wavtolip.mp4,1,FVFA,0.9999971389770508
C:\Users\navee\Desktop\Projects\MediaDna\OpenAVFF\FakeAVCeleb_v1.2\FakeAVCeleb_v1.2\FakeVideo-FakeAudio/Caucasian (European)/women/id00365\00078_0_id00271_wavtolip.mp4,1,FVFA,0.991047203540802
C:\Users\navee\Desktop\Projects\MediaDna\OpenAVFF\FakeAVCeleb_v1.2\FakeAVCeleb_v1.2\FakeVideo-FakeAudio/Caucasian (European)/women/id00365\00078_0_id00569_wavtolip.mp4,1,FVFA,0.9879775047302246
C:\Users\navee\Desktop\Projects\MediaDna\OpenAVFF\FakeAVCeleb_v1.2\FakeAVCeleb_v1.2\FakeVideo-FakeAudio/Caucasian (European)/women/id00365\00078_0_id00634_wavtolip.mp4,1,FVFA,0.9999983310699463
C:\Users\navee\Desktop\Projects\MediaDna\OpenAVFF\FakeAVCeleb_v1.2\FakeAVCeleb_v1.2\FakeVideo-FakeAudio/Caucasian (European)/women/id00365\00078_0_id03816_wavtolip.mp4,1,FVFA,0.9865136742591858
C:\Users\navee\Desktop\Projects\MediaDna\OpenAVFF\FakeAVCeleb_v1.2\FakeAVCeleb_v1.2\FakeVideo-FakeAudio/Caucasian (European)/women/id00365\00078_id00330_zCFFgGSIZ_s_faceswap_id00042_wavtolip.mp4,1,FVFA,0.999997615814209
C:\Users\navee\Desktop\Projects\MediaDna\OpenAVFF\FakeAVCeleb_v1.2\FakeAVCeleb_v1.2\FakeVideo-FakeAudio/Caucasian (European)/women/id00365\00078_id00330_zCFFgGSIZ_s_faceswap_id00379_wavtolip.mp4,1,FVFA,0.9999972581863403
C:\Users\navee\Desktop\Projects\MediaDna\OpenAVFF\FakeAVCeleb_v1.2\FakeAVCeleb_v1.2\FakeVideo-FakeAudio/Caucasian (European)/women/id00365\00078_id00330_zCFFgGSIZ_s_faceswap_id00569_wavtolip.mp4,1,FVFA,0.9874259233474731
C:\Users\navee\Desktop\Projects\MediaDna\OpenAVFF\FakeAVCeleb_v1.2\FakeAVCeleb_v1.2\FakeVideo-FakeAudio/Caucasian (European)/women/id00365\00078_id00330_zCFFgGSIZ_s_faceswap_id03716_wavtolip.mp4,1,FVFA,0.999996542930603
C:\Users\navee\Desktop\Projects\MediaDna\OpenAVFF\FakeAVCeleb_v1.2\FakeAVCeleb_v1.2\FakeVideo-FakeAudio/Caucasian (European)/women/id00374\00311_id00330_zCFFgGSIZ_s_faceswap_id00262_wavtolip.mp4,1,FVFA,0.9999946355819702
C:\Users\navee\Desktop\Projects\MediaDna\OpenAVFF\FakeAVCeleb_v1.2\FakeAVCeleb_v1.2\FakeVideo-FakeAudio/Caucasian (European)/women/id00374\00311_id00330_zCFFgGSIZ_s_faceswap_id00365_wavtolip.mp4,1,FVFA,0.6780281066894531
C:\Users\navee\Desktop\Projects\MediaDna\OpenAVFF\FakeAVCeleb_v1.2\FakeAVCeleb_v1.2\FakeVideo-FakeAudio/Caucasian (European)/women/id00374\00311_id00330_zCFFgGSIZ_s_faceswap_id00591_wavtolip.mp4,1,FVFA,0.9987744688987732
C:\Users\navee\Desktop\Projects\MediaDna\OpenAVFF\FakeAVCeleb_v1.2\FakeAVCeleb_v1.2\FakeVideo-FakeAudio/Caucasian (European)/women/id00374\00311_id00330_zCFFgGSIZ_s_faceswap_id00633_wavtolip.mp4,1,FVFA,0.9999959468841553
C:\Users\navee\Desktop\Projects\MediaDna\OpenAVFF\FakeAVCeleb_v1.2\FakeAVCeleb_v1.2\FakeVideo-FakeAudio/Caucasian (European)/women/id00374\00311_id00330_zCFFgGSIZ_s_faceswap_id03716_wavtolip.mp4,1,FVFA,0.999996542930603
C:\Users\navee\Desktop\Projects\MediaDna\OpenAVFF\FakeAVCeleb_v1.2\FakeAVCeleb_v1.2\FakeVideo-FakeAudio/Caucasian (European)/women/id00379\00043_id00633_UXrTMta1EDM_faceswap_id00071_wavtolip.mp4,1,FVFA,0.9998812675476074
C:\Users\navee\Desktop\Projects\MediaDna\OpenAVFF\FakeAVCeleb_v1.2\FakeAVCeleb_v1.2\FakeVideo-FakeAudio/Caucasian (European)/women/id00379\00043_id00633_UXrTMta1EDM_faceswap_id00270_wavtolip.mp4,1,FVFA,0.9999954700469971
C:\Users\navee\Desktop\Projects\MediaDna\OpenAVFF\FakeAVCeleb_v1.2\FakeAVCeleb_v1.2\FakeVideo-FakeAudio/Caucasian (European)/women/id00379\00043_id00633_UXrTMta1EDM_faceswap_id00332_wavtolip.mp4,1,FVFA,0.9999971389770508
C:\Users\navee\Desktop\Projects\MediaDna\OpenAVFF\FakeAVCeleb_v1.2\FakeAVCeleb_v1.2\FakeVideo-FakeAudio/Caucasian (European)/women/id00379\00043_id00633_UXrTMta1EDM_faceswap_id00395_wavtolip.mp4,1,FVFA,0.9670073390007019
C:\Users\navee\Desktop\Projects\MediaDna\OpenAVFF\FakeAVCeleb_v1.2\FakeAVCeleb_v1.2\FakeVideo-FakeAudio/Caucasian (European)/women/id00379\00043_id00633_UXrTMta1EDM_faceswap_id01018_wavtolip.mp4,1,FVFA,0.9999984502792358
C:\Users\navee\Desktop\Projects\MediaDna\OpenAVFF\FakeAVCeleb_v1.2\FakeAVCeleb_v1.2\FakeVideo-FakeAudio/Caucasian (European)/women/id00395\00420_id00823_KgExwCvgrUk_faceswap_id00188_wavtolip.mp4,1,FVFA,0.9999969005584717
C:\Users\navee\Desktop\Projects\MediaDna\OpenAVFF\FakeAVCeleb_v1.2\FakeAVCeleb_v1.2\FakeVideo-FakeAudio/Caucasian (European)/women/id00395\00420_id00823_KgExwCvgrUk_faceswap_id00271_wavtolip.mp4,1,FVFA,0.990327775478363
C:\Users\navee\Desktop\Projects\MediaDna\OpenAVFF\FakeAVCeleb_v1.2\FakeAVCeleb_v1.2\FakeVideo-FakeAudio/Caucasian (European)/women/id00395\00420_id00823_KgExwCvgrUk_faceswap_id00330_wavtolip.mp4,1,FVFA,0.9999568462371826
C:\Users\navee\Desktop\Projects\MediaDna\OpenAVFF\FakeAVCeleb_v1.2\FakeAVCeleb_v1.2\FakeVideo-FakeAudio/Caucasian (European)/women/id00395\00420_id00823_KgExwCvgrUk_faceswap_id00897_wavtolip.mp4,1,FVFA,0.9999978542327881
C:\Users\navee\Desktop\Projects\MediaDna\OpenAVFF\FakeAVCeleb_v1.2\FakeAVCeleb_v1.2\FakeVideo-FakeAudio/Caucasian (European)/women/id00403\00052_id00234_M3g5KRLJB60_faceswap_id00232_wavtolip.mp4,1,FVFA,0.9999947547912598
C:\Users\navee\Desktop\Projects\MediaDna\OpenAVFF\FakeAVCeleb_v1.2\FakeAVCeleb_v1.2\FakeVideo-FakeAudio/Caucasian (European)/women/id00403\00052_id00234_M3g5KRLJB60_faceswap_id00365_wavtolip.mp4,1,FVFA,0.6609877347946167
C:\Users\navee\Desktop\Projects\MediaDna\OpenAVFF\FakeAVCeleb_v1.2\FakeAVCeleb_v1.2\FakeVideo-FakeAudio/Caucasian (European)/women/id00403\00052_id00234_M3g5KRLJB60_faceswap_id00806_wavtolip.mp4,1,FVFA,0.9999815225601196
C:\Users\navee\Desktop\Projects\MediaDna\OpenAVFF\FakeAVCeleb_v1.2\FakeAVCeleb_v1.2\FakeVideo-FakeAudio/Caucasian (European)/women/id00403\00052_id00234_M3g5KRLJB60_faceswap_id01018_wavtolip.mp4,1,FVFA,0.999998927116394
C:\Users\navee\Desktop\Projects\MediaDna\OpenAVFF\FakeAVCeleb_v1.2\FakeAVCeleb_v1.2\FakeVideo-FakeAudio/Caucasian (European)/women/id00434\00046_id00330_zCFFgGSIZ_s_faceswap_id00325_wavtolip.mp4,1,FVFA,0.9984561204910278
C:\Users\navee\Desktop\Projects\MediaDna\OpenAVFF\FakeAVCeleb_v1.2\FakeAVCeleb_v1.2\FakeVideo-FakeAudio/Caucasian (European)/women/id00434\00046_id00330_zCFFgGSIZ_s_faceswap_id00403_wavtolip.mp4,1,FVFA,0.9999415874481201
C:\Users\navee\Desktop\Projects\MediaDna\OpenAVFF\FakeAVCeleb_v1.2\FakeAVCeleb_v1.2\FakeVideo-FakeAudio/Caucasian (European)/women/id00434\00046_id00330_zCFFgGSIZ_s_faceswap_id00633_wavtolip.mp4,1,FVFA,0.9987815022468567
C:\Users\navee\Desktop\Projects\MediaDna\OpenAVFF\FakeAVCeleb_v1.2\FakeAVCeleb_v1.2\FakeVideo-FakeAudio/Caucasian (European)/women/id00434\00046_id00330_zCFFgGSIZ_s_faceswap_id00806_wavtolip.mp4,1,FVFA,0.9999957084655762
C:\Users\navee\Desktop\Projects\MediaDna\OpenAVFF\FakeAVCeleb_v1.2\FakeAVCeleb_v1.2\FakeVideo-FakeAudio/Caucasian (European)/women/id00434\00046_id00330_zCFFgGSIZ_s_faceswap_id00823_wavtolip.mp4,1,FVFA,0.9998807907104492
C:\Users\navee\Desktop\Projects\MediaDna\OpenAVFF\FakeAVCeleb_v1.2\FakeAVCeleb_v1.2\FakeVideo-FakeAudio/Caucasian (European)/women/id00484\00202_id03844_AEAEN1Lns2c_faceswap_id00395_wavtolip.mp4,1,FVFA,0.9673581719398499
C:\Users\navee\Desktop\Projects\MediaDna\OpenAVFF\FakeAVCeleb_v1.2\FakeAVCeleb_v1.2\FakeVideo-FakeAudio/Caucasian (European)/women/id00484\00202_id03844_AEAEN1Lns2c_faceswap_id00484_wavtolip.mp4,1,FVFA,0.9999970197677612
C:\Users\navee\Desktop\Projects\MediaDna\OpenAVFF\FakeAVCeleb_v1.2\FakeAVCeleb_v1.2\FakeVideo-FakeAudio/Caucasian (European)/women/id00484\00202_id03844_AEAEN1Lns2c_faceswap_id00826_wavtolip.mp4,1,FVFA,0.9999991655349731
C:\Users\navee\Desktop\Projects\MediaDna\OpenAVFF\FakeAVCeleb_v1.2\FakeAVCeleb_v1.2\FakeVideo-FakeAudio/Caucasian (European)/women/id00484\00202_id03844_AEAEN1Lns2c_faceswap_id01002_wavtolip.mp4,1,FVFA,0.9999384880065918
C:\Users\navee\Desktop\Projects\MediaDna\OpenAVFF\FakeAVCeleb_v1.2\FakeAVCeleb_v1.2\FakeVideo-FakeAudio/Caucasian (European)/women/id00491\00122_id00633_UXrTMta1EDM_faceswap_id00569_wavtolip.mp4,1,FVFA,0.9998891353607178
C:\Users\navee\Desktop\Projects\MediaDna\OpenAVFF\FakeAVCeleb_v1.2\FakeAVCeleb_v1.2\FakeVideo-FakeAudio/Caucasian (European)/women/id00491\00122_id00633_UXrTMta1EDM_faceswap_id01002_wavtolip.mp4,1,FVFA,0.9999395608901978
C:\Users\navee\Desktop\Projects\MediaDna\OpenAVFF\FakeAVCeleb_v1.2\FakeAVCeleb_v1.2\FakeVideo-FakeAudio/Caucasian (European)/women/id00491\00122_id00633_UXrTMta1EDM_faceswap_id03620_wavtolip.mp4,1,FVFA,0.9999967813491821
C:\Users\navee\Desktop\Projects\MediaDna\OpenAVFF\FakeAVCeleb_v1.2\FakeAVCeleb_v1.2\FakeVideo-FakeAudio/Caucasian (European)/women/id00491\00122_id00633_UXrTMta1EDM_faceswap_id03716_wavtolip.mp4,1,FVFA,0.9999967813491821
C:\Users\navee\Desktop\Projects\MediaDna\OpenAVFF\FakeAVCeleb_v1.2\FakeAVCeleb_v1.2\FakeVideo-FakeAudio/Caucasian (European)/women/id00491\00122_id00633_UXrTMta1EDM_faceswap_id03941_wavtolip.mp4,1,FVFA,0.9921707510948181
C:\Users\navee\Desktop\Projects\MediaDna\OpenAVFF\FakeAVCeleb_v1.2\FakeAVCeleb_v1.2\FakeVideo-FakeAudio/Caucasian (European)/women/id00495\00027_id00395_wM5kGJfTtEM_faceswap_id00271_wavtolip.mp4,1,FVFA,0.989639163017273
C:\Users\navee\Desktop\Projects\MediaDna\OpenAVFF\FakeAVCeleb_v1.2\FakeAVCeleb_v1.2\FakeVideo-FakeAudio/Caucasian (European)/women/id00495\00027_id00395_wM5kGJfTtEM_faceswap_id00330_wavtolip.mp4,1,FVFA,0.9999674558639526
C:\Users\navee\Desktop\Projects\MediaDna\OpenAVFF\FakeAVCeleb_v1.2\FakeAVCeleb_v1.2\FakeVideo-FakeAudio/Caucasian (European)/women/id00495\00027_id00395_wM5kGJfTtEM_faceswap_id00496_wavtolip.mp4,1,FVFA,0.9999446868896484
C:\Users\navee\Desktop\Projects\MediaDna\OpenAVFF\FakeAVCeleb_v1.2\FakeAVCeleb_v1.2\FakeVideo-FakeAudio/Caucasian (European)/women/id00495\00027_id00395_wM5kGJfTtEM_faceswap_id03649_wavtolip.mp4,1,FVFA,0.9999979734420776
C:\Users\navee\Desktop\Projects\MediaDna\OpenAVFF\FakeAVCeleb_v1.2\FakeAVCeleb_v1.2\FakeVideo-FakeAudio/Caucasian (European)/women/id00495\00027_id00395_wM5kGJfTtEM_faceswap_id03651_wavtolip.mp4,1,FVFA,0.9999980926513672
C:\Users\navee\Desktop\Projects\MediaDna\OpenAVFF\FakeAVCeleb_v1.2\FakeAVCeleb_v1.2\FakeVideo-FakeAudio/Caucasian (European)/women/id00496\00015_id00262_3p7sRWAAh1Q_faceswap_id00188_wavtolip.mp4,1,FVFA,0.999619722366333
C:\Users\navee\Desktop\Projects\MediaDna\OpenAVFF\FakeAVCeleb_v1.2\FakeAVCeleb_v1.2\FakeVideo-FakeAudio/Caucasian (European)/women/id00496\00015_id00262_3p7sRWAAh1Q_faceswap_id00234_wavtolip.mp4,1,FVFA,0.9977424144744873
C:\Users\navee\Desktop\Projects\MediaDna\OpenAVFF\FakeAVCeleb_v1.2\FakeAVCeleb_v1.2\FakeVideo-FakeAudio/Caucasian (European)/women/id00496\00015_id00262_3p7sRWAAh1Q_faceswap_id00374_wavtolip.mp4,1,FVFA,0.5760728716850281
C:\Users\navee\Desktop\Projects\MediaDna\OpenAVFF\FakeAVCeleb_v1.2\FakeAVCeleb_v1.2\FakeVideo-FakeAudio/Caucasian (European)/women/id00569\00239_0_id00330_wavtolip.mp4,1,FVFA,0.9999549388885498
C:\Users\navee\Desktop\Projects\MediaDna\OpenAVFF\FakeAVCeleb_v1.2\FakeAVCeleb_v1.2\FakeVideo-FakeAudio/Caucasian (European)/women/id00569\00239_0_id00491_wavtolip.mp4,1,FVFA,0.999982476234436
C:\Users\navee\Desktop\Projects\MediaDna\OpenAVFF\FakeAVCeleb_v1.2\FakeAVCeleb_v1.2\FakeVideo-FakeAudio/Caucasian (European)/women/id00569\00239_0_id03589_wavtolip.mp4,1,FVFA,0.9999966621398926
C:\Users\navee\Desktop\Projects\MediaDna\OpenAVFF\FakeAVCeleb_v1.2\FakeAVCeleb_v1.2\FakeVideo-FakeAudio/Caucasian (European)/women/id00569\00239_0_id03816_wavtolip.mp4,1,FVFA,0.9999988079071045
C:\Users\navee\Desktop\Projects\MediaDna\OpenAVFF\FakeAVCeleb_v1.2\FakeAVCeleb_v1.2\FakeVideo-FakeAudio/Caucasian (European)/women/id00569\00239_0_id03941_wavtolip.mp4,1,FVFA,0.9919214248657227
C:\Users\navee\Desktop\Projects\MediaDna\OpenAVFF\FakeAVCeleb_v1.2\FakeAVCeleb_v1.2\FakeVideo-FakeAudio/Caucasian (European)/women/id00569\00239_1_id00262_wavtolip.mp4,1,FVFA,0.999994158744812
C:\Users\navee\Desktop\Projects\MediaDna\OpenAVFF\FakeAVCeleb_v1.2\FakeAVCeleb_v1.2\FakeVideo-FakeAudio/Caucasian (European)/women/id00569\00239_1_id00735_wavtolip.mp4,1,FVFA,0.999147891998291
C:\Users\navee\Desktop\Projects\MediaDna\OpenAVFF\FakeAVCeleb_v1.2\FakeAVCeleb_v1.2\FakeVideo-FakeAudio/Caucasian (European)/women/id00569\00239_1_id01002_wavtolip.mp4,1,FVFA,0.9999386072158813
C:\Users\navee\Desktop\Projects\MediaDna\OpenAVFF\FakeAVCeleb_v1.2\FakeAVCeleb_v1.2\FakeVideo-FakeAudio/Caucasian (European)/women/id00569\00239_1_id03649_wavtolip.mp4,1,FVFA,0.9953048229217529
C:\Users\navee\Desktop\Projects\MediaDna\OpenAVFF\FakeAVCeleb_v1.2\FakeAVCeleb_v1.2\FakeVideo-FakeAudio/Caucasian (European)/women/id00569\00239_1_id03716_wavtolip.mp4,1,FVFA,0.9999969005584717
C:\Users\navee\Desktop\Projects\MediaDna\OpenAVFF\FakeAVCeleb_v1.2\FakeAVCeleb_v1.2\FakeVideo-FakeAudio/Caucasian (European)/women/id00569\00239_2_id00287_wavtolip.mp4,1,FVFA,0.999925971031189
C:\Users\navee\Desktop\Projects\MediaDna\OpenAVFF\FakeAVCeleb_v1.2\FakeAVCeleb_v1.2\FakeVideo-FakeAudio/Caucasian (European)/women/id00569\00239_2_id00332_wavtolip.mp4,1,FVFA,0.9916669726371765
C:\Users\navee\Desktop\Projects\MediaDna\OpenAVFF\FakeAVCeleb_v1.2\FakeAVCeleb_v1.2\FakeVideo-FakeAudio/Caucasian (European)/women/id00569\00239_2_id00633_wavtolip.mp4,1,FVFA,0.9986526966094971
C:\Users\navee\Desktop\Projects\MediaDna\OpenAVFF\FakeAVCeleb_v1.2\FakeAVCeleb_v1.2\FakeVideo-FakeAudio/Caucasian (European)/women/id00569\00239_2_id00735_wavtolip.mp4,1,FVFA,0.9991092085838318
C:\Users\navee\Desktop\Projects\MediaDna\OpenAVFF\FakeAVCeleb_v1.2\FakeAVCeleb_v1.2\FakeVideo-FakeAudio/Caucasian (European)/women/id00569\00239_2_id03371_wavtolip.mp4,1,FVFA,0.9990678429603577
C:\Users\navee\Desktop\Projects\MediaDna\OpenAVFF\FakeAVCeleb_v1.2\FakeAVCeleb_v1.2\FakeVideo-FakeAudio/Caucasian (European)/women/id00581\00010_id03371_truKMXt8Dak_faceswap_id00271_wavtolip.mp4,1,FVFA,0.9901651740074158
C:\Users\navee\Desktop\Projects\MediaDna\OpenAVFF\FakeAVCeleb_v1.2\FakeAVCeleb_v1.2\FakeVideo-FakeAudio/Caucasian (European)/women/id00581\00010_id03371_truKMXt8Dak_faceswap_id00330_wavtolip.mp4,1,FVFA,0.9861378073692322
C:\Users\navee\Desktop\Projects\MediaDna\OpenAVFF\FakeAVCeleb_v1.2\FakeAVCeleb_v1.2\FakeVideo-FakeAudio/Caucasian (European)/women/id00581\00010_id03371_truKMXt8Dak_faceswap_id00496_wavtolip.mp4,1,FVFA,0.9999325275421143
C:\Users\navee\Desktop\Projects\MediaDna\OpenAVFF\FakeAVCeleb_v1.2\FakeAVCeleb_v1.2\FakeVideo-FakeAudio/Caucasian (European)/women/id00581\00010_id03371_truKMXt8Dak_faceswap_id01018_wavtolip.mp4,1,FVFA,0.9999991655349731
C:\Users\navee\Desktop\Projects\MediaDna\OpenAVFF\FakeAVCeleb_v1.2\FakeAVCeleb_v1.2\FakeVideo-FakeAudio/Caucasian (European)/women/id00589\00130_id00634_z5t9oJizDQg_faceswap_id00071_wavtolip.mp4,1,FVFA,0.999880313873291
C:\Users\navee\Desktop\Projects\MediaDna\OpenAVFF\FakeAVCeleb_v1.2\FakeAVCeleb_v1.2\FakeVideo-FakeAudio/Caucasian (European)/women/id00589\00130_id00634_z5t9oJizDQg_faceswap_id00325_wavtolip.mp4,1,FVFA,0.9999986886978149
C:\Users\navee\Desktop\Projects\MediaDna\OpenAVFF\FakeAVCeleb_v1.2\FakeAVCeleb_v1.2\FakeVideo-FakeAudio/Caucasian (European)/women/id00589\00130_id00634_z5t9oJizDQg_faceswap_id00395_wavtolip.mp4,1,FVFA,0.9714013338088989
C:\Users\navee\Desktop\Projects\MediaDna\OpenAVFF\FakeAVCeleb_v1.2\FakeAVCeleb_v1.2\FakeVideo-FakeAudio/Caucasian (European)/women/id00589\00130_id00634_z5t9oJizDQg_faceswap_id00591_wavtolip.mp4,1,FVFA,0.9988223910331726
C:\Users\navee\Desktop\Projects\MediaDna\OpenAVFF\FakeAVCeleb_v1.2\FakeAVCeleb_v1.2\FakeVideo-FakeAudio/Caucasian (European)/women/id00589\00130_id00634_z5t9oJizDQg_faceswap_id00823_wavtolip.mp4,1,FVFA,0.999875545501709
C:\Users\navee\Desktop\Projects\MediaDna\OpenAVFF\FakeAVCeleb_v1.2\FakeAVCeleb_v1.2\FakeVideo-FakeAudio/Caucasian (European)/women/id00591\00001_id00897_0ayFw8JhoyI_faceswap_id00262_wavtolip.mp4,1,FVFA,0.9999854564666748
C:\Users\navee\Desktop\Projects\MediaDna\OpenAVFF\FakeAVCeleb_v1.2\FakeAVCeleb_v1.2\FakeVideo-FakeAudio/Caucasian (European)/women/id00591\00001_id00897_0ayFw8JhoyI_faceswap_id00633_wavtolip.mp4,1,FVFA,0.9999936819076538
C:\Users\navee\Desktop\Projects\MediaDna\OpenAVFF\FakeAVCeleb_v1.2\FakeAVCeleb_v1.2\FakeVideo-FakeAudio/Caucasian (European)/women/id00591\00001_id00897_0ayFw8JhoyI_faceswap_id03371_wavtolip.mp4,1,FVFA,0.999997615814209
C:\Users\navee\Desktop\Projects\MediaDna\OpenAVFF\FakeAVCeleb_v1.2\FakeAVCeleb_v1.2\FakeVideo-FakeAudio/Caucasian (European)/women/id00633\00088_id01002_eQTviHjyISo_faceswap_id00232_wavtolip.mp4,1,FVFA,0.9985101819038391
C:\Users\navee\Desktop\Projects\MediaDna\OpenAVFF\FakeAVCeleb_v1.2\FakeAVCeleb_v1.2\FakeVideo-FakeAudio/Caucasian (European)/women/id00633\00088_id01002_eQTviHjyISo_faceswap_id00270_wavtolip.mp4,1,FVFA,0.9208944439888
C:\Users\navee\Desktop\Projects\MediaDna\OpenAVFF\FakeAVCeleb_v1.2\FakeAVCeleb_v1.2\FakeVideo-FakeAudio/Caucasian (European)/women/id00633\00088_id01002_eQTviHjyISo_faceswap_id00735_wavtolip.mp4,1,FVFA,0.999060332775116
C:\Users\navee\Desktop\Projects\MediaDna\OpenAVFF\FakeAVCeleb_v1.2\FakeAVCeleb_v1.2\FakeVideo-FakeAudio/Caucasian (European)/women/id00633\00088_id01002_eQTviHjyISo_faceswap_id03620_wavtolip.mp4,1,FVFA,0.9999972581863403
C:\Users\navee\Desktop\Projects\MediaDna\OpenAVFF\FakeAVCeleb_v1.2\FakeAVCeleb_v1.2\FakeVideo-FakeAudio/Caucasian (European)/women/id00634\00078_id03649_389qfFqUddI_faceswap_id00188_wavtolip.mp4,1,FVFA,0.9996097683906555
C:\Users\navee\Desktop\Projects\MediaDna\OpenAVFF\FakeAVCeleb_v1.2\FakeAVCeleb_v1.2\FakeVideo-FakeAudio/Caucasian (European)/women/id00634\00078_id03649_389qfFqUddI_faceswap_id00569_wavtolip.mp4,1,FVFA,0.9863207936286926
C:\Users\navee\Desktop\Projects\MediaDna\OpenAVFF\FakeAVCeleb_v1.2\FakeAVCeleb_v1.2\FakeVideo-FakeAudio/Caucasian (European)/women/id00634\00078_id03649_389qfFqUddI_faceswap_id00581_wavtolip.mp4,1,FVFA,0.9999980926513672
C:\Users\navee\Desktop\Projects\MediaDna\OpenAVFF\FakeAVCeleb_v1.2\FakeAVCeleb_v1.2\FakeVideo-FakeAudio/Caucasian (European)/women/id00634\00078_id03649_389qfFqUddI_faceswap_id01002_wavtolip.mp4,1,FVFA,0.999937891960144
C:\Users\navee\Desktop\Projects\MediaDna\OpenAVFF\FakeAVCeleb_v1.2\FakeAVCeleb_v1.2\FakeVideo-FakeAudio/Caucasian (European)/women/id00634\00078_id03649_389qfFqUddI_faceswap_id03941_wavtolip.mp4,1,FVFA,0.9920177459716797
C:\Users\navee\Desktop\Projects\MediaDna\OpenAVFF\FakeAVCeleb_v1.2\FakeAVCeleb_v1.2\FakeVideo-FakeAudio/Caucasian (European)/women/id00735\00037_id03844_AEAEN1Lns2c_faceswap_id00234_wavtolip.mp4,1,FVFA,0.9999978542327881
C:\Users\navee\Desktop\Projects\MediaDna\OpenAVFF\FakeAVCeleb_v1.2\FakeAVCeleb_v1.2\FakeVideo-FakeAudio/Caucasian (European)/women/id00735\00037_id03844_AEAEN1Lns2c_faceswap_id00328_wavtolip.mp4,1,FVFA,0.9983674883842468
C:\Users\navee\Desktop\Projects\MediaDna\OpenAVFF\FakeAVCeleb_v1.2\FakeAVCeleb_v1.2\FakeVideo-FakeAudio/Caucasian (European)/women/id00735\00037_id03844_AEAEN1Lns2c_faceswap_id00332_wavtolip.mp4,1,FVFA,0.9999974966049194
C:\Users\navee\Desktop\Projects\MediaDna\OpenAVFF\FakeAVCeleb_v1.2\FakeAVCeleb_v1.2\FakeVideo-FakeAudio/Caucasian (European)/women/id00735\00037_id03844_AEAEN1Lns2c_faceswap_id00373_wavtolip.mp4,1,FVFA,0.999997615814209
C:\Users\navee\Desktop\Projects\MediaDna\OpenAVFF\FakeAVCeleb_v1.2\FakeAVCeleb_v1.2\FakeVideo-FakeAudio/Caucasian (European)/women/id00735\00037_id03844_AEAEN1Lns2c_faceswap_id00569_wavtolip.mp4,1,FVFA,0.9857446551322937
C:\Users\navee\Desktop\Projects\MediaDna\OpenAVFF\FakeAVCeleb_v1.2\FakeAVCeleb_v1.2\FakeVideo-FakeAudio/Caucasian (European)/women/id00806\00005_id00379_fgkgYHCuk4g_faceswap_id00188_wavtolip.mp4,1,FVFA,0.9996305704116821
C:\Users\navee\Desktop\Projects\MediaDna\OpenAVFF\FakeAVCeleb_v1.2\FakeAVCeleb_v1.2\FakeVideo-FakeAudio/Caucasian (European)/women/id00806\00005_id00379_fgkgYHCuk4g_faceswap_id00232_wavtolip.mp4,1,FVFA,0.9985985159873962
C:\Users\navee\Desktop\Projects\MediaDna\OpenAVFF\FakeAVCeleb_v1.2\FakeAVCeleb_v1.2\FakeVideo-FakeAudio/Caucasian (European)/women/id00806\00005_id00379_fgkgYHCuk4g_faceswap_id00403_wavtolip.mp4,1,FVFA,0.9999369382858276
C:\Users\navee\Desktop\Projects\MediaDna\OpenAVFF\FakeAVCeleb_v1.2\FakeAVCeleb_v1.2\FakeVideo-FakeAudio/Caucasian (European)/women/id00806\00005_id00379_fgkgYHCuk4g_faceswap_id00569_wavtolip.mp4,1,FVFA,0.98777174949646
C:\Users\navee\Desktop\Projects\MediaDna\OpenAVFF\FakeAVCeleb_v1.2\FakeAVCeleb_v1.2\FakeVideo-FakeAudio/Caucasian (European)/women/id00813\00169_id00897_0ayFw8JhoyI_faceswap_id00234_wavtolip.mp4,1,FVFA,0.997724711894989
C:\Users\navee\Desktop\Projects\MediaDna\OpenAVFF\FakeAVCeleb_v1.2\FakeAVCeleb_v1.2\FakeVideo-FakeAudio/Caucasian (European)/women/id00813\00169_id00897_0ayFw8JhoyI_faceswap_id00271_wavtolip.mp4,1,FVFA,0.9893640279769897
C:\Users\navee\Desktop\Projects\MediaDna\OpenAVFF\FakeAVCeleb_v1.2\FakeAVCeleb_v1.2\FakeVideo-FakeAudio/Caucasian (European)/women/id00813\00169_id00897_0ayFw8JhoyI_faceswap_id00634_wavtolip.mp4,1,FVFA,0.9995232820510864
C:\Users\navee\Desktop\Projects\MediaDna\OpenAVFF\FakeAVCeleb_v1.2\FakeAVCeleb_v1.2\FakeVideo-FakeAudio/Caucasian (European)/women/id00813\00169_id00897_0ayFw8JhoyI_faceswap_id03716_wavtolip.mp4,1,FVFA,0.9999977350234985
C:\Users\navee\Desktop\Projects\MediaDna\OpenAVFF\FakeAVCeleb_v1.2\FakeAVCeleb_v1.2\FakeVideo-FakeAudio/Caucasian (European)/women/id00813\00169_id00897_0ayFw8JhoyI_faceswap_id03844_wavtolip.mp4,1,FVFA,0.9989012479782104
C:\Users\navee\Desktop\Projects\MediaDna\OpenAVFF\FakeAVCeleb_v1.2\FakeAVCeleb_v1.2\FakeVideo-FakeAudio/Caucasian (European)/women/id00823\00125_id00395_wM5kGJfTtEM_faceswap_id00332_wavtolip.mp4,1,FVFA,0.9999871253967285
C:\Users\navee\Desktop\Projects\MediaDna\OpenAVFF\FakeAVCeleb_v1.2\FakeAVCeleb_v1.2\FakeVideo-FakeAudio/Caucasian (European)/women/id00823\00125_id00395_wM5kGJfTtEM_faceswap_id00379_wavtolip.mp4,1,FVFA,0.9999974966049194
C:\Users\navee\Desktop\Projects\MediaDna\OpenAVFF\FakeAVCeleb_v1.2\FakeAVCeleb_v1.2\FakeVideo-FakeAudio/Caucasian (European)/women/id00823\00125_id00395_wM5kGJfTtEM_faceswap_id03651_wavtolip.mp4,1,FVFA,0.9997523427009583
C:\Users\navee\Desktop\Projects\MediaDna\OpenAVFF\FakeAVCeleb_v1.2\FakeAVCeleb_v1.2\FakeVideo-FakeAudio/Caucasian (European)/women/id00823\00125_id00395_wM5kGJfTtEM_faceswap_id03858_wavtolip.mp4,1,FVFA,0.9999958276748657
C:\Users\navee\Desktop\Projects\MediaDna\OpenAVFF\FakeAVCeleb_v1.2\FakeAVCeleb_v1.2\FakeVideo-FakeAudio/Caucasian (European)/women/id00823\00125_id00395_wM5kGJfTtEM_faceswap_id03941_wavtolip.mp4,1,FVFA,0.9929428100585938
C:\Users\navee\Desktop\Projects\MediaDna\OpenAVFF\FakeAVCeleb_v1.2\FakeAVCeleb_v1.2\FakeVideo-FakeAudio/Caucasian (European)/women/id00826\00065_id00581_7AxvP19LGKg_faceswap_id00071_wavtolip.mp4,1,FVFA,0.9998836517333984
C:\Users\navee\Desktop\Projects\MediaDna\OpenAVFF\FakeAVCeleb_v1.2\FakeAVCeleb_v1.2\FakeVideo-FakeAudio/Caucasian (European)/women/id00826\00065_id00581_7AxvP19LGKg_faceswap_id00188_wavtolip.mp4,1,FVFA,0.9996272325515747
C:\Users\navee\Desktop\Projects\MediaDna\OpenAVFF\FakeAVCeleb_v1.2\FakeAVCeleb_v1.2\FakeVideo-FakeAudio/Caucasian (European)/women/id00826\00065_id00581_7AxvP19LGKg_faceswap_id00806_wavtolip.mp4,1,FVFA,0.9999620914459229
C:\Users\navee\Desktop\Projects\MediaDna\OpenAVFF\FakeAVCeleb_v1.2\FakeAVCeleb_v1.2\FakeVideo-FakeAudio/Caucasian (European)/women/id00826\00065_id00581_7AxvP19LGKg_faceswap_id00823_wavtolip.mp4,1,FVFA,0.9998751878738403
C:\Users\navee\Desktop\Projects\MediaDna\OpenAVFF\FakeAVCeleb_v1.2\FakeAVCeleb_v1.2\FakeVideo-FakeAudio/Caucasian (European)/women/id00826\00065_id00581_7AxvP19LGKg_faceswap_id01018_wavtolip.mp4,1,FVFA,0.9999985694885254
C:\Users\navee\Desktop\Projects\MediaDna\OpenAVFF\FakeAVCeleb_v1.2\FakeAVCeleb_v1.2\FakeVideo-FakeAudio/Caucasian (European)/women/id00897\00005_id00591_1Jo8xElXQMs_faceswap_id00188_wavtolip.mp4,1,FVFA,0.9996277093887329
C:\Users\navee\Desktop\Projects\MediaDna\OpenAVFF\FakeAVCeleb_v1.2\FakeAVCeleb_v1.2\FakeVideo-FakeAudio/Caucasian (European)/women/id00897\00005_id00591_1Jo8xElXQMs_faceswap_id00332_wavtolip.mp4,1,FVFA,0.9921032786369324
C:\Users\navee\Desktop\Projects\MediaDna\OpenAVFF\FakeAVCeleb_v1.2\FakeAVCeleb_v1.2\FakeVideo-FakeAudio/Caucasian (European)/women/id00897\00005_id00591_1Jo8xElXQMs_faceswap_id00735_wavtolip.mp4,1,FVFA,0.9991472959518433
C:\Users\navee\Desktop\Projects\MediaDna\OpenAVFF\FakeAVCeleb_v1.2\FakeAVCeleb_v1.2\FakeVideo-FakeAudio/Caucasian (European)/women/id00897\00005_id00591_1Jo8xElXQMs_faceswap_id00897_wavtolip.mp4,1,FVFA,0.9999985694885254
C:\Users\navee\Desktop\Projects\MediaDna\OpenAVFF\FakeAVCeleb_v1.2\FakeAVCeleb_v1.2\FakeVideo-FakeAudio/Caucasian (European)/women/id00897\00005_id00591_1Jo8xElXQMs_faceswap_id03858_wavtolip.mp4,1,FVFA,0.9998548030853271
C:\Users\navee\Desktop\Projects\MediaDna\OpenAVFF\FakeAVCeleb_v1.2\FakeAVCeleb_v1.2\FakeVideo-FakeAudio/Caucasian (European)/women/id01001\00086_id00633_UXrTMta1EDM_faceswap_id00330_wavtolip.mp4,1,FVFA,0.9999607801437378
C:\Users\navee\Desktop\Projects\MediaDna\OpenAVFF\FakeAVCeleb_v1.2\FakeAVCeleb_v1.2\FakeVideo-FakeAudio/Caucasian (European)/women/id01001\00086_id00633_UXrTMta1EDM_faceswap_id00395_wavtolip.mp4,1,FVFA,0.9685560464859009
C:\Users\navee\Desktop\Projects\MediaDna\OpenAVFF\FakeAVCeleb_v1.2\FakeAVCeleb_v1.2\FakeVideo-FakeAudio/Caucasian (European)/women/id01001\00086_id00633_UXrTMta1EDM_faceswap_id00495_wavtolip.mp4,1,FVFA,0.9983144998550415
C:\Users\navee\Desktop\Projects\MediaDna\OpenAVFF\FakeAVCeleb_v1.2\FakeAVCeleb_v1.2\FakeVideo-FakeAudio/Caucasian (European)/women/id01001\00086_id00633_UXrTMta1EDM_faceswap_id00897_wavtolip.mp4,1,FVFA,0.9999978542327881
C:\Users\navee\Desktop\Projects\MediaDna\OpenAVFF\FakeAVCeleb_v1.2\FakeAVCeleb_v1.2\FakeVideo-FakeAudio/Caucasian (European)/women/id01001\00086_id00633_UXrTMta1EDM_faceswap_id03651_wavtolip.mp4,1,FVFA,0.9997225403785706
C:\Users\navee\Desktop\Projects\MediaDna\OpenAVFF\FakeAVCeleb_v1.2\FakeAVCeleb_v1.2\FakeVideo-FakeAudio/Caucasian (European)/women/id01002\00043_id00633_UXrTMta1EDM_faceswap_id00042_wavtolip.mp4,1,FVFA,0.9999973773956299
C:\Users\navee\Desktop\Projects\MediaDna\OpenAVFF\FakeAVCeleb_v1.2\FakeAVCeleb_v1.2\FakeVideo-FakeAudio/Caucasian (European)/women/id01002\00043_id00633_UXrTMta1EDM_faceswap_id00365_wavtolip.mp4,1,FVFA,0.9999972581863403
C:\Users\navee\Desktop\Projects\MediaDna\OpenAVFF\FakeAVCeleb_v1.2\FakeAVCeleb_v1.2\FakeVideo-FakeAudio/Caucasian (European)/women/id01002\00043_id00633_UXrTMta1EDM_faceswap_id00897_wavtolip.mp4,1,FVFA,0.9999977350234985
C:\Users\navee\Desktop\Projects\MediaDna\OpenAVFF\FakeAVCeleb_v1.2\FakeAVCeleb_v1.2\FakeVideo-FakeAudio/Caucasian (European)/women/id01002\00043_id00633_UXrTMta1EDM_faceswap_id03620_wavtolip.mp4,1,FVFA,0.9999966621398926
C:\Users\navee\Desktop\Projects\MediaDna\OpenAVFF\FakeAVCeleb_v1.2\FakeAVCeleb_v1.2\FakeVideo-FakeAudio/Caucasian (European)/women/id01018\00072_id00569_gSynmpwioV4_faceswap_id00232_wavtolip.mp4,1,FVFA,0.9986453652381897
C:\Users\navee\Desktop\Projects\MediaDna\OpenAVFF\FakeAVCeleb_v1.2\FakeAVCeleb_v1.2\FakeVideo-FakeAudio/Caucasian (European)/women/id01018\00072_id00569_gSynmpwioV4_faceswap_id00262_wavtolip.mp4,1,FVFA,0.9999948740005493
C:\Users\navee\Desktop\Projects\MediaDna\OpenAVFF\FakeAVCeleb_v1.2\FakeAVCeleb_v1.2\FakeVideo-FakeAudio/Caucasian (European)/women/id01018\00072_id00569_gSynmpwioV4_faceswap_id00270_wavtolip.mp4,1,FVFA,0.9174532294273376
C:\Users\navee\Desktop\Projects\MediaDna\OpenAVFF\FakeAVCeleb_v1.2\FakeAVCeleb_v1.2\FakeVideo-FakeAudio/Caucasian (European)/women/id01018\00072_id00569_gSynmpwioV4_faceswap_id00330_wavtolip.mp4,1,FVFA,0.9860928654670715
C:\Users\navee\Desktop\Projects\MediaDna\OpenAVFF\FakeAVCeleb_v1.2\FakeAVCeleb_v1.2\FakeVideo-FakeAudio/Caucasian (European)/women/id03371\00430_id00581_7AxvP19LGKg_faceswap_id00234_wavtolip.mp4,1,FVFA,0.9978396892547607
C:\Users\navee\Desktop\Projects\MediaDna\OpenAVFF\FakeAVCeleb_v1.2\FakeAVCeleb_v1.2\FakeVideo-FakeAudio/Caucasian (European)/women/id03371\00430_id00581_7AxvP19LGKg_faceswap_id00823_wavtolip.mp4,1,FVFA,0.9998751878738403
C:\Users\navee\Desktop\Projects\MediaDna\OpenAVFF\FakeAVCeleb_v1.2\FakeAVCeleb_v1.2\FakeVideo-FakeAudio/Caucasian (European)/women/id03371\00430_id00581_7AxvP19LGKg_faceswap_id00897_wavtolip.mp4,1,FVFA,0.9999986886978149
C:\Users\navee\Desktop\Projects\MediaDna\OpenAVFF\FakeAVCeleb_v1.2\FakeAVCeleb_v1.2\FakeVideo-FakeAudio/Caucasian (European)/women/id03371\00430_id00581_7AxvP19LGKg_faceswap_id03371_wavtolip.mp4,1,FVFA,0.9999986886978149
C:\Users\navee\Desktop\Projects\MediaDna\OpenAVFF\FakeAVCeleb_v1.2\FakeAVCeleb_v1.2\FakeVideo-FakeAudio/Caucasian (European)/women/id03589\00002_id00495_E46aiMUC4A0_faceswap_id00271_wavtolip.mp4,1,FVFA,0.989841639995575
C:\Users\navee\Desktop\Projects\MediaDna\OpenAVFF\FakeAVCeleb_v1.2\FakeAVCeleb_v1.2\FakeVideo-FakeAudio/Caucasian (European)/women/id03589\00002_id00495_E46aiMUC4A0_faceswap_id00328_wavtolip.mp4,1,FVFA,0.9984461665153503
C:\Users\navee\Desktop\Projects\MediaDna\OpenAVFF\FakeAVCeleb_v1.2\FakeAVCeleb_v1.2\FakeVideo-FakeAudio/Caucasian (European)/women/id03589\00002_id00495_E46aiMUC4A0_faceswap_id00434_wavtolip.mp4,1,FVFA,0.9999977350234985
C:\Users\navee\Desktop\Projects\MediaDna\OpenAVFF\FakeAVCeleb_v1.2\FakeAVCeleb_v1.2\FakeVideo-FakeAudio/Caucasian (European)/women/id03589\00002_id00495_E46aiMUC4A0_faceswap_id01002_wavtolip.mp4,1,FVFA,0.9999426603317261
C:\Users\navee\Desktop\Projects\MediaDna\OpenAVFF\FakeAVCeleb_v1.2\FakeAVCeleb_v1.2\FakeVideo-FakeAudio/Caucasian (European)/women/id03620\00081_id00496_SImaDcXQnh8_faceswap_id00234_wavtolip.mp4,1,FVFA,0.9976315498352051
C:\Users\navee\Desktop\Projects\MediaDna\OpenAVFF\FakeAVCeleb_v1.2\FakeAVCeleb_v1.2\FakeVideo-FakeAudio/Caucasian (European)/women/id03620\00081_id00496_SImaDcXQnh8_faceswap_id00332_wavtolip.mp4,1,FVFA,0.9914029240608215
C:\Users\navee\Desktop\Projects\MediaDna\OpenAVFF\FakeAVCeleb_v1.2\FakeAVCeleb_v1.2\FakeVideo-FakeAudio/Caucasian (European)/women/id03620\00081_id00496_SImaDcXQnh8_faceswap_id03589_wavtolip.mp4,1,FVFA,0.9999513626098633
C:\Users\navee\Desktop\Projects\MediaDna\OpenAVFF\FakeAVCeleb_v1.2\FakeAVCeleb_v1.2\FakeVideo-FakeAudio/Caucasian (European)/women/id03620\00081_id00496_SImaDcXQnh8_faceswap_id03649_wavtolip.mp4,1,FVFA,0.9946898221969604
C:\Users\navee\Desktop\Projects\MediaDna\OpenAVFF\FakeAVCeleb_v1.2\FakeAVCeleb_v1.2\FakeVideo-FakeAudio/Caucasian (European)/women/id03649\00001_id00634_z5t9oJizDQg_faceswap_id00325_wavtolip.mp4,1,FVFA,0.9999978542327881
C:\Users\navee\Desktop\Projects\MediaDna\OpenAVFF\FakeAVCeleb_v1.2\FakeAVCeleb_v1.2\FakeVideo-FakeAudio/Caucasian (European)/women/id03649\00001_id00634_z5t9oJizDQg_faceswap_id00495_wavtolip.mp4,1,FVFA,0.9982520937919617
C:\Users\navee\Desktop\Projects\MediaDna\OpenAVFF\FakeAVCeleb_v1.2\FakeAVCeleb_v1.2\FakeVideo-FakeAudio/Caucasian (European)/women/id03649\00001_id00634_z5t9oJizDQg_faceswap_id03844_wavtolip.mp4,1,FVFA,0.9989296793937683
C:\Users\navee\Desktop\Projects\MediaDna\OpenAVFF\FakeAVCeleb_v1.2\FakeAVCeleb_v1.2\FakeVideo-FakeAudio/Caucasian (European)/women/id03651\00092_id03716_s-lxbGafZQA_faceswap_id00403_wavtolip.mp4,1,FVFA,0.9999985694885254
C:\Users\navee\Desktop\Projects\MediaDna\OpenAVFF\FakeAVCeleb_v1.2\FakeAVCeleb_v1.2\FakeVideo-FakeAudio/Caucasian (European)/women/id03651\00092_id03716_s-lxbGafZQA_faceswap_id00434_wavtolip.mp4,1,FVFA,0.9999963045120239
C:\Users\navee\Desktop\Projects\MediaDna\OpenAVFF\FakeAVCeleb_v1.2\FakeAVCeleb_v1.2\FakeVideo-FakeAudio/Caucasian (European)/women/id03651\00092_id03716_s-lxbGafZQA_faceswap_id00813_wavtolip.mp4,1,FVFA,0.9999936819076538
C:\Users\navee\Desktop\Projects\MediaDna\OpenAVFF\FakeAVCeleb_v1.2\FakeAVCeleb_v1.2\FakeVideo-FakeAudio/Caucasian (European)/women/id03651\00092_id03716_s-lxbGafZQA_faceswap_id01018_wavtolip.mp4,1,FVFA,0.9999980926513672
C:\Users\navee\Desktop\Projects\MediaDna\OpenAVFF\FakeAVCeleb_v1.2\FakeAVCeleb_v1.2\FakeVideo-FakeAudio/Caucasian (European)/women/id03651\00092_id03716_s-lxbGafZQA_faceswap_id03858_wavtolip.mp4,1,FVFA,0.9999948740005493
C:\Users\navee\Desktop\Projects\MediaDna\OpenAVFF\FakeAVCeleb_v1.2\FakeAVCeleb_v1.2\FakeVideo-FakeAudio/Caucasian (European)/women/id03716\00040_id03651_EjcoRkL6loI_faceswap_id00234_wavtolip.mp4,1,FVFA,0.997480571269989
C:\Users\navee\Desktop\Projects\MediaDna\OpenAVFF\FakeAVCeleb_v1.2\FakeAVCeleb_v1.2\FakeVideo-FakeAudio/Caucasian (European)/women/id03716\00040_id03651_EjcoRkL6loI_faceswap_id00403_wavtolip.mp4,1,FVFA,0.9999287128448486
C:\Users\navee\Desktop\Projects\MediaDna\OpenAVFF\FakeAVCeleb_v1.2\FakeAVCeleb_v1.2\FakeVideo-FakeAudio/Caucasian (European)/women/id03716\00040_id03651_EjcoRkL6loI_faceswap_id00735_wavtolip.mp4,1,FVFA,0.9989867806434631
C:\Users\navee\Desktop\Projects\MediaDna\OpenAVFF\FakeAVCeleb_v1.2\FakeAVCeleb_v1.2\FakeVideo-FakeAudio/Caucasian (European)/women/id03716\00040_id03651_EjcoRkL6loI_faceswap_id01002_wavtolip.mp4,1,FVFA,0.9999306201934814
C:\Users\navee\Desktop\Projects\MediaDna\OpenAVFF\FakeAVCeleb_v1.2\FakeAVCeleb_v1.2\FakeVideo-FakeAudio/Caucasian (European)/women/id03716\00040_id03651_EjcoRkL6loI_faceswap_id03844_wavtolip.mp4,1,FVFA,0.9987597465515137
C:\Users\navee\Desktop\Projects\MediaDna\OpenAVFF\FakeAVCeleb_v1.2\FakeAVCeleb_v1.2\FakeVideo-FakeAudio/Caucasian (European)/women/id03816\00093_id03941_SsYtP8Ze88Q_faceswap_id00287_wavtolip.mp4,1,FVFA,0.9999297857284546
C:\Users\navee\Desktop\Projects\MediaDna\OpenAVFF\FakeAVCeleb_v1.2\FakeAVCeleb_v1.2\FakeVideo-FakeAudio/Caucasian (European)/women/id03816\00093_id03941_SsYtP8Ze88Q_faceswap_id00325_wavtolip.mp4,1,FVFA,0.9999979734420776
C:\Users\navee\Desktop\Projects\MediaDna\OpenAVFF\FakeAVCeleb_v1.2\FakeAVCeleb_v1.2\FakeVideo-FakeAudio/Caucasian (European)/women/id03816\00093_id03941_SsYtP8Ze88Q_faceswap_id00813_wavtolip.mp4,1,FVFA,0.9999959468841553
C:\Users\navee\Desktop\Projects\MediaDna\OpenAVFF\FakeAVCeleb_v1.2\FakeAVCeleb_v1.2\FakeVideo-FakeAudio/Caucasian (European)/women/id03816\00093_id03941_SsYtP8Ze88Q_faceswap_id00826_wavtolip.mp4,1,FVFA,0.9999991655349731
C:\Users\navee\Desktop\Projects\MediaDna\OpenAVFF\FakeAVCeleb_v1.2\FakeAVCeleb_v1.2\FakeVideo-FakeAudio/Caucasian (European)/women/id03816\00093_id03941_SsYtP8Ze88Q_faceswap_id03716_wavtolip.mp4,1,FVFA,0.9999964237213135
C:\Users\navee\Desktop\Projects\MediaDna\OpenAVFF\FakeAVCeleb_v1.2\FakeAVCeleb_v1.2\FakeVideo-FakeAudio/Caucasian (European)/women/id03844\00028_id00484_u7YTz8eFZv0_faceswap_id00374_wavtolip.mp4,1,FVFA,0.9999845027923584
C:\Users\navee\Desktop\Projects\MediaDna\OpenAVFF\FakeAVCeleb_v1.2\FakeAVCeleb_v1.2\FakeVideo-FakeAudio/Caucasian (European)/women/id03844\00028_id00484_u7YTz8eFZv0_faceswap_id00591_wavtolip.mp4,1,FVFA,0.9988033771514893
C:\Users\navee\Desktop\Projects\MediaDna\OpenAVFF\FakeAVCeleb_v1.2\FakeAVCeleb_v1.2\FakeVideo-FakeAudio/Caucasian (European)/women/id03844\00028_id00484_u7YTz8eFZv0_faceswap_id00735_wavtolip.mp4,1,FVFA,0.9999988079071045
C:\Users\navee\Desktop\Projects\MediaDna\OpenAVFF\FakeAVCeleb_v1.2\FakeAVCeleb_v1.2\FakeVideo-FakeAudio/Caucasian (European)/women/id03844\00028_id00484_u7YTz8eFZv0_faceswap_id03620_wavtolip.mp4,1,FVFA,0.9999971389770508
C:\Users\navee\Desktop\Projects\MediaDna\OpenAVFF\FakeAVCeleb_v1.2\FakeAVCeleb_v1.2\FakeVideo-FakeAudio/Caucasian (European)/women/id03858\00092_id00395_wM5kGJfTtEM_faceswap_id00262_wavtolip.mp4,1,FVFA,0.9999945163726807
C:\Users\navee\Desktop\Projects\MediaDna\OpenAVFF\FakeAVCeleb_v1.2\FakeAVCeleb_v1.2\FakeVideo-FakeAudio/Caucasian (European)/women/id03858\00092_id00395_wM5kGJfTtEM_faceswap_id00365_wavtolip.mp4,1,FVFA,0.6769935488700867
C:\Users\navee\Desktop\Projects\MediaDna\OpenAVFF\FakeAVCeleb_v1.2\FakeAVCeleb_v1.2\FakeVideo-FakeAudio/Caucasian (European)/women/id03858\00092_id00395_wM5kGJfTtEM_faceswap_id00374_wavtolip.mp4,1,FVFA,0.5812158584594727
C:\Users\navee\Desktop\Projects\MediaDna\OpenAVFF\FakeAVCeleb_v1.2\FakeAVCeleb_v1.2\FakeVideo-FakeAudio/Caucasian (European)/women/id03858\00092_id00395_wM5kGJfTtEM_faceswap_id00496_wavtolip.mp4,1,FVFA,0.9999717473983765
C:\Users\navee\Desktop\Projects\MediaDna\OpenAVFF\FakeAVCeleb_v1.2\FakeAVCeleb_v1.2\FakeVideo-FakeAudio/Caucasian (European)/women/id03858\00092_id00395_wM5kGJfTtEM_faceswap_id01018_wavtolip.mp4,1,FVFA,0.9999990463256836
C:\Users\navee\Desktop\Projects\MediaDna\OpenAVFF\FakeAVCeleb_v1.2\FakeAVCeleb_v1.2\FakeVideo-FakeAudio/Caucasian (European)/women/id03941\00021_id03816_XXD0yTNei50_faceswap_id00328_wavtolip.mp4,1,FVFA,0.9999980926513672
C:\Users\navee\Desktop\Projects\MediaDna\OpenAVFF\FakeAVCeleb_v1.2\FakeAVCeleb_v1.2\FakeVideo-FakeAudio/Caucasian (European)/women/id03941\00021_id03816_XXD0yTNei50_faceswap_id00379_wavtolip.mp4,1,FVFA,0.9999971389770508
C:\Users\navee\Desktop\Projects\MediaDna\OpenAVFF\FakeAVCeleb_v1.2\FakeAVCeleb_v1.2\FakeVideo-FakeAudio/Caucasian (European)/women/id03941\00021_id03816_XXD0yTNei50_faceswap_id00484_wavtolip.mp4,1,FVFA,0.9999972581863403
C:\Users\navee\Desktop\Projects\MediaDna\OpenAVFF\FakeAVCeleb_v1.2\FakeAVCeleb_v1.2\FakeVideo-FakeAudio/Caucasian (European)/women/id03941\00021_id03816_XXD0yTNei50_faceswap_id00591_wavtolip.mp4,1,FVFA,0.9987554550170898
C:\Users\navee\Desktop\Projects\MediaDna\OpenAVFF\FakeAVCeleb_v1.2\FakeAVCeleb_v1.2\FakeVideo-FakeAudio/Caucasian (European)/women/id03941\00021_id03816_XXD0yTNei50_faceswap_id03649_wavtolip.mp4,1,FVFA,0.9999977350234985
C:\Users\navee\Desktop\Projects\MediaDna\OpenAVFF\FakeAVCeleb_v1.2\FakeAVCeleb_v1.2\FakeVideo-RealAudio/Caucasian (European)/women/id00042\00028_id00287_2NpfYjyMsPM.mp4,1,FVRA,0.5153921842575073
C:\Users\navee\Desktop\Projects\MediaDna\OpenAVFF\FakeAVCeleb_v1.2\FakeAVCeleb_v1.2\FakeVideo-RealAudio/Caucasian (European)/women/id00042\00028_id00325_4vJtbNe0L98.mp4,1,FVRA,0.5153096318244934
C:\Users\navee\Desktop\Projects\MediaDna\OpenAVFF\FakeAVCeleb_v1.2\FakeAVCeleb_v1.2\FakeVideo-RealAudio/Caucasian (European)/women/id00042\00028_id00330_zCFFgGSIZ_s.mp4,1,FVRA,0.5015150904655457
C:\Users\navee\Desktop\Projects\MediaDna\OpenAVFF\FakeAVCeleb_v1.2\FakeAVCeleb_v1.2\FakeVideo-RealAudio/Caucasian (European)/women/id00042\00028_id00374_w1qI7y9AGTc.mp4,1,FVRA,0.5151483416557312
C:\Users\navee\Desktop\Projects\MediaDna\OpenAVFF\FakeAVCeleb_v1.2\FakeAVCeleb_v1.2\FakeVideo-RealAudio/Caucasian (European)/women/id00042\00028_id00569_gSynmpwioV4.mp4,1,FVRA,0.514411211013794
C:\Users\navee\Desktop\Projects\MediaDna\OpenAVFF\FakeAVCeleb_v1.2\FakeAVCeleb_v1.2\FakeVideo-RealAudio/Caucasian (European)/women/id00042\00028_id01002_eQTviHjyISo.mp4,1,FVRA,0.507843017578125
C:\Users\navee\Desktop\Projects\MediaDna\OpenAVFF\FakeAVCeleb_v1.2\FakeAVCeleb_v1.2\FakeVideo-RealAudio/Caucasian (European)/women/id00042\00028_id03589_9NxOQlwpMys.mp4,1,FVRA,0.5175347924232483
C:\Users\navee\Desktop\Projects\MediaDna\OpenAVFF\FakeAVCeleb_v1.2\FakeAVCeleb_v1.2\FakeVideo-RealAudio/Caucasian (European)/women/id00042\00028_id03620_YkXM5A8w07E.mp4,1,FVRA,0.5087212324142456
C:\Users\navee\Desktop\Projects\MediaDna\OpenAVFF\FakeAVCeleb_v1.2\FakeAVCeleb_v1.2\FakeVideo-RealAudio/Caucasian (European)/women/id00042\00028_id03649_389qfFqUddI.mp4,1,FVRA,0.5187361836433411
C:\Users\navee\Desktop\Projects\MediaDna\OpenAVFF\FakeAVCeleb_v1.2\FakeAVCeleb_v1.2\FakeVideo-RealAudio/Caucasian (European)/women/id00042\00028_id03651_EjcoRkL6loI.mp4,1,FVRA,0.5154421329498291
C:\Users\navee\Desktop\Projects\MediaDna\OpenAVFF\FakeAVCeleb_v1.2\FakeAVCeleb_v1.2\FakeVideo-RealAudio/Caucasian (European)/women/id00068\00004_id00232_kL0cCveU1zg.mp4,1,FVRA,0.5187196731567383
C:\Users\navee\Desktop\Projects\MediaDna\OpenAVFF\FakeAVCeleb_v1.2\FakeAVCeleb_v1.2\FakeVideo-RealAudio/Caucasian (European)/women/id00068\00004_id00365_XV-imLNJvfk.mp4,1,FVRA,0.5146734714508057
C:\Users\navee\Desktop\Projects\MediaDna\OpenAVFF\FakeAVCeleb_v1.2\FakeAVCeleb_v1.2\FakeVideo-RealAudio/Caucasian (European)/women/id00068\00004_id00395_wM5kGJfTtEM.mp4,1,FVRA,0.5140253305435181
C:\Users\navee\Desktop\Projects\MediaDna\OpenAVFF\FakeAVCeleb_v1.2\FakeAVCeleb_v1.2\FakeVideo-RealAudio/Caucasian (European)/women/id00068\00004_id00484_u7YTz8eFZv0.mp4,1,FVRA,0.5179842114448547
C:\Users\navee\Desktop\Projects\MediaDna\OpenAVFF\FakeAVCeleb_v1.2\FakeAVCeleb_v1.2\FakeVideo-RealAudio/Caucasian (European)/women/id00068\00004_id00495_E46aiMUC4A0.mp4,1,FVRA,0.5190939903259277
C:\Users\navee\Desktop\Projects\MediaDna\OpenAVFF\FakeAVCeleb_v1.2\FakeAVCeleb_v1.2\FakeVideo-RealAudio/Caucasian (European)/women/id00068\00004_id00581_7AxvP19LGKg.mp4,1,FVRA,0.5157402753829956
C:\Users\navee\Desktop\Projects\MediaDna\OpenAVFF\FakeAVCeleb_v1.2\FakeAVCeleb_v1.2\FakeVideo-RealAudio/Caucasian (European)/women/id00068\00004_id00826_MYagwzy91Yk.mp4,1,FVRA,0.5140327215194702
C:\Users\navee\Desktop\Projects\MediaDna\OpenAVFF\FakeAVCeleb_v1.2\FakeAVCeleb_v1.2\FakeVideo-RealAudio/Caucasian (European)/women/id00068\00004_id03371_truKMXt8Dak.mp4,1,FVRA,0.519936740398407
C:\Users\navee\Desktop\Projects\MediaDna\OpenAVFF\FakeAVCeleb_v1.2\FakeAVCeleb_v1.2\FakeVideo-RealAudio/Caucasian (European)/women/id00068\00004_id03589_9NxOQlwpMys.mp4,1,FVRA,0.5228515267372131
C:\Users\navee\Desktop\Projects\MediaDna\OpenAVFF\FakeAVCeleb_v1.2\FakeAVCeleb_v1.2\FakeVideo-RealAudio/Caucasian (European)/women/id00068\00004_id03844_AEAEN1Lns2c.mp4,1,FVRA,0.5178172588348389
C:\Users\navee\Desktop\Projects\MediaDna\OpenAVFF\FakeAVCeleb_v1.2\FakeAVCeleb_v1.2\FakeVideo-RealAudio/Caucasian (European)/women/id00071\00014_id00188_e-vm5FB3idA.mp4,1,FVRA,0.5352986454963684
C:\Users\navee\Desktop\Projects\MediaDna\OpenAVFF\FakeAVCeleb_v1.2\FakeAVCeleb_v1.2\FakeVideo-RealAudio/Caucasian (European)/women/id00071\00014_id00232_kL0cCveU1zg.mp4,1,FVRA,0.5371391773223877
C:\Users\navee\Desktop\Projects\MediaDna\OpenAVFF\FakeAVCeleb_v1.2\FakeAVCeleb_v1.2\FakeVideo-RealAudio/Caucasian (European)/women/id00071\00014_id00262_3p7sRWAAh1Q.mp4,1,FVRA,0.528836727142334
C:\Users\navee\Desktop\Projects\MediaDna\OpenAVFF\FakeAVCeleb_v1.2\FakeAVCeleb_v1.2\FakeVideo-RealAudio/Caucasian (European)/women/id00071\00014_id00270_hoEQ70-sDME.mp4,1,FVRA,0.5235355496406555
C:\Users\navee\Desktop\Projects\MediaDna\OpenAVFF\FakeAVCeleb_v1.2\FakeAVCeleb_v1.2\FakeVideo-RealAudio/Caucasian (European)/women/id00071\00014_id00379_fgkgYHCuk4g.mp4,1,FVRA,0.5295424461364746
C:\Users\navee\Desktop\Projects\MediaDna\OpenAVFF\FakeAVCeleb_v1.2\FakeAVCeleb_v1.2\FakeVideo-RealAudio/Caucasian (European)/women/id00071\00014_id00581_7AxvP19LGKg.mp4,1,FVRA,0.5357807874679565
C:\Users\navee\Desktop\Projects\MediaDna\OpenAVFF\FakeAVCeleb_v1.2\FakeAVCeleb_v1.2\FakeVideo-RealAudio/Caucasian (European)/women/id00071\00014_id00735_ivJSkq5hGOQ.mp4,1,FVRA,0.5317875742912292
C:\Users\navee\Desktop\Projects\MediaDna\OpenAVFF\FakeAVCeleb_v1.2\FakeAVCeleb_v1.2\FakeVideo-RealAudio/Caucasian (European)/women/id00071\00014_id00897_0ayFw8JhoyI.mp4,1,FVRA,0.5305681824684143
C:\Users\navee\Desktop\Projects\MediaDna\OpenAVFF\FakeAVCeleb_v1.2\FakeAVCeleb_v1.2\FakeVideo-RealAudio/Caucasian (European)/women/id00071\00014_id03371_truKMXt8Dak.mp4,1,FVRA,0.5344097018241882
C:\Users\navee\Desktop\Projects\MediaDna\OpenAVFF\FakeAVCeleb_v1.2\FakeAVCeleb_v1.2\FakeVideo-RealAudio/Caucasian (European)/women/id00071\00014_id03816_XXD0yTNei50.mp4,1,FVRA,0.5278098583221436
C:\Users\navee\Desktop\Projects\MediaDna\OpenAVFF\FakeAVCeleb_v1.2\FakeAVCeleb_v1.2\FakeVideo-RealAudio/Caucasian (European)/women/id00188\00020_id00270_hoEQ70-sDME.mp4,1,FVRA,0.5134772658348083
C:\Users\navee\Desktop\Projects\MediaDna\OpenAVFF\FakeAVCeleb_v1.2\FakeAVCeleb_v1.2\FakeVideo-RealAudio/Caucasian (European)/women/id00188\00020_id00373_5NXv3Dxkd6E.mp4,1,FVRA,0.5233175754547119
C:\Users\navee\Desktop\Projects\MediaDna\OpenAVFF\FakeAVCeleb_v1.2\FakeAVCeleb_v1.2\FakeVideo-RealAudio/Caucasian (European)/women/id00188\00020_id00374_w1qI7y9AGTc.mp4,1,FVRA,0.5194458365440369
C:\Users\navee\Desktop\Projects\MediaDna\OpenAVFF\FakeAVCeleb_v1.2\FakeAVCeleb_v1.2\FakeVideo-RealAudio/Caucasian (European)/women/id00188\00020_id00379_fgkgYHCuk4g.mp4,1,FVRA,0.5172016024589539
C:\Users\navee\Desktop\Projects\MediaDna\OpenAVFF\FakeAVCeleb_v1.2\FakeAVCeleb_v1.2\FakeVideo-RealAudio/Caucasian (European)/women/id00188\00020_id00491_ShjiTWoOtM4.mp4,1,FVRA,0.5103593468666077
C:\Users\navee\Desktop\Projects\MediaDna\OpenAVFF\FakeAVCeleb_v1.2\FakeAVCeleb_v1.2\FakeVideo-RealAudio/Caucasian (European)/women/id00188\00020_id00569_gSynmpwioV4.mp4,1,FVRA,0.5175336599349976
C:\Users\navee\Desktop\Projects\MediaDna\OpenAVFF\FakeAVCeleb_v1.2\FakeAVCeleb_v1.2\FakeVideo-RealAudio/Caucasian (European)/women/id00188\00020_id00633_UXrTMta1EDM.mp4,1,FVRA,0.5152597427368164
C:\Users\navee\Desktop\Projects\MediaDna\OpenAVFF\FakeAVCeleb_v1.2\FakeAVCeleb_v1.2\FakeVideo-RealAudio/Caucasian (European)/women/id00188\00020_id00897_0ayFw8JhoyI.mp4,1,FVRA,0.5191394090652466
C:\Users\navee\Desktop\Projects\MediaDna\OpenAVFF\FakeAVCeleb_v1.2\FakeAVCeleb_v1.2\FakeVideo-RealAudio/Caucasian (European)/women/id00188\00020_id01018_VNPt_GB5QiE.mp4,1,FVRA,0.5194222331047058
C:\Users\navee\Desktop\Projects\MediaDna\OpenAVFF\FakeAVCeleb_v1.2\FakeAVCeleb_v1.2\FakeVideo-RealAudio/Caucasian (European)/women/id00188\00020_id03649_389qfFqUddI.mp4,1,FVRA,0.5198753476142883
C:\Users\navee\Desktop\Projects\MediaDna\OpenAVFF\FakeAVCeleb_v1.2\FakeAVCeleb_v1.2\FakeVideo-RealAudio/Caucasian (European)/women/id00232\00025_id00068_A7uFnQw--bY.mp4,1,FVRA,0.5173039436340332
C:\Users\navee\Desktop\Projects\MediaDna\OpenAVFF\FakeAVCeleb_v1.2\FakeAVCeleb_v1.2\FakeVideo-RealAudio/Caucasian (European)/women/id00232\00025_id00287_2NpfYjyMsPM.mp4,1,FVRA,0.5211329460144043
C:\Users\navee\Desktop\Projects\MediaDna\OpenAVFF\FakeAVCeleb_v1.2\FakeAVCeleb_v1.2\FakeVideo-RealAudio/Caucasian (European)/women/id00232\00025_id00332__zNddcZV1EU.mp4,1,FVRA,0.5134915113449097
C:\Users\navee\Desktop\Projects\MediaDna\OpenAVFF\FakeAVCeleb_v1.2\FakeAVCeleb_v1.2\FakeVideo-RealAudio/Caucasian (European)/women/id00232\00025_id00365_XV-imLNJvfk.mp4,1,FVRA,0.5090793371200562
C:\Users\navee\Desktop\Projects\MediaDna\OpenAVFF\FakeAVCeleb_v1.2\FakeAVCeleb_v1.2\FakeVideo-RealAudio/Caucasian (European)/women/id00232\00025_id00484_u7YTz8eFZv0.mp4,1,FVRA,0.5160221457481384
C:\Users\navee\Desktop\Projects\MediaDna\OpenAVFF\FakeAVCeleb_v1.2\FakeAVCeleb_v1.2\FakeVideo-RealAudio/Caucasian (European)/women/id00232\00025_id00495_E46aiMUC4A0.mp4,1,FVRA,0.5156375169754028
C:\Users\navee\Desktop\Projects\MediaDna\OpenAVFF\FakeAVCeleb_v1.2\FakeAVCeleb_v1.2\FakeVideo-RealAudio/Caucasian (European)/women/id00232\00025_id00897_0ayFw8JhoyI.mp4,1,FVRA,0.5133316516876221
C:\Users\navee\Desktop\Projects\MediaDna\OpenAVFF\FakeAVCeleb_v1.2\FakeAVCeleb_v1.2\FakeVideo-RealAudio/Caucasian (European)/women/id00232\00025_id01018_VNPt_GB5QiE.mp4,1,FVRA,0.5186137557029724
C:\Users\navee\Desktop\Projects\MediaDna\OpenAVFF\FakeAVCeleb_v1.2\FakeAVCeleb_v1.2\FakeVideo-RealAudio/Caucasian (European)/women/id00232\00025_id03844_AEAEN1Lns2c.mp4,1,FVRA,0.5201634764671326
C:\Users\navee\Desktop\Projects\MediaDna\OpenAVFF\FakeAVCeleb_v1.2\FakeAVCeleb_v1.2\FakeVideo-RealAudio/Caucasian (European)/women/id00232\00025_id03858_uKVqPfRf-ac.mp4,1,FVRA,0.5139657258987427
C:\Users\navee\Desktop\Projects\MediaDna\OpenAVFF\FakeAVCeleb_v1.2\FakeAVCeleb_v1.2\FakeVideo-RealAudio/Caucasian (European)/women/id00234\00063_id00188_e-vm5FB3idA.mp4,1,FVRA,0.5457309484481812
C:\Users\navee\Desktop\Projects\MediaDna\OpenAVFF\FakeAVCeleb_v1.2\FakeAVCeleb_v1.2\FakeVideo-RealAudio/Caucasian (European)/women/id00234\00063_id00271_je6JSLqEEcw.mp4,1,FVRA,0.5355251431465149
C:\Users\navee\Desktop\Projects\MediaDna\OpenAVFF\FakeAVCeleb_v1.2\FakeAVCeleb_v1.2\FakeVideo-RealAudio/Caucasian (European)/women/id00234\00063_id00330_zCFFgGSIZ_s.mp4,1,FVRA,0.5325464606285095
C:\Users\navee\Desktop\Projects\MediaDna\OpenAVFF\FakeAVCeleb_v1.2\FakeAVCeleb_v1.2\FakeVideo-RealAudio/Caucasian (European)/women/id00234\00063_id00332__zNddcZV1EU.mp4,1,FVRA,0.5420845746994019
C:\Users\navee\Desktop\Projects\MediaDna\OpenAVFF\FakeAVCeleb_v1.2\FakeAVCeleb_v1.2\FakeVideo-RealAudio/Caucasian (European)/women/id00234\00063_id00403_n4LSCxzFr6o.mp4,1,FVRA,0.5398017764091492
C:\Users\navee\Desktop\Projects\MediaDna\OpenAVFF\FakeAVCeleb_v1.2\FakeAVCeleb_v1.2\FakeVideo-RealAudio/Caucasian (European)/women/id00234\00063_id00434_HPXkk-HGXVI.mp4,1,FVRA,0.5448461174964905
C:\Users\navee\Desktop\Projects\MediaDna\OpenAVFF\FakeAVCeleb_v1.2\FakeAVCeleb_v1.2\FakeVideo-RealAudio/Caucasian (European)/women/id00234\00063_id00491_ShjiTWoOtM4.mp4,1,FVRA,0.5322182774543762
C:\Users\navee\Desktop\Projects\MediaDna\OpenAVFF\FakeAVCeleb_v1.2\FakeAVCeleb_v1.2\FakeVideo-RealAudio/Caucasian (European)/women/id00234\00063_id00897_0ayFw8JhoyI.mp4,1,FVRA,0.5436972379684448
C:\Users\navee\Desktop\Projects\MediaDna\OpenAVFF\FakeAVCeleb_v1.2\FakeAVCeleb_v1.2\FakeVideo-RealAudio/Caucasian (European)/women/id00234\00063_id01002_eQTviHjyISo.mp4,1,FVRA,0.5302892923355103
C:\Users\navee\Desktop\Projects\MediaDna\OpenAVFF\FakeAVCeleb_v1.2\FakeAVCeleb_v1.2\FakeVideo-RealAudio/Caucasian (European)/women/id00234\00063_id03371_truKMXt8Dak.mp4,1,FVRA,0.5424643754959106
C:\Users\navee\Desktop\Projects\MediaDna\OpenAVFF\FakeAVCeleb_v1.2\FakeAVCeleb_v1.2\FakeVideo-RealAudio/Caucasian (European)/women/id00262\00028_id00071_JU1cVINUTZA.mp4,1,FVRA,0.5408906936645508
C:\Users\navee\Desktop\Projects\MediaDna\OpenAVFF\FakeAVCeleb_v1.2\FakeAVCeleb_v1.2\FakeVideo-RealAudio/Caucasian (European)/women/id00262\00028_id00270_hoEQ70-sDME.mp4,1,FVRA,0.5303163528442383
C:\Users\navee\Desktop\Projects\MediaDna\OpenAVFF\FakeAVCeleb_v1.2\FakeAVCeleb_v1.2\FakeVideo-RealAudio/Caucasian (European)/women/id00262\00028_id00287_2NpfYjyMsPM.mp4,1,FVRA,0.5432475209236145
C:\Users\navee\Desktop\Projects\MediaDna\OpenAVFF\FakeAVCeleb_v1.2\FakeAVCeleb_v1.2\FakeVideo-RealAudio/Caucasian (European)/women/id00262\00028_id00395_wM5kGJfTtEM.mp4,1,FVRA,0.5395587086677551
C:\Users\navee\Desktop\Projects\MediaDna\OpenAVFF\FakeAVCeleb_v1.2\FakeAVCeleb_v1.2\FakeVideo-RealAudio/Caucasian (European)/women/id00262\00028_id00495_E46aiMUC4A0.mp4,1,FVRA,0.5466457605361938
C:\Users\navee\Desktop\Projects\MediaDna\OpenAVFF\FakeAVCeleb_v1.2\FakeAVCeleb_v1.2\FakeVideo-RealAudio/Caucasian (European)/women/id00262\00028_id00496_SImaDcXQnh8.mp4,1,FVRA,0.5385536551475525
C:\Users\navee\Desktop\Projects\MediaDna\OpenAVFF\FakeAVCeleb_v1.2\FakeAVCeleb_v1.2\FakeVideo-RealAudio/Caucasian (European)/women/id00262\00028_id00633_UXrTMta1EDM.mp4,1,FVRA,0.5341136455535889
C:\Users\navee\Desktop\Projects\MediaDna\OpenAVFF\FakeAVCeleb_v1.2\FakeAVCeleb_v1.2\FakeVideo-RealAudio/Caucasian (European)/women/id00262\00028_id00813_dKs9CWJIkSI.mp4,1,FVRA,0.5388399362564087
C:\Users\navee\Desktop\Projects\MediaDna\OpenAVFF\FakeAVCeleb_v1.2\FakeAVCeleb_v1.2\FakeVideo-RealAudio/Caucasian (European)/women/id00262\00028_id03816_XXD0yTNei50.mp4,1,FVRA,0.5340650081634521
C:\Users\navee\Desktop\Projects\MediaDna\OpenAVFF\FakeAVCeleb_v1.2\FakeAVCeleb_v1.2\FakeVideo-RealAudio/Caucasian (European)/women/id00262\00028_id03941_SsYtP8Ze88Q.mp4,1,FVRA,0.547616720199585
C:\Users\navee\Desktop\Projects\MediaDna\OpenAVFF\FakeAVCeleb_v1.2\FakeAVCeleb_v1.2\FakeVideo-RealAudio/Caucasian (European)/women/id00270\00088_id00188_e-vm5FB3idA.mp4,1,FVRA,0.5157250761985779
C:\Users\navee\Desktop\Projects\MediaDna\OpenAVFF\FakeAVCeleb_v1.2\FakeAVCeleb_v1.2\FakeVideo-RealAudio/Caucasian (European)/women/id00270\00088_id00262_3p7sRWAAh1Q.mp4,1,FVRA,0.5140573978424072
C:\Users\navee\Desktop\Projects\MediaDna\OpenAVFF\FakeAVCeleb_v1.2\FakeAVCeleb_v1.2\FakeVideo-RealAudio/Caucasian (European)/women/id00270\00088_id00287_2NpfYjyMsPM.mp4,1,FVRA,0.5125460624694824
C:\Users\navee\Desktop\Projects\MediaDna\OpenAVFF\FakeAVCeleb_v1.2\FakeAVCeleb_v1.2\FakeVideo-RealAudio/Caucasian (European)/women/id00270\00088_id00332__zNddcZV1EU.mp4,1,FVRA,0.5112610459327698
C:\Users\navee\Desktop\Projects\MediaDna\OpenAVFF\FakeAVCeleb_v1.2\FakeAVCeleb_v1.2\FakeVideo-RealAudio/Caucasian (European)/women/id00270\00088_id00379_fgkgYHCuk4g.mp4,1,FVRA,0.5144826769828796
C:\Users\navee\Desktop\Projects\MediaDna\OpenAVFF\FakeAVCeleb_v1.2\FakeAVCeleb_v1.2\FakeVideo-RealAudio/Caucasian (European)/women/id00270\00088_id00395_wM5kGJfTtEM.mp4,1,FVRA,0.5109259486198425
C:\Users\navee\Desktop\Projects\MediaDna\OpenAVFF\FakeAVCeleb_v1.2\FakeAVCeleb_v1.2\FakeVideo-RealAudio/Caucasian (European)/women/id00270\00088_id00569_gSynmpwioV4.mp4,1,FVRA,0.5128170847892761
C:\Users\navee\Desktop\Projects\MediaDna\OpenAVFF\FakeAVCeleb_v1.2\FakeAVCeleb_v1.2\FakeVideo-RealAudio/Caucasian (European)/women/id00270\00088_id00591_1Jo8xElXQMs.mp4,1,FVRA,0.5069770216941833
C:\Users\navee\Desktop\Projects\MediaDna\OpenAVFF\FakeAVCeleb_v1.2\FakeAVCeleb_v1.2\FakeVideo-RealAudio/Caucasian (European)/women/id00270\00088_id00633_UXrTMta1EDM.mp4,1,FVRA,0.5121630430221558
C:\Users\navee\Desktop\Projects\MediaDna\OpenAVFF\FakeAVCeleb_v1.2\FakeAVCeleb_v1.2\FakeVideo-RealAudio/Caucasian (European)/women/id00270\00088_id03858_uKVqPfRf-ac.mp4,1,FVRA,0.5145596861839294
C:\Users\navee\Desktop\Projects\MediaDna\OpenAVFF\FakeAVCeleb_v1.2\FakeAVCeleb_v1.2\FakeVideo-RealAudio/Caucasian (European)/women/id00271\00028_id00287_2NpfYjyMsPM.mp4,1,FVRA,0.5082544684410095
C:\Users\navee\Desktop\Projects\MediaDna\OpenAVFF\FakeAVCeleb_v1.2\FakeAVCeleb_v1.2\FakeVideo-RealAudio/Caucasian (European)/women/id00271\00028_id00330_zCFFgGSIZ_s.mp4,1,FVRA,0.5041068196296692
C:\Users\navee\Desktop\Projects\MediaDna\OpenAVFF\FakeAVCeleb_v1.2\FakeAVCeleb_v1.2\FakeVideo-RealAudio/Caucasian (European)/women/id00271\00028_id00365_XV-imLNJvfk.mp4,1,FVRA,0.507839024066925
C:\Users\navee\Desktop\Projects\MediaDna\OpenAVFF\FakeAVCeleb_v1.2\FakeAVCeleb_v1.2\FakeVideo-RealAudio/Caucasian (European)/women/id00271\00028_id00395_wM5kGJfTtEM.mp4,1,FVRA,0.5094509124755859
C:\Users\navee\Desktop\Projects\MediaDna\OpenAVFF\FakeAVCeleb_v1.2\FakeAVCeleb_v1.2\FakeVideo-RealAudio/Caucasian (European)/women/id00271\00028_id00484_u7YTz8eFZv0.mp4,1,FVRA,0.5102354884147644
C:\Users\navee\Desktop\Projects\MediaDna\OpenAVFF\FakeAVCeleb_v1.2\FakeAVCeleb_v1.2\FakeVideo-RealAudio/Caucasian (European)/women/id00271\00028_id00495_E46aiMUC4A0.mp4,1,FVRA,0.5100611448287964
C:\Users\navee\Desktop\Projects\MediaDna\OpenAVFF\FakeAVCeleb_v1.2\FakeAVCeleb_v1.2\FakeVideo-RealAudio/Caucasian (European)/women/id00271\00028_id00633_UXrTMta1EDM.mp4,1,FVRA,0.507832944393158
C:\Users\navee\Desktop\Projects\MediaDna\OpenAVFF\FakeAVCeleb_v1.2\FakeAVCeleb_v1.2\FakeVideo-RealAudio/Caucasian (European)/women/id00271\00028_id00634_z5t9oJizDQg.mp4,1,FVRA,0.5080998539924622
C:\Users\navee\Desktop\Projects\MediaDna\OpenAVFF\FakeAVCeleb_v1.2\FakeAVCeleb_v1.2\FakeVideo-RealAudio/Caucasian (European)/women/id00271\00028_id00826_MYagwzy91Yk.mp4,1,FVRA,0.5089523196220398
C:\Users\navee\Desktop\Projects\MediaDna\OpenAVFF\FakeAVCeleb_v1.2\FakeAVCeleb_v1.2\FakeVideo-RealAudio/Caucasian (European)/women/id00271\00028_id03844_AEAEN1Lns2c.mp4,1,FVRA,0.5101436376571655
C:\Users\navee\Desktop\Projects\MediaDna\OpenAVFF\FakeAVCeleb_v1.2\FakeAVCeleb_v1.2\FakeVideo-RealAudio/Caucasian (European)/women/id00287\00005_id00262_3p7sRWAAh1Q.mp4,1,FVRA,0.5196981430053711
C:\Users\navee\Desktop\Projects\MediaDna\OpenAVFF\FakeAVCeleb_v1.2\FakeAVCeleb_v1.2\FakeVideo-RealAudio/Caucasian (European)/women/id00287\00005_id00270_hoEQ70-sDME.mp4,1,FVRA,0.5148796439170837
C:\Users\navee\Desktop\Projects\MediaDna\OpenAVFF\FakeAVCeleb_v1.2\FakeAVCeleb_v1.2\FakeVideo-RealAudio/Caucasian (European)/women/id00287\00005_id00271_je6JSLqEEcw.mp4,1,FVRA,0.51731938123703
C:\Users\navee\Desktop\Projects\MediaDna\OpenAVFF\FakeAVCeleb_v1.2\FakeAVCeleb_v1.2\FakeVideo-RealAudio/Caucasian (European)/women/id00287\00005_id00325_4vJtbNe0L98.mp4,1,FVRA,0.5235423445701599
C:\Users\navee\Desktop\Projects\MediaDna\OpenAVFF\FakeAVCeleb_v1.2\FakeAVCeleb_v1.2\FakeVideo-RealAudio/Caucasian (European)/women/id00287\00005_id00379_fgkgYHCuk4g.mp4,1,FVRA,0.5110506415367126
C:\Users\navee\Desktop\Projects\MediaDna\OpenAVFF\FakeAVCeleb_v1.2\FakeAVCeleb_v1.2\FakeVideo-RealAudio/Caucasian (European)/women/id00287\00005_id00403_n4LSCxzFr6o.mp4,1,FVRA,0.5192957520484924
C:\Users\navee\Desktop\Projects\MediaDna\OpenAVFF\FakeAVCeleb_v1.2\FakeAVCeleb_v1.2\FakeVideo-RealAudio/Caucasian (European)/women/id00287\00005_id00496_SImaDcXQnh8.mp4,1,FVRA,0.5201609134674072
C:\Users\navee\Desktop\Projects\MediaDna\OpenAVFF\FakeAVCeleb_v1.2\FakeAVCeleb_v1.2\FakeVideo-RealAudio/Caucasian (European)/women/id00287\00005_id01002_eQTviHjyISo.mp4,1,FVRA,0.5115028619766235
C:\Users\navee\Desktop\Projects\MediaDna\OpenAVFF\FakeAVCeleb_v1.2\FakeAVCeleb_v1.2\FakeVideo-RealAudio/Caucasian (European)/women/id00287\00005_id03589_9NxOQlwpMys.mp4,1,FVRA,0.5223628282546997
C:\Users\navee\Desktop\Projects\MediaDna\OpenAVFF\FakeAVCeleb_v1.2\FakeAVCeleb_v1.2\FakeVideo-RealAudio/Caucasian (European)/women/id00287\00005_id03620_YkXM5A8w07E.mp4,1,FVRA,0.5127490758895874
C:\Users\navee\Desktop\Projects\MediaDna\OpenAVFF\FakeAVCeleb_v1.2\FakeAVCeleb_v1.2\FakeVideo-RealAudio/Caucasian (European)/women/id00325\00015_id00042_4yuJSkaZwn0.mp4,1,FVRA,0.5434839725494385
C:\Users\navee\Desktop\Projects\MediaDna\OpenAVFF\FakeAVCeleb_v1.2\FakeAVCeleb_v1.2\FakeVideo-RealAudio/Caucasian (European)/women/id00325\00015_id00287_2NpfYjyMsPM.mp4,1,FVRA,0.5472815036773682
C:\Users\navee\Desktop\Projects\MediaDna\OpenAVFF\FakeAVCeleb_v1.2\FakeAVCeleb_v1.2\FakeVideo-RealAudio/Caucasian (European)/women/id00325\00015_id00365_XV-imLNJvfk.mp4,1,FVRA,0.542622447013855
C:\Users\navee\Desktop\Projects\MediaDna\OpenAVFF\FakeAVCeleb_v1.2\FakeAVCeleb_v1.2\FakeVideo-RealAudio/Caucasian (European)/women/id00325\00015_id00591_1Jo8xElXQMs.mp4,1,FVRA,0.5404974222183228
C:\Users\navee\Desktop\Projects\MediaDna\OpenAVFF\FakeAVCeleb_v1.2\FakeAVCeleb_v1.2\FakeVideo-RealAudio/Caucasian (European)/women/id00325\00015_id00633_UXrTMta1EDM.mp4,1,FVRA,0.539598286151886
C:\Users\navee\Desktop\Projects\MediaDna\OpenAVFF\FakeAVCeleb_v1.2\FakeAVCeleb_v1.2\FakeVideo-RealAudio/Caucasian (European)/women/id00325\00015_id00897_0ayFw8JhoyI.mp4,1,FVRA,0.5428703427314758
C:\Users\navee\Desktop\Projects\MediaDna\OpenAVFF\FakeAVCeleb_v1.2\FakeAVCeleb_v1.2\FakeVideo-RealAudio/Caucasian (European)/women/id00325\00015_id01002_eQTviHjyISo.mp4,1,FVRA,0.5372000932693481
C:\Users\navee\Desktop\Projects\MediaDna\OpenAVFF\FakeAVCeleb_v1.2\FakeAVCeleb_v1.2\FakeVideo-RealAudio/Caucasian (European)/women/id00325\00015_id03620_YkXM5A8w07E.mp4,1,FVRA,0.5368145704269409
C:\Users\navee\Desktop\Projects\MediaDna\OpenAVFF\FakeAVCeleb_v1.2\FakeAVCeleb_v1.2\FakeVideo-RealAudio/Caucasian (European)/women/id00325\00015_id03649_389qfFqUddI.mp4,1,FVRA,0.5457580089569092
C:\Users\navee\Desktop\Projects\MediaDna\OpenAVFF\FakeAVCeleb_v1.2\FakeAVCeleb_v1.2\FakeVideo-RealAudio/Caucasian (European)/women/id00325\00015_id03651_EjcoRkL6loI.mp4,1,FVRA,0.5475215315818787
C:\Users\navee\Desktop\Projects\MediaDna\OpenAVFF\FakeAVCeleb_v1.2\FakeAVCeleb_v1.2\FakeVideo-RealAudio/Caucasian (European)/women/id00328\00092_id00188_e-vm5FB3idA.mp4,1,FVRA,0.5418776869773865
C:\Users\navee\Desktop\Projects\MediaDna\OpenAVFF\FakeAVCeleb_v1.2\FakeAVCeleb_v1.2\FakeVideo-RealAudio/Caucasian (European)/women/id00328\00092_id00232_kL0cCveU1zg.mp4,1,FVRA,0.5410623550415039
C:\Users\navee\Desktop\Projects\MediaDna\OpenAVFF\FakeAVCeleb_v1.2\FakeAVCeleb_v1.2\FakeVideo-RealAudio/Caucasian (European)/women/id00328\00092_id00373_5NXv3Dxkd6E.mp4,1,FVRA,0.5387606024742126
C:\Users\navee\Desktop\Projects\MediaDna\OpenAVFF\FakeAVCeleb_v1.2\FakeAVCeleb_v1.2\FakeVideo-RealAudio/Caucasian (European)/women/id00328\00092_id00403_n4LSCxzFr6o.mp4,1,FVRA,0.539632260799408
C:\Users\navee\Desktop\Projects\MediaDna\OpenAVFF\FakeAVCeleb_v1.2\FakeAVCeleb_v1.2\FakeVideo-RealAudio/Caucasian (European)/women/id00328\00092_id00484_u7YTz8eFZv0.mp4,1,FVRA,0.5404698848724365
C:\Users\navee\Desktop\Projects\MediaDna\OpenAVFF\FakeAVCeleb_v1.2\FakeAVCeleb_v1.2\FakeVideo-RealAudio/Caucasian (European)/women/id00328\00092_id00495_E46aiMUC4A0.mp4,1,FVRA,0.5401663780212402
C:\Users\navee\Desktop\Projects\MediaDna\OpenAVFF\FakeAVCeleb_v1.2\FakeAVCeleb_v1.2\FakeVideo-RealAudio/Caucasian (European)/women/id00328\00092_id03371_truKMXt8Dak.mp4,1,FVRA,0.5404793620109558
C:\Users\navee\Desktop\Projects\MediaDna\OpenAVFF\FakeAVCeleb_v1.2\FakeAVCeleb_v1.2\FakeVideo-RealAudio/Caucasian (European)/women/id00328\00092_id03620_YkXM5A8w07E.mp4,1,FVRA,0.5396169424057007
C:\Users\navee\Desktop\Projects\MediaDna\OpenAVFF\FakeAVCeleb_v1.2\FakeAVCeleb_v1.2\FakeVideo-RealAudio/Caucasian (European)/women/id00328\00092_id03844_AEAEN1Lns2c.mp4,1,FVRA,0.5388811230659485
C:\Users\navee\Desktop\Projects\MediaDna\OpenAVFF\FakeAVCeleb_v1.2\FakeAVCeleb_v1.2\FakeVideo-RealAudio/Caucasian (European)/women/id00328\00092_id03858_uKVqPfRf-ac.mp4,1,FVRA,0.541965663433075
C:\Users\navee\Desktop\Projects\MediaDna\OpenAVFF\FakeAVCeleb_v1.2\FakeAVCeleb_v1.2\FakeVideo-RealAudio/Caucasian (European)/women/id00330\00118_id00332__zNddcZV1EU.mp4,1,FVRA,0.5201798677444458
C:\Users\navee\Desktop\Projects\MediaDna\OpenAVFF\FakeAVCeleb_v1.2\FakeAVCeleb_v1.2\FakeVideo-RealAudio/Caucasian (European)/women/id00330\00118_id00365_XV-imLNJvfk.mp4,1,FVRA,0.5166944861412048
C:\Users\navee\Desktop\Projects\MediaDna\OpenAVFF\FakeAVCeleb_v1.2\FakeAVCeleb_v1.2\FakeVideo-RealAudio/Caucasian (European)/women/id00330\00118_id00374_w1qI7y9AGTc.mp4,1,FVRA,0.5205901265144348
C:\Users\navee\Desktop\Projects\MediaDna\OpenAVFF\FakeAVCeleb_v1.2\FakeAVCeleb_v1.2\FakeVideo-RealAudio/Caucasian (European)/women/id00330\00118_id00434_HPXkk-HGXVI.mp4,1,FVRA,0.5247988104820251
C:\Users\navee\Desktop\Projects\MediaDna\OpenAVFF\FakeAVCeleb_v1.2\FakeAVCeleb_v1.2\FakeVideo-RealAudio/Caucasian (European)/women/id00330\00118_id00491_ShjiTWoOtM4.mp4,1,FVRA,0.5167507529258728
C:\Users\navee\Desktop\Projects\MediaDna\OpenAVFF\FakeAVCeleb_v1.2\FakeAVCeleb_v1.2\FakeVideo-RealAudio/Caucasian (European)/women/id00330\00118_id00581_7AxvP19LGKg.mp4,1,FVRA,0.5215307474136353
C:\Users\navee\Desktop\Projects\MediaDna\OpenAVFF\FakeAVCeleb_v1.2\FakeAVCeleb_v1.2\FakeVideo-RealAudio/Caucasian (European)/women/id00330\00118_id00823_KgExwCvgrUk.mp4,1,FVRA,0.5144047141075134
C:\Users\navee\Desktop\Projects\MediaDna\OpenAVFF\FakeAVCeleb_v1.2\FakeAVCeleb_v1.2\FakeVideo-RealAudio/Caucasian (European)/women/id00330\00118_id00897_0ayFw8JhoyI.mp4,1,FVRA,0.5219640731811523
C:\Users\navee\Desktop\Projects\MediaDna\OpenAVFF\FakeAVCeleb_v1.2\FakeAVCeleb_v1.2\FakeVideo-RealAudio/Caucasian (European)/women/id00330\00118_id03371_truKMXt8Dak.mp4,1,FVRA,0.5234469175338745
C:\Users\navee\Desktop\Projects\MediaDna\OpenAVFF\FakeAVCeleb_v1.2\FakeAVCeleb_v1.2\FakeVideo-RealAudio/Caucasian (European)/women/id00330\00118_id03844_AEAEN1Lns2c.mp4,1,FVRA,0.5244660377502441
C:\Users\navee\Desktop\Projects\MediaDna\OpenAVFF\FakeAVCeleb_v1.2\FakeAVCeleb_v1.2\FakeVideo-RealAudio/Caucasian (European)/women/id00332\00293_id00234_M3g5KRLJB60.mp4,1,FVRA,0.5323797464370728
C:\Users\navee\Desktop\Projects\MediaDna\OpenAVFF\FakeAVCeleb_v1.2\FakeAVCeleb_v1.2\FakeVideo-RealAudio/Caucasian (European)/women/id00332\00293_id00270_hoEQ70-sDME.mp4,1,FVRA,0.521409809589386
C:\Users\navee\Desktop\Projects\MediaDna\OpenAVFF\FakeAVCeleb_v1.2\FakeAVCeleb_v1.2\FakeVideo-RealAudio/Caucasian (European)/women/id00332\00293_id00330_zCFFgGSIZ_s.mp4,1,FVRA,0.5201693773269653
C:\Users\navee\Desktop\Projects\MediaDna\OpenAVFF\FakeAVCeleb_v1.2\FakeAVCeleb_v1.2\FakeVideo-RealAudio/Caucasian (European)/women/id00332\00293_id00434_HPXkk-HGXVI.mp4,1,FVRA,0.5287848114967346
C:\Users\navee\Desktop\Projects\MediaDna\OpenAVFF\FakeAVCeleb_v1.2\FakeAVCeleb_v1.2\FakeVideo-RealAudio/Caucasian (European)/women/id00332\00293_id00591_1Jo8xElXQMs.mp4,1,FVRA,0.5264758467674255
C:\Users\navee\Desktop\Projects\MediaDna\OpenAVFF\FakeAVCeleb_v1.2\FakeAVCeleb_v1.2\FakeVideo-RealAudio/Caucasian (European)/women/id00332\00293_id00633_UXrTMta1EDM.mp4,1,FVRA,0.5295526385307312
C:\Users\navee\Desktop\Projects\MediaDna\OpenAVFF\FakeAVCeleb_v1.2\FakeAVCeleb_v1.2\FakeVideo-RealAudio/Caucasian (European)/women/id00332\00293_id00897_0ayFw8JhoyI.mp4,1,FVRA,0.5251284837722778
C:\Users\navee\Desktop\Projects\MediaDna\OpenAVFF\FakeAVCeleb_v1.2\FakeAVCeleb_v1.2\FakeVideo-RealAudio/Caucasian (European)/women/id00332\00293_id03858_uKVqPfRf-ac.mp4,1,FVRA,0.5352675318717957
C:\Users\navee\Desktop\Projects\MediaDna\OpenAVFF\FakeAVCeleb_v1.2\FakeAVCeleb_v1.2\FakeVideo-RealAudio/Caucasian (European)/women/id00365\00078_id00068_A7uFnQw--bY.mp4,1,FVRA,0.5470589995384216
C:\Users\navee\Desktop\Projects\MediaDna\OpenAVFF\FakeAVCeleb_v1.2\FakeAVCeleb_v1.2\FakeVideo-RealAudio/Caucasian (European)/women/id00365\00078_id00232_kL0cCveU1zg.mp4,1,FVRA,0.5454288125038147
C:\Users\navee\Desktop\Projects\MediaDna\OpenAVFF\FakeAVCeleb_v1.2\FakeAVCeleb_v1.2\FakeVideo-RealAudio/Caucasian (European)/women/id00365\00078_id00287_2NpfYjyMsPM.mp4,1,FVRA,0.5474091172218323
C:\Users\navee\Desktop\Projects\MediaDna\OpenAVFF\FakeAVCeleb_v1.2\FakeAVCeleb_v1.2\FakeVideo-RealAudio/Caucasian (European)/women/id00365\00078_id00484_u7YTz8eFZv0.mp4,1,FVRA,0.5457177758216858
C:\Users\navee\Desktop\Projects\MediaDna\OpenAVFF\FakeAVCeleb_v1.2\FakeAVCeleb_v1.2\FakeVideo-RealAudio/Caucasian (European)/women/id00365\00078_id00495_E46aiMUC4A0.mp4,1,FVRA,0.5459252595901489
C:\Users\navee\Desktop\Projects\MediaDna\OpenAVFF\FakeAVCeleb_v1.2\FakeAVCeleb_v1.2\FakeVideo-RealAudio/Caucasian (European)/women/id00365\00078_id00813_dKs9CWJIkSI.mp4,1,FVRA,0.548147439956665
C:\Users\navee\Desktop\Projects\MediaDna\OpenAVFF\FakeAVCeleb_v1.2\FakeAVCeleb_v1.2\FakeVideo-RealAudio/Caucasian (European)/women/id00365\00078_id03858_uKVqPfRf-ac.mp4,1,FVRA,0.5479010343551636
C:\Users\navee\Desktop\Projects\MediaDna\OpenAVFF\FakeAVCeleb_v1.2\FakeAVCeleb_v1.2\FakeVideo-RealAudio/Caucasian (European)/women/id00373\00028_id00188_e-vm5FB3idA.mp4,1,FVRA,0.5778251886367798
C:\Users\navee\Desktop\Projects\MediaDna\OpenAVFF\FakeAVCeleb_v1.2\FakeAVCeleb_v1.2\FakeVideo-RealAudio/Caucasian (European)/women/id00373\00028_id00328_ytKnCbJSEcU.mp4,1,FVRA,0.5782777667045593
C:\Users\navee\Desktop\Projects\MediaDna\OpenAVFF\FakeAVCeleb_v1.2\FakeAVCeleb_v1.2\FakeVideo-RealAudio/Caucasian (European)/women/id00373\00028_id00330_zCFFgGSIZ_s.mp4,1,FVRA,0.568143904209137
C:\Users\navee\Desktop\Projects\MediaDna\OpenAVFF\FakeAVCeleb_v1.2\FakeAVCeleb_v1.2\FakeVideo-RealAudio/Caucasian (European)/women/id00373\00028_id00374_w1qI7y9AGTc.mp4,1,FVRA,0.5747071504592896
C:\Users\navee\Desktop\Projects\MediaDna\OpenAVFF\FakeAVCeleb_v1.2\FakeAVCeleb_v1.2\FakeVideo-RealAudio/Caucasian (European)/women/id00373\00028_id00484_u7YTz8eFZv0.mp4,1,FVRA,0.5751185417175293
C:\Users\navee\Desktop\Projects\MediaDna\OpenAVFF\FakeAVCeleb_v1.2\FakeAVCeleb_v1.2\FakeVideo-RealAudio/Caucasian (European)/women/id00373\00028_id00495_E46aiMUC4A0.mp4,1,FVRA,0.5779480934143066
C:\Users\navee\Desktop\Projects\MediaDna\OpenAVFF\FakeAVCeleb_v1.2\FakeAVCeleb_v1.2\FakeVideo-RealAudio/Caucasian (European)/women/id00373\00028_id00569_gSynmpwioV4.mp4,1,FVRA,0.576501190662384
C:\Users\navee\Desktop\Projects\MediaDna\OpenAVFF\FakeAVCeleb_v1.2\FakeAVCeleb_v1.2\FakeVideo-RealAudio/Caucasian (European)/women/id00373\00028_id00589_uOzKwYEVR6s.mp4,1,FVRA,0.5678709745407104
C:\Users\navee\Desktop\Projects\MediaDna\OpenAVFF\FakeAVCeleb_v1.2\FakeAVCeleb_v1.2\FakeVideo-RealAudio/Caucasian (European)/women/id00373\00028_id00823_KgExwCvgrUk.mp4,1,FVRA,0.5682674050331116
C:\Users\navee\Desktop\Projects\MediaDna\OpenAVFF\FakeAVCeleb_v1.2\FakeAVCeleb_v1.2\FakeVideo-RealAudio/Caucasian (European)/women/id00373\00028_id00897_0ayFw8JhoyI.mp4,1,FVRA,0.5710570216178894
C:\Users\navee\Desktop\Projects\MediaDna\OpenAVFF\FakeAVCeleb_v1.2\FakeAVCeleb_v1.2\FakeVideo-RealAudio/Caucasian (European)/women/id00374\00311_id00188_e-vm5FB3idA.mp4,1,FVRA,0.5861449241638184
C:\Users\navee\Desktop\Projects\MediaDna\OpenAVFF\FakeAVCeleb_v1.2\FakeAVCeleb_v1.2\FakeVideo-RealAudio/Caucasian (European)/women/id00374\00311_id00262_3p7sRWAAh1Q.mp4,1,FVRA,0.5791160464286804
C:\Users\navee\Desktop\Projects\MediaDna\OpenAVFF\FakeAVCeleb_v1.2\FakeAVCeleb_v1.2\FakeVideo-RealAudio/Caucasian (European)/women/id00374\00311_id00330_zCFFgGSIZ_s.mp4,1,FVRA,0.5671735405921936
C:\Users\navee\Desktop\Projects\MediaDna\OpenAVFF\FakeAVCeleb_v1.2\FakeAVCeleb_v1.2\FakeVideo-RealAudio/Caucasian (European)/women/id00374\00311_id00373_5NXv3Dxkd6E.mp4,1,FVRA,0.5802178382873535
C:\Users\navee\Desktop\Projects\MediaDna\OpenAVFF\FakeAVCeleb_v1.2\FakeAVCeleb_v1.2\FakeVideo-RealAudio/Caucasian (European)/women/id00374\00311_id00434_HPXkk-HGXVI.mp4,1,FVRA,0.5878307223320007
C:\Users\navee\Desktop\Projects\MediaDna\OpenAVFF\FakeAVCeleb_v1.2\FakeAVCeleb_v1.2\FakeVideo-RealAudio/Caucasian (European)/women/id00374\00311_id00633_UXrTMta1EDM.mp4,1,FVRA,0.5798063278198242
C:\Users\navee\Desktop\Projects\MediaDna\OpenAVFF\FakeAVCeleb_v1.2\FakeAVCeleb_v1.2\FakeVideo-RealAudio/Caucasian (European)/women/id00374\00311_id00826_MYagwzy91Yk.mp4,1,FVRA,0.5799447894096375
C:\Users\navee\Desktop\Projects\MediaDna\OpenAVFF\FakeAVCeleb_v1.2\FakeAVCeleb_v1.2\FakeVideo-RealAudio/Caucasian (European)/women/id00374\00311_id00897_0ayFw8JhoyI.mp4,1,FVRA,0.5781852602958679
C:\Users\navee\Desktop\Projects\MediaDna\OpenAVFF\FakeAVCeleb_v1.2\FakeAVCeleb_v1.2\FakeVideo-RealAudio/Caucasian (European)/women/id00374\00311_id03620_YkXM5A8w07E.mp4,1,FVRA,0.5687443017959595
C:\Users\navee\Desktop\Projects\MediaDna\OpenAVFF\FakeAVCeleb_v1.2\FakeAVCeleb_v1.2\FakeVideo-RealAudio/Caucasian (European)/women/id00379\00043_id00188_e-vm5FB3idA.mp4,1,FVRA,0.5342662334442139
C:\Users\navee\Desktop\Projects\MediaDna\OpenAVFF\FakeAVCeleb_v1.2\FakeAVCeleb_v1.2\FakeVideo-RealAudio/Caucasian (European)/women/id00379\00043_id00262_3p7sRWAAh1Q.mp4,1,FVRA,0.5382109880447388
C:\Users\navee\Desktop\Projects\MediaDna\OpenAVFF\FakeAVCeleb_v1.2\FakeAVCeleb_v1.2\FakeVideo-RealAudio/Caucasian (European)/women/id00379\00043_id00270_hoEQ70-sDME.mp4,1,FVRA,0.5328525304794312
C:\Users\navee\Desktop\Projects\MediaDna\OpenAVFF\FakeAVCeleb_v1.2\FakeAVCeleb_v1.2\FakeVideo-RealAudio/Caucasian (European)/women/id00379\00043_id00287_2NpfYjyMsPM.mp4,1,FVRA,0.5337823033332825
C:\Users\navee\Desktop\Projects\MediaDna\OpenAVFF\FakeAVCeleb_v1.2\FakeAVCeleb_v1.2\FakeVideo-RealAudio/Caucasian (European)/women/id00379\00043_id00496_SImaDcXQnh8.mp4,1,FVRA,0.5359817743301392
C:\Users\navee\Desktop\Projects\MediaDna\OpenAVFF\FakeAVCeleb_v1.2\FakeAVCeleb_v1.2\FakeVideo-RealAudio/Caucasian (European)/women/id00379\00043_id00633_UXrTMta1EDM.mp4,1,FVRA,0.536300003528595
C:\Users\navee\Desktop\Projects\MediaDna\OpenAVFF\FakeAVCeleb_v1.2\FakeAVCeleb_v1.2\FakeVideo-RealAudio/Caucasian (European)/women/id00379\00043_id00806_0sk9s9lFIAk.mp4,1,FVRA,0.5293462872505188
C:\Users\navee\Desktop\Projects\MediaDna\OpenAVFF\FakeAVCeleb_v1.2\FakeAVCeleb_v1.2\FakeVideo-RealAudio/Caucasian (European)/women/id00379\00043_id00897_0ayFw8JhoyI.mp4,1,FVRA,0.5343731045722961
C:\Users\navee\Desktop\Projects\MediaDna\OpenAVFF\FakeAVCeleb_v1.2\FakeAVCeleb_v1.2\FakeVideo-RealAudio/Caucasian (European)/women/id00379\00043_id03716_s-lxbGafZQA.mp4,1,FVRA,0.5389177799224854
C:\Users\navee\Desktop\Projects\MediaDna\OpenAVFF\FakeAVCeleb_v1.2\FakeAVCeleb_v1.2\FakeVideo-RealAudio/Caucasian (European)/women/id00395\00420_id00068_A7uFnQw--bY.mp4,1,FVRA,0.563067615032196
C:\Users\navee\Desktop\Projects\MediaDna\OpenAVFF\FakeAVCeleb_v1.2\FakeAVCeleb_v1.2\FakeVideo-RealAudio/Caucasian (European)/women/id00395\00420_id00262_3p7sRWAAh1Q.mp4,1,FVRA,0.5597808361053467
C:\Users\navee\Desktop\Projects\MediaDna\OpenAVFF\FakeAVCeleb_v1.2\FakeAVCeleb_v1.2\FakeVideo-RealAudio/Caucasian (European)/women/id00395\00420_id00495_E46aiMUC4A0.mp4,1,FVRA,0.5612179636955261
C:\Users\navee\Desktop\Projects\MediaDna\OpenAVFF\FakeAVCeleb_v1.2\FakeAVCeleb_v1.2\FakeVideo-RealAudio/Caucasian (European)/women/id00395\00420_id00581_7AxvP19LGKg.mp4,1,FVRA,0.5593031048774719
C:\Users\navee\Desktop\Projects\MediaDna\OpenAVFF\FakeAVCeleb_v1.2\FakeAVCeleb_v1.2\FakeVideo-RealAudio/Caucasian (European)/women/id00395\00420_id00634_z5t9oJizDQg.mp4,1,FVRA,0.559465765953064
C:\Users\navee\Desktop\Projects\MediaDna\OpenAVFF\FakeAVCeleb_v1.2\FakeAVCeleb_v1.2\FakeVideo-RealAudio/Caucasian (European)/women/id00395\00420_id00813_dKs9CWJIkSI.mp4,1,FVRA,0.5570647716522217
C:\Users\navee\Desktop\Projects\MediaDna\OpenAVFF\FakeAVCeleb_v1.2\FakeAVCeleb_v1.2\FakeVideo-RealAudio/Caucasian (European)/women/id00395\00420_id00823_KgExwCvgrUk.mp4,1,FVRA,0.5516238212585449
C:\Users\navee\Desktop\Projects\MediaDna\OpenAVFF\FakeAVCeleb_v1.2\FakeAVCeleb_v1.2\FakeVideo-RealAudio/Caucasian (European)/women/id00395\00420_id03716_s-lxbGafZQA.mp4,1,FVRA,0.5564311742782593
C:\Users\navee\Desktop\Projects\MediaDna\OpenAVFF\FakeAVCeleb_v1.2\FakeAVCeleb_v1.2\FakeVideo-RealAudio/Caucasian (European)/women/id00395\00420_id03816_XXD0yTNei50.mp4,1,FVRA,0.5562406778335571
C:\Users\navee\Desktop\Projects\MediaDna\OpenAVFF\FakeAVCeleb_v1.2\FakeAVCeleb_v1.2\FakeVideo-RealAudio/Caucasian (European)/women/id00395\00420_id03858_uKVqPfRf-ac.mp4,1,FVRA,0.5586772561073303
C:\Users\navee\Desktop\Projects\MediaDna\OpenAVFF\FakeAVCeleb_v1.2\FakeAVCeleb_v1.2\FakeVideo-RealAudio/Caucasian (European)/women/id00403\00052_id00071_JU1cVINUTZA.mp4,1,FVRA,0.5145887136459351
C:\Users\navee\Desktop\Projects\MediaDna\OpenAVFF\FakeAVCeleb_v1.2\FakeAVCeleb_v1.2\FakeVideo-RealAudio/Caucasian (European)/women/id00403\00052_id00188_e-vm5FB3idA.mp4,1,FVRA,0.5193385481834412
C:\Users\navee\Desktop\Projects\MediaDna\OpenAVFF\FakeAVCeleb_v1.2\FakeAVCeleb_v1.2\FakeVideo-RealAudio/Caucasian (European)/women/id00403\00052_id00234_M3g5KRLJB60.mp4,1,FVRA,0.5116292238235474
C:\Users\navee\Desktop\Projects\MediaDna\OpenAVFF\FakeAVCeleb_v1.2\FakeAVCeleb_v1.2\FakeVideo-RealAudio/Caucasian (European)/women/id00403\00052_id00271_je6JSLqEEcw.mp4,1,FVRA,0.5124821662902832
C:\Users\navee\Desktop\Projects\MediaDna\OpenAVFF\FakeAVCeleb_v1.2\FakeAVCeleb_v1.2\FakeVideo-RealAudio/Caucasian (European)/women/id00403\00052_id00287_2NpfYjyMsPM.mp4,1,FVRA,0.5158014893531799
C:\Users\navee\Desktop\Projects\MediaDna\OpenAVFF\FakeAVCeleb_v1.2\FakeAVCeleb_v1.2\FakeVideo-RealAudio/Caucasian (European)/women/id00403\00052_id00373_5NXv3Dxkd6E.mp4,1,FVRA,0.5132361054420471
C:\Users\navee\Desktop\Projects\MediaDna\OpenAVFF\FakeAVCeleb_v1.2\FakeAVCeleb_v1.2\FakeVideo-RealAudio/Caucasian (European)/women/id00403\00052_id00374_w1qI7y9AGTc.mp4,1,FVRA,0.5136192440986633
C:\Users\navee\Desktop\Projects\MediaDna\OpenAVFF\FakeAVCeleb_v1.2\FakeAVCeleb_v1.2\FakeVideo-RealAudio/Caucasian (European)/women/id00403\00052_id00484_u7YTz8eFZv0.mp4,1,FVRA,0.5149414539337158
C:\Users\navee\Desktop\Projects\MediaDna\OpenAVFF\FakeAVCeleb_v1.2\FakeAVCeleb_v1.2\FakeVideo-RealAudio/Caucasian (European)/women/id00403\00052_id00897_0ayFw8JhoyI.mp4,1,FVRA,0.5140251517295837
C:\Users\navee\Desktop\Projects\MediaDna\OpenAVFF\FakeAVCeleb_v1.2\FakeAVCeleb_v1.2\FakeVideo-RealAudio/Caucasian (European)/women/id00403\00052_id03649_389qfFqUddI.mp4,1,FVRA,0.5138481855392456
C:\Users\navee\Desktop\Projects\MediaDna\OpenAVFF\FakeAVCeleb_v1.2\FakeAVCeleb_v1.2\FakeVideo-RealAudio/Caucasian (European)/women/id00434\00046_id00068_A7uFnQw--bY.mp4,1,FVRA,0.5118791460990906
C:\Users\navee\Desktop\Projects\MediaDna\OpenAVFF\FakeAVCeleb_v1.2\FakeAVCeleb_v1.2\FakeVideo-RealAudio/Caucasian (European)/women/id00434\00046_id00234_M3g5KRLJB60.mp4,1,FVRA,0.5083244442939758
C:\Users\navee\Desktop\Projects\MediaDna\OpenAVFF\FakeAVCeleb_v1.2\FakeAVCeleb_v1.2\FakeVideo-RealAudio/Caucasian (European)/women/id00434\00046_id00330_zCFFgGSIZ_s.mp4,1,FVRA,0.5037055611610413
C:\Users\navee\Desktop\Projects\MediaDna\OpenAVFF\FakeAVCeleb_v1.2\FakeAVCeleb_v1.2\FakeVideo-RealAudio/Caucasian (European)/women/id00434\00046_id00332__zNddcZV1EU.mp4,1,FVRA,0.5077041983604431
C:\Users\navee\Desktop\Projects\MediaDna\OpenAVFF\FakeAVCeleb_v1.2\FakeAVCeleb_v1.2\FakeVideo-RealAudio/Caucasian (European)/women/id00434\00046_id00374_w1qI7y9AGTc.mp4,1,FVRA,0.5125300288200378
C:\Users\navee\Desktop\Projects\MediaDna\OpenAVFF\FakeAVCeleb_v1.2\FakeAVCeleb_v1.2\FakeVideo-RealAudio/Caucasian (European)/women/id00434\00046_id00569_gSynmpwioV4.mp4,1,FVRA,0.5096980333328247
C:\Users\navee\Desktop\Projects\MediaDna\OpenAVFF\FakeAVCeleb_v1.2\FakeAVCeleb_v1.2\FakeVideo-RealAudio/Caucasian (European)/women/id00434\00046_id00591_1Jo8xElXQMs.mp4,1,FVRA,0.506121814250946
C:\Users\navee\Desktop\Projects\MediaDna\OpenAVFF\FakeAVCeleb_v1.2\FakeAVCeleb_v1.2\FakeVideo-RealAudio/Caucasian (European)/women/id00434\00046_id00633_UXrTMta1EDM.mp4,1,FVRA,0.5072899460792542
C:\Users\navee\Desktop\Projects\MediaDna\OpenAVFF\FakeAVCeleb_v1.2\FakeAVCeleb_v1.2\FakeVideo-RealAudio/Caucasian (European)/women/id00434\00046_id00897_0ayFw8JhoyI.mp4,1,FVRA,0.511285126209259
C:\Users\navee\Desktop\Projects\MediaDna\OpenAVFF\FakeAVCeleb_v1.2\FakeAVCeleb_v1.2\FakeVideo-RealAudio/Caucasian (European)/women/id00434\00046_id03371_truKMXt8Dak.mp4,1,FVRA,0.5130504965782166
C:\Users\navee\Desktop\Projects\MediaDna\OpenAVFF\FakeAVCeleb_v1.2\FakeAVCeleb_v1.2\FakeVideo-RealAudio/Caucasian (European)/women/id00484\00202_id00068_A7uFnQw--bY.mp4,1,FVRA,0.5172637701034546
C:\Users\navee\Desktop\Projects\MediaDna\OpenAVFF\FakeAVCeleb_v1.2\FakeAVCeleb_v1.2\FakeVideo-RealAudio/Caucasian (European)/women/id00484\00202_id00271_je6JSLqEEcw.mp4,1,FVRA,0.5131354331970215
C:\Users\navee\Desktop\Projects\MediaDna\OpenAVFF\FakeAVCeleb_v1.2\FakeAVCeleb_v1.2\FakeVideo-RealAudio/Caucasian (European)/women/id00484\00202_id00328_ytKnCbJSEcU.mp4,1,FVRA,0.5158520340919495
C:\Users\navee\Desktop\Projects\MediaDna\OpenAVFF\FakeAVCeleb_v1.2\FakeAVCeleb_v1.2\FakeVideo-RealAudio/Caucasian (European)/women/id00484\00202_id00373_5NXv3Dxkd6E.mp4,1,FVRA,0.5174915790557861
C:\Users\navee\Desktop\Projects\MediaDna\OpenAVFF\FakeAVCeleb_v1.2\FakeAVCeleb_v1.2\FakeVideo-RealAudio/Caucasian (European)/women/id00484\00202_id00495_E46aiMUC4A0.mp4,1,FVRA,0.5188924670219421
C:\Users\navee\Desktop\Projects\MediaDna\OpenAVFF\FakeAVCeleb_v1.2\FakeAVCeleb_v1.2\FakeVideo-RealAudio/Caucasian (European)/women/id00484\00202_id00569_gSynmpwioV4.mp4,1,FVRA,0.521152913570404
C:\Users\navee\Desktop\Projects\MediaDna\OpenAVFF\FakeAVCeleb_v1.2\FakeAVCeleb_v1.2\FakeVideo-RealAudio/Caucasian (European)/women/id00484\00202_id00581_7AxvP19LGKg.mp4,1,FVRA,0.5188134908676147
C:\Users\navee\Desktop\Projects\MediaDna\OpenAVFF\FakeAVCeleb_v1.2\FakeAVCeleb_v1.2\FakeVideo-RealAudio/Caucasian (European)/women/id00484\00202_id00826_MYagwzy91Yk.mp4,1,FVRA,0.5162831544876099
C:\Users\navee\Desktop\Projects\MediaDna\OpenAVFF\FakeAVCeleb_v1.2\FakeAVCeleb_v1.2\FakeVideo-RealAudio/Caucasian (European)/women/id00484\00202_id03844_AEAEN1Lns2c.mp4,1,FVRA,0.5178238749504089
C:\Users\navee\Desktop\Projects\MediaDna\OpenAVFF\FakeAVCeleb_v1.2\FakeAVCeleb_v1.2\FakeVideo-RealAudio/Caucasian (European)/women/id00484\00202_id03858_uKVqPfRf-ac.mp4,1,FVRA,0.5160257816314697
C:\Users\navee\Desktop\Projects\MediaDna\OpenAVFF\FakeAVCeleb_v1.2\FakeAVCeleb_v1.2\FakeVideo-RealAudio/Caucasian (European)/women/id00491\00122_id00188_e-vm5FB3idA.mp4,1,FVRA,0.5041490197181702
C:\Users\navee\Desktop\Projects\MediaDna\OpenAVFF\FakeAVCeleb_v1.2\FakeAVCeleb_v1.2\FakeVideo-RealAudio/Caucasian (European)/women/id00491\00122_id00234_M3g5KRLJB60.mp4,1,FVRA,0.5043568015098572
C:\Users\navee\Desktop\Projects\MediaDna\OpenAVFF\FakeAVCeleb_v1.2\FakeAVCeleb_v1.2\FakeVideo-RealAudio/Caucasian (European)/women/id00491\00122_id00330_zCFFgGSIZ_s.mp4,1,FVRA,0.5002613663673401
C:\Users\navee\Desktop\Projects\MediaDna\OpenAVFF\FakeAVCeleb_v1.2\FakeAVCeleb_v1.2\FakeVideo-RealAudio/Caucasian (European)/women/id00491\00122_id00569_gSynmpwioV4.mp4,1,FVRA,0.5023248195648193
C:\Users\navee\Desktop\Projects\MediaDna\OpenAVFF\FakeAVCeleb_v1.2\FakeAVCeleb_v1.2\FakeVideo-RealAudio/Caucasian (European)/women/id00491\00122_id00591_1Jo8xElXQMs.mp4,1,FVRA,0.5026323795318604
C:\Users\navee\Desktop\Projects\MediaDna\OpenAVFF\FakeAVCeleb_v1.2\FakeAVCeleb_v1.2\FakeVideo-RealAudio/Caucasian (European)/women/id00491\00122_id00633_UXrTMta1EDM.mp4,1,FVRA,0.5013939738273621
C:\Users\navee\Desktop\Projects\MediaDna\OpenAVFF\FakeAVCeleb_v1.2\FakeAVCeleb_v1.2\FakeVideo-RealAudio/Caucasian (European)/women/id00491\00122_id01002_eQTviHjyISo.mp4,1,FVRA,0.5006539821624756
C:\Users\navee\Desktop\Projects\MediaDna\OpenAVFF\FakeAVCeleb_v1.2\FakeAVCeleb_v1.2\FakeVideo-RealAudio/Caucasian (European)/women/id00491\00122_id01018_VNPt_GB5QiE.mp4,1,FVRA,0.506443977355957
C:\Users\navee\Desktop\Projects\MediaDna\OpenAVFF\FakeAVCeleb_v1.2\FakeAVCeleb_v1.2\FakeVideo-RealAudio/Caucasian (European)/women/id00491\00122_id03371_truKMXt8Dak.mp4,1,FVRA,0.5042930841445923
C:\Users\navee\Desktop\Projects\MediaDna\OpenAVFF\FakeAVCeleb_v1.2\FakeAVCeleb_v1.2\FakeVideo-RealAudio/Caucasian (European)/women/id00491\00122_id03858_uKVqPfRf-ac.mp4,1,FVRA,0.5044929385185242
C:\Users\navee\Desktop\Projects\MediaDna\OpenAVFF\FakeAVCeleb_v1.2\FakeAVCeleb_v1.2\FakeVideo-RealAudio/Caucasian (European)/women/id00495\00027_id00068_A7uFnQw--bY.mp4,1,FVRA,0.5038240551948547
C:\Users\navee\Desktop\Projects\MediaDna\OpenAVFF\FakeAVCeleb_v1.2\FakeAVCeleb_v1.2\FakeVideo-RealAudio/Caucasian (European)/women/id00495\00027_id00262_3p7sRWAAh1Q.mp4,1,FVRA,0.5043593049049377
C:\Users\navee\Desktop\Projects\MediaDna\OpenAVFF\FakeAVCeleb_v1.2\FakeAVCeleb_v1.2\FakeVideo-RealAudio/Caucasian (European)/women/id00495\00027_id00271_je6JSLqEEcw.mp4,1,FVRA,0.5000114440917969
C:\Users\navee\Desktop\Projects\MediaDna\OpenAVFF\FakeAVCeleb_v1.2\FakeAVCeleb_v1.2\FakeVideo-RealAudio/Caucasian (European)/women/id00495\00027_id00395_wM5kGJfTtEM.mp4,1,FVRA,0.49999332427978516
C:\Users\navee\Desktop\Projects\MediaDna\OpenAVFF\FakeAVCeleb_v1.2\FakeAVCeleb_v1.2\FakeVideo-RealAudio/Caucasian (European)/women/id00495\00027_id00484_u7YTz8eFZv0.mp4,1,FVRA,0.5061777234077454
C:\Users\navee\Desktop\Projects\MediaDna\OpenAVFF\FakeAVCeleb_v1.2\FakeAVCeleb_v1.2\FakeVideo-RealAudio/Caucasian (European)/women/id00495\00027_id00581_7AxvP19LGKg.mp4,1,FVRA,0.5033828616142273
C:\Users\navee\Desktop\Projects\MediaDna\OpenAVFF\FakeAVCeleb_v1.2\FakeAVCeleb_v1.2\FakeVideo-RealAudio/Caucasian (European)/women/id00495\00027_id00634_z5t9oJizDQg.mp4,1,FVRA,0.5028844475746155
C:\Users\navee\Desktop\Projects\MediaDna\OpenAVFF\FakeAVCeleb_v1.2\FakeAVCeleb_v1.2\FakeVideo-RealAudio/Caucasian (European)/women/id00495\00027_id03589_9NxOQlwpMys.mp4,1,FVRA,0.5048006176948547
C:\Users\navee\Desktop\Projects\MediaDna\OpenAVFF\FakeAVCeleb_v1.2\FakeAVCeleb_v1.2\FakeVideo-RealAudio/Caucasian (European)/women/id00495\00027_id03858_uKVqPfRf-ac.mp4,1,FVRA,0.5069246888160706
C:\Users\navee\Desktop\Projects\MediaDna\OpenAVFF\FakeAVCeleb_v1.2\FakeAVCeleb_v1.2\FakeVideo-RealAudio/Caucasian (European)/women/id00495\00027_id03941_SsYtP8Ze88Q.mp4,1,FVRA,0.5089737772941589
C:\Users\navee\Desktop\Projects\MediaDna\OpenAVFF\FakeAVCeleb_v1.2\FakeAVCeleb_v1.2\FakeVideo-RealAudio/Caucasian (European)/women/id00496\00015_id00262_3p7sRWAAh1Q.mp4,1,FVRA,0.534198522567749
C:\Users\navee\Desktop\Projects\MediaDna\OpenAVFF\FakeAVCeleb_v1.2\FakeAVCeleb_v1.2\FakeVideo-RealAudio/Caucasian (European)/women/id00496\00015_id00287_2NpfYjyMsPM.mp4,1,FVRA,0.5370620489120483
C:\Users\navee\Desktop\Projects\MediaDna\OpenAVFF\FakeAVCeleb_v1.2\FakeAVCeleb_v1.2\FakeVideo-RealAudio/Caucasian (European)/women/id00496\00015_id00373_5NXv3Dxkd6E.mp4,1,FVRA,0.5353417992591858
C:\Users\navee\Desktop\Projects\MediaDna\OpenAVFF\FakeAVCeleb_v1.2\FakeAVCeleb_v1.2\FakeVideo-RealAudio/Caucasian (European)/women/id00496\00015_id00569_gSynmpwioV4.mp4,1,FVRA,0.5355219841003418
C:\Users\navee\Desktop\Projects\MediaDna\OpenAVFF\FakeAVCeleb_v1.2\FakeAVCeleb_v1.2\FakeVideo-RealAudio/Caucasian (European)/women/id00496\00015_id00813_dKs9CWJIkSI.mp4,1,FVRA,0.5330399870872498
C:\Users\navee\Desktop\Projects\MediaDna\OpenAVFF\FakeAVCeleb_v1.2\FakeAVCeleb_v1.2\FakeVideo-RealAudio/Caucasian (European)/women/id00496\00015_id00897_0ayFw8JhoyI.mp4,1,FVRA,0.5333491563796997
C:\Users\navee\Desktop\Projects\MediaDna\OpenAVFF\FakeAVCeleb_v1.2\FakeAVCeleb_v1.2\FakeVideo-RealAudio/Caucasian (European)/women/id00496\00015_id03589_9NxOQlwpMys.mp4,1,FVRA,0.5360142588615417
C:\Users\navee\Desktop\Projects\MediaDna\OpenAVFF\FakeAVCeleb_v1.2\FakeAVCeleb_v1.2\FakeVideo-RealAudio/Caucasian (European)/women/id00496\00015_id03620_YkXM5A8w07E.mp4,1,FVRA,0.5293174386024475
C:\Users\navee\Desktop\Projects\MediaDna\OpenAVFF\FakeAVCeleb_v1.2\FakeAVCeleb_v1.2\FakeVideo-RealAudio/Caucasian (European)/women/id00496\00015_id03858_uKVqPfRf-ac.mp4,1,FVRA,0.5328724980354309
C:\Users\navee\Desktop\Projects\MediaDna\OpenAVFF\FakeAVCeleb_v1.2\FakeAVCeleb_v1.2\FakeVideo-RealAudio/Caucasian (European)/women/id00569\00239_id00188_e-vm5FB3idA.mp4,1,FVRA,0.5795376896858215
C:\Users\navee\Desktop\Projects\MediaDna\OpenAVFF\FakeAVCeleb_v1.2\FakeAVCeleb_v1.2\FakeVideo-RealAudio/Caucasian (European)/women/id00569\00239_id00270_hoEQ70-sDME.mp4,1,FVRA,0.5701649188995361
C:\Users\navee\Desktop\Projects\MediaDna\OpenAVFF\FakeAVCeleb_v1.2\FakeAVCeleb_v1.2\FakeVideo-RealAudio/Caucasian (European)/women/id00569\00239_id00373_5NXv3Dxkd6E.mp4,1,FVRA,0.57783043384552
C:\Users\navee\Desktop\Projects\MediaDna\OpenAVFF\FakeAVCeleb_v1.2\FakeAVCeleb_v1.2\FakeVideo-RealAudio/Caucasian (European)/women/id00569\00239_id00484_u7YTz8eFZv0.mp4,1,FVRA,0.5779034495353699
C:\Users\navee\Desktop\Projects\MediaDna\OpenAVFF\FakeAVCeleb_v1.2\FakeAVCeleb_v1.2\FakeVideo-RealAudio/Caucasian (European)/women/id00569\00239_id00491_ShjiTWoOtM4.mp4,1,FVRA,0.5664235353469849
C:\Users\navee\Desktop\Projects\MediaDna\OpenAVFF\FakeAVCeleb_v1.2\FakeAVCeleb_v1.2\FakeVideo-RealAudio/Caucasian (European)/women/id00569\00239_id00633_UXrTMta1EDM.mp4,1,FVRA,0.5733655691146851
C:\Users\navee\Desktop\Projects\MediaDna\OpenAVFF\FakeAVCeleb_v1.2\FakeAVCeleb_v1.2\FakeVideo-RealAudio/Caucasian (European)/women/id00569\00239_id00897_0ayFw8JhoyI.mp4,1,FVRA,0.5782765746116638
C:\Users\navee\Desktop\Projects\MediaDna\OpenAVFF\FakeAVCeleb_v1.2\FakeAVCeleb_v1.2\FakeVideo-RealAudio/Caucasian (European)/women/id00569\00239_id01002_eQTviHjyISo.mp4,1,FVRA,0.5672451257705688
C:\Users\navee\Desktop\Projects\MediaDna\OpenAVFF\FakeAVCeleb_v1.2\FakeAVCeleb_v1.2\FakeVideo-RealAudio/Caucasian (European)/women/id00569\00239_id01018_VNPt_GB5QiE.mp4,1,FVRA,0.5792948007583618
C:\Users\navee\Desktop\Projects\MediaDna\OpenAVFF\FakeAVCeleb_v1.2\FakeAVCeleb_v1.2\FakeVideo-RealAudio/Caucasian (European)/women/id00569\00239_id03371_truKMXt8Dak.mp4,1,FVRA,0.5823578834533691
C:\Users\navee\Desktop\Projects\MediaDna\OpenAVFF\FakeAVCeleb_v1.2\FakeAVCeleb_v1.2\FakeVideo-RealAudio/Caucasian (European)/women/id00581\00010_id00068_A7uFnQw--bY.mp4,1,FVRA,0.5396931767463684
C:\Users\navee\Desktop\Projects\MediaDna\OpenAVFF\FakeAVCeleb_v1.2\FakeAVCeleb_v1.2\FakeVideo-RealAudio/Caucasian (European)/women/id00581\00010_id00330_zCFFgGSIZ_s.mp4,1,FVRA,0.5298014283180237
C:\Users\navee\Desktop\Projects\MediaDna\OpenAVFF\FakeAVCeleb_v1.2\FakeAVCeleb_v1.2\FakeVideo-RealAudio/Caucasian (European)/women/id00581\00010_id00395_wM5kGJfTtEM.mp4,1,FVRA,0.5330555438995361
C:\Users\navee\Desktop\Projects\MediaDna\OpenAVFF\FakeAVCeleb_v1.2\FakeAVCeleb_v1.2\FakeVideo-RealAudio/Caucasian (European)/women/id00581\00010_id00495_E46aiMUC4A0.mp4,1,FVRA,0.5387685894966125
C:\Users\navee\Desktop\Projects\MediaDna\OpenAVFF\FakeAVCeleb_v1.2\FakeAVCeleb_v1.2\FakeVideo-RealAudio/Caucasian (European)/women/id00581\00010_id00591_1Jo8xElXQMs.mp4,1,FVRA,0.5292447209358215
C:\Users\navee\Desktop\Projects\MediaDna\OpenAVFF\FakeAVCeleb_v1.2\FakeAVCeleb_v1.2\FakeVideo-RealAudio/Caucasian (European)/women/id00581\00010_id00826_MYagwzy91Yk.mp4,1,FVRA,0.5337510704994202
C:\Users\navee\Desktop\Projects\MediaDna\OpenAVFF\FakeAVCeleb_v1.2\FakeAVCeleb_v1.2\FakeVideo-RealAudio/Caucasian (European)/women/id00581\00010_id03371_truKMXt8Dak.mp4,1,FVRA,0.5375716686248779
C:\Users\navee\Desktop\Projects\MediaDna\OpenAVFF\FakeAVCeleb_v1.2\FakeAVCeleb_v1.2\FakeVideo-RealAudio/Caucasian (European)/women/id00581\00010_id03858_uKVqPfRf-ac.mp4,1,FVRA,0.5289076566696167
C:\Users\navee\Desktop\Projects\MediaDna\OpenAVFF\FakeAVCeleb_v1.2\FakeAVCeleb_v1.2\FakeVideo-RealAudio/Caucasian (European)/women/id00589\00130_id00271_je6JSLqEEcw.mp4,1,FVRA,0.5299050211906433
C:\Users\navee\Desktop\Projects\MediaDna\OpenAVFF\FakeAVCeleb_v1.2\FakeAVCeleb_v1.2\FakeVideo-RealAudio/Caucasian (European)/women/id00589\00130_id00373_5NXv3Dxkd6E.mp4,1,FVRA,0.5313475728034973
C:\Users\navee\Desktop\Projects\MediaDna\OpenAVFF\FakeAVCeleb_v1.2\FakeAVCeleb_v1.2\FakeVideo-RealAudio/Caucasian (European)/women/id00589\00130_id00495_E46aiMUC4A0.mp4,1,FVRA,0.5276234745979309
C:\Users\navee\Desktop\Projects\MediaDna\OpenAVFF\FakeAVCeleb_v1.2\FakeAVCeleb_v1.2\FakeVideo-RealAudio/Caucasian (European)/women/id00589\00130_id00591_1Jo8xElXQMs.mp4,1,FVRA,0.5247385501861572
C:\Users\navee\Desktop\Projects\MediaDna\OpenAVFF\FakeAVCeleb_v1.2\FakeAVCeleb_v1.2\FakeVideo-RealAudio/Caucasian (European)/women/id00589\00130_id00634_z5t9oJizDQg.mp4,1,FVRA,0.5303817391395569
C:\Users\navee\Desktop\Projects\MediaDna\OpenAVFF\FakeAVCeleb_v1.2\FakeAVCeleb_v1.2\FakeVideo-RealAudio/Caucasian (European)/women/id00589\00130_id00897_0ayFw8JhoyI.mp4,1,FVRA,0.5289003849029541
C:\Users\navee\Desktop\Projects\MediaDna\OpenAVFF\FakeAVCeleb_v1.2\FakeAVCeleb_v1.2\FakeVideo-RealAudio/Caucasian (European)/women/id00589\00130_id03589_9NxOQlwpMys.mp4,1,FVRA,0.5323055386543274
C:\Users\navee\Desktop\Projects\MediaDna\OpenAVFF\FakeAVCeleb_v1.2\FakeAVCeleb_v1.2\FakeVideo-RealAudio/Caucasian (European)/women/id00589\00130_id03620_YkXM5A8w07E.mp4,1,FVRA,0.5279931426048279
C:\Users\navee\Desktop\Projects\MediaDna\OpenAVFF\FakeAVCeleb_v1.2\FakeAVCeleb_v1.2\FakeVideo-RealAudio/Caucasian (European)/women/id00589\00130_id03649_389qfFqUddI.mp4,1,FVRA,0.5305643081665039
C:\Users\navee\Desktop\Projects\MediaDna\OpenAVFF\FakeAVCeleb_v1.2\FakeAVCeleb_v1.2\FakeVideo-RealAudio/Caucasian (European)/women/id00589\00130_id03858_uKVqPfRf-ac.mp4,1,FVRA,0.5288558602333069
C:\Users\navee\Desktop\Projects\MediaDna\OpenAVFF\FakeAVCeleb_v1.2\FakeAVCeleb_v1.2\FakeVideo-RealAudio/Caucasian (European)/women/id00591\00001_id00188_e-vm5FB3idA.mp4,1,FVRA,0.586813747882843
C:\Users\navee\Desktop\Projects\MediaDna\OpenAVFF\FakeAVCeleb_v1.2\FakeAVCeleb_v1.2\FakeVideo-RealAudio/Caucasian (European)/women/id00591\00001_id00270_hoEQ70-sDME.mp4,1,FVRA,0.5714230537414551
C:\Users\navee\Desktop\Projects\MediaDna\OpenAVFF\FakeAVCeleb_v1.2\FakeAVCeleb_v1.2\FakeVideo-RealAudio/Caucasian (European)/women/id00591\00001_id00374_w1qI7y9AGTc.mp4,1,FVRA,0.5757783651351929
C:\Users\navee\Desktop\Projects\MediaDna\OpenAVFF\FakeAVCeleb_v1.2\FakeAVCeleb_v1.2\FakeVideo-RealAudio/Caucasian (European)/women/id00591\00001_id00581_7AxvP19LGKg.mp4,1,FVRA,0.5823094844818115
C:\Users\navee\Desktop\Projects\MediaDna\OpenAVFF\FakeAVCeleb_v1.2\FakeAVCeleb_v1.2\FakeVideo-RealAudio/Caucasian (European)/women/id00591\00001_id00633_UXrTMta1EDM.mp4,1,FVRA,0.5793869495391846
C:\Users\navee\Desktop\Projects\MediaDna\OpenAVFF\FakeAVCeleb_v1.2\FakeAVCeleb_v1.2\FakeVideo-RealAudio/Caucasian (European)/women/id00591\00001_id00634_z5t9oJizDQg.mp4,1,FVRA,0.5820327997207642
C:\Users\navee\Desktop\Projects\MediaDna\OpenAVFF\FakeAVCeleb_v1.2\FakeAVCeleb_v1.2\FakeVideo-RealAudio/Caucasian (European)/women/id00591\00001_id00897_0ayFw8JhoyI.mp4,1,FVRA,0.5801480412483215
C:\Users\navee\Desktop\Projects\MediaDna\OpenAVFF\FakeAVCeleb_v1.2\FakeAVCeleb_v1.2\FakeVideo-RealAudio/Caucasian (European)/women/id00591\00001_id03649_389qfFqUddI.mp4,1,FVRA,0.5805197358131409
C:\Users\navee\Desktop\Projects\MediaDna\OpenAVFF\FakeAVCeleb_v1.2\FakeAVCeleb_v1.2\FakeVideo-RealAudio/Caucasian (European)/women/id00591\00001_id03716_s-lxbGafZQA.mp4,1,FVRA,0.5808550119400024
C:\Users\navee\Desktop\Projects\MediaDna\OpenAVFF\FakeAVCeleb_v1.2\FakeAVCeleb_v1.2\FakeVideo-RealAudio/Caucasian (European)/women/id00591\00001_id03844_AEAEN1Lns2c.mp4,1,FVRA,0.5769497156143188
C:\Users\navee\Desktop\Projects\MediaDna\OpenAVFF\FakeAVCeleb_v1.2\FakeAVCeleb_v1.2\FakeVideo-RealAudio/Caucasian (European)/women/id00633\00088_id00188_e-vm5FB3idA.mp4,1,FVRA,0.6114507913589478
C:\Users\navee\Desktop\Projects\MediaDna\OpenAVFF\FakeAVCeleb_v1.2\FakeAVCeleb_v1.2\FakeVideo-RealAudio/Caucasian (European)/women/id00633\00088_id00262_3p7sRWAAh1Q.mp4,1,FVRA,0.6051649451255798
C:\Users\navee\Desktop\Projects\MediaDna\OpenAVFF\FakeAVCeleb_v1.2\FakeAVCeleb_v1.2\FakeVideo-RealAudio/Caucasian (European)/women/id00633\00088_id00270_hoEQ70-sDME.mp4,1,FVRA,0.5961742997169495
C:\Users\navee\Desktop\Projects\MediaDna\OpenAVFF\FakeAVCeleb_v1.2\FakeAVCeleb_v1.2\FakeVideo-RealAudio/Caucasian (European)/women/id00633\00088_id00332__zNddcZV1EU.mp4,1,FVRA,0.6052822470664978
C:\Users\navee\Desktop\Projects\MediaDna\OpenAVFF\FakeAVCeleb_v1.2\FakeAVCeleb_v1.2\FakeVideo-RealAudio/Caucasian (European)/women/id00633\00088_id00379_fgkgYHCuk4g.mp4,1,FVRA,0.607638955116272
C:\Users\navee\Desktop\Projects\MediaDna\OpenAVFF\FakeAVCeleb_v1.2\FakeAVCeleb_v1.2\FakeVideo-RealAudio/Caucasian (European)/women/id00633\00088_id00491_ShjiTWoOtM4.mp4,1,FVRA,0.5958605408668518
C:\Users\navee\Desktop\Projects\MediaDna\OpenAVFF\FakeAVCeleb_v1.2\FakeAVCeleb_v1.2\FakeVideo-RealAudio/Caucasian (European)/women/id00633\00088_id00569_gSynmpwioV4.mp4,1,FVRA,0.6087197661399841
C:\Users\navee\Desktop\Projects\MediaDna\OpenAVFF\FakeAVCeleb_v1.2\FakeAVCeleb_v1.2\FakeVideo-RealAudio/Caucasian (European)/women/id00633\00088_id00581_7AxvP19LGKg.mp4,1,FVRA,0.6050125360488892
C:\Users\navee\Desktop\Projects\MediaDna\OpenAVFF\FakeAVCeleb_v1.2\FakeAVCeleb_v1.2\FakeVideo-RealAudio/Caucasian (European)/women/id00633\00088_id01001_dHJc8dh9X8c.mp4,1,FVRA,0.6052599549293518
C:\Users\navee\Desktop\Projects\MediaDna\OpenAVFF\FakeAVCeleb_v1.2\FakeAVCeleb_v1.2\FakeVideo-RealAudio/Caucasian (European)/women/id00633\00088_id01002_eQTviHjyISo.mp4,1,FVRA,0.6054072976112366
C:\Users\navee\Desktop\Projects\MediaDna\OpenAVFF\FakeAVCeleb_v1.2\FakeAVCeleb_v1.2\FakeVideo-RealAudio/Caucasian (European)/women/id00634\00078_id00395_wM5kGJfTtEM.mp4,1,FVRA,0.556663453578949
C:\Users\navee\Desktop\Projects\MediaDna\OpenAVFF\FakeAVCeleb_v1.2\FakeAVCeleb_v1.2\FakeVideo-RealAudio/Caucasian (European)/women/id00634\00078_id00484_u7YTz8eFZv0.mp4,1,FVRA,0.5585331320762634
C:\Users\navee\Desktop\Projects\MediaDna\OpenAVFF\FakeAVCeleb_v1.2\FakeAVCeleb_v1.2\FakeVideo-RealAudio/Caucasian (European)/women/id00634\00078_id00495_E46aiMUC4A0.mp4,1,FVRA,0.5609753131866455
C:\Users\navee\Desktop\Projects\MediaDna\OpenAVFF\FakeAVCeleb_v1.2\FakeAVCeleb_v1.2\FakeVideo-RealAudio/Caucasian (European)/women/id00634\00078_id00581_7AxvP19LGKg.mp4,1,FVRA,0.5583465695381165
C:\Users\navee\Desktop\Projects\MediaDna\OpenAVFF\FakeAVCeleb_v1.2\FakeAVCeleb_v1.2\FakeVideo-RealAudio/Caucasian (European)/women/id00634\00078_id00589_uOzKwYEVR6s.mp4,1,FVRA,0.5499836802482605
C:\Users\navee\Desktop\Projects\MediaDna\OpenAVFF\FakeAVCeleb_v1.2\FakeAVCeleb_v1.2\FakeVideo-RealAudio/Caucasian (European)/women/id00634\00078_id00591_1Jo8xElXQMs.mp4,1,FVRA,0.5525837540626526
C:\Users\navee\Desktop\Projects\MediaDna\OpenAVFF\FakeAVCeleb_v1.2\FakeAVCeleb_v1.2\FakeVideo-RealAudio/Caucasian (European)/women/id00634\00078_id00823_KgExwCvgrUk.mp4,1,FVRA,0.5497230887413025
C:\Users\navee\Desktop\Projects\MediaDna\OpenAVFF\FakeAVCeleb_v1.2\FakeAVCeleb_v1.2\FakeVideo-RealAudio/Caucasian (European)/women/id00634\00078_id00826_MYagwzy91Yk.mp4,1,FVRA,0.5583146214485168
C:\Users\navee\Desktop\Projects\MediaDna\OpenAVFF\FakeAVCeleb_v1.2\FakeAVCeleb_v1.2\FakeVideo-RealAudio/Caucasian (European)/women/id00634\00078_id03589_9NxOQlwpMys.mp4,1,FVRA,0.5600119829177856
C:\Users\navee\Desktop\Projects\MediaDna\OpenAVFF\FakeAVCeleb_v1.2\FakeAVCeleb_v1.2\FakeVideo-RealAudio/Caucasian (European)/women/id00634\00078_id03649_389qfFqUddI.mp4,1,FVRA,0.5552974939346313
C:\Users\navee\Desktop\Projects\MediaDna\OpenAVFF\FakeAVCeleb_v1.2\FakeAVCeleb_v1.2\FakeVideo-RealAudio/Caucasian (European)/women/id00735\00037_id00068_A7uFnQw--bY.mp4,1,FVRA,0.5366161465644836
C:\Users\navee\Desktop\Projects\MediaDna\OpenAVFF\FakeAVCeleb_v1.2\FakeAVCeleb_v1.2\FakeVideo-RealAudio/Caucasian (European)/women/id00735\00037_id00188_e-vm5FB3idA.mp4,1,FVRA,0.534248948097229
C:\Users\navee\Desktop\Projects\MediaDna\OpenAVFF\FakeAVCeleb_v1.2\FakeAVCeleb_v1.2\FakeVideo-RealAudio/Caucasian (European)/women/id00735\00037_id00262_3p7sRWAAh1Q.mp4,1,FVRA,0.5363194942474365
C:\Users\navee\Desktop\Projects\MediaDna\OpenAVFF\FakeAVCeleb_v1.2\FakeAVCeleb_v1.2\FakeVideo-RealAudio/Caucasian (European)/women/id00735\00037_id00373_5NXv3Dxkd6E.mp4,1,FVRA,0.5320481657981873
C:\Users\navee\Desktop\Projects\MediaDna\OpenAVFF\FakeAVCeleb_v1.2\FakeAVCeleb_v1.2\FakeVideo-RealAudio/Caucasian (European)/women/id00735\00037_id00495_E46aiMUC4A0.mp4,1,FVRA,0.5364539623260498
C:\Users\navee\Desktop\Projects\MediaDna\OpenAVFF\FakeAVCeleb_v1.2\FakeAVCeleb_v1.2\FakeVideo-RealAudio/Caucasian (European)/women/id00735\00037_id00826_MYagwzy91Yk.mp4,1,FVRA,0.5356272459030151
C:\Users\navee\Desktop\Projects\MediaDna\OpenAVFF\FakeAVCeleb_v1.2\FakeAVCeleb_v1.2\FakeVideo-RealAudio/Caucasian (European)/women/id00735\00037_id03371_truKMXt8Dak.mp4,1,FVRA,0.540068507194519
C:\Users\navee\Desktop\Projects\MediaDna\OpenAVFF\FakeAVCeleb_v1.2\FakeAVCeleb_v1.2\FakeVideo-RealAudio/Caucasian (European)/women/id00735\00037_id03844_AEAEN1Lns2c.mp4,1,FVRA,0.5317683219909668
C:\Users\navee\Desktop\Projects\MediaDna\OpenAVFF\FakeAVCeleb_v1.2\FakeAVCeleb_v1.2\FakeVideo-RealAudio/Caucasian (European)/women/id00735\00037_id03941_SsYtP8Ze88Q.mp4,1,FVRA,0.5378531217575073
C:\Users\navee\Desktop\Projects\MediaDna\OpenAVFF\FakeAVCeleb_v1.2\FakeAVCeleb_v1.2\FakeVideo-RealAudio/Caucasian (European)/women/id00806\00005_id00365_XV-imLNJvfk.mp4,1,FVRA,0.516170084476471
C:\Users\navee\Desktop\Projects\MediaDna\OpenAVFF\FakeAVCeleb_v1.2\FakeAVCeleb_v1.2\FakeVideo-RealAudio/Caucasian (European)/women/id00806\00005_id00373_5NXv3Dxkd6E.mp4,1,FVRA,0.5153581500053406
C:\Users\navee\Desktop\Projects\MediaDna\OpenAVFF\FakeAVCeleb_v1.2\FakeAVCeleb_v1.2\FakeVideo-RealAudio/Caucasian (European)/women/id00806\00005_id00379_fgkgYHCuk4g.mp4,1,FVRA,0.5154107809066772
C:\Users\navee\Desktop\Projects\MediaDna\OpenAVFF\FakeAVCeleb_v1.2\FakeAVCeleb_v1.2\FakeVideo-RealAudio/Caucasian (European)/women/id00806\00005_id00569_gSynmpwioV4.mp4,1,FVRA,0.519624650478363
C:\Users\navee\Desktop\Projects\MediaDna\OpenAVFF\FakeAVCeleb_v1.2\FakeAVCeleb_v1.2\FakeVideo-RealAudio/Caucasian (European)/women/id00806\00005_id00813_dKs9CWJIkSI.mp4,1,FVRA,0.5173680186271667
C:\Users\navee\Desktop\Projects\MediaDna\OpenAVFF\FakeAVCeleb_v1.2\FakeAVCeleb_v1.2\FakeVideo-RealAudio/Caucasian (European)/women/id00806\00005_id01002_eQTviHjyISo.mp4,1,FVRA,0.51665860414505
C:\Users\navee\Desktop\Projects\MediaDna\OpenAVFF\FakeAVCeleb_v1.2\FakeAVCeleb_v1.2\FakeVideo-RealAudio/Caucasian (European)/women/id00806\00005_id03858_uKVqPfRf-ac.mp4,1,FVRA,0.5171530842781067
C:\Users\navee\Desktop\Projects\MediaDna\OpenAVFF\FakeAVCeleb_v1.2\FakeAVCeleb_v1.2\FakeVideo-RealAudio/Caucasian (European)/women/id00813\00169_id00262_3p7sRWAAh1Q.mp4,1,FVRA,0.5314916968345642
C:\Users\navee\Desktop\Projects\MediaDna\OpenAVFF\FakeAVCeleb_v1.2\FakeAVCeleb_v1.2\FakeVideo-RealAudio/Caucasian (European)/women/id00813\00169_id00330_zCFFgGSIZ_s.mp4,1,FVRA,0.5288482308387756
C:\Users\navee\Desktop\Projects\MediaDna\OpenAVFF\FakeAVCeleb_v1.2\FakeAVCeleb_v1.2\FakeVideo-RealAudio/Caucasian (European)/women/id00813\00169_id00365_XV-imLNJvfk.mp4,1,FVRA,0.5327247977256775
C:\Users\navee\Desktop\Projects\MediaDna\OpenAVFF\FakeAVCeleb_v1.2\FakeAVCeleb_v1.2\FakeVideo-RealAudio/Caucasian (European)/women/id00813\00169_id00395_wM5kGJfTtEM.mp4,1,FVRA,0.5331767797470093
C:\Users\navee\Desktop\Projects\MediaDna\OpenAVFF\FakeAVCeleb_v1.2\FakeAVCeleb_v1.2\FakeVideo-RealAudio/Caucasian (European)/women/id00813\00169_id00496_SImaDcXQnh8.mp4,1,FVRA,0.5321519374847412
C:\Users\navee\Desktop\Projects\MediaDna\OpenAVFF\FakeAVCeleb_v1.2\FakeAVCeleb_v1.2\FakeVideo-RealAudio/Caucasian (European)/women/id00813\00169_id00806_0sk9s9lFIAk.mp4,1,FVRA,0.5308559536933899
C:\Users\navee\Desktop\Projects\MediaDna\OpenAVFF\FakeAVCeleb_v1.2\FakeAVCeleb_v1.2\FakeVideo-RealAudio/Caucasian (European)/women/id00813\00169_id00823_KgExwCvgrUk.mp4,1,FVRA,0.5302702188491821
C:\Users\navee\Desktop\Projects\MediaDna\OpenAVFF\FakeAVCeleb_v1.2\FakeAVCeleb_v1.2\FakeVideo-RealAudio/Caucasian (European)/women/id00813\00169_id00897_0ayFw8JhoyI.mp4,1,FVRA,0.5334523916244507
C:\Users\navee\Desktop\Projects\MediaDna\OpenAVFF\FakeAVCeleb_v1.2\FakeAVCeleb_v1.2\FakeVideo-RealAudio/Caucasian (European)/women/id00813\00169_id03589_9NxOQlwpMys.mp4,1,FVRA,0.5382166504859924
C:\Users\navee\Desktop\Projects\MediaDna\OpenAVFF\FakeAVCeleb_v1.2\FakeAVCeleb_v1.2\FakeVideo-RealAudio/Caucasian (European)/women/id00813\00169_id03858_uKVqPfRf-ac.mp4,1,FVRA,0.5324528813362122
C:\Users\navee\Desktop\Projects\MediaDna\OpenAVFF\FakeAVCeleb_v1.2\FakeAVCeleb_v1.2\FakeVideo-RealAudio/Caucasian (European)/women/id00823\00125_id00262_3p7sRWAAh1Q.mp4,1,FVRA,0.5141894817352295
C:\Users\navee\Desktop\Projects\MediaDna\OpenAVFF\FakeAVCeleb_v1.2\FakeAVCeleb_v1.2\FakeVideo-RealAudio/Caucasian (European)/women/id00823\00125_id00330_zCFFgGSIZ_s.mp4,1,FVRA,0.5049390196800232
C:\Users\navee\Desktop\Projects\MediaDna\OpenAVFF\FakeAVCeleb_v1.2\FakeAVCeleb_v1.2\FakeVideo-RealAudio/Caucasian (European)/women/id00823\00125_id00373_5NXv3Dxkd6E.mp4,1,FVRA,0.5137515068054199
C:\Users\navee\Desktop\Projects\MediaDna\OpenAVFF\FakeAVCeleb_v1.2\FakeAVCeleb_v1.2\FakeVideo-RealAudio/Caucasian (European)/women/id00823\00125_id00395_wM5kGJfTtEM.mp4,1,FVRA,0.5135486125946045
C:\Users\navee\Desktop\Projects\MediaDna\OpenAVFF\FakeAVCeleb_v1.2\FakeAVCeleb_v1.2\FakeVideo-RealAudio/Caucasian (European)/women/id00823\00125_id00495_E46aiMUC4A0.mp4,1,FVRA,0.5143579244613647
C:\Users\navee\Desktop\Projects\MediaDna\OpenAVFF\FakeAVCeleb_v1.2\FakeAVCeleb_v1.2\FakeVideo-RealAudio/Caucasian (European)/women/id00823\00125_id00581_7AxvP19LGKg.mp4,1,FVRA,0.5152108073234558
C:\Users\navee\Desktop\Projects\MediaDna\OpenAVFF\FakeAVCeleb_v1.2\FakeAVCeleb_v1.2\FakeVideo-RealAudio/Caucasian (European)/women/id00823\00125_id00634_z5t9oJizDQg.mp4,1,FVRA,0.5148376822471619
C:\Users\navee\Desktop\Projects\MediaDna\OpenAVFF\FakeAVCeleb_v1.2\FakeAVCeleb_v1.2\FakeVideo-RealAudio/Caucasian (European)/women/id00823\00125_id00813_dKs9CWJIkSI.mp4,1,FVRA,0.5165697336196899
C:\Users\navee\Desktop\Projects\MediaDna\OpenAVFF\FakeAVCeleb_v1.2\FakeAVCeleb_v1.2\FakeVideo-RealAudio/Caucasian (European)/women/id00823\00125_id03589_9NxOQlwpMys.mp4,1,FVRA,0.5177140235900879
C:\Users\navee\Desktop\Projects\MediaDna\OpenAVFF\FakeAVCeleb_v1.2\FakeAVCeleb_v1.2\FakeVideo-RealAudio/Caucasian (European)/women/id00823\00125_id03858_uKVqPfRf-ac.mp4,1,FVRA,0.5169073939323425
C:\Users\navee\Desktop\Projects\MediaDna\OpenAVFF\FakeAVCeleb_v1.2\FakeAVCeleb_v1.2\FakeVideo-RealAudio/Caucasian (European)/women/id00826\00065_id00068_A7uFnQw--bY.mp4,1,FVRA,0.5633006691932678
C:\Users\navee\Desktop\Projects\MediaDna\OpenAVFF\FakeAVCeleb_v1.2\FakeAVCeleb_v1.2\FakeVideo-RealAudio/Caucasian (European)/women/id00826\00065_id00271_je6JSLqEEcw.mp4,1,FVRA,0.5579344630241394
C:\Users\navee\Desktop\Projects\MediaDna\OpenAVFF\FakeAVCeleb_v1.2\FakeAVCeleb_v1.2\FakeVideo-RealAudio/Caucasian (European)/women/id00826\00065_id00374_w1qI7y9AGTc.mp4,1,FVRA,0.5593223571777344
C:\Users\navee\Desktop\Projects\MediaDna\OpenAVFF\FakeAVCeleb_v1.2\FakeAVCeleb_v1.2\FakeVideo-RealAudio/Caucasian (European)/women/id00826\00065_id00484_u7YTz8eFZv0.mp4,1,FVRA,0.5654691457748413
C:\Users\navee\Desktop\Projects\MediaDna\OpenAVFF\FakeAVCeleb_v1.2\FakeAVCeleb_v1.2\FakeVideo-RealAudio/Caucasian (European)/women/id00826\00065_id00495_E46aiMUC4A0.mp4,1,FVRA,0.5598019957542419
C:\Users\navee\Desktop\Projects\MediaDna\OpenAVFF\FakeAVCeleb_v1.2\FakeAVCeleb_v1.2\FakeVideo-RealAudio/Caucasian (European)/women/id00826\00065_id00581_7AxvP19LGKg.mp4,1,FVRA,0.5580427646636963
C:\Users\navee\Desktop\Projects\MediaDna\OpenAVFF\FakeAVCeleb_v1.2\FakeAVCeleb_v1.2\FakeVideo-RealAudio/Caucasian (European)/women/id00826\00065_id00634_z5t9oJizDQg.mp4,1,FVRA,0.5597919821739197
C:\Users\navee\Desktop\Projects\MediaDna\OpenAVFF\FakeAVCeleb_v1.2\FakeAVCeleb_v1.2\FakeVideo-RealAudio/Caucasian (European)/women/id00826\00065_id00735_ivJSkq5hGOQ.mp4,1,FVRA,0.5610458850860596
C:\Users\navee\Desktop\Projects\MediaDna\OpenAVFF\FakeAVCeleb_v1.2\FakeAVCeleb_v1.2\FakeVideo-RealAudio/Caucasian (European)/women/id00826\00065_id03371_truKMXt8Dak.mp4,1,FVRA,0.5608111619949341
C:\Users\navee\Desktop\Projects\MediaDna\OpenAVFF\FakeAVCeleb_v1.2\FakeAVCeleb_v1.2\FakeVideo-RealAudio/Caucasian (European)/women/id00826\00065_id03649_389qfFqUddI.mp4,1,FVRA,0.5590053796768188
C:\Users\navee\Desktop\Projects\MediaDna\OpenAVFF\FakeAVCeleb_v1.2\FakeAVCeleb_v1.2\FakeVideo-RealAudio/Caucasian (European)/women/id00897\00005_id00188_e-vm5FB3idA.mp4,1,FVRA,0.5579058527946472
C:\Users\navee\Desktop\Projects\MediaDna\OpenAVFF\FakeAVCeleb_v1.2\FakeAVCeleb_v1.2\FakeVideo-RealAudio/Caucasian (European)/women/id00897\00005_id00234_M3g5KRLJB60.mp4,1,FVRA,0.5559473037719727
C:\Users\navee\Desktop\Projects\MediaDna\OpenAVFF\FakeAVCeleb_v1.2\FakeAVCeleb_v1.2\FakeVideo-RealAudio/Caucasian (European)/women/id00897\00005_id00330_zCFFgGSIZ_s.mp4,1,FVRA,0.5477493405342102
C:\Users\navee\Desktop\Projects\MediaDna\OpenAVFF\FakeAVCeleb_v1.2\FakeAVCeleb_v1.2\FakeVideo-RealAudio/Caucasian (European)/women/id00897\00005_id00332__zNddcZV1EU.mp4,1,FVRA,0.5538753867149353
C:\Users\navee\Desktop\Projects\MediaDna\OpenAVFF\FakeAVCeleb_v1.2\FakeAVCeleb_v1.2\FakeVideo-RealAudio/Caucasian (European)/women/id00897\00005_id00373_5NXv3Dxkd6E.mp4,1,FVRA,0.5539702773094177
C:\Users\navee\Desktop\Projects\MediaDna\OpenAVFF\FakeAVCeleb_v1.2\FakeAVCeleb_v1.2\FakeVideo-RealAudio/Caucasian (European)/women/id00897\00005_id00496_SImaDcXQnh8.mp4,1,FVRA,0.5526581406593323
C:\Users\navee\Desktop\Projects\MediaDna\OpenAVFF\FakeAVCeleb_v1.2\FakeAVCeleb_v1.2\FakeVideo-RealAudio/Caucasian (European)/women/id00897\00005_id00569_gSynmpwioV4.mp4,1,FVRA,0.5551369190216064
C:\Users\navee\Desktop\Projects\MediaDna\OpenAVFF\FakeAVCeleb_v1.2\FakeAVCeleb_v1.2\FakeVideo-RealAudio/Caucasian (European)/women/id00897\00005_id00591_1Jo8xElXQMs.mp4,1,FVRA,0.5515125393867493
C:\Users\navee\Desktop\Projects\MediaDna\OpenAVFF\FakeAVCeleb_v1.2\FakeAVCeleb_v1.2\FakeVideo-RealAudio/Caucasian (European)/women/id00897\00005_id00813_dKs9CWJIkSI.mp4,1,FVRA,0.5531461834907532
C:\Users\navee\Desktop\Projects\MediaDna\OpenAVFF\FakeAVCeleb_v1.2\FakeAVCeleb_v1.2\FakeVideo-RealAudio/Caucasian (European)/women/id00897\00005_id03371_truKMXt8Dak.mp4,1,FVRA,0.5570493936538696
C:\Users\navee\Desktop\Projects\MediaDna\OpenAVFF\FakeAVCeleb_v1.2\FakeAVCeleb_v1.2\FakeVideo-RealAudio/Caucasian (European)/women/id01001\00086_id00188_e-vm5FB3idA.mp4,1,FVRA,0.5445764660835266
C:\Users\navee\Desktop\Projects\MediaDna\OpenAVFF\FakeAVCeleb_v1.2\FakeAVCeleb_v1.2\FakeVideo-RealAudio/Caucasian (European)/women/id01001\00086_id00262_3p7sRWAAh1Q.mp4,1,FVRA,0.5390658974647522
C:\Users\navee\Desktop\Projects\MediaDna\OpenAVFF\FakeAVCeleb_v1.2\FakeAVCeleb_v1.2\FakeVideo-RealAudio/Caucasian (European)/women/id01001\00086_id00332__zNddcZV1EU.mp4,1,FVRA,0.5387324690818787
C:\Users\navee\Desktop\Projects\MediaDna\OpenAVFF\FakeAVCeleb_v1.2\FakeAVCeleb_v1.2\FakeVideo-RealAudio/Caucasian (European)/women/id01001\00086_id00374_w1qI7y9AGTc.mp4,1,FVRA,0.538912832736969
C:\Users\navee\Desktop\Projects\MediaDna\OpenAVFF\FakeAVCeleb_v1.2\FakeAVCeleb_v1.2\FakeVideo-RealAudio/Caucasian (European)/women/id01001\00086_id00569_gSynmpwioV4.mp4,1,FVRA,0.5412294268608093
C:\Users\navee\Desktop\Projects\MediaDna\OpenAVFF\FakeAVCeleb_v1.2\FakeAVCeleb_v1.2\FakeVideo-RealAudio/Caucasian (European)/women/id01001\00086_id00633_UXrTMta1EDM.mp4,1,FVRA,0.5373966097831726
C:\Users\navee\Desktop\Projects\MediaDna\OpenAVFF\FakeAVCeleb_v1.2\FakeAVCeleb_v1.2\FakeVideo-RealAudio/Caucasian (European)/women/id01001\00086_id00735_ivJSkq5hGOQ.mp4,1,FVRA,0.5409671068191528
C:\Users\navee\Desktop\Projects\MediaDna\OpenAVFF\FakeAVCeleb_v1.2\FakeAVCeleb_v1.2\FakeVideo-RealAudio/Caucasian (European)/women/id01001\00086_id01002_eQTviHjyISo.mp4,1,FVRA,0.5376277565956116
C:\Users\navee\Desktop\Projects\MediaDna\OpenAVFF\FakeAVCeleb_v1.2\FakeAVCeleb_v1.2\FakeVideo-RealAudio/Caucasian (European)/women/id01001\00086_id03816_XXD0yTNei50.mp4,1,FVRA,0.5394889712333679
C:\Users\navee\Desktop\Projects\MediaDna\OpenAVFF\FakeAVCeleb_v1.2\FakeAVCeleb_v1.2\FakeVideo-RealAudio/Caucasian (European)/women/id01002\00043_id00188_e-vm5FB3idA.mp4,1,FVRA,0.5129360556602478
C:\Users\navee\Desktop\Projects\MediaDna\OpenAVFF\FakeAVCeleb_v1.2\FakeAVCeleb_v1.2\FakeVideo-RealAudio/Caucasian (European)/women/id01002\00043_id00287_2NpfYjyMsPM.mp4,1,FVRA,0.5103438496589661
C:\Users\navee\Desktop\Projects\MediaDna\OpenAVFF\FakeAVCeleb_v1.2\FakeAVCeleb_v1.2\FakeVideo-RealAudio/Caucasian (European)/women/id01002\00043_id00325_4vJtbNe0L98.mp4,1,FVRA,0.5121338367462158
C:\Users\navee\Desktop\Projects\MediaDna\OpenAVFF\FakeAVCeleb_v1.2\FakeAVCeleb_v1.2\FakeVideo-RealAudio/Caucasian (European)/women/id01002\00043_id00491_ShjiTWoOtM4.mp4,1,FVRA,0.5054083466529846
C:\Users\navee\Desktop\Projects\MediaDna\OpenAVFF\FakeAVCeleb_v1.2\FakeAVCeleb_v1.2\FakeVideo-RealAudio/Caucasian (European)/women/id01002\00043_id00569_gSynmpwioV4.mp4,1,FVRA,0.5068138241767883
C:\Users\navee\Desktop\Projects\MediaDna\OpenAVFF\FakeAVCeleb_v1.2\FakeAVCeleb_v1.2\FakeVideo-RealAudio/Caucasian (European)/women/id01002\00043_id00581_7AxvP19LGKg.mp4,1,FVRA,0.5119574666023254
C:\Users\navee\Desktop\Projects\MediaDna\OpenAVFF\FakeAVCeleb_v1.2\FakeAVCeleb_v1.2\FakeVideo-RealAudio/Caucasian (European)/women/id01002\00043_id00633_UXrTMta1EDM.mp4,1,FVRA,0.5071477890014648
C:\Users\navee\Desktop\Projects\MediaDna\OpenAVFF\FakeAVCeleb_v1.2\FakeAVCeleb_v1.2\FakeVideo-RealAudio/Caucasian (European)/women/id01002\00043_id01001_dHJc8dh9X8c.mp4,1,FVRA,0.5075961351394653
C:\Users\navee\Desktop\Projects\MediaDna\OpenAVFF\FakeAVCeleb_v1.2\FakeAVCeleb_v1.2\FakeVideo-RealAudio/Caucasian (European)/women/id01002\00043_id03371_truKMXt8Dak.mp4,1,FVRA,0.5129949450492859
C:\Users\navee\Desktop\Projects\MediaDna\OpenAVFF\FakeAVCeleb_v1.2\FakeAVCeleb_v1.2\FakeVideo-RealAudio/Caucasian (European)/women/id01002\00043_id03651_EjcoRkL6loI.mp4,1,FVRA,0.5104653835296631
C:\Users\navee\Desktop\Projects\MediaDna\OpenAVFF\FakeAVCeleb_v1.2\FakeAVCeleb_v1.2\FakeVideo-RealAudio/Caucasian (European)/women/id01018\00072_id00232_kL0cCveU1zg.mp4,1,FVRA,0.5087531208992004
C:\Users\navee\Desktop\Projects\MediaDna\OpenAVFF\FakeAVCeleb_v1.2\FakeAVCeleb_v1.2\FakeVideo-RealAudio/Caucasian (European)/women/id01018\00072_id00287_2NpfYjyMsPM.mp4,1,FVRA,0.5093647241592407
C:\Users\navee\Desktop\Projects\MediaDna\OpenAVFF\FakeAVCeleb_v1.2\FakeAVCeleb_v1.2\FakeVideo-RealAudio/Caucasian (European)/women/id01018\00072_id00491_ShjiTWoOtM4.mp4,1,FVRA,0.5027244687080383
C:\Users\navee\Desktop\Projects\MediaDna\OpenAVFF\FakeAVCeleb_v1.2\FakeAVCeleb_v1.2\FakeVideo-RealAudio/Caucasian (European)/women/id01018\00072_id00569_gSynmpwioV4.mp4,1,FVRA,0.504783570766449
C:\Users\navee\Desktop\Projects\MediaDna\OpenAVFF\FakeAVCeleb_v1.2\FakeAVCeleb_v1.2\FakeVideo-RealAudio/Caucasian (European)/women/id01018\00072_id00591_1Jo8xElXQMs.mp4,1,FVRA,0.5029019117355347
C:\Users\navee\Desktop\Projects\MediaDna\OpenAVFF\FakeAVCeleb_v1.2\FakeAVCeleb_v1.2\FakeVideo-RealAudio/Caucasian (European)/women/id01018\00072_id03620_YkXM5A8w07E.mp4,1,FVRA,0.500863790512085
C:\Users\navee\Desktop\Projects\MediaDna\OpenAVFF\FakeAVCeleb_v1.2\FakeAVCeleb_v1.2\FakeVideo-RealAudio/Caucasian (European)/women/id01018\00072_id03649_389qfFqUddI.mp4,1,FVRA,0.5073584318161011
C:\Users\navee\Desktop\Projects\MediaDna\OpenAVFF\FakeAVCeleb_v1.2\FakeAVCeleb_v1.2\FakeVideo-RealAudio/Caucasian (European)/women/id01018\00072_id03651_EjcoRkL6loI.mp4,1,FVRA,0.5088664293289185
C:\Users\navee\Desktop\Projects\MediaDna\OpenAVFF\FakeAVCeleb_v1.2\FakeAVCeleb_v1.2\FakeVideo-RealAudio/Caucasian (European)/women/id03371\00430_id00068_A7uFnQw--bY.mp4,1,FVRA,0.5338005423545837
C:\Users\navee\Desktop\Projects\MediaDna\OpenAVFF\FakeAVCeleb_v1.2\FakeAVCeleb_v1.2\FakeVideo-RealAudio/Caucasian (European)/women/id03371\00430_id00330_zCFFgGSIZ_s.mp4,1,FVRA,0.5254948139190674
C:\Users\navee\Desktop\Projects\MediaDna\OpenAVFF\FakeAVCeleb_v1.2\FakeAVCeleb_v1.2\FakeVideo-RealAudio/Caucasian (European)/women/id03371\00430_id00491_ShjiTWoOtM4.mp4,1,FVRA,0.5235601663589478
C:\Users\navee\Desktop\Projects\MediaDna\OpenAVFF\FakeAVCeleb_v1.2\FakeAVCeleb_v1.2\FakeVideo-RealAudio/Caucasian (European)/women/id03371\00430_id00569_gSynmpwioV4.mp4,1,FVRA,0.5301589965820312
C:\Users\navee\Desktop\Projects\MediaDna\OpenAVFF\FakeAVCeleb_v1.2\FakeAVCeleb_v1.2\FakeVideo-RealAudio/Caucasian (European)/women/id03371\00430_id00581_7AxvP19LGKg.mp4,1,FVRA,0.5305973887443542
C:\Users\navee\Desktop\Projects\MediaDna\OpenAVFF\FakeAVCeleb_v1.2\FakeAVCeleb_v1.2\FakeVideo-RealAudio/Caucasian (European)/women/id03371\00430_id00806_0sk9s9lFIAk.mp4,1,FVRA,0.526728093624115
C:\Users\navee\Desktop\Projects\MediaDna\OpenAVFF\FakeAVCeleb_v1.2\FakeAVCeleb_v1.2\FakeVideo-RealAudio/Caucasian (European)/women/id03371\00430_id03858_uKVqPfRf-ac.mp4,1,FVRA,0.5251163840293884
C:\Users\navee\Desktop\Projects\MediaDna\OpenAVFF\FakeAVCeleb_v1.2\FakeAVCeleb_v1.2\FakeVideo-RealAudio/Caucasian (European)/women/id03589\00002_id00068_A7uFnQw--bY.mp4,1,FVRA,0.5080223083496094
C:\Users\navee\Desktop\Projects\MediaDna\OpenAVFF\FakeAVCeleb_v1.2\FakeAVCeleb_v1.2\FakeVideo-RealAudio/Caucasian (European)/women/id03589\00002_id00262_3p7sRWAAh1Q.mp4,1,FVRA,0.5059181451797485
C:\Users\navee\Desktop\Projects\MediaDna\OpenAVFF\FakeAVCeleb_v1.2\FakeAVCeleb_v1.2\FakeVideo-RealAudio/Caucasian (European)/women/id03589\00002_id00287_2NpfYjyMsPM.mp4,1,FVRA,0.5066126585006714
C:\Users\navee\Desktop\Projects\MediaDna\OpenAVFF\FakeAVCeleb_v1.2\FakeAVCeleb_v1.2\FakeVideo-RealAudio/Caucasian (European)/women/id03589\00002_id00395_wM5kGJfTtEM.mp4,1,FVRA,0.5072560906410217
C:\Users\navee\Desktop\Projects\MediaDna\OpenAVFF\FakeAVCeleb_v1.2\FakeAVCeleb_v1.2\FakeVideo-RealAudio/Caucasian (European)/women/id03589\00002_id00495_E46aiMUC4A0.mp4,1,FVRA,0.5094783306121826
C:\Users\navee\Desktop\Projects\MediaDna\OpenAVFF\FakeAVCeleb_v1.2\FakeAVCeleb_v1.2\FakeVideo-RealAudio/Caucasian (European)/women/id03589\00002_id00496_SImaDcXQnh8.mp4,1,FVRA,0.5040298700332642
C:\Users\navee\Desktop\Projects\MediaDna\OpenAVFF\FakeAVCeleb_v1.2\FakeAVCeleb_v1.2\FakeVideo-RealAudio/Caucasian (European)/women/id03589\00002_id00589_uOzKwYEVR6s.mp4,1,FVRA,0.5039733648300171
C:\Users\navee\Desktop\Projects\MediaDna\OpenAVFF\FakeAVCeleb_v1.2\FakeAVCeleb_v1.2\FakeVideo-RealAudio/Caucasian (European)/women/id03589\00002_id00634_z5t9oJizDQg.mp4,1,FVRA,0.5060791969299316
C:\Users\navee\Desktop\Projects\MediaDna\OpenAVFF\FakeAVCeleb_v1.2\FakeAVCeleb_v1.2\FakeVideo-RealAudio/Caucasian (European)/women/id03589\00002_id03649_389qfFqUddI.mp4,1,FVRA,0.505611002445221
C:\Users\navee\Desktop\Projects\MediaDna\OpenAVFF\FakeAVCeleb_v1.2\FakeAVCeleb_v1.2\FakeVideo-RealAudio/Caucasian (European)/women/id03589\00002_id03858_uKVqPfRf-ac.mp4,1,FVRA,0.5072311162948608
C:\Users\navee\Desktop\Projects\MediaDna\OpenAVFF\FakeAVCeleb_v1.2\FakeAVCeleb_v1.2\FakeVideo-RealAudio/Caucasian (European)/women/id03620\00081_id00188_e-vm5FB3idA.mp4,1,FVRA,0.5585388541221619
C:\Users\navee\Desktop\Projects\MediaDna\OpenAVFF\FakeAVCeleb_v1.2\FakeAVCeleb_v1.2\FakeVideo-RealAudio/Caucasian (European)/women/id03620\00081_id00287_2NpfYjyMsPM.mp4,1,FVRA,0.5589649081230164
C:\Users\navee\Desktop\Projects\MediaDna\OpenAVFF\FakeAVCeleb_v1.2\FakeAVCeleb_v1.2\FakeVideo-RealAudio/Caucasian (European)/women/id03620\00081_id00325_4vJtbNe0L98.mp4,1,FVRA,0.5581071376800537
C:\Users\navee\Desktop\Projects\MediaDna\OpenAVFF\FakeAVCeleb_v1.2\FakeAVCeleb_v1.2\FakeVideo-RealAudio/Caucasian (European)/women/id03620\00081_id00365_XV-imLNJvfk.mp4,1,FVRA,0.5562259554862976
C:\Users\navee\Desktop\Projects\MediaDna\OpenAVFF\FakeAVCeleb_v1.2\FakeAVCeleb_v1.2\FakeVideo-RealAudio/Caucasian (European)/women/id03620\00081_id00373_5NXv3Dxkd6E.mp4,1,FVRA,0.5546408295631409
C:\Users\navee\Desktop\Projects\MediaDna\OpenAVFF\FakeAVCeleb_v1.2\FakeAVCeleb_v1.2\FakeVideo-RealAudio/Caucasian (European)/women/id03620\00081_id00374_w1qI7y9AGTc.mp4,1,FVRA,0.5551496744155884
C:\Users\navee\Desktop\Projects\MediaDna\OpenAVFF\FakeAVCeleb_v1.2\FakeAVCeleb_v1.2\FakeVideo-RealAudio/Caucasian (European)/women/id03620\00081_id00496_SImaDcXQnh8.mp4,1,FVRA,0.5555856227874756
C:\Users\navee\Desktop\Projects\MediaDna\OpenAVFF\FakeAVCeleb_v1.2\FakeAVCeleb_v1.2\FakeVideo-RealAudio/Caucasian (European)/women/id03620\00081_id01018_VNPt_GB5QiE.mp4,1,FVRA,0.5577466487884521
C:\Users\navee\Desktop\Projects\MediaDna\OpenAVFF\FakeAVCeleb_v1.2\FakeAVCeleb_v1.2\FakeVideo-RealAudio/Caucasian (European)/women/id03620\00081_id03651_EjcoRkL6loI.mp4,1,FVRA,0.557175874710083
C:\Users\navee\Desktop\Projects\MediaDna\OpenAVFF\FakeAVCeleb_v1.2\FakeAVCeleb_v1.2\FakeVideo-RealAudio/Caucasian (European)/women/id03620\00081_id03844_AEAEN1Lns2c.mp4,1,FVRA,0.5584640502929688
C:\Users\navee\Desktop\Projects\MediaDna\OpenAVFF\FakeAVCeleb_v1.2\FakeAVCeleb_v1.2\FakeVideo-RealAudio/Caucasian (European)/women/id03649\00001_id00068_A7uFnQw--bY.mp4,1,FVRA,0.5113598108291626
C:\Users\navee\Desktop\Projects\MediaDna\OpenAVFF\FakeAVCeleb_v1.2\FakeAVCeleb_v1.2\FakeVideo-RealAudio/Caucasian (European)/women/id03649\00001_id00188_e-vm5FB3idA.mp4,1,FVRA,0.5123695135116577
C:\Users\navee\Desktop\Projects\MediaDna\OpenAVFF\FakeAVCeleb_v1.2\FakeAVCeleb_v1.2\FakeVideo-RealAudio/Caucasian (European)/women/id03649\00001_id00325_4vJtbNe0L98.mp4,1,FVRA,0.5109044313430786
C:\Users\navee\Desktop\Projects\MediaDna\OpenAVFF\FakeAVCeleb_v1.2\FakeAVCeleb_v1.2\FakeVideo-RealAudio/Caucasian (European)/women/id03649\00001_id00569_gSynmpwioV4.mp4,1,FVRA,0.5077316761016846
C:\Users\navee\Desktop\Projects\MediaDna\OpenAVFF\FakeAVCeleb_v1.2\FakeAVCeleb_v1.2\FakeVideo-RealAudio/Caucasian (European)/women/id03649\00001_id00589_uOzKwYEVR6s.mp4,1,FVRA,0.5079981684684753
C:\Users\navee\Desktop\Projects\MediaDna\OpenAVFF\FakeAVCeleb_v1.2\FakeAVCeleb_v1.2\FakeVideo-RealAudio/Caucasian (European)/women/id03649\00001_id00591_1Jo8xElXQMs.mp4,1,FVRA,0.5019399523735046
C:\Users\navee\Desktop\Projects\MediaDna\OpenAVFF\FakeAVCeleb_v1.2\FakeAVCeleb_v1.2\FakeVideo-RealAudio/Caucasian (European)/women/id03649\00001_id00633_UXrTMta1EDM.mp4,1,FVRA,0.5071703195571899
C:\Users\navee\Desktop\Projects\MediaDna\OpenAVFF\FakeAVCeleb_v1.2\FakeAVCeleb_v1.2\FakeVideo-RealAudio/Caucasian (European)/women/id03649\00001_id00634_z5t9oJizDQg.mp4,1,FVRA,0.5097130537033081
C:\Users\navee\Desktop\Projects\MediaDna\OpenAVFF\FakeAVCeleb_v1.2\FakeAVCeleb_v1.2\FakeVideo-RealAudio/Caucasian (European)/women/id03649\00001_id00826_MYagwzy91Yk.mp4,1,FVRA,0.510195791721344
C:\Users\navee\Desktop\Projects\MediaDna\OpenAVFF\FakeAVCeleb_v1.2\FakeAVCeleb_v1.2\FakeVideo-RealAudio/Caucasian (European)/women/id03649\00001_id03589_9NxOQlwpMys.mp4,1,FVRA,0.5089268088340759
C:\Users\navee\Desktop\Projects\MediaDna\OpenAVFF\FakeAVCeleb_v1.2\FakeAVCeleb_v1.2\FakeVideo-RealAudio/Caucasian (European)/women/id03651\00092_id00325_4vJtbNe0L98.mp4,1,FVRA,0.5197332501411438
C:\Users\navee\Desktop\Projects\MediaDna\OpenAVFF\FakeAVCeleb_v1.2\FakeAVCeleb_v1.2\FakeVideo-RealAudio/Caucasian (European)/women/id03651\00092_id00395_wM5kGJfTtEM.mp4,1,FVRA,0.5193074941635132
C:\Users\navee\Desktop\Projects\MediaDna\OpenAVFF\FakeAVCeleb_v1.2\FakeAVCeleb_v1.2\FakeVideo-RealAudio/Caucasian (European)/women/id03651\00092_id00897_0ayFw8JhoyI.mp4,1,FVRA,0.5173928141593933
C:\Users\navee\Desktop\Projects\MediaDna\OpenAVFF\FakeAVCeleb_v1.2\FakeAVCeleb_v1.2\FakeVideo-RealAudio/Caucasian (European)/women/id03651\00092_id01002_eQTviHjyISo.mp4,1,FVRA,0.5187370181083679
C:\Users\navee\Desktop\Projects\MediaDna\OpenAVFF\FakeAVCeleb_v1.2\FakeAVCeleb_v1.2\FakeVideo-RealAudio/Caucasian (European)/women/id03651\00092_id01018_VNPt_GB5QiE.mp4,1,FVRA,0.520592451095581
C:\Users\navee\Desktop\Projects\MediaDna\OpenAVFF\FakeAVCeleb_v1.2\FakeAVCeleb_v1.2\FakeVideo-RealAudio/Caucasian (European)/women/id03651\00092_id03371_truKMXt8Dak.mp4,1,FVRA,0.5242380499839783
C:\Users\navee\Desktop\Projects\MediaDna\OpenAVFF\FakeAVCeleb_v1.2\FakeAVCeleb_v1.2\FakeVideo-RealAudio/Caucasian (European)/women/id03651\00092_id03620_YkXM5A8w07E.mp4,1,FVRA,0.5127195119857788
C:\Users\navee\Desktop\Projects\MediaDna\OpenAVFF\FakeAVCeleb_v1.2\FakeAVCeleb_v1.2\FakeVideo-RealAudio/Caucasian (European)/women/id03651\00092_id03649_389qfFqUddI.mp4,1,FVRA,0.517937958240509
C:\Users\navee\Desktop\Projects\MediaDna\OpenAVFF\FakeAVCeleb_v1.2\FakeAVCeleb_v1.2\FakeVideo-RealAudio/Caucasian (European)/women/id03651\00092_id03716_s-lxbGafZQA.mp4,1,FVRA,0.5131400227546692
C:\Users\navee\Desktop\Projects\MediaDna\OpenAVFF\FakeAVCeleb_v1.2\FakeAVCeleb_v1.2\FakeVideo-RealAudio/Caucasian (European)/women/id03651\00092_id03858_uKVqPfRf-ac.mp4,1,FVRA,0.5188793540000916
C:\Users\navee\Desktop\Projects\MediaDna\OpenAVFF\FakeAVCeleb_v1.2\FakeAVCeleb_v1.2\FakeVideo-RealAudio/Caucasian (European)/women/id03716\00040_id00332__zNddcZV1EU.mp4,1,FVRA,0.5078274011611938
C:\Users\navee\Desktop\Projects\MediaDna\OpenAVFF\FakeAVCeleb_v1.2\FakeAVCeleb_v1.2\FakeVideo-RealAudio/Caucasian (European)/women/id03716\00040_id00365_XV-imLNJvfk.mp4,1,FVRA,0.5065290331840515
C:\Users\navee\Desktop\Projects\MediaDna\OpenAVFF\FakeAVCeleb_v1.2\FakeAVCeleb_v1.2\FakeVideo-RealAudio/Caucasian (European)/women/id03716\00040_id00379_fgkgYHCuk4g.mp4,1,FVRA,0.5120887756347656
C:\Users\navee\Desktop\Projects\MediaDna\OpenAVFF\FakeAVCeleb_v1.2\FakeAVCeleb_v1.2\FakeVideo-RealAudio/Caucasian (European)/women/id03716\00040_id00395_wM5kGJfTtEM.mp4,1,FVRA,0.5069331526756287
C:\Users\navee\Desktop\Projects\MediaDna\OpenAVFF\FakeAVCeleb_v1.2\FakeAVCeleb_v1.2\FakeVideo-RealAudio/Caucasian (European)/women/id03716\00040_id00591_1Jo8xElXQMs.mp4,1,FVRA,0.5071067214012146
C:\Users\navee\Desktop\Projects\MediaDna\OpenAVFF\FakeAVCeleb_v1.2\FakeAVCeleb_v1.2\FakeVideo-RealAudio/Caucasian (European)/women/id03716\00040_id00633_UXrTMta1EDM.mp4,1,FVRA,0.5090531706809998
C:\Users\navee\Desktop\Projects\MediaDna\OpenAVFF\FakeAVCeleb_v1.2\FakeAVCeleb_v1.2\FakeVideo-RealAudio/Caucasian (European)/women/id03716\00040_id00897_0ayFw8JhoyI.mp4,1,FVRA,0.5083323121070862
C:\Users\navee\Desktop\Projects\MediaDna\OpenAVFF\FakeAVCeleb_v1.2\FakeAVCeleb_v1.2\FakeVideo-RealAudio/Caucasian (European)/women/id03716\00040_id03651_EjcoRkL6loI.mp4,1,FVRA,0.5106514692306519
C:\Users\navee\Desktop\Projects\MediaDna\OpenAVFF\FakeAVCeleb_v1.2\FakeAVCeleb_v1.2\FakeVideo-RealAudio/Caucasian (European)/women/id03716\00040_id03816_XXD0yTNei50.mp4,1,FVRA,0.5049911737442017
C:\Users\navee\Desktop\Projects\MediaDna\OpenAVFF\FakeAVCeleb_v1.2\FakeAVCeleb_v1.2\FakeVideo-RealAudio/Caucasian (European)/women/id03716\00040_id03858_uKVqPfRf-ac.mp4,1,FVRA,0.5095739364624023
C:\Users\navee\Desktop\Projects\MediaDna\OpenAVFF\FakeAVCeleb_v1.2\FakeAVCeleb_v1.2\FakeVideo-RealAudio/Caucasian (European)/women/id03816\00093_id00071_JU1cVINUTZA.mp4,1,FVRA,0.5145570635795593
C:\Users\navee\Desktop\Projects\MediaDna\OpenAVFF\FakeAVCeleb_v1.2\FakeAVCeleb_v1.2\FakeVideo-RealAudio/Caucasian (European)/women/id03816\00093_id00262_3p7sRWAAh1Q.mp4,1,FVRA,0.5124080777168274
C:\Users\navee\Desktop\Projects\MediaDna\OpenAVFF\FakeAVCeleb_v1.2\FakeAVCeleb_v1.2\FakeVideo-RealAudio/Caucasian (European)/women/id03816\00093_id00287_2NpfYjyMsPM.mp4,1,FVRA,0.5166197419166565
C:\Users\navee\Desktop\Projects\MediaDna\OpenAVFF\FakeAVCeleb_v1.2\FakeAVCeleb_v1.2\FakeVideo-RealAudio/Caucasian (European)/women/id03816\00093_id00379_fgkgYHCuk4g.mp4,1,FVRA,0.5126580595970154
C:\Users\navee\Desktop\Projects\MediaDna\OpenAVFF\FakeAVCeleb_v1.2\FakeAVCeleb_v1.2\FakeVideo-RealAudio/Caucasian (European)/women/id03816\00093_id00395_wM5kGJfTtEM.mp4,1,FVRA,0.5117425322532654
C:\Users\navee\Desktop\Projects\MediaDna\OpenAVFF\FakeAVCeleb_v1.2\FakeAVCeleb_v1.2\FakeVideo-RealAudio/Caucasian (European)/women/id03816\00093_id00495_E46aiMUC4A0.mp4,1,FVRA,0.5168713331222534
C:\Users\navee\Desktop\Projects\MediaDna\OpenAVFF\FakeAVCeleb_v1.2\FakeAVCeleb_v1.2\FakeVideo-RealAudio/Caucasian (European)/women/id03816\00093_id00633_UXrTMta1EDM.mp4,1,FVRA,0.5124881267547607
C:\Users\navee\Desktop\Projects\MediaDna\OpenAVFF\FakeAVCeleb_v1.2\FakeAVCeleb_v1.2\FakeVideo-RealAudio/Caucasian (European)/women/id03816\00093_id00897_0ayFw8JhoyI.mp4,1,FVRA,0.5208706855773926
C:\Users\navee\Desktop\Projects\MediaDna\OpenAVFF\FakeAVCeleb_v1.2\FakeAVCeleb_v1.2\FakeVideo-RealAudio/Caucasian (European)/women/id03816\00093_id01018_VNPt_GB5QiE.mp4,1,FVRA,0.516795814037323
C:\Users\navee\Desktop\Projects\MediaDna\OpenAVFF\FakeAVCeleb_v1.2\FakeAVCeleb_v1.2\FakeVideo-RealAudio/Caucasian (European)/women/id03816\00093_id03941_SsYtP8Ze88Q.mp4,1,FVRA,0.5200819373130798
C:\Users\navee\Desktop\Projects\MediaDna\OpenAVFF\FakeAVCeleb_v1.2\FakeAVCeleb_v1.2\FakeVideo-RealAudio/Caucasian (European)/women/id03844\00028_id00068_A7uFnQw--bY.mp4,1,FVRA,0.49857038259506226
C:\Users\navee\Desktop\Projects\MediaDna\OpenAVFF\FakeAVCeleb_v1.2\FakeAVCeleb_v1.2\FakeVideo-RealAudio/Caucasian (European)/women/id03844\00028_id00330_zCFFgGSIZ_s.mp4,1,FVRA,0.4954986572265625
C:\Users\navee\Desktop\Projects\MediaDna\OpenAVFF\FakeAVCeleb_v1.2\FakeAVCeleb_v1.2\FakeVideo-RealAudio/Caucasian (European)/women/id03844\00028_id00332__zNddcZV1EU.mp4,1,FVRA,0.49789541959762573
C:\Users\navee\Desktop\Projects\MediaDna\OpenAVFF\FakeAVCeleb_v1.2\FakeAVCeleb_v1.2\FakeVideo-RealAudio/Caucasian (European)/women/id03844\00028_id00365_XV-imLNJvfk.mp4,1,FVRA,0.4959753155708313
C:\Users\navee\Desktop\Projects\MediaDna\OpenAVFF\FakeAVCeleb_v1.2\FakeAVCeleb_v1.2\FakeVideo-RealAudio/Caucasian (European)/women/id03844\00028_id00484_u7YTz8eFZv0.mp4,1,FVRA,0.5026936531066895
C:\Users\navee\Desktop\Projects\MediaDna\OpenAVFF\FakeAVCeleb_v1.2\FakeAVCeleb_v1.2\FakeVideo-RealAudio/Caucasian (European)/women/id03844\00028_id00495_E46aiMUC4A0.mp4,1,FVRA,0.4976702332496643
C:\Users\navee\Desktop\Projects\MediaDna\OpenAVFF\FakeAVCeleb_v1.2\FakeAVCeleb_v1.2\FakeVideo-RealAudio/Caucasian (European)/women/id03844\00028_id00496_SImaDcXQnh8.mp4,1,FVRA,0.4981987774372101
C:\Users\navee\Desktop\Projects\MediaDna\OpenAVFF\FakeAVCeleb_v1.2\FakeAVCeleb_v1.2\FakeVideo-RealAudio/Caucasian (European)/women/id03844\00028_id00735_ivJSkq5hGOQ.mp4,1,FVRA,0.4990616738796234
C:\Users\navee\Desktop\Projects\MediaDna\OpenAVFF\FakeAVCeleb_v1.2\FakeAVCeleb_v1.2\FakeVideo-RealAudio/Caucasian (European)/women/id03844\00028_id03858_uKVqPfRf-ac.mp4,1,FVRA,0.49957913160324097
C:\Users\navee\Desktop\Projects\MediaDna\OpenAVFF\FakeAVCeleb_v1.2\FakeAVCeleb_v1.2\FakeVideo-RealAudio/Caucasian (European)/women/id03858\00092_id00270_hoEQ70-sDME.mp4,1,FVRA,0.5132384896278381
C:\Users\navee\Desktop\Projects\MediaDna\OpenAVFF\FakeAVCeleb_v1.2\FakeAVCeleb_v1.2\FakeVideo-RealAudio/Caucasian (European)/women/id03858\00092_id00365_XV-imLNJvfk.mp4,1,FVRA,0.5155361890792847
C:\Users\navee\Desktop\Projects\MediaDna\OpenAVFF\FakeAVCeleb_v1.2\FakeAVCeleb_v1.2\FakeVideo-RealAudio/Caucasian (European)/women/id03858\00092_id00395_wM5kGJfTtEM.mp4,1,FVRA,0.5165490508079529
C:\Users\navee\Desktop\Projects\MediaDna\OpenAVFF\FakeAVCeleb_v1.2\FakeAVCeleb_v1.2\FakeVideo-RealAudio/Caucasian (European)/women/id03858\00092_id00484_u7YTz8eFZv0.mp4,1,FVRA,0.5198937058448792
C:\Users\navee\Desktop\Projects\MediaDna\OpenAVFF\FakeAVCeleb_v1.2\FakeAVCeleb_v1.2\FakeVideo-RealAudio/Caucasian (European)/women/id03858\00092_id00495_E46aiMUC4A0.mp4,1,FVRA,0.523512601852417
C:\Users\navee\Desktop\Projects\MediaDna\OpenAVFF\FakeAVCeleb_v1.2\FakeAVCeleb_v1.2\FakeVideo-RealAudio/Caucasian (European)/women/id03858\00092_id00581_7AxvP19LGKg.mp4,1,FVRA,0.522891104221344
C:\Users\navee\Desktop\Projects\MediaDna\OpenAVFF\FakeAVCeleb_v1.2\FakeAVCeleb_v1.2\FakeVideo-RealAudio/Caucasian (European)/women/id03858\00092_id00823_KgExwCvgrUk.mp4,1,FVRA,0.5192583203315735
C:\Users\navee\Desktop\Projects\MediaDna\OpenAVFF\FakeAVCeleb_v1.2\FakeAVCeleb_v1.2\FakeVideo-RealAudio/Caucasian (European)/women/id03858\00092_id03371_truKMXt8Dak.mp4,1,FVRA,0.5215505361557007
C:\Users\navee\Desktop\Projects\MediaDna\OpenAVFF\FakeAVCeleb_v1.2\FakeAVCeleb_v1.2\FakeVideo-RealAudio/Caucasian (European)/women/id03858\00092_id03716_s-lxbGafZQA.mp4,1,FVRA,0.5129250288009644
C:\Users\navee\Desktop\Projects\MediaDna\OpenAVFF\FakeAVCeleb_v1.2\FakeAVCeleb_v1.2\FakeVideo-RealAudio/Caucasian (European)/women/id03858\00092_id03844_AEAEN1Lns2c.mp4,1,FVRA,0.5225598216056824
C:\Users\navee\Desktop\Projects\MediaDna\OpenAVFF\FakeAVCeleb_v1.2\FakeAVCeleb_v1.2\FakeVideo-RealAudio/Caucasian (European)/women/id03941\00021_id00068_A7uFnQw--bY.mp4,1,FVRA,0.57280433177948
C:\Users\navee\Desktop\Projects\MediaDna\OpenAVFF\FakeAVCeleb_v1.2\FakeAVCeleb_v1.2\FakeVideo-RealAudio/Caucasian (European)/women/id03941\00021_id00262_3p7sRWAAh1Q.mp4,1,FVRA,0.5703304409980774
C:\Users\navee\Desktop\Projects\MediaDna\OpenAVFF\FakeAVCeleb_v1.2\FakeAVCeleb_v1.2\FakeVideo-RealAudio/Caucasian (European)/women/id03941\00021_id00287_2NpfYjyMsPM.mp4,1,FVRA,0.5806450247764587
C:\Users\navee\Desktop\Projects\MediaDna\OpenAVFF\FakeAVCeleb_v1.2\FakeAVCeleb_v1.2\FakeVideo-RealAudio/Caucasian (European)/women/id03941\00021_id00332__zNddcZV1EU.mp4,1,FVRA,0.5681321620941162
C:\Users\navee\Desktop\Projects\MediaDna\OpenAVFF\FakeAVCeleb_v1.2\FakeAVCeleb_v1.2\FakeVideo-RealAudio/Caucasian (European)/women/id03941\00021_id00365_XV-imLNJvfk.mp4,1,FVRA,0.5674541592597961
C:\Users\navee\Desktop\Projects\MediaDna\OpenAVFF\FakeAVCeleb_v1.2\FakeAVCeleb_v1.2\FakeVideo-RealAudio/Caucasian (European)/women/id03941\00021_id00495_E46aiMUC4A0.mp4,1,FVRA,0.5713720321655273
C:\Users\navee\Desktop\Projects\MediaDna\OpenAVFF\FakeAVCeleb_v1.2\FakeAVCeleb_v1.2\FakeVideo-RealAudio/Caucasian (European)/women/id03941\00021_id00735_ivJSkq5hGOQ.mp4,1,FVRA,0.5648424029350281
C:\Users\navee\Desktop\Projects\MediaDna\OpenAVFF\FakeAVCeleb_v1.2\FakeAVCeleb_v1.2\FakeVideo-RealAudio/Caucasian (European)/women/id03941\00021_id00806_0sk9s9lFIAk.mp4,1,FVRA,0.5587694048881531
C:\Users\navee\Desktop\Projects\MediaDna\OpenAVFF\FakeAVCeleb_v1.2\FakeAVCeleb_v1.2\FakeVideo-RealAudio/Caucasian (European)/women/id03941\00021_id01001_dHJc8dh9X8c.mp4,1,FVRA,0.5712574124336243
C:\Users\navee\Desktop\Projects\MediaDna\OpenAVFF\FakeAVCeleb_v1.2\FakeAVCeleb_v1.2\FakeVideo-RealAudio/Caucasian (European)/women/id03941\00021_id03816_XXD0yTNei50.mp4,1,FVRA,0.5717947483062744
C:\Users\navee\Desktop\Projects\MediaDna\OpenAVFF\FakeAVCeleb_v1.2\FakeAVCeleb_v1.2\FakeVideo-FakeAudio/Caucasian (European)/women/id00042\00028_id00287_2NpfYjyMsPM_id00262_wavtolip.mp4,1,FVFA,0.9999885559082031
C:\Users\navee\Desktop\Projects\MediaDna\OpenAVFF\FakeAVCeleb_v1.2\FakeAVCeleb_v1.2\FakeVideo-FakeAudio/Caucasian (European)/women/id00042\00028_id00325_4vJtbNe0L98_id00823_wavtolip.mp4,1,FVFA,0.9998719692230225
C:\Users\navee\Desktop\Projects\MediaDna\OpenAVFF\FakeAVCeleb_v1.2\FakeAVCeleb_v1.2\FakeVideo-FakeAudio/Caucasian (European)/women/id00042\00028_id00330_zCFFgGSIZ_s_id00484_wavtolip.mp4,1,FVFA,0.9995417594909668
C:\Users\navee\Desktop\Projects\MediaDna\OpenAVFF\FakeAVCeleb_v1.2\FakeAVCeleb_v1.2\FakeVideo-FakeAudio/Caucasian (European)/women/id00042\00028_id00569_gSynmpwioV4_id00806_wavtolip.mp4,1,FVFA,0.999937891960144
C:\Users\navee\Desktop\Projects\MediaDna\OpenAVFF\FakeAVCeleb_v1.2\FakeAVCeleb_v1.2\FakeVideo-FakeAudio/Caucasian (European)/women/id00042\00028_id01002_eQTviHjyISo_id00270_wavtolip.mp4,1,FVFA,0.9999954700469971
C:\Users\navee\Desktop\Projects\MediaDna\OpenAVFF\FakeAVCeleb_v1.2\FakeAVCeleb_v1.2\FakeVideo-FakeAudio/Caucasian (European)/women/id00042\00028_id03620_YkXM5A8w07E_id03844_wavtolip.mp4,1,FVFA,0.9988631010055542
C:\Users\navee\Desktop\Projects\MediaDna\OpenAVFF\FakeAVCeleb_v1.2\FakeAVCeleb_v1.2\FakeVideo-FakeAudio/Caucasian (European)/women/id00042\00028_id03649_389qfFqUddI_id00374_wavtolip.mp4,1,FVFA,0.9999823570251465
C:\Users\navee\Desktop\Projects\MediaDna\OpenAVFF\FakeAVCeleb_v1.2\FakeAVCeleb_v1.2\FakeVideo-FakeAudio/Caucasian (European)/women/id00042\00028_id03651_EjcoRkL6loI_id00262_wavtolip.mp4,1,FVFA,0.9999884366989136
C:\Users\navee\Desktop\Projects\MediaDna\OpenAVFF\FakeAVCeleb_v1.2\FakeAVCeleb_v1.2\FakeVideo-FakeAudio/Caucasian (European)/women/id00068\00004_id00232_kL0cCveU1zg_id00806_wavtolip.mp4,1,FVFA,0.9999812841415405
C:\Users\navee\Desktop\Projects\MediaDna\OpenAVFF\FakeAVCeleb_v1.2\FakeAVCeleb_v1.2\FakeVideo-FakeAudio/Caucasian (European)/women/id00068\00004_id00395_wM5kGJfTtEM_id00634_wavtolip.mp4,1,FVFA,0.9999983310699463
C:\Users\navee\Desktop\Projects\MediaDna\OpenAVFF\FakeAVCeleb_v1.2\FakeAVCeleb_v1.2\FakeVideo-FakeAudio/Caucasian (European)/women/id00068\00004_id00484_u7YTz8eFZv0_id00188_wavtolip.mp4,1,FVFA,0.9996416568756104
C:\Users\navee\Desktop\Projects\MediaDna\OpenAVFF\FakeAVCeleb_v1.2\FakeAVCeleb_v1.2\FakeVideo-FakeAudio/Caucasian (European)/women/id00068\00004_id00495_E46aiMUC4A0_id00496_wavtolip.mp4,1,FVFA,0.9999724626541138
C:\Users\navee\Desktop\Projects\MediaDna\OpenAVFF\FakeAVCeleb_v1.2\FakeAVCeleb_v1.2\FakeVideo-FakeAudio/Caucasian (European)/women/id00068\00004_id00581_7AxvP19LGKg_id00581_wavtolip.mp4,1,FVFA,0.9999910593032837
C:\Users\navee\Desktop\Projects\MediaDna\OpenAVFF\FakeAVCeleb_v1.2\FakeAVCeleb_v1.2\FakeVideo-FakeAudio/Caucasian (European)/women/id00068\00004_id00826_MYagwzy91Yk_id00403_wavtolip.mp4,1,FVFA,0.999998927116394
C:\Users\navee\Desktop\Projects\MediaDna\OpenAVFF\FakeAVCeleb_v1.2\FakeAVCeleb_v1.2\FakeVideo-FakeAudio/Caucasian (European)/women/id00068\00004_id03371_truKMXt8Dak_id00823_wavtolip.mp4,1,FVFA,0.9998843669891357
C:\Users\navee\Desktop\Projects\MediaDna\OpenAVFF\FakeAVCeleb_v1.2\FakeAVCeleb_v1.2\FakeVideo-FakeAudio/Caucasian (European)/women/id00068\00004_id03589_9NxOQlwpMys_id00735_wavtolip.mp4,1,FVFA,0.9992165565490723
C:\Users\navee\Desktop\Projects\MediaDna\OpenAVFF\FakeAVCeleb_v1.2\FakeAVCeleb_v1.2\FakeVideo-FakeAudio/Caucasian (European)/women/id00068\00004_id03844_AEAEN1Lns2c_id00633_wavtolip.mp4,1,FVFA,0.9999943971633911
C:\Users\navee\Desktop\Projects\MediaDna\OpenAVFF\FakeAVCeleb_v1.2\FakeAVCeleb_v1.2\FakeVideo-FakeAudio/Caucasian (European)/women/id00071\00014_id00188_e-vm5FB3idA_id03651_wavtolip.mp4,1,FVFA,0.9996877908706665
C:\Users\navee\Desktop\Projects\MediaDna\OpenAVFF\FakeAVCeleb_v1.2\FakeAVCeleb_v1.2\FakeVideo-FakeAudio/Caucasian (European)/women/id00071\00014_id00232_kL0cCveU1zg_id00806_wavtolip.mp4,1,FVFA,0.9998869895935059
C:\Users\navee\Desktop\Projects\MediaDna\OpenAVFF\FakeAVCeleb_v1.2\FakeAVCeleb_v1.2\FakeVideo-FakeAudio/Caucasian (European)/women/id00071\00014_id00262_3p7sRWAAh1Q_id00270_wavtolip.mp4,1,FVFA,0.9999949932098389
C:\Users\navee\Desktop\Projects\MediaDna\OpenAVFF\FakeAVCeleb_v1.2\FakeAVCeleb_v1.2\FakeVideo-FakeAudio/Caucasian (European)/women/id00071\00014_id00270_hoEQ70-sDME_id00591_wavtolip.mp4,1,FVFA,0.998643696308136
C:\Users\navee\Desktop\Projects\MediaDna\OpenAVFF\FakeAVCeleb_v1.2\FakeAVCeleb_v1.2\FakeVideo-FakeAudio/Caucasian (European)/women/id00071\00014_id00379_fgkgYHCuk4g_id03620_wavtolip.mp4,1,FVFA,0.9999963045120239
C:\Users\navee\Desktop\Projects\MediaDna\OpenAVFF\FakeAVCeleb_v1.2\FakeAVCeleb_v1.2\FakeVideo-FakeAudio/Caucasian (European)/women/id00071\00014_id00581_7AxvP19LGKg_id00232_wavtolip.mp4,1,FVFA,0.9999909400939941
C:\Users\navee\Desktop\Projects\MediaDna\OpenAVFF\FakeAVCeleb_v1.2\FakeAVCeleb_v1.2\FakeVideo-FakeAudio/Caucasian (European)/women/id00071\00014_id00735_ivJSkq5hGOQ_id03589_wavtolip.mp4,1,FVFA,0.999996542930603
C:\Users\navee\Desktop\Projects\MediaDna\OpenAVFF\FakeAVCeleb_v1.2\FakeAVCeleb_v1.2\FakeVideo-FakeAudio/Caucasian (European)/women/id00071\00014_id00897_0ayFw8JhoyI_id00496_wavtolip.mp4,1,FVFA,0.9999258518218994
C:\Users\navee\Desktop\Projects\MediaDna\OpenAVFF\FakeAVCeleb_v1.2\FakeAVCeleb_v1.2\FakeVideo-FakeAudio/Caucasian (European)/women/id00071\00014_id03371_truKMXt8Dak_id00071_wavtolip.mp4,1,FVFA,0.9999809265136719
C:\Users\navee\Desktop\Projects\MediaDna\OpenAVFF\FakeAVCeleb_v1.2\FakeAVCeleb_v1.2\FakeVideo-FakeAudio/Caucasian (European)/women/id00071\00014_id03816_XXD0yTNei50_id00271_wavtolip.mp4,1,FVFA,0.9898667335510254
C:\Users\navee\Desktop\Projects\MediaDna\OpenAVFF\FakeAVCeleb_v1.2\FakeAVCeleb_v1.2\FakeVideo-FakeAudio/Caucasian (European)/women/id00188\00020_id00270_hoEQ70-sDME_id03651_wavtolip.mp4,1,FVFA,0.9996989965438843
C:\Users\navee\Desktop\Projects\MediaDna\OpenAVFF\FakeAVCeleb_v1.2\FakeAVCeleb_v1.2\FakeVideo-FakeAudio/Caucasian (European)/women/id00188\00020_id00373_5NXv3Dxkd6E_id00826_wavtolip.mp4,1,FVFA,0.9999991655349731
C:\Users\navee\Desktop\Projects\MediaDna\OpenAVFF\FakeAVCeleb_v1.2\FakeAVCeleb_v1.2\FakeVideo-FakeAudio/Caucasian (European)/women/id00188\00020_id00374_w1qI7y9AGTc_id00806_wavtolip.mp4,1,FVFA,0.9999145269393921
C:\Users\navee\Desktop\Projects\MediaDna\OpenAVFF\FakeAVCeleb_v1.2\FakeAVCeleb_v1.2\FakeVideo-FakeAudio/Caucasian (European)/women/id00188\00020_id00379_fgkgYHCuk4g_id00634_wavtolip.mp4,1,FVFA,0.9999985694885254
C:\Users\navee\Desktop\Projects\MediaDna\OpenAVFF\FakeAVCeleb_v1.2\FakeAVCeleb_v1.2\FakeVideo-FakeAudio/Caucasian (European)/women/id00188\00020_id00491_ShjiTWoOtM4_id00330_wavtolip.mp4,1,FVFA,0.9999582767486572
C:\Users\navee\Desktop\Projects\MediaDna\OpenAVFF\FakeAVCeleb_v1.2\FakeAVCeleb_v1.2\FakeVideo-FakeAudio/Caucasian (European)/women/id00188\00020_id00569_gSynmpwioV4_id00262_wavtolip.mp4,1,FVFA,0.999988317489624
C:\Users\navee\Desktop\Projects\MediaDna\OpenAVFF\FakeAVCeleb_v1.2\FakeAVCeleb_v1.2\FakeVideo-FakeAudio/Caucasian (European)/women/id00188\00020_id00897_0ayFw8JhoyI_id03649_wavtolip.mp4,1,FVFA,0.9999978542327881
C:\Users\navee\Desktop\Projects\MediaDna\OpenAVFF\FakeAVCeleb_v1.2\FakeAVCeleb_v1.2\FakeVideo-FakeAudio/Caucasian (European)/women/id00188\00020_id01018_VNPt_GB5QiE_id00735_wavtolip.mp4,1,FVFA,0.9999985694885254
C:\Users\navee\Desktop\Projects\MediaDna\OpenAVFF\FakeAVCeleb_v1.2\FakeAVCeleb_v1.2\FakeVideo-FakeAudio/Caucasian (European)/women/id00188\00020_id03649_389qfFqUddI_id03620_wavtolip.mp4,1,FVFA,0.9999969005584717
C:\Users\navee\Desktop\Projects\MediaDna\OpenAVFF\FakeAVCeleb_v1.2\FakeAVCeleb_v1.2\FakeVideo-FakeAudio/Caucasian (European)/women/id00232\00025_id00068_A7uFnQw--bY_id00496_wavtolip.mp4,1,FVFA,0.9999585151672363
C:\Users\navee\Desktop\Projects\MediaDna\OpenAVFF\FakeAVCeleb_v1.2\FakeAVCeleb_v1.2\FakeVideo-FakeAudio/Caucasian (European)/women/id00232\00025_id00332__zNddcZV1EU_id03651_wavtolip.mp4,1,FVFA,0.9997068047523499
C:\Users\navee\Desktop\Projects\MediaDna\OpenAVFF\FakeAVCeleb_v1.2\FakeAVCeleb_v1.2\FakeVideo-FakeAudio/Caucasian (European)/women/id00232\00025_id00365_XV-imLNJvfk_id00897_wavtolip.mp4,1,FVFA,0.9999983310699463
C:\Users\navee\Desktop\Projects\MediaDna\OpenAVFF\FakeAVCeleb_v1.2\FakeAVCeleb_v1.2\FakeVideo-FakeAudio/Caucasian (European)/women/id00232\00025_id00484_u7YTz8eFZv0_id00270_wavtolip.mp4,1,FVFA,0.9209567308425903
C:\Users\navee\Desktop\Projects\MediaDna\OpenAVFF\FakeAVCeleb_v1.2\FakeAVCeleb_v1.2\FakeVideo-FakeAudio/Caucasian (European)/women/id00232\00025_id00495_E46aiMUC4A0_id03844_wavtolip.mp4,1,FVFA,0.9989076852798462
C:\Users\navee\Desktop\Projects\MediaDna\OpenAVFF\FakeAVCeleb_v1.2\FakeAVCeleb_v1.2\FakeVideo-FakeAudio/Caucasian (European)/women/id00232\00025_id03844_AEAEN1Lns2c_id00484_wavtolip.mp4,1,FVFA,0.9995537400245667
C:\Users\navee\Desktop\Projects\MediaDna\OpenAVFF\FakeAVCeleb_v1.2\FakeAVCeleb_v1.2\FakeVideo-FakeAudio/Caucasian (European)/women/id00234\00063_id00271_je6JSLqEEcw_id00897_wavtolip.mp4,1,FVFA,0.9999985694885254
C:\Users\navee\Desktop\Projects\MediaDna\OpenAVFF\FakeAVCeleb_v1.2\FakeAVCeleb_v1.2\FakeVideo-FakeAudio/Caucasian (European)/women/id00234\00063_id00330_zCFFgGSIZ_s_id00569_wavtolip.mp4,1,FVFA,0.9872658252716064
C:\Users\navee\Desktop\Projects\MediaDna\OpenAVFF\FakeAVCeleb_v1.2\FakeAVCeleb_v1.2\FakeVideo-FakeAudio/Caucasian (European)/women/id00234\00063_id00332__zNddcZV1EU_id00071_wavtolip.mp4,1,FVFA,0.999887228012085
C:\Users\navee\Desktop\Projects\MediaDna\OpenAVFF\FakeAVCeleb_v1.2\FakeAVCeleb_v1.2\FakeVideo-FakeAudio/Caucasian (European)/women/id00234\00063_id00403_n4LSCxzFr6o_id00826_wavtolip.mp4,1,FVFA,0.9999853372573853
C:\Users\navee\Desktop\Projects\MediaDna\OpenAVFF\FakeAVCeleb_v1.2\FakeAVCeleb_v1.2\FakeVideo-FakeAudio/Caucasian (European)/women/id00234\00063_id00434_HPXkk-HGXVI_id00188_wavtolip.mp4,1,FVFA,0.999651312828064
C:\Users\navee\Desktop\Projects\MediaDna\OpenAVFF\FakeAVCeleb_v1.2\FakeAVCeleb_v1.2\FakeVideo-FakeAudio/Caucasian (European)/women/id00234\00063_id00491_ShjiTWoOtM4_id03941_wavtolip.mp4,1,FVFA,0.9927811026573181
C:\Users\navee\Desktop\Projects\MediaDna\OpenAVFF\FakeAVCeleb_v1.2\FakeAVCeleb_v1.2\FakeVideo-FakeAudio/Caucasian (European)/women/id00234\00063_id00897_0ayFw8JhoyI_id00373_wavtolip.mp4,1,FVFA,0.9999983310699463
C:\Users\navee\Desktop\Projects\MediaDna\OpenAVFF\FakeAVCeleb_v1.2\FakeAVCeleb_v1.2\FakeVideo-FakeAudio/Caucasian (European)/women/id00234\00063_id01002_eQTviHjyISo_id03620_wavtolip.mp4,1,FVFA,0.9999980926513672
C:\Users\navee\Desktop\Projects\MediaDna\OpenAVFF\FakeAVCeleb_v1.2\FakeAVCeleb_v1.2\FakeVideo-FakeAudio/Caucasian (European)/women/id00234\00063_id03371_truKMXt8Dak_id00569_wavtolip.mp4,1,FVFA,0.9877743124961853
C:\Users\navee\Desktop\Projects\MediaDna\OpenAVFF\FakeAVCeleb_v1.2\FakeAVCeleb_v1.2\FakeVideo-FakeAudio/Caucasian (European)/women/id00262\00028_id00071_JU1cVINUTZA_id00484_wavtolip.mp4,1,FVFA,0.9995850920677185
C:\Users\navee\Desktop\Projects\MediaDna\OpenAVFF\FakeAVCeleb_v1.2\FakeAVCeleb_v1.2\FakeVideo-FakeAudio/Caucasian (European)/women/id00262\00028_id00270_hoEQ70-sDME_id03651_wavtolip.mp4,1,FVFA,0.9997164607048035
C:\Users\navee\Desktop\Projects\MediaDna\OpenAVFF\FakeAVCeleb_v1.2\FakeAVCeleb_v1.2\FakeVideo-FakeAudio/Caucasian (European)/women/id00262\00028_id00395_wM5kGJfTtEM_id03371_wavtolip.mp4,1,FVFA,0.9991182684898376
C:\Users\navee\Desktop\Projects\MediaDna\OpenAVFF\FakeAVCeleb_v1.2\FakeAVCeleb_v1.2\FakeVideo-FakeAudio/Caucasian (European)/women/id00262\00028_id00495_E46aiMUC4A0_id00591_wavtolip.mp4,1,FVFA,0.9988172650337219
C:\Users\navee\Desktop\Projects\MediaDna\OpenAVFF\FakeAVCeleb_v1.2\FakeAVCeleb_v1.2\FakeVideo-FakeAudio/Caucasian (European)/women/id00262\00028_id00496_SImaDcXQnh8_id00271_wavtolip.mp4,1,FVFA,0.9909070730209351
C:\Users\navee\Desktop\Projects\MediaDna\OpenAVFF\FakeAVCeleb_v1.2\FakeAVCeleb_v1.2\FakeVideo-FakeAudio/Caucasian (European)/women/id00262\00028_id00633_UXrTMta1EDM_id00806_wavtolip.mp4,1,FVFA,0.9671180844306946
C:\Users\navee\Desktop\Projects\MediaDna\OpenAVFF\FakeAVCeleb_v1.2\FakeAVCeleb_v1.2\FakeVideo-FakeAudio/Caucasian (European)/women/id00262\00028_id00813_dKs9CWJIkSI_id00434_wavtolip.mp4,1,FVFA,0.9955464601516724
C:\Users\navee\Desktop\Projects\MediaDna\OpenAVFF\FakeAVCeleb_v1.2\FakeAVCeleb_v1.2\FakeVideo-FakeAudio/Caucasian (European)/women/id00262\00028_id03816_XXD0yTNei50_id03716_wavtolip.mp4,1,FVFA,0.9976320266723633
C:\Users\navee\Desktop\Projects\MediaDna\OpenAVFF\FakeAVCeleb_v1.2\FakeAVCeleb_v1.2\FakeVideo-FakeAudio/Caucasian (European)/women/id00262\00028_id03941_SsYtP8Ze88Q_id00325_wavtolip.mp4,1,FVFA,0.9983518123626709
C:\Users\navee\Desktop\Projects\MediaDna\OpenAVFF\FakeAVCeleb_v1.2\FakeAVCeleb_v1.2\FakeVideo-FakeAudio/Caucasian (European)/women/id00270\00088_id00188_e-vm5FB3idA_id00403_wavtolip.mp4,1,FVFA,0.9999990463256836
C:\Users\navee\Desktop\Projects\MediaDna\OpenAVFF\FakeAVCeleb_v1.2\FakeAVCeleb_v1.2\FakeVideo-FakeAudio/Caucasian (European)/women/id00270\00088_id00262_3p7sRWAAh1Q_id00484_wavtolip.mp4,1,FVFA,0.9995885491371155
C:\Users\navee\Desktop\Projects\MediaDna\OpenAVFF\FakeAVCeleb_v1.2\FakeAVCeleb_v1.2\FakeVideo-FakeAudio/Caucasian (European)/women/id00270\00088_id00287_2NpfYjyMsPM_id00042_wavtolip.mp4,1,FVFA,0.9749886393547058
C:\Users\navee\Desktop\Projects\MediaDna\OpenAVFF\FakeAVCeleb_v1.2\FakeAVCeleb_v1.2\FakeVideo-FakeAudio/Caucasian (European)/women/id00270\00088_id00332__zNddcZV1EU_id00042_wavtolip.mp4,1,FVFA,0.9752990007400513
C:\Users\navee\Desktop\Projects\MediaDna\OpenAVFF\FakeAVCeleb_v1.2\FakeAVCeleb_v1.2\FakeVideo-FakeAudio/Caucasian (European)/women/id00270\00088_id00379_fgkgYHCuk4g_id03858_wavtolip.mp4,1,FVFA,0.9999978542327881
C:\Users\navee\Desktop\Projects\MediaDna\OpenAVFF\FakeAVCeleb_v1.2\FakeAVCeleb_v1.2\FakeVideo-FakeAudio/Caucasian (European)/women/id00270\00088_id00395_wM5kGJfTtEM_id03371_wavtolip.mp4,1,FVFA,0.9999982118606567
C:\Users\navee\Desktop\Projects\MediaDna\OpenAVFF\FakeAVCeleb_v1.2\FakeAVCeleb_v1.2\FakeVideo-FakeAudio/Caucasian (European)/women/id00270\00088_id00569_gSynmpwioV4_id00897_wavtolip.mp4,1,FVFA,0.9999982118606567
C:\Users\navee\Desktop\Projects\MediaDna\OpenAVFF\FakeAVCeleb_v1.2\FakeAVCeleb_v1.2\FakeVideo-FakeAudio/Caucasian (European)/women/id00270\00088_id00591_1Jo8xElXQMs_id00330_wavtolip.mp4,1,FVFA,0.9999974966049194
C:\Users\navee\Desktop\Projects\MediaDna\OpenAVFF\FakeAVCeleb_v1.2\FakeAVCeleb_v1.2\FakeVideo-FakeAudio/Caucasian (European)/women/id00270\00088_id00633_UXrTMta1EDM_id03649_wavtolip.mp4,1,FVFA,0.9948765635490417
C:\Users\navee\Desktop\Projects\MediaDna\OpenAVFF\FakeAVCeleb_v1.2\FakeAVCeleb_v1.2\FakeVideo-FakeAudio/Caucasian (European)/women/id00270\00088_id03858_uKVqPfRf-ac_id00042_wavtolip.mp4,1,FVFA,0.9753085374832153
C:\Users\navee\Desktop\Projects\MediaDna\OpenAVFF\FakeAVCeleb_v1.2\FakeAVCeleb_v1.2\FakeVideo-FakeAudio/Caucasian (European)/women/id00271\00028_id00287_2NpfYjyMsPM_id03589_wavtolip.mp4,1,FVFA,0.9999973773956299
C:\Users\navee\Desktop\Projects\MediaDna\OpenAVFF\FakeAVCeleb_v1.2\FakeAVCeleb_v1.2\FakeVideo-FakeAudio/Caucasian (European)/women/id00271\00028_id00330_zCFFgGSIZ_s_id00826_wavtolip.mp4,1,FVFA,0.9999991655349731
C:\Users\navee\Desktop\Projects\MediaDna\OpenAVFF\FakeAVCeleb_v1.2\FakeAVCeleb_v1.2\FakeVideo-FakeAudio/Caucasian (European)/women/id00271\00028_id00365_XV-imLNJvfk_id00826_wavtolip.mp4,1,FVFA,0.9999991655349731
C:\Users\navee\Desktop\Projects\MediaDna\OpenAVFF\FakeAVCeleb_v1.2\FakeAVCeleb_v1.2\FakeVideo-FakeAudio/Caucasian (European)/women/id00271\00028_id00395_wM5kGJfTtEM_id00484_wavtolip.mp4,1,FVFA,0.999992847442627
C:\Users\navee\Desktop\Projects\MediaDna\OpenAVFF\FakeAVCeleb_v1.2\FakeAVCeleb_v1.2\FakeVideo-FakeAudio/Caucasian (European)/women/id00271\00028_id00484_u7YTz8eFZv0_id00591_wavtolip.mp4,1,FVFA,0.9999974966049194
C:\Users\navee\Desktop\Projects\MediaDna\OpenAVFF\FakeAVCeleb_v1.2\FakeAVCeleb_v1.2\FakeVideo-FakeAudio/Caucasian (European)/women/id00271\00028_id00495_E46aiMUC4A0_id00569_wavtolip.mp4,1,FVFA,0.9998964071273804
C:\Users\navee\Desktop\Projects\MediaDna\OpenAVFF\FakeAVCeleb_v1.2\FakeAVCeleb_v1.2\FakeVideo-FakeAudio/Caucasian (European)/women/id00271\00028_id00633_UXrTMta1EDM_id01018_wavtolip.mp4,1,FVFA,0.9999983310699463
C:\Users\navee\Desktop\Projects\MediaDna\OpenAVFF\FakeAVCeleb_v1.2\FakeAVCeleb_v1.2\FakeVideo-FakeAudio/Caucasian (European)/women/id00271\00028_id00634_z5t9oJizDQg_id00328_wavtolip.mp4,1,FVFA,0.9999984502792358
C:\Users\navee\Desktop\Projects\MediaDna\OpenAVFF\FakeAVCeleb_v1.2\FakeAVCeleb_v1.2\FakeVideo-FakeAudio/Caucasian (European)/women/id00271\00028_id00826_MYagwzy91Yk_id00271_wavtolip.mp4,1,FVFA,0.9999972581863403
C:\Users\navee\Desktop\Projects\MediaDna\OpenAVFF\FakeAVCeleb_v1.2\FakeAVCeleb_v1.2\FakeVideo-FakeAudio/Caucasian (European)/women/id00271\00028_id03844_AEAEN1Lns2c_id00633_wavtolip.mp4,1,FVFA,0.9999949932098389
C:\Users\navee\Desktop\Projects\MediaDna\OpenAVFF\FakeAVCeleb_v1.2\FakeAVCeleb_v1.2\FakeVideo-FakeAudio/Caucasian (European)/women/id00287\00005_id00262_3p7sRWAAh1Q_id00826_wavtolip.mp4,1,FVFA,0.9999991655349731
C:\Users\navee\Desktop\Projects\MediaDna\OpenAVFF\FakeAVCeleb_v1.2\FakeAVCeleb_v1.2\FakeVideo-FakeAudio/Caucasian (European)/women/id00287\00005_id00271_je6JSLqEEcw_id00232_wavtolip.mp4,1,FVFA,0.9999902248382568
C:\Users\navee\Desktop\Projects\MediaDna\OpenAVFF\FakeAVCeleb_v1.2\FakeAVCeleb_v1.2\FakeVideo-FakeAudio/Caucasian (European)/women/id00287\00005_id00325_4vJtbNe0L98_id00826_wavtolip.mp4,1,FVFA,0.9999991655349731
C:\Users\navee\Desktop\Projects\MediaDna\OpenAVFF\FakeAVCeleb_v1.2\FakeAVCeleb_v1.2\FakeVideo-FakeAudio/Caucasian (European)/women/id00287\00005_id00379_fgkgYHCuk4g_id00484_wavtolip.mp4,1,FVFA,0.9999935626983643
C:\Users\navee\Desktop\Projects\MediaDna\OpenAVFF\FakeAVCeleb_v1.2\FakeAVCeleb_v1.2\FakeVideo-FakeAudio/Caucasian (European)/women/id00287\00005_id00496_SImaDcXQnh8_id00373_wavtolip.mp4,1,FVFA,0.9999970197677612
C:\Users\navee\Desktop\Projects\MediaDna\OpenAVFF\FakeAVCeleb_v1.2\FakeAVCeleb_v1.2\FakeVideo-FakeAudio/Caucasian (European)/women/id00287\00005_id03589_9NxOQlwpMys_id00287_wavtolip.mp4,1,FVFA,0.9999990463256836
C:\Users\navee\Desktop\Projects\MediaDna\OpenAVFF\FakeAVCeleb_v1.2\FakeAVCeleb_v1.2\FakeVideo-FakeAudio/Caucasian (European)/women/id00287\00005_id03620_YkXM5A8w07E_id03858_wavtolip.mp4,1,FVFA,0.9999951124191284
C:\Users\navee\Desktop\Projects\MediaDna\OpenAVFF\FakeAVCeleb_v1.2\FakeAVCeleb_v1.2\FakeVideo-FakeAudio/Caucasian (European)/women/id00325\00015_id00042_4yuJSkaZwn0_id00826_wavtolip.mp4,1,FVFA,0.9999849796295166
C:\Users\navee\Desktop\Projects\MediaDna\OpenAVFF\FakeAVCeleb_v1.2\FakeAVCeleb_v1.2\FakeVideo-FakeAudio/Caucasian (European)/women/id00325\00015_id00287_2NpfYjyMsPM_id03371_wavtolip.mp4,1,FVFA,0.9999983310699463
C:\Users\navee\Desktop\Projects\MediaDna\OpenAVFF\FakeAVCeleb_v1.2\FakeAVCeleb_v1.2\FakeVideo-FakeAudio/Caucasian (European)/women/id00325\00015_id00365_XV-imLNJvfk_id00332_wavtolip.mp4,1,FVFA,0.9921831488609314
C:\Users\navee\Desktop\Projects\MediaDna\OpenAVFF\FakeAVCeleb_v1.2\FakeAVCeleb_v1.2\FakeVideo-FakeAudio/Caucasian (European)/women/id00325\00015_id00897_0ayFw8JhoyI_id00484_wavtolip.mp4,1,FVFA,0.9995772242546082
C:\Users\navee\Desktop\Projects\MediaDna\OpenAVFF\FakeAVCeleb_v1.2\FakeAVCeleb_v1.2\FakeVideo-FakeAudio/Caucasian (European)/women/id00325\00015_id01002_eQTviHjyISo_id00325_wavtolip.mp4,1,FVFA,0.9999988079071045
C:\Users\navee\Desktop\Projects\MediaDna\OpenAVFF\FakeAVCeleb_v1.2\FakeAVCeleb_v1.2\FakeVideo-FakeAudio/Caucasian (European)/women/id00325\00015_id03620_YkXM5A8w07E_id03844_wavtolip.mp4,1,FVFA,0.9989050626754761
C:\Users\navee\Desktop\Projects\MediaDna\OpenAVFF\FakeAVCeleb_v1.2\FakeAVCeleb_v1.2\FakeVideo-FakeAudio/Caucasian (European)/women/id00325\00015_id03649_389qfFqUddI_id00330_wavtolip.mp4,1,FVFA,0.9867776036262512
C:\Users\navee\Desktop\Projects\MediaDna\OpenAVFF\FakeAVCeleb_v1.2\FakeAVCeleb_v1.2\FakeVideo-FakeAudio/Caucasian (European)/women/id00325\00015_id03651_EjcoRkL6loI_id00806_wavtolip.mp4,1,FVFA,0.9999834299087524
C:\Users\navee\Desktop\Projects\MediaDna\OpenAVFF\FakeAVCeleb_v1.2\FakeAVCeleb_v1.2\FakeVideo-FakeAudio/Caucasian (European)/women/id00328\00092_id00188_e-vm5FB3idA_id00271_wavtolip.mp4,1,FVFA,0.9894776940345764
C:\Users\navee\Desktop\Projects\MediaDna\OpenAVFF\FakeAVCeleb_v1.2\FakeAVCeleb_v1.2\FakeVideo-FakeAudio/Caucasian (European)/women/id00328\00092_id00232_kL0cCveU1zg_id03716_wavtolip.mp4,1,FVFA,0.9999961853027344
C:\Users\navee\Desktop\Projects\MediaDna\OpenAVFF\FakeAVCeleb_v1.2\FakeAVCeleb_v1.2\FakeVideo-FakeAudio/Caucasian (European)/women/id00328\00092_id00373_5NXv3Dxkd6E_id03844_wavtolip.mp4,1,FVFA,0.9988598823547363
C:\Users\navee\Desktop\Projects\MediaDna\OpenAVFF\FakeAVCeleb_v1.2\FakeAVCeleb_v1.2\FakeVideo-FakeAudio/Caucasian (European)/women/id00328\00092_id00403_n4LSCxzFr6o_id00806_wavtolip.mp4,1,FVFA,0.9999203681945801
C:\Users\navee\Desktop\Projects\MediaDna\OpenAVFF\FakeAVCeleb_v1.2\FakeAVCeleb_v1.2\FakeVideo-FakeAudio/Caucasian (European)/women/id00328\00092_id00484_u7YTz8eFZv0_id00496_wavtolip.mp4,1,FVFA,0.9998939037322998
C:\Users\navee\Desktop\Projects\MediaDna\OpenAVFF\FakeAVCeleb_v1.2\FakeAVCeleb_v1.2\FakeVideo-FakeAudio/Caucasian (European)/women/id00328\00092_id00495_E46aiMUC4A0_id03844_wavtolip.mp4,1,FVFA,0.9988692402839661
C:\Users\navee\Desktop\Projects\MediaDna\OpenAVFF\FakeAVCeleb_v1.2\FakeAVCeleb_v1.2\FakeVideo-FakeAudio/Caucasian (European)/women/id00328\00092_id03371_truKMXt8Dak_id00328_wavtolip.mp4,1,FVFA,0.999998927116394
C:\Users\navee\Desktop\Projects\MediaDna\OpenAVFF\FakeAVCeleb_v1.2\FakeAVCeleb_v1.2\FakeVideo-FakeAudio/Caucasian (European)/women/id00328\00092_id03620_YkXM5A8w07E_id03858_wavtolip.mp4,1,FVFA,0.9999973773956299
C:\Users\navee\Desktop\Projects\MediaDna\OpenAVFF\FakeAVCeleb_v1.2\FakeAVCeleb_v1.2\FakeVideo-FakeAudio/Caucasian (European)/women/id00328\00092_id03858_uKVqPfRf-ac_id00634_wavtolip.mp4,1,FVFA,0.9999984502792358
C:\Users\navee\Desktop\Projects\MediaDna\OpenAVFF\FakeAVCeleb_v1.2\FakeAVCeleb_v1.2\FakeVideo-FakeAudio/Caucasian (European)/women/id00330\00118_id00332__zNddcZV1EU_id00328_wavtolip.mp4,1,FVFA,0.9982724189758301
C:\Users\navee\Desktop\Projects\MediaDna\OpenAVFF\FakeAVCeleb_v1.2\FakeAVCeleb_v1.2\FakeVideo-FakeAudio/Caucasian (European)/women/id00330\00118_id00374_w1qI7y9AGTc_id00735_wavtolip.mp4,1,FVFA,0.9990801811218262
C:\Users\navee\Desktop\Projects\MediaDna\OpenAVFF\FakeAVCeleb_v1.2\FakeAVCeleb_v1.2\FakeVideo-FakeAudio/Caucasian (European)/women/id00330\00118_id00434_HPXkk-HGXVI_id03371_wavtolip.mp4,1,FVFA,0.9999983310699463
C:\Users\navee\Desktop\Projects\MediaDna\OpenAVFF\FakeAVCeleb_v1.2\FakeAVCeleb_v1.2\FakeVideo-FakeAudio/Caucasian (European)/women/id00330\00118_id00581_7AxvP19LGKg_id00271_wavtolip.mp4,1,FVFA,0.9889923930168152
C:\Users\navee\Desktop\Projects\MediaDna\OpenAVFF\FakeAVCeleb_v1.2\FakeAVCeleb_v1.2\FakeVideo-FakeAudio/Caucasian (European)/women/id00330\00118_id03371_truKMXt8Dak_id00328_wavtolip.mp4,1,FVFA,0.998272180557251
C:\Users\navee\Desktop\Projects\MediaDna\OpenAVFF\FakeAVCeleb_v1.2\FakeAVCeleb_v1.2\FakeVideo-FakeAudio/Caucasian (European)/women/id00330\00118_id03844_AEAEN1Lns2c_id00395_wavtolip.mp4,1,FVFA,0.9624217748641968
C:\Users\navee\Desktop\Projects\MediaDna\OpenAVFF\FakeAVCeleb_v1.2\FakeAVCeleb_v1.2\FakeVideo-FakeAudio/Caucasian (European)/women/id00332\00293_id00270_hoEQ70-sDME_id00042_wavtolip.mp4,1,FVFA,0.9772399067878723
C:\Users\navee\Desktop\Projects\MediaDna\OpenAVFF\FakeAVCeleb_v1.2\FakeAVCeleb_v1.2\FakeVideo-FakeAudio/Caucasian (European)/women/id00332\00293_id00330_zCFFgGSIZ_s_id03844_wavtolip.mp4,1,FVFA,0.9989305138587952
C:\Users\navee\Desktop\Projects\MediaDna\OpenAVFF\FakeAVCeleb_v1.2\FakeAVCeleb_v1.2\FakeVideo-FakeAudio/Caucasian (European)/women/id00332\00293_id00434_HPXkk-HGXVI_id00735_wavtolip.mp4,1,FVFA,0.9991740584373474
C:\Users\navee\Desktop\Projects\MediaDna\OpenAVFF\FakeAVCeleb_v1.2\FakeAVCeleb_v1.2\FakeVideo-FakeAudio/Caucasian (European)/women/id00332\00293_id00591_1Jo8xElXQMs_id00325_wavtolip.mp4,1,FVFA,0.9999988079071045
C:\Users\navee\Desktop\Projects\MediaDna\OpenAVFF\FakeAVCeleb_v1.2\FakeAVCeleb_v1.2\FakeVideo-FakeAudio/Caucasian (European)/women/id00332\00293_id00633_UXrTMta1EDM_id00826_wavtolip.mp4,1,FVFA,0.999984860420227
C:\Users\navee\Desktop\Projects\MediaDna\OpenAVFF\FakeAVCeleb_v1.2\FakeAVCeleb_v1.2\FakeVideo-FakeAudio/Caucasian (European)/women/id00332\00293_id00897_0ayFw8JhoyI_id00373_wavtolip.mp4,1,FVFA,0.9999979734420776
C:\Users\navee\Desktop\Projects\MediaDna\OpenAVFF\FakeAVCeleb_v1.2\FakeAVCeleb_v1.2\FakeVideo-FakeAudio/Caucasian (European)/women/id00332\00293_id03858_uKVqPfRf-ac_id00569_wavtolip.mp4,1,FVFA,0.9891208410263062
C:\Users\navee\Desktop\Projects\MediaDna\OpenAVFF\FakeAVCeleb_v1.2\FakeAVCeleb_v1.2\FakeVideo-FakeAudio/Caucasian (European)/women/id00365\00078_id00068_A7uFnQw--bY_id01002_wavtolip.mp4,1,FVFA,0.9999427795410156
C:\Users\navee\Desktop\Projects\MediaDna\OpenAVFF\FakeAVCeleb_v1.2\FakeAVCeleb_v1.2\FakeVideo-FakeAudio/Caucasian (European)/women/id00365\00078_id00232_kL0cCveU1zg_id00071_wavtolip.mp4,1,FVFA,0.9998886585235596
C:\Users\navee\Desktop\Projects\MediaDna\OpenAVFF\FakeAVCeleb_v1.2\FakeAVCeleb_v1.2\FakeVideo-FakeAudio/Caucasian (European)/women/id00365\00078_id00287_2NpfYjyMsPM_id00581_wavtolip.mp4,1,FVFA,0.9999948740005493
C:\Users\navee\Desktop\Projects\MediaDna\OpenAVFF\FakeAVCeleb_v1.2\FakeAVCeleb_v1.2\FakeVideo-FakeAudio/Caucasian (European)/women/id00365\00078_id00495_E46aiMUC4A0_id03716_wavtolip.mp4,1,FVFA,0.9999964237213135
C:\Users\navee\Desktop\Projects\MediaDna\OpenAVFF\FakeAVCeleb_v1.2\FakeAVCeleb_v1.2\FakeVideo-FakeAudio/Caucasian (European)/women/id00365\00078_id00813_dKs9CWJIkSI_id00735_wavtolip.mp4,1,FVFA,0.9999986886978149
C:\Users\navee\Desktop\Projects\MediaDna\OpenAVFF\FakeAVCeleb_v1.2\FakeAVCeleb_v1.2\FakeVideo-FakeAudio/Caucasian (European)/women/id00365\00078_id03858_uKVqPfRf-ac_id00569_wavtolip.mp4,1,FVFA,0.9877538084983826
C:\Users\navee\Desktop\Projects\MediaDna\OpenAVFF\FakeAVCeleb_v1.2\FakeAVCeleb_v1.2\FakeVideo-FakeAudio/Caucasian (European)/women/id00373\00028_id00188_e-vm5FB3idA_id00634_wavtolip.mp4,1,FVFA,0.9995477795600891
C:\Users\navee\Desktop\Projects\MediaDna\OpenAVFF\FakeAVCeleb_v1.2\FakeAVCeleb_v1.2\FakeVideo-FakeAudio/Caucasian (European)/women/id00373\00028_id00328_ytKnCbJSEcU_id03716_wavtolip.mp4,1,FVFA,0.9976123571395874
C:\Users\navee\Desktop\Projects\MediaDna\OpenAVFF\FakeAVCeleb_v1.2\FakeAVCeleb_v1.2\FakeVideo-FakeAudio/Caucasian (European)/women/id00373\00028_id00330_zCFFgGSIZ_s_id03651_wavtolip.mp4,1,FVFA,0.9997013211250305
C:\Users\navee\Desktop\Projects\MediaDna\OpenAVFF\FakeAVCeleb_v1.2\FakeAVCeleb_v1.2\FakeVideo-FakeAudio/Caucasian (European)/women/id00373\00028_id00374_w1qI7y9AGTc_id00826_wavtolip.mp4,1,FVFA,0.9999849796295166
C:\Users\navee\Desktop\Projects\MediaDna\OpenAVFF\FakeAVCeleb_v1.2\FakeAVCeleb_v1.2\FakeVideo-FakeAudio/Caucasian (European)/women/id00373\00028_id00484_u7YTz8eFZv0_id00823_wavtolip.mp4,1,FVFA,0.9998750686645508
C:\Users\navee\Desktop\Projects\MediaDna\OpenAVFF\FakeAVCeleb_v1.2\FakeAVCeleb_v1.2\FakeVideo-FakeAudio/Caucasian (European)/women/id00373\00028_id00495_E46aiMUC4A0_id03651_wavtolip.mp4,1,FVFA,0.9997076392173767
C:\Users\navee\Desktop\Projects\MediaDna\OpenAVFF\FakeAVCeleb_v1.2\FakeAVCeleb_v1.2\FakeVideo-FakeAudio/Caucasian (European)/women/id00373\00028_id00569_gSynmpwioV4_id00262_wavtolip.mp4,1,FVFA,0.9999933242797852
C:\Users\navee\Desktop\Projects\MediaDna\OpenAVFF\FakeAVCeleb_v1.2\FakeAVCeleb_v1.2\FakeVideo-FakeAudio/Caucasian (European)/women/id00373\00028_id00589_uOzKwYEVR6s_id00330_wavtolip.mp4,1,FVFA,0.9856566190719604
C:\Users\navee\Desktop\Projects\MediaDna\OpenAVFF\FakeAVCeleb_v1.2\FakeAVCeleb_v1.2\FakeVideo-FakeAudio/Caucasian (European)/women/id00373\00028_id00823_KgExwCvgrUk_id00434_wavtolip.mp4,1,FVFA,0.9952136278152466
C:\Users\navee\Desktop\Projects\MediaDna\OpenAVFF\FakeAVCeleb_v1.2\FakeAVCeleb_v1.2\FakeVideo-FakeAudio/Caucasian (European)/women/id00373\00028_id00897_0ayFw8JhoyI_id00271_wavtolip.mp4,1,FVFA,0.9907259941101074
C:\Users\navee\Desktop\Projects\MediaDna\OpenAVFF\FakeAVCeleb_v1.2\FakeAVCeleb_v1.2\FakeVideo-FakeAudio/Caucasian (European)/women/id00374\00311_id00188_e-vm5FB3idA_id00735_wavtolip.mp4,1,FVFA,0.9991406202316284
C:\Users\navee\Desktop\Projects\MediaDna\OpenAVFF\FakeAVCeleb_v1.2\FakeAVCeleb_v1.2\FakeVideo-FakeAudio/Caucasian (European)/women/id00374\00311_id00262_3p7sRWAAh1Q_id00823_wavtolip.mp4,1,FVFA,0.9998730421066284
C:\Users\navee\Desktop\Projects\MediaDna\OpenAVFF\FakeAVCeleb_v1.2\FakeAVCeleb_v1.2\FakeVideo-FakeAudio/Caucasian (European)/women/id00374\00311_id00330_zCFFgGSIZ_s_id00071_wavtolip.mp4,1,FVFA,0.9998776912689209
C:\Users\navee\Desktop\Projects\MediaDna\OpenAVFF\FakeAVCeleb_v1.2\FakeAVCeleb_v1.2\FakeVideo-FakeAudio/Caucasian (European)/women/id00374\00311_id00373_5NXv3Dxkd6E_id00234_wavtolip.mp4,1,FVFA,0.999997615814209
C:\Users\navee\Desktop\Projects\MediaDna\OpenAVFF\FakeAVCeleb_v1.2\FakeAVCeleb_v1.2\FakeVideo-FakeAudio/Caucasian (European)/women/id00374\00311_id00434_HPXkk-HGXVI_id03649_wavtolip.mp4,1,FVFA,0.9951151609420776
C:\Users\navee\Desktop\Projects\MediaDna\OpenAVFF\FakeAVCeleb_v1.2\FakeAVCeleb_v1.2\FakeVideo-FakeAudio/Caucasian (European)/women/id00374\00311_id00633_UXrTMta1EDM_id00071_wavtolip.mp4,1,FVFA,0.9998835325241089
C:\Users\navee\Desktop\Projects\MediaDna\OpenAVFF\FakeAVCeleb_v1.2\FakeAVCeleb_v1.2\FakeVideo-FakeAudio/Caucasian (European)/women/id00374\00311_id00826_MYagwzy91Yk_id00813_wavtolip.mp4,1,FVFA,0.9999949932098389
C:\Users\navee\Desktop\Projects\MediaDna\OpenAVFF\FakeAVCeleb_v1.2\FakeAVCeleb_v1.2\FakeVideo-FakeAudio/Caucasian (European)/women/id00374\00311_id03620_YkXM5A8w07E_id00495_wavtolip.mp4,1,FVFA,0.9981822967529297
C:\Users\navee\Desktop\Projects\MediaDna\OpenAVFF\FakeAVCeleb_v1.2\FakeAVCeleb_v1.2\FakeVideo-FakeAudio/Caucasian (European)/women/id00379\00043_id00262_3p7sRWAAh1Q_id00188_wavtolip.mp4,1,FVFA,0.999607503414154
C:\Users\navee\Desktop\Projects\MediaDna\OpenAVFF\FakeAVCeleb_v1.2\FakeAVCeleb_v1.2\FakeVideo-FakeAudio/Caucasian (European)/women/id00379\00043_id00270_hoEQ70-sDME_id03371_wavtolip.mp4,1,FVFA,0.999997615814209
C:\Users\navee\Desktop\Projects\MediaDna\OpenAVFF\FakeAVCeleb_v1.2\FakeAVCeleb_v1.2\FakeVideo-FakeAudio/Caucasian (European)/women/id00379\00043_id00287_2NpfYjyMsPM_id00735_wavtolip.mp4,1,FVFA,0.9999985694885254
C:\Users\navee\Desktop\Projects\MediaDna\OpenAVFF\FakeAVCeleb_v1.2\FakeAVCeleb_v1.2\FakeVideo-FakeAudio/Caucasian (European)/women/id00379\00043_id00496_SImaDcXQnh8_id00395_wavtolip.mp4,1,FVFA,0.9663553237915039
C:\Users\navee\Desktop\Projects\MediaDna\OpenAVFF\FakeAVCeleb_v1.2\FakeAVCeleb_v1.2\FakeVideo-FakeAudio/Caucasian (European)/women/id00379\00043_id00633_UXrTMta1EDM_id00325_wavtolip.mp4,1,FVFA,0.9999979734420776
C:\Users\navee\Desktop\Projects\MediaDna\OpenAVFF\FakeAVCeleb_v1.2\FakeAVCeleb_v1.2\FakeVideo-FakeAudio/Caucasian (European)/women/id00379\00043_id00806_0sk9s9lFIAk_id00581_wavtolip.mp4,1,FVFA,0.9999939203262329
C:\Users\navee\Desktop\Projects\MediaDna\OpenAVFF\FakeAVCeleb_v1.2\FakeAVCeleb_v1.2\FakeVideo-FakeAudio/Caucasian (European)/women/id00379\00043_id00897_0ayFw8JhoyI_id00271_wavtolip.mp4,1,FVFA,0.9901289343833923
C:\Users\navee\Desktop\Projects\MediaDna\OpenAVFF\FakeAVCeleb_v1.2\FakeAVCeleb_v1.2\FakeVideo-FakeAudio/Caucasian (European)/women/id00379\00043_id03716_s-lxbGafZQA_id03620_wavtolip.mp4,1,FVFA,0.9999977350234985
C:\Users\navee\Desktop\Projects\MediaDna\OpenAVFF\FakeAVCeleb_v1.2\FakeAVCeleb_v1.2\FakeVideo-FakeAudio/Caucasian (European)/women/id00395\00420_id00068_A7uFnQw--bY_id03941_wavtolip.mp4,1,FVFA,0.9929768443107605
C:\Users\navee\Desktop\Projects\MediaDna\OpenAVFF\FakeAVCeleb_v1.2\FakeAVCeleb_v1.2\FakeVideo-FakeAudio/Caucasian (European)/women/id00395\00420_id00262_3p7sRWAAh1Q_id03844_wavtolip.mp4,1,FVFA,0.9999945163726807
C:\Users\navee\Desktop\Projects\MediaDna\OpenAVFF\FakeAVCeleb_v1.2\FakeAVCeleb_v1.2\FakeVideo-FakeAudio/Caucasian (European)/women/id00395\00420_id00581_7AxvP19LGKg_id00591_wavtolip.mp4,1,FVFA,0.9988293051719666
C:\Users\navee\Desktop\Projects\MediaDna\OpenAVFF\FakeAVCeleb_v1.2\FakeAVCeleb_v1.2\FakeVideo-FakeAudio/Caucasian (European)/women/id00395\00420_id00813_dKs9CWJIkSI_id00071_wavtolip.mp4,1,FVFA,0.999893069267273
C:\Users\navee\Desktop\Projects\MediaDna\OpenAVFF\FakeAVCeleb_v1.2\FakeAVCeleb_v1.2\FakeVideo-FakeAudio/Caucasian (European)/women/id00395\00420_id00823_KgExwCvgrUk_id03589_wavtolip.mp4,1,FVFA,0.9999973773956299
C:\Users\navee\Desktop\Projects\MediaDna\OpenAVFF\FakeAVCeleb_v1.2\FakeAVCeleb_v1.2\FakeVideo-FakeAudio/Caucasian (European)/women/id00395\00420_id03716_s-lxbGafZQA_id00328_wavtolip.mp4,1,FVFA,0.9999990463256836
C:\Users\navee\Desktop\Projects\MediaDna\OpenAVFF\FakeAVCeleb_v1.2\FakeAVCeleb_v1.2\FakeVideo-FakeAudio/Caucasian (European)/women/id00395\00420_id03816_XXD0yTNei50_id00188_wavtolip.mp4,1,FVFA,0.9999970197677612
C:\Users\navee\Desktop\Projects\MediaDna\OpenAVFF\FakeAVCeleb_v1.2\FakeAVCeleb_v1.2\FakeVideo-FakeAudio/Caucasian (European)/women/id00395\00420_id03858_uKVqPfRf-ac_id00826_wavtolip.mp4,1,FVFA,0.9999992847442627
C:\Users\navee\Desktop\Projects\MediaDna\OpenAVFF\FakeAVCeleb_v1.2\FakeAVCeleb_v1.2\FakeVideo-FakeAudio/Caucasian (European)/women/id00403\00052_id00071_JU1cVINUTZA_id00806_wavtolip.mp4,1,FVFA,0.9999808073043823
C:\Users\navee\Desktop\Projects\MediaDna\OpenAVFF\FakeAVCeleb_v1.2\FakeAVCeleb_v1.2\FakeVideo-FakeAudio/Caucasian (European)/women/id00403\00052_id00188_e-vm5FB3idA_id03844_wavtolip.mp4,1,FVFA,0.9989099502563477
C:\Users\navee\Desktop\Projects\MediaDna\OpenAVFF\FakeAVCeleb_v1.2\FakeAVCeleb_v1.2\FakeVideo-FakeAudio/Caucasian (European)/women/id00403\00052_id00234_M3g5KRLJB60_id00434_wavtolip.mp4,1,FVFA,0.9999974966049194
C:\Users\navee\Desktop\Projects\MediaDna\OpenAVFF\FakeAVCeleb_v1.2\FakeAVCeleb_v1.2\FakeVideo-FakeAudio/Caucasian (European)/women/id00403\00052_id00271_je6JSLqEEcw_id00581_wavtolip.mp4,1,FVFA,0.999990701675415
C:\Users\navee\Desktop\Projects\MediaDna\OpenAVFF\FakeAVCeleb_v1.2\FakeAVCeleb_v1.2\FakeVideo-FakeAudio/Caucasian (European)/women/id00403\00052_id00287_2NpfYjyMsPM_id00379_wavtolip.mp4,1,FVFA,0.876960813999176
C:\Users\navee\Desktop\Projects\MediaDna\OpenAVFF\FakeAVCeleb_v1.2\FakeAVCeleb_v1.2\FakeVideo-FakeAudio/Caucasian (European)/women/id00403\00052_id00374_w1qI7y9AGTc_id00271_wavtolip.mp4,1,FVFA,0.9897750616073608
C:\Users\navee\Desktop\Projects\MediaDna\OpenAVFF\FakeAVCeleb_v1.2\FakeAVCeleb_v1.2\FakeVideo-FakeAudio/Caucasian (European)/women/id00403\00052_id00484_u7YTz8eFZv0_id00188_wavtolip.mp4,1,FVFA,0.9996150732040405
C:\Users\navee\Desktop\Projects\MediaDna\OpenAVFF\FakeAVCeleb_v1.2\FakeAVCeleb_v1.2\FakeVideo-FakeAudio/Caucasian (European)/women/id00403\00052_id00897_0ayFw8JhoyI_id00403_wavtolip.mp4,1,FVFA,0.999998927116394
C:\Users\navee\Desktop\Projects\MediaDna\OpenAVFF\FakeAVCeleb_v1.2\FakeAVCeleb_v1.2\FakeVideo-FakeAudio/Caucasian (European)/women/id00403\00052_id03649_389qfFqUddI_id00042_wavtolip.mp4,1,FVFA,0.9751318693161011
C:\Users\navee\Desktop\Projects\MediaDna\OpenAVFF\FakeAVCeleb_v1.2\FakeAVCeleb_v1.2\FakeVideo-FakeAudio/Caucasian (European)/women/id00434\00046_id00068_A7uFnQw--bY_id03651_wavtolip.mp4,1,FVFA,0.9997119307518005
C:\Users\navee\Desktop\Projects\MediaDna\OpenAVFF\FakeAVCeleb_v1.2\FakeAVCeleb_v1.2\FakeVideo-FakeAudio/Caucasian (European)/women/id00434\00046_id00330_zCFFgGSIZ_s_id03716_wavtolip.mp4,1,FVFA,0.9999973773956299
C:\Users\navee\Desktop\Projects\MediaDna\OpenAVFF\FakeAVCeleb_v1.2\FakeAVCeleb_v1.2\FakeVideo-FakeAudio/Caucasian (European)/women/id00434\00046_id00332__zNddcZV1EU_id00806_wavtolip.mp4,1,FVFA,0.9999954700469971
C:\Users\navee\Desktop\Projects\MediaDna\OpenAVFF\FakeAVCeleb_v1.2\FakeAVCeleb_v1.2\FakeVideo-FakeAudio/Caucasian (European)/women/id00434\00046_id00374_w1qI7y9AGTc_id00332_wavtolip.mp4,1,FVFA,0.992112398147583
C:\Users\navee\Desktop\Projects\MediaDna\OpenAVFF\FakeAVCeleb_v1.2\FakeAVCeleb_v1.2\FakeVideo-FakeAudio/Caucasian (European)/women/id00434\00046_id00569_gSynmpwioV4_id00071_wavtolip.mp4,1,FVFA,0.9998844861984253
C:\Users\navee\Desktop\Projects\MediaDna\OpenAVFF\FakeAVCeleb_v1.2\FakeAVCeleb_v1.2\FakeVideo-FakeAudio/Caucasian (European)/women/id00434\00046_id00591_1Jo8xElXQMs_id00569_wavtolip.mp4,1,FVFA,0.986178994178772
C:\Users\navee\Desktop\Projects\MediaDna\OpenAVFF\FakeAVCeleb_v1.2\FakeAVCeleb_v1.2\FakeVideo-FakeAudio/Caucasian (European)/women/id00434\00046_id00633_UXrTMta1EDM_id00826_wavtolip.mp4,1,FVFA,0.9999849796295166
C:\Users\navee\Desktop\Projects\MediaDna\OpenAVFF\FakeAVCeleb_v1.2\FakeAVCeleb_v1.2\FakeVideo-FakeAudio/Caucasian (European)/women/id00434\00046_id03371_truKMXt8Dak_id00262_wavtolip.mp4,1,FVFA,0.9999949932098389
C:\Users\navee\Desktop\Projects\MediaDna\OpenAVFF\FakeAVCeleb_v1.2\FakeAVCeleb_v1.2\FakeVideo-FakeAudio/Caucasian (European)/women/id00484\00202_id00068_A7uFnQw--bY_id03589_wavtolip.mp4,1,FVFA,0.9999973773956299
C:\Users\navee\Desktop\Projects\MediaDna\OpenAVFF\FakeAVCeleb_v1.2\FakeAVCeleb_v1.2\FakeVideo-FakeAudio/Caucasian (European)/women/id00484\00202_id00271_je6JSLqEEcw_id00330_wavtolip.mp4,1,FVFA,0.9999561309814453
C:\Users\navee\Desktop\Projects\MediaDna\OpenAVFF\FakeAVCeleb_v1.2\FakeAVCeleb_v1.2\FakeVideo-FakeAudio/Caucasian (European)/women/id00484\00202_id00328_ytKnCbJSEcU_id00374_wavtolip.mp4,1,FVFA,0.999983549118042
C:\Users\navee\Desktop\Projects\MediaDna\OpenAVFF\FakeAVCeleb_v1.2\FakeAVCeleb_v1.2\FakeVideo-FakeAudio/Caucasian (European)/women/id00484\00202_id00373_5NXv3Dxkd6E_id01002_wavtolip.mp4,1,FVFA,0.9999388456344604
C:\Users\navee\Desktop\Projects\MediaDna\OpenAVFF\FakeAVCeleb_v1.2\FakeAVCeleb_v1.2\FakeVideo-FakeAudio/Caucasian (European)/women/id00484\00202_id00569_gSynmpwioV4_id03716_wavtolip.mp4,1,FVFA,0.9999964237213135
C:\Users\navee\Desktop\Projects\MediaDna\OpenAVFF\FakeAVCeleb_v1.2\FakeAVCeleb_v1.2\FakeVideo-FakeAudio/Caucasian (European)/women/id00484\00202_id00581_7AxvP19LGKg_id03371_wavtolip.mp4,1,FVFA,0.999997615814209
C:\Users\navee\Desktop\Projects\MediaDna\OpenAVFF\FakeAVCeleb_v1.2\FakeAVCeleb_v1.2\FakeVideo-FakeAudio/Caucasian (European)/women/id00484\00202_id00826_MYagwzy91Yk_id00395_wavtolip.mp4,1,FVFA,0.9694131016731262
C:\Users\navee\Desktop\Projects\MediaDna\OpenAVFF\FakeAVCeleb_v1.2\FakeAVCeleb_v1.2\FakeVideo-FakeAudio/Caucasian (European)/women/id00484\00202_id03844_AEAEN1Lns2c_id00042_wavtolip.mp4,1,FVFA,0.9999972581863403
C:\Users\navee\Desktop\Projects\MediaDna\OpenAVFF\FakeAVCeleb_v1.2\FakeAVCeleb_v1.2\FakeVideo-FakeAudio/Caucasian (European)/women/id00484\00202_id03858_uKVqPfRf-ac_id00826_wavtolip.mp4,1,FVFA,0.9999990463256836
C:\Users\navee\Desktop\Projects\MediaDna\OpenAVFF\FakeAVCeleb_v1.2\FakeAVCeleb_v1.2\FakeVideo-FakeAudio/Caucasian (European)/women/id00491\00122_id00188_e-vm5FB3idA_id00325_wavtolip.mp4,1,FVFA,0.9999977350234985
C:\Users\navee\Desktop\Projects\MediaDna\OpenAVFF\FakeAVCeleb_v1.2\FakeAVCeleb_v1.2\FakeVideo-FakeAudio/Caucasian (European)/women/id00491\00122_id00234_M3g5KRLJB60_id00374_wavtolip.mp4,1,FVFA,0.9999831914901733
C:\Users\navee\Desktop\Projects\MediaDna\OpenAVFF\FakeAVCeleb_v1.2\FakeAVCeleb_v1.2\FakeVideo-FakeAudio/Caucasian (European)/women/id00491\00122_id00330_zCFFgGSIZ_s_id03649_wavtolip.mp4,1,FVFA,0.9999978542327881
C:\Users\navee\Desktop\Projects\MediaDna\OpenAVFF\FakeAVCeleb_v1.2\FakeAVCeleb_v1.2\FakeVideo-FakeAudio/Caucasian (European)/women/id00491\00122_id00569_gSynmpwioV4_id00591_wavtolip.mp4,1,FVFA,0.9987465143203735
C:\Users\navee\Desktop\Projects\MediaDna\OpenAVFF\FakeAVCeleb_v1.2\FakeAVCeleb_v1.2\FakeVideo-FakeAudio/Caucasian (European)/women/id00491\00122_id00591_1Jo8xElXQMs_id00581_wavtolip.mp4,1,FVFA,0.9999946355819702
C:\Users\navee\Desktop\Projects\MediaDna\OpenAVFF\FakeAVCeleb_v1.2\FakeAVCeleb_v1.2\FakeVideo-FakeAudio/Caucasian (European)/women/id00491\00122_id00633_UXrTMta1EDM_id00735_wavtolip.mp4,1,FVFA,0.9999986886978149
C:\Users\navee\Desktop\Projects\MediaDna\OpenAVFF\FakeAVCeleb_v1.2\FakeAVCeleb_v1.2\FakeVideo-FakeAudio/Caucasian (European)/women/id00491\00122_id01002_eQTviHjyISo_id03371_wavtolip.mp4,1,FVFA,0.999997615814209
C:\Users\navee\Desktop\Projects\MediaDna\OpenAVFF\FakeAVCeleb_v1.2\FakeAVCeleb_v1.2\FakeVideo-FakeAudio/Caucasian (European)/women/id00491\00122_id01018_VNPt_GB5QiE_id01002_wavtolip.mp4,1,FVFA,0.9999387264251709
C:\Users\navee\Desktop\Projects\MediaDna\OpenAVFF\FakeAVCeleb_v1.2\FakeAVCeleb_v1.2\FakeVideo-FakeAudio/Caucasian (European)/women/id00491\00122_id03371_truKMXt8Dak_id00633_wavtolip.mp4,1,FVFA,0.9999951124191284
C:\Users\navee\Desktop\Projects\MediaDna\OpenAVFF\FakeAVCeleb_v1.2\FakeAVCeleb_v1.2\FakeVideo-FakeAudio/Caucasian (European)/women/id00491\00122_id03858_uKVqPfRf-ac_id00395_wavtolip.mp4,1,FVFA,0.965629518032074
C:\Users\navee\Desktop\Projects\MediaDna\OpenAVFF\FakeAVCeleb_v1.2\FakeAVCeleb_v1.2\FakeVideo-FakeAudio/Caucasian (European)/women/id00495\00027_id00068_A7uFnQw--bY_id00634_wavtolip.mp4,1,FVFA,0.9999986886978149
C:\Users\navee\Desktop\Projects\MediaDna\OpenAVFF\FakeAVCeleb_v1.2\FakeAVCeleb_v1.2\FakeVideo-FakeAudio/Caucasian (European)/women/id00495\00027_id00271_je6JSLqEEcw_id00591_wavtolip.mp4,1,FVFA,0.9987325072288513
C:\Users\navee\Desktop\Projects\MediaDna\OpenAVFF\FakeAVCeleb_v1.2\FakeAVCeleb_v1.2\FakeVideo-FakeAudio/Caucasian (European)/women/id00495\00027_id00395_wM5kGJfTtEM_id03589_wavtolip.mp4,1,FVFA,0.9999972581863403
C:\Users\navee\Desktop\Projects\MediaDna\OpenAVFF\FakeAVCeleb_v1.2\FakeAVCeleb_v1.2\FakeVideo-FakeAudio/Caucasian (European)/women/id00495\00027_id00484_u7YTz8eFZv0_id00496_wavtolip.mp4,1,FVFA,0.9999386072158813
C:\Users\navee\Desktop\Projects\MediaDna\OpenAVFF\FakeAVCeleb_v1.2\FakeAVCeleb_v1.2\FakeVideo-FakeAudio/Caucasian (European)/women/id00495\00027_id00581_7AxvP19LGKg_id00897_wavtolip.mp4,1,FVFA,0.9999978542327881
C:\Users\navee\Desktop\Projects\MediaDna\OpenAVFF\FakeAVCeleb_v1.2\FakeAVCeleb_v1.2\FakeVideo-FakeAudio/Caucasian (European)/women/id00495\00027_id00634_z5t9oJizDQg_id00262_wavtolip.mp4,1,FVFA,0.9999881982803345
C:\Users\navee\Desktop\Projects\MediaDna\OpenAVFF\FakeAVCeleb_v1.2\FakeAVCeleb_v1.2\FakeVideo-FakeAudio/Caucasian (European)/women/id00495\00027_id03589_9NxOQlwpMys_id00330_wavtolip.mp4,1,FVFA,0.999967098236084
C:\Users\navee\Desktop\Projects\MediaDna\OpenAVFF\FakeAVCeleb_v1.2\FakeAVCeleb_v1.2\FakeVideo-FakeAudio/Caucasian (European)/women/id00495\00027_id03858_uKVqPfRf-ac_id03589_wavtolip.mp4,1,FVFA,0.9999973773956299
C:\Users\navee\Desktop\Projects\MediaDna\OpenAVFF\FakeAVCeleb_v1.2\FakeAVCeleb_v1.2\FakeVideo-FakeAudio/Caucasian (European)/women/id00495\00027_id03941_SsYtP8Ze88Q_id03371_wavtolip.mp4,1,FVFA,0.9999977350234985
C:\Users\navee\Desktop\Projects\MediaDna\OpenAVFF\FakeAVCeleb_v1.2\FakeAVCeleb_v1.2\FakeVideo-FakeAudio/Caucasian (European)/women/id00496\00015_id00262_3p7sRWAAh1Q_id00232_wavtolip.mp4,1,FVFA,0.9985472559928894
C:\Users\navee\Desktop\Projects\MediaDna\OpenAVFF\FakeAVCeleb_v1.2\FakeAVCeleb_v1.2\FakeVideo-FakeAudio/Caucasian (European)/women/id00496\00015_id00287_2NpfYjyMsPM_id00332_wavtolip.mp4,1,FVFA,0.9916263818740845
C:\Users\navee\Desktop\Projects\MediaDna\OpenAVFF\FakeAVCeleb_v1.2\FakeAVCeleb_v1.2\FakeVideo-FakeAudio/Caucasian (European)/women/id00496\00015_id00373_5NXv3Dxkd6E_id00806_wavtolip.mp4,1,FVFA,0.9999951124191284
C:\Users\navee\Desktop\Projects\MediaDna\OpenAVFF\FakeAVCeleb_v1.2\FakeAVCeleb_v1.2\FakeVideo-FakeAudio/Caucasian (European)/women/id00496\00015_id00569_gSynmpwioV4_id00569_wavtolip.mp4,1,FVFA,0.9868823885917664
C:\Users\navee\Desktop\Projects\MediaDna\OpenAVFF\FakeAVCeleb_v1.2\FakeAVCeleb_v1.2\FakeVideo-FakeAudio/Caucasian (European)/women/id00496\00015_id00813_dKs9CWJIkSI_id00897_wavtolip.mp4,1,FVFA,0.9999986886978149
C:\Users\navee\Desktop\Projects\MediaDna\OpenAVFF\FakeAVCeleb_v1.2\FakeAVCeleb_v1.2\FakeVideo-FakeAudio/Caucasian (European)/women/id00496\00015_id00897_0ayFw8JhoyI_id00735_wavtolip.mp4,1,FVFA,0.9991670846939087
C:\Users\navee\Desktop\Projects\MediaDna\OpenAVFF\FakeAVCeleb_v1.2\FakeAVCeleb_v1.2\FakeVideo-FakeAudio/Caucasian (European)/women/id00496\00015_id03620_YkXM5A8w07E_id00806_wavtolip.mp4,1,FVFA,0.999995231628418
C:\Users\navee\Desktop\Projects\MediaDna\OpenAVFF\FakeAVCeleb_v1.2\FakeAVCeleb_v1.2\FakeVideo-FakeAudio/Caucasian (European)/women/id00496\00015_id03858_uKVqPfRf-ac_id00633_wavtolip.mp4,1,FVFA,0.9986690282821655
C:\Users\navee\Desktop\Projects\MediaDna\OpenAVFF\FakeAVCeleb_v1.2\FakeAVCeleb_v1.2\FakeVideo-FakeAudio/Caucasian (European)/women/id00569\00239_id00188_e-vm5FB3idA_id00373_wavtolip.mp4,1,FVFA,0.9999974966049194
C:\Users\navee\Desktop\Projects\MediaDna\OpenAVFF\FakeAVCeleb_v1.2\FakeAVCeleb_v1.2\FakeVideo-FakeAudio/Caucasian (European)/women/id00569\00239_id00373_5NXv3Dxkd6E_id03651_wavtolip.mp4,1,FVFA,0.9997314810752869
C:\Users\navee\Desktop\Projects\MediaDna\OpenAVFF\FakeAVCeleb_v1.2\FakeAVCeleb_v1.2\FakeVideo-FakeAudio/Caucasian (European)/women/id00569\00239_id00484_u7YTz8eFZv0_id03716_wavtolip.mp4,1,FVFA,0.9999966621398926
C:\Users\navee\Desktop\Projects\MediaDna\OpenAVFF\FakeAVCeleb_v1.2\FakeAVCeleb_v1.2\FakeVideo-FakeAudio/Caucasian (European)/women/id00569\00239_id00491_ShjiTWoOtM4_id00232_wavtolip.mp4,1,FVFA,0.9999957084655762
C:\Users\navee\Desktop\Projects\MediaDna\OpenAVFF\FakeAVCeleb_v1.2\FakeAVCeleb_v1.2\FakeVideo-FakeAudio/Caucasian (European)/women/id00569\00239_id00633_UXrTMta1EDM_id00735_wavtolip.mp4,1,FVFA,0.9999985694885254
C:\Users\navee\Desktop\Projects\MediaDna\OpenAVFF\FakeAVCeleb_v1.2\FakeAVCeleb_v1.2\FakeVideo-FakeAudio/Caucasian (European)/women/id00569\00239_id00897_0ayFw8JhoyI_id03649_wavtolip.mp4,1,FVFA,0.9999978542327881
C:\Users\navee\Desktop\Projects\MediaDna\OpenAVFF\FakeAVCeleb_v1.2\FakeAVCeleb_v1.2\FakeVideo-FakeAudio/Caucasian (European)/women/id00569\00239_id01002_eQTviHjyISo_id00496_wavtolip.mp4,1,FVFA,0.9999181032180786
C:\Users\navee\Desktop\Projects\MediaDna\OpenAVFF\FakeAVCeleb_v1.2\FakeAVCeleb_v1.2\FakeVideo-FakeAudio/Caucasian (European)/women/id00569\00239_id01018_VNPt_GB5QiE_id03589_wavtolip.mp4,1,FVFA,0.9999973773956299
C:\Users\navee\Desktop\Projects\MediaDna\OpenAVFF\FakeAVCeleb_v1.2\FakeAVCeleb_v1.2\FakeVideo-FakeAudio/Caucasian (European)/women/id00569\00239_id03371_truKMXt8Dak_id00271_wavtolip.mp4,1,FVFA,0.9915645122528076
C:\Users\navee\Desktop\Projects\MediaDna\OpenAVFF\FakeAVCeleb_v1.2\FakeAVCeleb_v1.2\FakeVideo-FakeAudio/Caucasian (European)/women/id00581\00010_id00330_zCFFgGSIZ_s_id00188_wavtolip.mp4,1,FVFA,0.9996040463447571
C:\Users\navee\Desktop\Projects\MediaDna\OpenAVFF\FakeAVCeleb_v1.2\FakeAVCeleb_v1.2\FakeVideo-FakeAudio/Caucasian (European)/women/id00581\00010_id00395_wM5kGJfTtEM_id00325_wavtolip.mp4,1,FVFA,0.9982207417488098
C:\Users\navee\Desktop\Projects\MediaDna\OpenAVFF\FakeAVCeleb_v1.2\FakeAVCeleb_v1.2\FakeVideo-FakeAudio/Caucasian (European)/women/id00581\00010_id00495_E46aiMUC4A0_id00806_wavtolip.mp4,1,FVFA,0.9999927282333374
C:\Users\navee\Desktop\Projects\MediaDna\OpenAVFF\FakeAVCeleb_v1.2\FakeAVCeleb_v1.2\FakeVideo-FakeAudio/Caucasian (European)/women/id00581\00010_id00591_1Jo8xElXQMs_id00735_wavtolip.mp4,1,FVFA,0.9990823268890381
C:\Users\navee\Desktop\Projects\MediaDna\OpenAVFF\FakeAVCeleb_v1.2\FakeAVCeleb_v1.2\FakeVideo-FakeAudio/Caucasian (European)/women/id00581\00010_id00826_MYagwzy91Yk_id00271_wavtolip.mp4,1,FVFA,0.9904409646987915
C:\Users\navee\Desktop\Projects\MediaDna\OpenAVFF\FakeAVCeleb_v1.2\FakeAVCeleb_v1.2\FakeVideo-FakeAudio/Caucasian (European)/women/id00581\00010_id03371_truKMXt8Dak_id00287_wavtolip.mp4,1,FVFA,0.9999279975891113
C:\Users\navee\Desktop\Projects\MediaDna\OpenAVFF\FakeAVCeleb_v1.2\FakeAVCeleb_v1.2\FakeVideo-FakeAudio/Caucasian (European)/women/id00581\00010_id03858_uKVqPfRf-ac_id00735_wavtolip.mp4,1,FVFA,0.9991117119789124
C:\Users\navee\Desktop\Projects\MediaDna\OpenAVFF\FakeAVCeleb_v1.2\FakeAVCeleb_v1.2\FakeVideo-FakeAudio/Caucasian (European)/women/id00589\00130_id00271_je6JSLqEEcw_id00735_wavtolip.mp4,1,FVFA,0.9991201758384705
C:\Users\navee\Desktop\Projects\MediaDna\OpenAVFF\FakeAVCeleb_v1.2\FakeAVCeleb_v1.2\FakeVideo-FakeAudio/Caucasian (European)/women/id00589\00130_id00373_5NXv3Dxkd6E_id03371_wavtolip.mp4,1,FVFA,0.9999979734420776
C:\Users\navee\Desktop\Projects\MediaDna\OpenAVFF\FakeAVCeleb_v1.2\FakeAVCeleb_v1.2\FakeVideo-FakeAudio/Caucasian (European)/women/id00589\00130_id00495_E46aiMUC4A0_id00325_wavtolip.mp4,1,FVFA,0.9999986886978149
C:\Users\navee\Desktop\Projects\MediaDna\OpenAVFF\FakeAVCeleb_v1.2\FakeAVCeleb_v1.2\FakeVideo-FakeAudio/Caucasian (European)/women/id00589\00130_id00591_1Jo8xElXQMs_id03620_wavtolip.mp4,1,FVFA,0.999997615814209
C:\Users\navee\Desktop\Projects\MediaDna\OpenAVFF\FakeAVCeleb_v1.2\FakeAVCeleb_v1.2\FakeVideo-FakeAudio/Caucasian (European)/women/id00589\00130_id00634_z5t9oJizDQg_id00897_wavtolip.mp4,1,FVFA,0.9999980926513672
C:\Users\navee\Desktop\Projects\MediaDna\OpenAVFF\FakeAVCeleb_v1.2\FakeAVCeleb_v1.2\FakeVideo-FakeAudio/Caucasian (European)/women/id00589\00130_id00897_0ayFw8JhoyI_id00379_wavtolip.mp4,1,FVFA,0.8964951038360596
C:\Users\navee\Desktop\Projects\MediaDna\OpenAVFF\FakeAVCeleb_v1.2\FakeAVCeleb_v1.2\FakeVideo-FakeAudio/Caucasian (European)/women/id00589\00130_id03589_9NxOQlwpMys_id00897_wavtolip.mp4,1,FVFA,0.9999980926513672
C:\Users\navee\Desktop\Projects\MediaDna\OpenAVFF\FakeAVCeleb_v1.2\FakeAVCeleb_v1.2\FakeVideo-FakeAudio/Caucasian (European)/women/id00589\00130_id03620_YkXM5A8w07E_id03858_wavtolip.mp4,1,FVFA,0.9999972581863403
C:\Users\navee\Desktop\Projects\MediaDna\OpenAVFF\FakeAVCeleb_v1.2\FakeAVCeleb_v1.2\FakeVideo-FakeAudio/Caucasian (European)/women/id00589\00130_id03649_389qfFqUddI_id00495_wavtolip.mp4,1,FVFA,0.998367965221405
C:\Users\navee\Desktop\Projects\MediaDna\OpenAVFF\FakeAVCeleb_v1.2\FakeAVCeleb_v1.2\FakeVideo-FakeAudio/Caucasian (European)/women/id00589\00130_id03858_uKVqPfRf-ac_id00634_wavtolip.mp4,1,FVFA,0.9999982118606567
C:\Users\navee\Desktop\Projects\MediaDna\OpenAVFF\FakeAVCeleb_v1.2\FakeAVCeleb_v1.2\FakeVideo-FakeAudio/Caucasian (European)/women/id00591\00001_id00188_e-vm5FB3idA_id03858_wavtolip.mp4,1,FVFA,0.9999947547912598
C:\Users\navee\Desktop\Projects\MediaDna\OpenAVFF\FakeAVCeleb_v1.2\FakeAVCeleb_v1.2\FakeVideo-FakeAudio/Caucasian (European)/women/id00591\00001_id00270_hoEQ70-sDME_id00270_wavtolip.mp4,1,FVFA,0.9999953508377075
C:\Users\navee\Desktop\Projects\MediaDna\OpenAVFF\FakeAVCeleb_v1.2\FakeAVCeleb_v1.2\FakeVideo-FakeAudio/Caucasian (European)/women/id00591\00001_id00581_7AxvP19LGKg_id00735_wavtolip.mp4,1,FVFA,0.9999984502792358
C:\Users\navee\Desktop\Projects\MediaDna\OpenAVFF\FakeAVCeleb_v1.2\FakeAVCeleb_v1.2\FakeVideo-FakeAudio/Caucasian (European)/women/id00591\00001_id00633_UXrTMta1EDM_id00287_wavtolip.mp4,1,FVFA,0.999998927116394
C:\Users\navee\Desktop\Projects\MediaDna\OpenAVFF\FakeAVCeleb_v1.2\FakeAVCeleb_v1.2\FakeVideo-FakeAudio/Caucasian (European)/women/id00591\00001_id00634_z5t9oJizDQg_id03620_wavtolip.mp4,1,FVFA,0.9999961853027344
C:\Users\navee\Desktop\Projects\MediaDna\OpenAVFF\FakeAVCeleb_v1.2\FakeAVCeleb_v1.2\FakeVideo-FakeAudio/Caucasian (European)/women/id00591\00001_id00897_0ayFw8JhoyI_id00373_wavtolip.mp4,1,FVFA,0.9999970197677612
C:\Users\navee\Desktop\Projects\MediaDna\OpenAVFF\FakeAVCeleb_v1.2\FakeAVCeleb_v1.2\FakeVideo-FakeAudio/Caucasian (European)/women/id00591\00001_id03649_389qfFqUddI_id00591_wavtolip.mp4,1,FVFA,0.9999971389770508
C:\Users\navee\Desktop\Projects\MediaDna\OpenAVFF\FakeAVCeleb_v1.2\FakeAVCeleb_v1.2\FakeVideo-FakeAudio/Caucasian (European)/women/id00591\00001_id03844_AEAEN1Lns2c_id03589_wavtolip.mp4,1,FVFA,0.9999966621398926
C:\Users\navee\Desktop\Projects\MediaDna\OpenAVFF\FakeAVCeleb_v1.2\FakeAVCeleb_v1.2\FakeVideo-FakeAudio/Caucasian (European)/women/id00633\00088_id00188_e-vm5FB3idA_id00188_wavtolip.mp4,1,FVFA,0.9996204376220703
C:\Users\navee\Desktop\Projects\MediaDna\OpenAVFF\FakeAVCeleb_v1.2\FakeAVCeleb_v1.2\FakeVideo-FakeAudio/Caucasian (European)/women/id00633\00088_id00270_hoEQ70-sDME_id00823_wavtolip.mp4,1,FVFA,0.9998635053634644
C:\Users\navee\Desktop\Projects\MediaDna\OpenAVFF\FakeAVCeleb_v1.2\FakeAVCeleb_v1.2\FakeVideo-FakeAudio/Caucasian (European)/women/id00633\00088_id00332__zNddcZV1EU_id00071_wavtolip.mp4,1,FVFA,0.9998774528503418
C:\Users\navee\Desktop\Projects\MediaDna\OpenAVFF\FakeAVCeleb_v1.2\FakeAVCeleb_v1.2\FakeVideo-FakeAudio/Caucasian (European)/women/id00633\00088_id00379_fgkgYHCuk4g_id00262_wavtolip.mp4,1,FVFA,0.999994158744812
C:\Users\navee\Desktop\Projects\MediaDna\OpenAVFF\FakeAVCeleb_v1.2\FakeAVCeleb_v1.2\FakeVideo-FakeAudio/Caucasian (European)/women/id00633\00088_id00491_ShjiTWoOtM4_id03844_wavtolip.mp4,1,FVFA,0.9988616704940796
C:\Users\navee\Desktop\Projects\MediaDna\OpenAVFF\FakeAVCeleb_v1.2\FakeAVCeleb_v1.2\FakeVideo-FakeAudio/Caucasian (European)/women/id00633\00088_id00569_gSynmpwioV4_id00287_wavtolip.mp4,1,FVFA,0.9999251365661621
C:\Users\navee\Desktop\Projects\MediaDna\OpenAVFF\FakeAVCeleb_v1.2\FakeAVCeleb_v1.2\FakeVideo-FakeAudio/Caucasian (European)/women/id00633\00088_id00581_7AxvP19LGKg_id00813_wavtolip.mp4,1,FVFA,0.9999916553497314
C:\Users\navee\Desktop\Projects\MediaDna\OpenAVFF\FakeAVCeleb_v1.2\FakeAVCeleb_v1.2\FakeVideo-FakeAudio/Caucasian (European)/women/id00633\00088_id01001_dHJc8dh9X8c_id00330_wavtolip.mp4,1,FVFA,0.9865620732307434
C:\Users\navee\Desktop\Projects\MediaDna\OpenAVFF\FakeAVCeleb_v1.2\FakeAVCeleb_v1.2\FakeVideo-FakeAudio/Caucasian (European)/women/id00633\00088_id01002_eQTviHjyISo_id00262_wavtolip.mp4,1,FVFA,0.9999940395355225
C:\Users\navee\Desktop\Projects\MediaDna\OpenAVFF\FakeAVCeleb_v1.2\FakeAVCeleb_v1.2\FakeVideo-FakeAudio/Caucasian (European)/women/id00634\00078_id00395_wM5kGJfTtEM_id00379_wavtolip.mp4,1,FVFA,0.8775949478149414
C:\Users\navee\Desktop\Projects\MediaDna\OpenAVFF\FakeAVCeleb_v1.2\FakeAVCeleb_v1.2\FakeVideo-FakeAudio/Caucasian (European)/women/id00634\00078_id00484_u7YTz8eFZv0_id00330_wavtolip.mp4,1,FVFA,0.9859820604324341
C:\Users\navee\Desktop\Projects\MediaDna\OpenAVFF\FakeAVCeleb_v1.2\FakeAVCeleb_v1.2\FakeVideo-FakeAudio/Caucasian (European)/women/id00634\00078_id00495_E46aiMUC4A0_id00328_wavtolip.mp4,1,FVFA,0.9983910918235779
C:\Users\navee\Desktop\Projects\MediaDna\OpenAVFF\FakeAVCeleb_v1.2\FakeAVCeleb_v1.2\FakeVideo-FakeAudio/Caucasian (European)/women/id00634\00078_id00581_7AxvP19LGKg_id00434_wavtolip.mp4,1,FVFA,0.9999977350234985
C:\Users\navee\Desktop\Projects\MediaDna\OpenAVFF\FakeAVCeleb_v1.2\FakeAVCeleb_v1.2\FakeVideo-FakeAudio/Caucasian (European)/women/id00634\00078_id00589_uOzKwYEVR6s_id00330_wavtolip.mp4,1,FVFA,0.9859053492546082
C:\Users\navee\Desktop\Projects\MediaDna\OpenAVFF\FakeAVCeleb_v1.2\FakeAVCeleb_v1.2\FakeVideo-FakeAudio/Caucasian (European)/women/id00634\00078_id00591_1Jo8xElXQMs_id00071_wavtolip.mp4,1,FVFA,0.9998782873153687
C:\Users\navee\Desktop\Projects\MediaDna\OpenAVFF\FakeAVCeleb_v1.2\FakeAVCeleb_v1.2\FakeVideo-FakeAudio/Caucasian (European)/women/id00634\00078_id00826_MYagwzy91Yk_id00806_wavtolip.mp4,1,FVFA,0.9999877214431763
C:\Users\navee\Desktop\Projects\MediaDna\OpenAVFF\FakeAVCeleb_v1.2\FakeAVCeleb_v1.2\FakeVideo-FakeAudio/Caucasian (European)/women/id00634\00078_id03589_9NxOQlwpMys_id00569_wavtolip.mp4,1,FVFA,0.9870460033416748
C:\Users\navee\Desktop\Projects\MediaDna\OpenAVFF\FakeAVCeleb_v1.2\FakeAVCeleb_v1.2\FakeVideo-FakeAudio/Caucasian (European)/women/id00634\00078_id03649_389qfFqUddI_id00232_wavtolip.mp4,1,FVFA,0.9985941052436829
C:\Users\navee\Desktop\Projects\MediaDna\OpenAVFF\FakeAVCeleb_v1.2\FakeAVCeleb_v1.2\FakeVideo-FakeAudio/Caucasian (European)/women/id00735\00037_id00068_A7uFnQw--bY_id00374_wavtolip.mp4,1,FVFA,0.9999814033508301
C:\Users\navee\Desktop\Projects\MediaDna\OpenAVFF\FakeAVCeleb_v1.2\FakeAVCeleb_v1.2\FakeVideo-FakeAudio/Caucasian (European)/women/id00735\00037_id00188_e-vm5FB3idA_id03941_wavtolip.mp4,1,FVFA,0.9920879006385803
C:\Users\navee\Desktop\Projects\MediaDna\OpenAVFF\FakeAVCeleb_v1.2\FakeAVCeleb_v1.2\FakeVideo-FakeAudio/Caucasian (European)/women/id00735\00037_id00262_3p7sRWAAh1Q_id00271_wavtolip.mp4,1,FVFA,0.9895540475845337
C:\Users\navee\Desktop\Projects\MediaDna\OpenAVFF\FakeAVCeleb_v1.2\FakeAVCeleb_v1.2\FakeVideo-FakeAudio/Caucasian (European)/women/id00735\00037_id00373_5NXv3Dxkd6E_id00395_wavtolip.mp4,1,FVFA,0.9639836549758911
C:\Users\navee\Desktop\Projects\MediaDna\OpenAVFF\FakeAVCeleb_v1.2\FakeAVCeleb_v1.2\FakeVideo-FakeAudio/Caucasian (European)/women/id00735\00037_id00495_E46aiMUC4A0_id03941_wavtolip.mp4,1,FVFA,0.9920978546142578
C:\Users\navee\Desktop\Projects\MediaDna\OpenAVFF\FakeAVCeleb_v1.2\FakeAVCeleb_v1.2\FakeVideo-FakeAudio/Caucasian (European)/women/id00735\00037_id00826_MYagwzy91Yk_id00495_wavtolip.mp4,1,FVFA,0.9982762336730957
C:\Users\navee\Desktop\Projects\MediaDna\OpenAVFF\FakeAVCeleb_v1.2\FakeAVCeleb_v1.2\FakeVideo-FakeAudio/Caucasian (European)/women/id00735\00037_id03371_truKMXt8Dak_id01002_wavtolip.mp4,1,FVFA,0.9999430179595947
C:\Users\navee\Desktop\Projects\MediaDna\OpenAVFF\FakeAVCeleb_v1.2\FakeAVCeleb_v1.2\FakeVideo-FakeAudio/Caucasian (European)/women/id00735\00037_id03844_AEAEN1Lns2c_id00735_wavtolip.mp4,1,FVFA,0.9999986886978149
C:\Users\navee\Desktop\Projects\MediaDna\OpenAVFF\FakeAVCeleb_v1.2\FakeAVCeleb_v1.2\FakeVideo-FakeAudio/Caucasian (European)/women/id00735\00037_id03941_SsYtP8Ze88Q_id00633_wavtolip.mp4,1,FVFA,0.9999964237213135
C:\Users\navee\Desktop\Projects\MediaDna\OpenAVFF\FakeAVCeleb_v1.2\FakeAVCeleb_v1.2\FakeVideo-FakeAudio/Caucasian (European)/women/id00806\00005_id00365_XV-imLNJvfk_id00496_wavtolip.mp4,1,FVFA,0.6175004243850708
C:\Users\navee\Desktop\Projects\MediaDna\OpenAVFF\FakeAVCeleb_v1.2\FakeAVCeleb_v1.2\FakeVideo-FakeAudio/Caucasian (European)/women/id00806\00005_id00373_5NXv3Dxkd6E_id00496_wavtolip.mp4,1,FVFA,0.6113846302032471
C:\Users\navee\Desktop\Projects\MediaDna\OpenAVFF\FakeAVCeleb_v1.2\FakeAVCeleb_v1.2\FakeVideo-FakeAudio/Caucasian (European)/women/id00806\00005_id00379_fgkgYHCuk4g_id00496_wavtolip.mp4,1,FVFA,0.6146959662437439
C:\Users\navee\Desktop\Projects\MediaDna\OpenAVFF\FakeAVCeleb_v1.2\FakeAVCeleb_v1.2\FakeVideo-FakeAudio/Caucasian (European)/women/id00806\00005_id00569_gSynmpwioV4_id03858_wavtolip.mp4,1,FVFA,0.999850869178772
C:\Users\navee\Desktop\Projects\MediaDna\OpenAVFF\FakeAVCeleb_v1.2\FakeAVCeleb_v1.2\FakeVideo-FakeAudio/Caucasian (European)/women/id00806\00005_id00813_dKs9CWJIkSI_id01002_wavtolip.mp4,1,FVFA,0.9999406337738037
C:\Users\navee\Desktop\Projects\MediaDna\OpenAVFF\FakeAVCeleb_v1.2\FakeAVCeleb_v1.2\FakeVideo-FakeAudio/Caucasian (European)/women/id00806\00005_id01002_eQTviHjyISo_id03620_wavtolip.mp4,1,FVFA,0.9999951124191284
C:\Users\navee\Desktop\Projects\MediaDna\OpenAVFF\FakeAVCeleb_v1.2\FakeAVCeleb_v1.2\FakeVideo-FakeAudio/Caucasian (European)/women/id00806\00005_id03858_uKVqPfRf-ac_id03589_wavtolip.mp4,1,FVFA,0.9999533891677856
C:\Users\navee\Desktop\Projects\MediaDna\OpenAVFF\FakeAVCeleb_v1.2\FakeAVCeleb_v1.2\FakeVideo-FakeAudio/Caucasian (European)/women/id00813\00169_id00262_3p7sRWAAh1Q_id00634_wavtolip.mp4,1,FVFA,0.9994975328445435
C:\Users\navee\Desktop\Projects\MediaDna\OpenAVFF\FakeAVCeleb_v1.2\FakeAVCeleb_v1.2\FakeVideo-FakeAudio/Caucasian (European)/women/id00813\00169_id00330_zCFFgGSIZ_s_id03371_wavtolip.mp4,1,FVFA,0.9990488886833191
C:\Users\navee\Desktop\Projects\MediaDna\OpenAVFF\FakeAVCeleb_v1.2\FakeAVCeleb_v1.2\FakeVideo-FakeAudio/Caucasian (European)/women/id00813\00169_id00365_XV-imLNJvfk_id00823_wavtolip.mp4,1,FVFA,0.9998775720596313
C:\Users\navee\Desktop\Projects\MediaDna\OpenAVFF\FakeAVCeleb_v1.2\FakeAVCeleb_v1.2\FakeVideo-FakeAudio/Caucasian (European)/women/id00813\00169_id00496_SImaDcXQnh8_id00330_wavtolip.mp4,1,FVFA,0.9839488863945007
C:\Users\navee\Desktop\Projects\MediaDna\OpenAVFF\FakeAVCeleb_v1.2\FakeAVCeleb_v1.2\FakeVideo-FakeAudio/Caucasian (European)/women/id00813\00169_id00806_0sk9s9lFIAk_id00234_wavtolip.mp4,1,FVFA,0.9975851774215698
C:\Users\navee\Desktop\Projects\MediaDna\OpenAVFF\FakeAVCeleb_v1.2\FakeAVCeleb_v1.2\FakeVideo-FakeAudio/Caucasian (European)/women/id00813\00169_id00897_0ayFw8JhoyI_id00330_wavtolip.mp4,1,FVFA,0.9847897887229919
C:\Users\navee\Desktop\Projects\MediaDna\OpenAVFF\FakeAVCeleb_v1.2\FakeAVCeleb_v1.2\FakeVideo-FakeAudio/Caucasian (European)/women/id00813\00169_id03589_9NxOQlwpMys_id00806_wavtolip.mp4,1,FVFA,0.9999953508377075
C:\Users\navee\Desktop\Projects\MediaDna\OpenAVFF\FakeAVCeleb_v1.2\FakeAVCeleb_v1.2\FakeVideo-FakeAudio/Caucasian (European)/women/id00813\00169_id03858_uKVqPfRf-ac_id00332_wavtolip.mp4,1,FVFA,0.9913012385368347
C:\Users\navee\Desktop\Projects\MediaDna\OpenAVFF\FakeAVCeleb_v1.2\FakeAVCeleb_v1.2\FakeVideo-FakeAudio/Caucasian (European)/women/id00823\00125_id00262_3p7sRWAAh1Q_id00434_wavtolip.mp4,1,FVFA,0.9999970197677612
C:\Users\navee\Desktop\Projects\MediaDna\OpenAVFF\FakeAVCeleb_v1.2\FakeAVCeleb_v1.2\FakeVideo-FakeAudio/Caucasian (European)/women/id00823\00125_id00330_zCFFgGSIZ_s_id03858_wavtolip.mp4,1,FVFA,0.9999957084655762
C:\Users\navee\Desktop\Projects\MediaDna\OpenAVFF\FakeAVCeleb_v1.2\FakeAVCeleb_v1.2\FakeVideo-FakeAudio/Caucasian (European)/women/id00823\00125_id00373_5NXv3Dxkd6E_id03858_wavtolip.mp4,1,FVFA,0.9999954700469971
C:\Users\navee\Desktop\Projects\MediaDna\OpenAVFF\FakeAVCeleb_v1.2\FakeAVCeleb_v1.2\FakeVideo-FakeAudio/Caucasian (European)/women/id00823\00125_id00395_wM5kGJfTtEM_id00328_wavtolip.mp4,1,FVFA,0.9999985694885254
C:\Users\navee\Desktop\Projects\MediaDna\OpenAVFF\FakeAVCeleb_v1.2\FakeAVCeleb_v1.2\FakeVideo-FakeAudio/Caucasian (European)/women/id00823\00125_id00495_E46aiMUC4A0_id03620_wavtolip.mp4,1,FVFA,0.9999967813491821
C:\Users\navee\Desktop\Projects\MediaDna\OpenAVFF\FakeAVCeleb_v1.2\FakeAVCeleb_v1.2\FakeVideo-FakeAudio/Caucasian (European)/women/id00823\00125_id00581_7AxvP19LGKg_id00735_wavtolip.mp4,1,FVFA,0.9999986886978149
C:\Users\navee\Desktop\Projects\MediaDna\OpenAVFF\FakeAVCeleb_v1.2\FakeAVCeleb_v1.2\FakeVideo-FakeAudio/Caucasian (European)/women/id00823\00125_id00634_z5t9oJizDQg_id00633_wavtolip.mp4,1,FVFA,0.999995231628418
C:\Users\navee\Desktop\Projects\MediaDna\OpenAVFF\FakeAVCeleb_v1.2\FakeAVCeleb_v1.2\FakeVideo-FakeAudio/Caucasian (European)/women/id00823\00125_id00813_dKs9CWJIkSI_id00395_wavtolip.mp4,1,FVFA,0.9999929666519165
C:\Users\navee\Desktop\Projects\MediaDna\OpenAVFF\FakeAVCeleb_v1.2\FakeAVCeleb_v1.2\FakeVideo-FakeAudio/Caucasian (European)/women/id00823\00125_id03589_9NxOQlwpMys_id00403_wavtolip.mp4,1,FVFA,0.9999988079071045
C:\Users\navee\Desktop\Projects\MediaDna\OpenAVFF\FakeAVCeleb_v1.2\FakeAVCeleb_v1.2\FakeVideo-FakeAudio/Caucasian (European)/women/id00826\00065_id00068_A7uFnQw--bY_id00806_wavtolip.mp4,1,FVFA,0.999961256980896
C:\Users\navee\Desktop\Projects\MediaDna\OpenAVFF\FakeAVCeleb_v1.2\FakeAVCeleb_v1.2\FakeVideo-FakeAudio/Caucasian (European)/women/id00826\00065_id00271_je6JSLqEEcw_id00434_wavtolip.mp4,1,FVFA,0.9999970197677612
C:\Users\navee\Desktop\Projects\MediaDna\OpenAVFF\FakeAVCeleb_v1.2\FakeAVCeleb_v1.2\FakeVideo-FakeAudio/Caucasian (European)/women/id00826\00065_id00374_w1qI7y9AGTc_id00826_wavtolip.mp4,1,FVFA,0.9999991655349731
C:\Users\navee\Desktop\Projects\MediaDna\OpenAVFF\FakeAVCeleb_v1.2\FakeAVCeleb_v1.2\FakeVideo-FakeAudio/Caucasian (European)/women/id00826\00065_id00484_u7YTz8eFZv0_id03620_wavtolip.mp4,1,FVFA,0.9999979734420776
C:\Users\navee\Desktop\Projects\MediaDna\OpenAVFF\FakeAVCeleb_v1.2\FakeAVCeleb_v1.2\FakeVideo-FakeAudio/Caucasian (European)/women/id00826\00065_id00495_E46aiMUC4A0_id00806_wavtolip.mp4,1,FVFA,0.9999613761901855
C:\Users\navee\Desktop\Projects\MediaDna\OpenAVFF\FakeAVCeleb_v1.2\FakeAVCeleb_v1.2\FakeVideo-FakeAudio/Caucasian (European)/women/id00826\00065_id00581_7AxvP19LGKg_id00823_wavtolip.mp4,1,FVFA,0.999874472618103
C:\Users\navee\Desktop\Projects\MediaDna\OpenAVFF\FakeAVCeleb_v1.2\FakeAVCeleb_v1.2\FakeVideo-FakeAudio/Caucasian (European)/women/id00826\00065_id00634_z5t9oJizDQg_id03716_wavtolip.mp4,1,FVFA,0.9999967813491821
C:\Users\navee\Desktop\Projects\MediaDna\OpenAVFF\FakeAVCeleb_v1.2\FakeAVCeleb_v1.2\FakeVideo-FakeAudio/Caucasian (European)/women/id00826\00065_id00735_ivJSkq5hGOQ_id03589_wavtolip.mp4,1,FVFA,0.9999977350234985
C:\Users\navee\Desktop\Projects\MediaDna\OpenAVFF\FakeAVCeleb_v1.2\FakeAVCeleb_v1.2\FakeVideo-FakeAudio/Caucasian (European)/women/id00826\00065_id03371_truKMXt8Dak_id03858_wavtolip.mp4,1,FVFA,0.9999974966049194
C:\Users\navee\Desktop\Projects\MediaDna\OpenAVFF\FakeAVCeleb_v1.2\FakeAVCeleb_v1.2\FakeVideo-FakeAudio/Caucasian (European)/women/id00826\00065_id03649_389qfFqUddI_id00495_wavtolip.mp4,1,FVFA,0.9983634352684021
C:\Users\navee\Desktop\Projects\MediaDna\OpenAVFF\FakeAVCeleb_v1.2\FakeAVCeleb_v1.2\FakeVideo-FakeAudio/Caucasian (European)/women/id00897\00005_id00234_M3g5KRLJB60_id00328_wavtolip.mp4,1,FVFA,0.9984512329101562
C:\Users\navee\Desktop\Projects\MediaDna\OpenAVFF\FakeAVCeleb_v1.2\FakeAVCeleb_v1.2\FakeVideo-FakeAudio/Caucasian (European)/women/id00897\00005_id00330_zCFFgGSIZ_s_id00328_wavtolip.mp4,1,FVFA,0.9983887672424316
C:\Users\navee\Desktop\Projects\MediaDna\OpenAVFF\FakeAVCeleb_v1.2\FakeAVCeleb_v1.2\FakeVideo-FakeAudio/Caucasian (European)/women/id00897\00005_id00332__zNddcZV1EU_id00634_wavtolip.mp4,1,FVFA,0.9995483756065369
C:\Users\navee\Desktop\Projects\MediaDna\OpenAVFF\FakeAVCeleb_v1.2\FakeAVCeleb_v1.2\FakeVideo-FakeAudio/Caucasian (European)/women/id00897\00005_id00496_SImaDcXQnh8_id00232_wavtolip.mp4,1,FVFA,0.9986417889595032
C:\Users\navee\Desktop\Projects\MediaDna\OpenAVFF\FakeAVCeleb_v1.2\FakeAVCeleb_v1.2\FakeVideo-FakeAudio/Caucasian (European)/women/id00897\00005_id00591_1Jo8xElXQMs_id00328_wavtolip.mp4,1,FVFA,0.9984208345413208
C:\Users\navee\Desktop\Projects\MediaDna\OpenAVFF\FakeAVCeleb_v1.2\FakeAVCeleb_v1.2\FakeVideo-FakeAudio/Caucasian (European)/women/id00897\00005_id00813_dKs9CWJIkSI_id00484_wavtolip.mp4,1,FVFA,0.9995929598808289
C:\Users\navee\Desktop\Projects\MediaDna\OpenAVFF\FakeAVCeleb_v1.2\FakeAVCeleb_v1.2\FakeVideo-FakeAudio/Caucasian (European)/women/id00897\00005_id03371_truKMXt8Dak_id03589_wavtolip.mp4,1,FVFA,0.999953031539917
C:\Users\navee\Desktop\Projects\MediaDna\OpenAVFF\FakeAVCeleb_v1.2\FakeAVCeleb_v1.2\FakeVideo-FakeAudio/Caucasian (European)/women/id01001\00086_id00188_e-vm5FB3idA_id00379_wavtolip.mp4,1,FVFA,0.9999971389770508
C:\Users\navee\Desktop\Projects\MediaDna\OpenAVFF\FakeAVCeleb_v1.2\FakeAVCeleb_v1.2\FakeVideo-FakeAudio/Caucasian (European)/women/id01001\00086_id00262_3p7sRWAAh1Q_id03844_wavtolip.mp4,1,FVFA,0.9989650249481201
C:\Users\navee\Desktop\Projects\MediaDna\OpenAVFF\FakeAVCeleb_v1.2\FakeAVCeleb_v1.2\FakeVideo-FakeAudio/Caucasian (European)/women/id01001\00086_id00332__zNddcZV1EU_id03649_wavtolip.mp4,1,FVFA,0.994929850101471
C:\Users\navee\Desktop\Projects\MediaDna\OpenAVFF\FakeAVCeleb_v1.2\FakeAVCeleb_v1.2\FakeVideo-FakeAudio/Caucasian (European)/women/id01001\00086_id00374_w1qI7y9AGTc_id03651_wavtolip.mp4,1,FVFA,0.9997219443321228
C:\Users\navee\Desktop\Projects\MediaDna\OpenAVFF\FakeAVCeleb_v1.2\FakeAVCeleb_v1.2\FakeVideo-FakeAudio/Caucasian (European)/women/id01001\00086_id00569_gSynmpwioV4_id00806_wavtolip.mp4,1,FVFA,0.9999402761459351
C:\Users\navee\Desktop\Projects\MediaDna\OpenAVFF\FakeAVCeleb_v1.2\FakeAVCeleb_v1.2\FakeVideo-FakeAudio/Caucasian (European)/women/id01001\00086_id00633_UXrTMta1EDM_id00325_wavtolip.mp4,1,FVFA,0.9999982118606567
C:\Users\navee\Desktop\Projects\MediaDna\OpenAVFF\FakeAVCeleb_v1.2\FakeAVCeleb_v1.2\FakeVideo-FakeAudio/Caucasian (European)/women/id01001\00086_id00735_ivJSkq5hGOQ_id00271_wavtolip.mp4,1,FVFA,0.9906395673751831
C:\Users\navee\Desktop\Projects\MediaDna\OpenAVFF\FakeAVCeleb_v1.2\FakeAVCeleb_v1.2\FakeVideo-FakeAudio/Caucasian (European)/women/id01001\00086_id03816_XXD0yTNei50_id00287_wavtolip.mp4,1,FVFA,0.9999306201934814
C:\Users\navee\Desktop\Projects\MediaDna\OpenAVFF\FakeAVCeleb_v1.2\FakeAVCeleb_v1.2\FakeVideo-FakeAudio/Caucasian (European)/women/id01002\00043_id00188_e-vm5FB3idA_id00232_wavtolip.mp4,1,FVFA,0.999991774559021
C:\Users\navee\Desktop\Projects\MediaDna\OpenAVFF\FakeAVCeleb_v1.2\FakeAVCeleb_v1.2\FakeVideo-FakeAudio/Caucasian (European)/women/id01002\00043_id00287_2NpfYjyMsPM_id03649_wavtolip.mp4,1,FVFA,0.9999978542327881
C:\Users\navee\Desktop\Projects\MediaDna\OpenAVFF\FakeAVCeleb_v1.2\FakeAVCeleb_v1.2\FakeVideo-FakeAudio/Caucasian (European)/women/id01002\00043_id00325_4vJtbNe0L98_id00330_wavtolip.mp4,1,FVFA,0.999954342842102
C:\Users\navee\Desktop\Projects\MediaDna\OpenAVFF\FakeAVCeleb_v1.2\FakeAVCeleb_v1.2\FakeVideo-FakeAudio/Caucasian (European)/women/id01002\00043_id00491_ShjiTWoOtM4_id00581_wavtolip.mp4,1,FVFA,0.9999942779541016
C:\Users\navee\Desktop\Projects\MediaDna\OpenAVFF\FakeAVCeleb_v1.2\FakeAVCeleb_v1.2\FakeVideo-FakeAudio/Caucasian (European)/women/id01002\00043_id00581_7AxvP19LGKg_id00271_wavtolip.mp4,1,FVFA,0.9896412491798401
C:\Users\navee\Desktop\Projects\MediaDna\OpenAVFF\FakeAVCeleb_v1.2\FakeAVCeleb_v1.2\FakeVideo-FakeAudio/Caucasian (European)/women/id01002\00043_id00633_UXrTMta1EDM_id00484_wavtolip.mp4,1,FVFA,0.9999970197677612
C:\Users\navee\Desktop\Projects\MediaDna\OpenAVFF\FakeAVCeleb_v1.2\FakeAVCeleb_v1.2\FakeVideo-FakeAudio/Caucasian (European)/women/id01002\00043_id01001_dHJc8dh9X8c_id03844_wavtolip.mp4,1,FVFA,0.9999942779541016
C:\Users\navee\Desktop\Projects\MediaDna\OpenAVFF\FakeAVCeleb_v1.2\FakeAVCeleb_v1.2\FakeVideo-FakeAudio/Caucasian (European)/women/id01002\00043_id03371_truKMXt8Dak_id00373_wavtolip.mp4,1,FVFA,0.9999973773956299
C:\Users\navee\Desktop\Projects\MediaDna\OpenAVFF\FakeAVCeleb_v1.2\FakeAVCeleb_v1.2\FakeVideo-FakeAudio/Caucasian (European)/women/id01018\00072_id00232_kL0cCveU1zg_id00270_wavtolip.mp4,1,FVFA,0.9157432317733765
C:\Users\navee\Desktop\Projects\MediaDna\OpenAVFF\FakeAVCeleb_v1.2\FakeAVCeleb_v1.2\FakeVideo-FakeAudio/Caucasian (European)/women/id01018\00072_id00287_2NpfYjyMsPM_id03589_wavtolip.mp4,1,FVFA,0.9999544620513916
C:\Users\navee\Desktop\Projects\MediaDna\OpenAVFF\FakeAVCeleb_v1.2\FakeAVCeleb_v1.2\FakeVideo-FakeAudio/Caucasian (European)/women/id01018\00072_id00491_ShjiTWoOtM4_id00496_wavtolip.mp4,1,FVFA,0.9999606609344482
C:\Users\navee\Desktop\Projects\MediaDna\OpenAVFF\FakeAVCeleb_v1.2\FakeAVCeleb_v1.2\FakeVideo-FakeAudio/Caucasian (European)/women/id01018\00072_id00591_1Jo8xElXQMs_id00735_wavtolip.mp4,1,FVFA,0.9991012811660767
C:\Users\navee\Desktop\Projects\MediaDna\OpenAVFF\FakeAVCeleb_v1.2\FakeAVCeleb_v1.2\FakeVideo-FakeAudio/Caucasian (European)/women/id01018\00072_id03620_YkXM5A8w07E_id00379_wavtolip.mp4,1,FVFA,0.8678876757621765
C:\Users\navee\Desktop\Projects\MediaDna\OpenAVFF\FakeAVCeleb_v1.2\FakeAVCeleb_v1.2\FakeVideo-FakeAudio/Caucasian (European)/women/id01018\00072_id03649_389qfFqUddI_id00271_wavtolip.mp4,1,FVFA,0.9900453686714172
C:\Users\navee\Desktop\Projects\MediaDna\OpenAVFF\FakeAVCeleb_v1.2\FakeAVCeleb_v1.2\FakeVideo-FakeAudio/Caucasian (European)/women/id01018\00072_id03651_EjcoRkL6loI_id00823_wavtolip.mp4,1,FVFA,0.9998751878738403
C:\Users\navee\Desktop\Projects\MediaDna\OpenAVFF\FakeAVCeleb_v1.2\FakeAVCeleb_v1.2\FakeVideo-FakeAudio/Caucasian (European)/women/id03371\00430_id00068_A7uFnQw--bY_id00735_wavtolip.mp4,1,FVFA,0.9991673231124878
C:\Users\navee\Desktop\Projects\MediaDna\OpenAVFF\FakeAVCeleb_v1.2\FakeAVCeleb_v1.2\FakeVideo-FakeAudio/Caucasian (European)/women/id03371\00430_id00330_zCFFgGSIZ_s_id00434_wavtolip.mp4,1,FVFA,0.9999985694885254
C:\Users\navee\Desktop\Projects\MediaDna\OpenAVFF\FakeAVCeleb_v1.2\FakeAVCeleb_v1.2\FakeVideo-FakeAudio/Caucasian (European)/women/id03371\00430_id00491_ShjiTWoOtM4_id00495_wavtolip.mp4,1,FVFA,0.9982666969299316
C:\Users\navee\Desktop\Projects\MediaDna\OpenAVFF\FakeAVCeleb_v1.2\FakeAVCeleb_v1.2\FakeVideo-FakeAudio/Caucasian (European)/women/id03371\00430_id00569_gSynmpwioV4_id00234_wavtolip.mp4,1,FVFA,0.9979124665260315
C:\Users\navee\Desktop\Projects\MediaDna\OpenAVFF\FakeAVCeleb_v1.2\FakeAVCeleb_v1.2\FakeVideo-FakeAudio/Caucasian (European)/women/id03371\00430_id00806_0sk9s9lFIAk_id00042_wavtolip.mp4,1,FVFA,0.976540744304657
C:\Users\navee\Desktop\Projects\MediaDna\OpenAVFF\FakeAVCeleb_v1.2\FakeAVCeleb_v1.2\FakeVideo-FakeAudio/Caucasian (European)/women/id03371\00430_id03858_uKVqPfRf-ac_id00496_wavtolip.mp4,1,FVFA,0.9999393224716187
C:\Users\navee\Desktop\Projects\MediaDna\OpenAVFF\FakeAVCeleb_v1.2\FakeAVCeleb_v1.2\FakeVideo-FakeAudio/Caucasian (European)/women/id03589\00002_id00068_A7uFnQw--bY_id00287_wavtolip.mp4,1,FVFA,0.9999308586120605
C:\Users\navee\Desktop\Projects\MediaDna\OpenAVFF\FakeAVCeleb_v1.2\FakeAVCeleb_v1.2\FakeVideo-FakeAudio/Caucasian (European)/women/id03589\00002_id00262_3p7sRWAAh1Q_id03651_wavtolip.mp4,1,FVFA,0.9997023940086365
C:\Users\navee\Desktop\Projects\MediaDna\OpenAVFF\FakeAVCeleb_v1.2\FakeAVCeleb_v1.2\FakeVideo-FakeAudio/Caucasian (European)/women/id03589\00002_id00287_2NpfYjyMsPM_id00071_wavtolip.mp4,1,FVFA,0.9998878240585327
C:\Users\navee\Desktop\Projects\MediaDna\OpenAVFF\FakeAVCeleb_v1.2\FakeAVCeleb_v1.2\FakeVideo-FakeAudio/Caucasian (European)/women/id03589\00002_id00395_wM5kGJfTtEM_id00271_wavtolip.mp4,1,FVFA,0.9898653626441956
C:\Users\navee\Desktop\Projects\MediaDna\OpenAVFF\FakeAVCeleb_v1.2\FakeAVCeleb_v1.2\FakeVideo-FakeAudio/Caucasian (European)/women/id03589\00002_id00495_E46aiMUC4A0_id00581_wavtolip.mp4,1,FVFA,0.9999924898147583
C:\Users\navee\Desktop\Projects\MediaDna\OpenAVFF\FakeAVCeleb_v1.2\FakeAVCeleb_v1.2\FakeVideo-FakeAudio/Caucasian (European)/women/id03589\00002_id00496_SImaDcXQnh8_id00271_wavtolip.mp4,1,FVFA,0.9897807836532593
C:\Users\navee\Desktop\Projects\MediaDna\OpenAVFF\FakeAVCeleb_v1.2\FakeAVCeleb_v1.2\FakeVideo-FakeAudio/Caucasian (European)/women/id03589\00002_id00634_z5t9oJizDQg_id00374_wavtolip.mp4,1,FVFA,0.5701116919517517
C:\Users\navee\Desktop\Projects\MediaDna\OpenAVFF\FakeAVCeleb_v1.2\FakeAVCeleb_v1.2\FakeVideo-FakeAudio/Caucasian (European)/women/id03589\00002_id03649_389qfFqUddI_id00633_wavtolip.mp4,1,FVFA,0.9999970197677612
C:\Users\navee\Desktop\Projects\MediaDna\OpenAVFF\FakeAVCeleb_v1.2\FakeAVCeleb_v1.2\FakeVideo-FakeAudio/Caucasian (European)/women/id03589\00002_id03858_uKVqPfRf-ac_id01002_wavtolip.mp4,1,FVFA,0.9999414682388306
C:\Users\navee\Desktop\Projects\MediaDna\OpenAVFF\FakeAVCeleb_v1.2\FakeAVCeleb_v1.2\FakeVideo-FakeAudio/Caucasian (European)/women/id03620\00081_id00287_2NpfYjyMsPM_id00270_wavtolip.mp4,1,FVFA,0.9195311069488525
C:\Users\navee\Desktop\Projects\MediaDna\OpenAVFF\FakeAVCeleb_v1.2\FakeAVCeleb_v1.2\FakeVideo-FakeAudio/Caucasian (European)/women/id03620\00081_id00325_4vJtbNe0L98_id00897_wavtolip.mp4,1,FVFA,0.9999985694885254
C:\Users\navee\Desktop\Projects\MediaDna\OpenAVFF\FakeAVCeleb_v1.2\FakeAVCeleb_v1.2\FakeVideo-FakeAudio/Caucasian (European)/women/id03620\00081_id00365_XV-imLNJvfk_id00071_wavtolip.mp4,1,FVFA,0.9998788833618164
C:\Users\navee\Desktop\Projects\MediaDna\OpenAVFF\FakeAVCeleb_v1.2\FakeAVCeleb_v1.2\FakeVideo-FakeAudio/Caucasian (European)/women/id03620\00081_id00373_5NXv3Dxkd6E_id00484_wavtolip.mp4,1,FVFA,0.9995532631874084
C:\Users\navee\Desktop\Projects\MediaDna\OpenAVFF\FakeAVCeleb_v1.2\FakeAVCeleb_v1.2\FakeVideo-FakeAudio/Caucasian (European)/women/id03620\00081_id00374_w1qI7y9AGTc_id00232_wavtolip.mp4,1,FVFA,0.9985966086387634
C:\Users\navee\Desktop\Projects\MediaDna\OpenAVFF\FakeAVCeleb_v1.2\FakeAVCeleb_v1.2\FakeVideo-FakeAudio/Caucasian (European)/women/id03620\00081_id00496_SImaDcXQnh8_id00332_wavtolip.mp4,1,FVFA,0.9915178418159485
C:\Users\navee\Desktop\Projects\MediaDna\OpenAVFF\FakeAVCeleb_v1.2\FakeAVCeleb_v1.2\FakeVideo-FakeAudio/Caucasian (European)/women/id03620\00081_id01018_VNPt_GB5QiE_id00484_wavtolip.mp4,1,FVFA,0.99955815076828
C:\Users\navee\Desktop\Projects\MediaDna\OpenAVFF\FakeAVCeleb_v1.2\FakeAVCeleb_v1.2\FakeVideo-FakeAudio/Caucasian (European)/women/id03620\00081_id03844_AEAEN1Lns2c_id00373_wavtolip.mp4,1,FVFA,0.999631404876709
C:\Users\navee\Desktop\Projects\MediaDna\OpenAVFF\FakeAVCeleb_v1.2\FakeAVCeleb_v1.2\FakeVideo-FakeAudio/Caucasian (European)/women/id03649\00001_id00068_A7uFnQw--bY_id00270_wavtolip.mp4,1,FVFA,0.9999954700469971
C:\Users\navee\Desktop\Projects\MediaDna\OpenAVFF\FakeAVCeleb_v1.2\FakeAVCeleb_v1.2\FakeVideo-FakeAudio/Caucasian (European)/women/id03649\00001_id00188_e-vm5FB3idA_id01002_wavtolip.mp4,1,FVFA,0.9999402761459351
C:\Users\navee\Desktop\Projects\MediaDna\OpenAVFF\FakeAVCeleb_v1.2\FakeAVCeleb_v1.2\FakeVideo-FakeAudio/Caucasian (European)/women/id03649\00001_id00325_4vJtbNe0L98_id03941_wavtolip.mp4,1,FVFA,0.9926018118858337
C:\Users\navee\Desktop\Projects\MediaDna\OpenAVFF\FakeAVCeleb_v1.2\FakeAVCeleb_v1.2\FakeVideo-FakeAudio/Caucasian (European)/women/id03649\00001_id00569_gSynmpwioV4_id00434_wavtolip.mp4,1,FVFA,0.9999967813491821
C:\Users\navee\Desktop\Projects\MediaDna\OpenAVFF\FakeAVCeleb_v1.2\FakeAVCeleb_v1.2\FakeVideo-FakeAudio/Caucasian (European)/women/id03649\00001_id00589_uOzKwYEVR6s_id00373_wavtolip.mp4,1,FVFA,0.9999972581863403
C:\Users\navee\Desktop\Projects\MediaDna\OpenAVFF\FakeAVCeleb_v1.2\FakeAVCeleb_v1.2\FakeVideo-FakeAudio/Caucasian (European)/women/id03649\00001_id00591_1Jo8xElXQMs_id00287_wavtolip.mp4,1,FVFA,0.9999270439147949
C:\Users\navee\Desktop\Projects\MediaDna\OpenAVFF\FakeAVCeleb_v1.2\FakeAVCeleb_v1.2\FakeVideo-FakeAudio/Caucasian (European)/women/id03649\00001_id00633_UXrTMta1EDM_id00287_wavtolip.mp4,1,FVFA,0.9999289512634277
C:\Users\navee\Desktop\Projects\MediaDna\OpenAVFF\FakeAVCeleb_v1.2\FakeAVCeleb_v1.2\FakeVideo-FakeAudio/Caucasian (European)/women/id03649\00001_id00634_z5t9oJizDQg_id03941_wavtolip.mp4,1,FVFA,0.9924629926681519
C:\Users\navee\Desktop\Projects\MediaDna\OpenAVFF\FakeAVCeleb_v1.2\FakeAVCeleb_v1.2\FakeVideo-FakeAudio/Caucasian (European)/women/id03649\00001_id00826_MYagwzy91Yk_id00634_wavtolip.mp4,1,FVFA,0.9999984502792358
C:\Users\navee\Desktop\Projects\MediaDna\OpenAVFF\FakeAVCeleb_v1.2\FakeAVCeleb_v1.2\FakeVideo-FakeAudio/Caucasian (European)/women/id03649\00001_id03589_9NxOQlwpMys_id00434_wavtolip.mp4,1,FVFA,0.9999969005584717
C:\Users\navee\Desktop\Projects\MediaDna\OpenAVFF\FakeAVCeleb_v1.2\FakeAVCeleb_v1.2\FakeVideo-FakeAudio/Caucasian (European)/women/id03651\00092_id00325_4vJtbNe0L98_id00332_wavtolip.mp4,1,FVFA,0.9999837875366211
C:\Users\navee\Desktop\Projects\MediaDna\OpenAVFF\FakeAVCeleb_v1.2\FakeAVCeleb_v1.2\FakeVideo-FakeAudio/Caucasian (European)/women/id03651\00092_id00395_wM5kGJfTtEM_id00328_wavtolip.mp4,1,FVFA,0.9999978542327881
C:\Users\navee\Desktop\Projects\MediaDna\OpenAVFF\FakeAVCeleb_v1.2\FakeAVCeleb_v1.2\FakeVideo-FakeAudio/Caucasian (European)/women/id03651\00092_id00897_0ayFw8JhoyI_id00826_wavtolip.mp4,1,FVFA,0.9999991655349731
C:\Users\navee\Desktop\Projects\MediaDna\OpenAVFF\FakeAVCeleb_v1.2\FakeAVCeleb_v1.2\FakeVideo-FakeAudio/Caucasian (European)/women/id03651\00092_id01002_eQTviHjyISo_id03941_wavtolip.mp4,1,FVFA,0.9999938011169434
C:\Users\navee\Desktop\Projects\MediaDna\OpenAVFF\FakeAVCeleb_v1.2\FakeAVCeleb_v1.2\FakeVideo-FakeAudio/Caucasian (European)/women/id03651\00092_id01018_VNPt_GB5QiE_id00330_wavtolip.mp4,1,FVFA,0.999962568283081
C:\Users\navee\Desktop\Projects\MediaDna\OpenAVFF\FakeAVCeleb_v1.2\FakeAVCeleb_v1.2\FakeVideo-FakeAudio/Caucasian (European)/women/id03651\00092_id03371_truKMXt8Dak_id00325_wavtolip.mp4,1,FVFA,0.9999973773956299
C:\Users\navee\Desktop\Projects\MediaDna\OpenAVFF\FakeAVCeleb_v1.2\FakeAVCeleb_v1.2\FakeVideo-FakeAudio/Caucasian (European)/women/id03651\00092_id03649_389qfFqUddI_id03651_wavtolip.mp4,1,FVFA,0.9999978542327881
C:\Users\navee\Desktop\Projects\MediaDna\OpenAVFF\FakeAVCeleb_v1.2\FakeAVCeleb_v1.2\FakeVideo-FakeAudio/Caucasian (European)/women/id03651\00092_id03716_s-lxbGafZQA_id00395_wavtolip.mp4,1,FVFA,0.9999916553497314
C:\Users\navee\Desktop\Projects\MediaDna\OpenAVFF\FakeAVCeleb_v1.2\FakeAVCeleb_v1.2\FakeVideo-FakeAudio/Caucasian (European)/women/id03651\00092_id03858_uKVqPfRf-ac_id00813_wavtolip.mp4,1,FVFA,0.9999936819076538
C:\Users\navee\Desktop\Projects\MediaDna\OpenAVFF\FakeAVCeleb_v1.2\FakeAVCeleb_v1.2\FakeVideo-FakeAudio/Caucasian (European)/women/id03716\00040_id00365_XV-imLNJvfk_id03716_wavtolip.mp4,1,FVFA,0.9999972581863403
C:\Users\navee\Desktop\Projects\MediaDna\OpenAVFF\FakeAVCeleb_v1.2\FakeAVCeleb_v1.2\FakeVideo-FakeAudio/Caucasian (European)/women/id03716\00040_id00379_fgkgYHCuk4g_id00823_wavtolip.mp4,1,FVFA,0.9998626708984375
C:\Users\navee\Desktop\Projects\MediaDna\OpenAVFF\FakeAVCeleb_v1.2\FakeAVCeleb_v1.2\FakeVideo-FakeAudio/Caucasian (European)/women/id03716\00040_id00395_wM5kGJfTtEM_id00232_wavtolip.mp4,1,FVFA,0.9984025359153748
C:\Users\navee\Desktop\Projects\MediaDna\OpenAVFF\FakeAVCeleb_v1.2\FakeAVCeleb_v1.2\FakeVideo-FakeAudio/Caucasian (European)/women/id03716\00040_id00591_1Jo8xElXQMs_id00823_wavtolip.mp4,1,FVFA,0.9998564720153809
C:\Users\navee\Desktop\Projects\MediaDna\OpenAVFF\FakeAVCeleb_v1.2\FakeAVCeleb_v1.2\FakeVideo-FakeAudio/Caucasian (European)/women/id03716\00040_id00633_UXrTMta1EDM_id00826_wavtolip.mp4,1,FVFA,0.9999825954437256
C:\Users\navee\Desktop\Projects\MediaDna\OpenAVFF\FakeAVCeleb_v1.2\FakeAVCeleb_v1.2\FakeVideo-FakeAudio/Caucasian (European)/women/id03716\00040_id00897_0ayFw8JhoyI_id00232_wavtolip.mp4,1,FVFA,0.9984520673751831
C:\Users\navee\Desktop\Projects\MediaDna\OpenAVFF\FakeAVCeleb_v1.2\FakeAVCeleb_v1.2\FakeVideo-FakeAudio/Caucasian (European)/women/id03716\00040_id03651_EjcoRkL6loI_id00328_wavtolip.mp4,1,FVFA,0.9981787204742432
C:\Users\navee\Desktop\Projects\MediaDna\OpenAVFF\FakeAVCeleb_v1.2\FakeAVCeleb_v1.2\FakeVideo-FakeAudio/Caucasian (European)/women/id03716\00040_id03816_XXD0yTNei50_id00581_wavtolip.mp4,1,FVFA,0.981812596321106
C:\Users\navee\Desktop\Projects\MediaDna\OpenAVFF\FakeAVCeleb_v1.2\FakeAVCeleb_v1.2\FakeVideo-FakeAudio/Caucasian (European)/women/id03816\00093_id00071_JU1cVINUTZA_id00330_wavtolip.mp4,1,FVFA,0.9999576807022095
C:\Users\navee\Desktop\Projects\MediaDna\OpenAVFF\FakeAVCeleb_v1.2\FakeAVCeleb_v1.2\FakeVideo-FakeAudio/Caucasian (European)/women/id03816\00093_id00262_3p7sRWAAh1Q_id00826_wavtolip.mp4,1,FVFA,0.9999991655349731
C:\Users\navee\Desktop\Projects\MediaDna\OpenAVFF\FakeAVCeleb_v1.2\FakeAVCeleb_v1.2\FakeVideo-FakeAudio/Caucasian (European)/women/id03816\00093_id00287_2NpfYjyMsPM_id00270_wavtolip.mp4,1,FVFA,0.9999955892562866
C:\Users\navee\Desktop\Projects\MediaDna\OpenAVFF\FakeAVCeleb_v1.2\FakeAVCeleb_v1.2\FakeVideo-FakeAudio/Caucasian (European)/women/id03816\00093_id00379_fgkgYHCuk4g_id00484_wavtolip.mp4,1,FVFA,0.999583899974823
C:\Users\navee\Desktop\Projects\MediaDna\OpenAVFF\FakeAVCeleb_v1.2\FakeAVCeleb_v1.2\FakeVideo-FakeAudio/Caucasian (European)/women/id03816\00093_id00395_wM5kGJfTtEM_id00332_wavtolip.mp4,1,FVFA,0.9999915361404419
C:\Users\navee\Desktop\Projects\MediaDna\OpenAVFF\FakeAVCeleb_v1.2\FakeAVCeleb_v1.2\FakeVideo-FakeAudio/Caucasian (European)/women/id03816\00093_id00495_E46aiMUC4A0_id03651_wavtolip.mp4,1,FVFA,0.9997119307518005
C:\Users\navee\Desktop\Projects\MediaDna\OpenAVFF\FakeAVCeleb_v1.2\FakeAVCeleb_v1.2\FakeVideo-FakeAudio/Caucasian (European)/women/id03816\00093_id00633_UXrTMta1EDM_id00484_wavtolip.mp4,1,FVFA,0.999578058719635
C:\Users\navee\Desktop\Projects\MediaDna\OpenAVFF\FakeAVCeleb_v1.2\FakeAVCeleb_v1.2\FakeVideo-FakeAudio/Caucasian (European)/women/id03816\00093_id00897_0ayFw8JhoyI_id00270_wavtolip.mp4,1,FVFA,0.9999955892562866
C:\Users\navee\Desktop\Projects\MediaDna\OpenAVFF\FakeAVCeleb_v1.2\FakeAVCeleb_v1.2\FakeVideo-FakeAudio/Caucasian (European)/women/id03816\00093_id01018_VNPt_GB5QiE_id03651_wavtolip.mp4,1,FVFA,0.999717652797699
C:\Users\navee\Desktop\Projects\MediaDna\OpenAVFF\FakeAVCeleb_v1.2\FakeAVCeleb_v1.2\FakeVideo-FakeAudio/Caucasian (European)/women/id03816\00093_id03941_SsYtP8Ze88Q_id03649_wavtolip.mp4,1,FVFA,0.9951366782188416
C:\Users\navee\Desktop\Projects\MediaDna\OpenAVFF\FakeAVCeleb_v1.2\FakeAVCeleb_v1.2\FakeVideo-FakeAudio/Caucasian (European)/women/id03844\00028_id00068_A7uFnQw--bY_id03844_wavtolip.mp4,1,FVFA,0.9999948740005493
C:\Users\navee\Desktop\Projects\MediaDna\OpenAVFF\FakeAVCeleb_v1.2\FakeAVCeleb_v1.2\FakeVideo-FakeAudio/Caucasian (European)/women/id03844\00028_id00330_zCFFgGSIZ_s_id00328_wavtolip.mp4,1,FVFA,0.9999991655349731
C:\Users\navee\Desktop\Projects\MediaDna\OpenAVFF\FakeAVCeleb_v1.2\FakeAVCeleb_v1.2\FakeVideo-FakeAudio/Caucasian (European)/women/id03844\00028_id00365_XV-imLNJvfk_id00071_wavtolip.mp4,1,FVFA,0.9998972415924072
C:\Users\navee\Desktop\Projects\MediaDna\OpenAVFF\FakeAVCeleb_v1.2\FakeAVCeleb_v1.2\FakeVideo-FakeAudio/Caucasian (European)/women/id03844\00028_id00484_u7YTz8eFZv0_id00379_wavtolip.mp4,1,FVFA,0.9999973773956299
C:\Users\navee\Desktop\Projects\MediaDna\OpenAVFF\FakeAVCeleb_v1.2\FakeAVCeleb_v1.2\FakeVideo-FakeAudio/Caucasian (European)/women/id03844\00028_id00495_E46aiMUC4A0_id00374_wavtolip.mp4,1,FVFA,0.9999841451644897
C:\Users\navee\Desktop\Projects\MediaDna\OpenAVFF\FakeAVCeleb_v1.2\FakeAVCeleb_v1.2\FakeVideo-FakeAudio/Caucasian (European)/women/id03844\00028_id00496_SImaDcXQnh8_id01018_wavtolip.mp4,1,FVFA,0.9999985694885254
C:\Users\navee\Desktop\Projects\MediaDna\OpenAVFF\FakeAVCeleb_v1.2\FakeAVCeleb_v1.2\FakeVideo-FakeAudio/Caucasian (European)/women/id03844\00028_id00735_ivJSkq5hGOQ_id00634_wavtolip.mp4,1,FVFA,0.9999986886978149
C:\Users\navee\Desktop\Projects\MediaDna\OpenAVFF\FakeAVCeleb_v1.2\FakeAVCeleb_v1.2\FakeVideo-FakeAudio/Caucasian (European)/women/id03844\00028_id03858_uKVqPfRf-ac_id00374_wavtolip.mp4,1,FVFA,0.9999841451644897
C:\Users\navee\Desktop\Projects\MediaDna\OpenAVFF\FakeAVCeleb_v1.2\FakeAVCeleb_v1.2\FakeVideo-FakeAudio/Caucasian (European)/women/id03858\00092_id00270_hoEQ70-sDME_id00287_wavtolip.mp4,1,FVFA,0.9999346733093262
C:\Users\navee\Desktop\Projects\MediaDna\OpenAVFF\FakeAVCeleb_v1.2\FakeAVCeleb_v1.2\FakeVideo-FakeAudio/Caucasian (European)/women/id03858\00092_id00395_wM5kGJfTtEM_id03620_wavtolip.mp4,1,FVFA,0.9999979734420776
C:\Users\navee\Desktop\Projects\MediaDna\OpenAVFF\FakeAVCeleb_v1.2\FakeAVCeleb_v1.2\FakeVideo-FakeAudio/Caucasian (European)/women/id03858\00092_id00495_E46aiMUC4A0_id03649_wavtolip.mp4,1,FVFA,0.9953798055648804
C:\Users\navee\Desktop\Projects\MediaDna\OpenAVFF\FakeAVCeleb_v1.2\FakeAVCeleb_v1.2\FakeVideo-FakeAudio/Caucasian (European)/women/id03858\00092_id00581_7AxvP19LGKg_id00581_wavtolip.mp4,1,FVFA,0.999992847442627
C:\Users\navee\Desktop\Projects\MediaDna\OpenAVFF\FakeAVCeleb_v1.2\FakeAVCeleb_v1.2\FakeVideo-FakeAudio/Caucasian (European)/women/id03858\00092_id00823_KgExwCvgrUk_id03941_wavtolip.mp4,1,FVFA,0.9929987192153931
C:\Users\navee\Desktop\Projects\MediaDna\OpenAVFF\FakeAVCeleb_v1.2\FakeAVCeleb_v1.2\FakeVideo-FakeAudio/Caucasian (European)/women/id03858\00092_id03371_truKMXt8Dak_id00735_wavtolip.mp4,1,FVFA,0.9992190599441528
C:\Users\navee\Desktop\Projects\MediaDna\OpenAVFF\FakeAVCeleb_v1.2\FakeAVCeleb_v1.2\FakeVideo-FakeAudio/Caucasian (European)/women/id03858\00092_id03716_s-lxbGafZQA_id00581_wavtolip.mp4,1,FVFA,0.9999932050704956
C:\Users\navee\Desktop\Projects\MediaDna\OpenAVFF\FakeAVCeleb_v1.2\FakeAVCeleb_v1.2\FakeVideo-FakeAudio/Caucasian (European)/women/id03858\00092_id03844_AEAEN1Lns2c_id00806_wavtolip.mp4,1,FVFA,0.9999847412109375
C:\Users\navee\Desktop\Projects\MediaDna\OpenAVFF\FakeAVCeleb_v1.2\FakeAVCeleb_v1.2\FakeVideo-FakeAudio/Caucasian (European)/women/id03941\00021_id00068_A7uFnQw--bY_id00569_wavtolip.mp4,1,FVFA,0.9998900890350342
C:\Users\navee\Desktop\Projects\MediaDna\OpenAVFF\FakeAVCeleb_v1.2\FakeAVCeleb_v1.2\FakeVideo-FakeAudio/Caucasian (European)/women/id03941\00021_id00262_3p7sRWAAh1Q_id00395_wavtolip.mp4,1,FVFA,0.9999920129776001
C:\Users\navee\Desktop\Projects\MediaDna\OpenAVFF\FakeAVCeleb_v1.2\FakeAVCeleb_v1.2\FakeVideo-FakeAudio/Caucasian (European)/women/id03941\00021_id00287_2NpfYjyMsPM_id00434_wavtolip.mp4,1,FVFA,0.9999970197677612
C:\Users\navee\Desktop\Projects\MediaDna\OpenAVFF\FakeAVCeleb_v1.2\FakeAVCeleb_v1.2\FakeVideo-FakeAudio/Caucasian (European)/women/id03941\00021_id00332__zNddcZV1EU_id00271_wavtolip.mp4,1,FVFA,0.9901303648948669
C:\Users\navee\Desktop\Projects\MediaDna\OpenAVFF\FakeAVCeleb_v1.2\FakeAVCeleb_v1.2\FakeVideo-FakeAudio/Caucasian (European)/women/id03941\00021_id00365_XV-imLNJvfk_id00270_wavtolip.mp4,1,FVFA,0.9999958276748657
C:\Users\navee\Desktop\Projects\MediaDna\OpenAVFF\FakeAVCeleb_v1.2\FakeAVCeleb_v1.2\FakeVideo-FakeAudio/Caucasian (European)/women/id03941\00021_id00495_E46aiMUC4A0_id01002_wavtolip.mp4,1,FVFA,0.9999982118606567
C:\Users\navee\Desktop\Projects\MediaDna\OpenAVFF\FakeAVCeleb_v1.2\FakeAVCeleb_v1.2\FakeVideo-FakeAudio/Caucasian (European)/women/id03941\00021_id00735_ivJSkq5hGOQ_id00379_wavtolip.mp4,1,FVFA,0.9999972581863403
C:\Users\navee\Desktop\Projects\MediaDna\OpenAVFF\FakeAVCeleb_v1.2\FakeAVCeleb_v1.2\FakeVideo-FakeAudio/Caucasian (European)/women/id03941\00021_id00806_0sk9s9lFIAk_id00042_wavtolip.mp4,1,FVFA,0.9999974966049194
C:\Users\navee\Desktop\Projects\MediaDna\OpenAVFF\FakeAVCeleb_v1.2\FakeAVCeleb_v1.2\FakeVideo-FakeAudio/Caucasian (European)/women/id03941\00021_id01001_dHJc8dh9X8c_id03589_wavtolip.mp4,1,FVFA,0.9999970197677612
C:\Users\navee\Desktop\Projects\MediaDna\OpenAVFF\FakeAVCeleb_v1.2\FakeAVCeleb_v1.2\FakeVideo-FakeAudio/Caucasian (European)/women/id03941\00021_id03816_XXD0yTNei50_id01002_wavtolip.mp4,1,FVFA,0.9999982118606567
C:\Users\navee\Desktop\Projects\MediaDna\OpenAVFF\FakeAVCeleb_v1.2\FakeAVCeleb_v1.2\FakeVideo-RealAudio/Caucasian (European)/women/id00042\00028_id00068_wavtolip.mp4,1,FVRA,0.9999904632568359
C:\Users\navee\Desktop\Projects\MediaDna\OpenAVFF\FakeAVCeleb_v1.2\FakeAVCeleb_v1.2\FakeVideo-RealAudio/Caucasian (European)/women/id00042\00028_id00271_wavtolip.mp4,1,FVRA,0.566121518611908
C:\Users\navee\Desktop\Projects\MediaDna\OpenAVFF\FakeAVCeleb_v1.2\FakeAVCeleb_v1.2\FakeVideo-RealAudio/Caucasian (European)/women/id00042\00028_id00325_wavtolip.mp4,1,FVRA,0.9999953508377075
C:\Users\navee\Desktop\Projects\MediaDna\OpenAVFF\FakeAVCeleb_v1.2\FakeAVCeleb_v1.2\FakeVideo-RealAudio/Caucasian (European)/women/id00042\00028_id00379_wavtolip.mp4,1,FVRA,0.9999971389770508
C:\Users\navee\Desktop\Projects\MediaDna\OpenAVFF\FakeAVCeleb_v1.2\FakeAVCeleb_v1.2\FakeVideo-RealAudio/Caucasian (European)/women/id00042\00028_id00496_wavtolip.mp4,1,FVRA,0.9999946355819702
C:\Users\navee\Desktop\Projects\MediaDna\OpenAVFF\FakeAVCeleb_v1.2\FakeAVCeleb_v1.2\FakeVideo-RealAudio/Caucasian (European)/women/id00042\00028_id00569_wavtolip.mp4,1,FVRA,0.6281388401985168
C:\Users\navee\Desktop\Projects\MediaDna\OpenAVFF\FakeAVCeleb_v1.2\FakeAVCeleb_v1.2\FakeVideo-RealAudio/Caucasian (European)/women/id00042\00028_id01018_wavtolip.mp4,1,FVRA,0.9999732971191406
C:\Users\navee\Desktop\Projects\MediaDna\OpenAVFF\FakeAVCeleb_v1.2\FakeAVCeleb_v1.2\FakeVideo-RealAudio/Caucasian (European)/women/id00042\00028_id03620_wavtolip.mp4,1,FVRA,0.999995231628418
C:\Users\navee\Desktop\Projects\MediaDna\OpenAVFF\FakeAVCeleb_v1.2\FakeAVCeleb_v1.2\FakeVideo-RealAudio/Caucasian (European)/women/id00042\00028_id03716_wavtolip.mp4,1,FVRA,0.9998873472213745
C:\Users\navee\Desktop\Projects\MediaDna\OpenAVFF\FakeAVCeleb_v1.2\FakeAVCeleb_v1.2\FakeVideo-RealAudio/Caucasian (European)/women/id00042\00028_id03941_wavtolip.mp4,1,FVRA,0.9998494386672974
C:\Users\navee\Desktop\Projects\MediaDna\OpenAVFF\FakeAVCeleb_v1.2\FakeAVCeleb_v1.2\FakeVideo-RealAudio/Caucasian (European)/women/id00068\00004_id00068_wavtolip.mp4,1,FVRA,0.9999949932098389
C:\Users\navee\Desktop\Projects\MediaDna\OpenAVFF\FakeAVCeleb_v1.2\FakeAVCeleb_v1.2\FakeVideo-RealAudio/Caucasian (European)/women/id00068\00004_id00071_wavtolip.mp4,1,FVRA,0.7429201006889343
C:\Users\navee\Desktop\Projects\MediaDna\OpenAVFF\FakeAVCeleb_v1.2\FakeAVCeleb_v1.2\FakeVideo-RealAudio/Caucasian (European)/women/id00068\00004_id00234_wavtolip.mp4,1,FVRA,0.9999954700469971
C:\Users\navee\Desktop\Projects\MediaDna\OpenAVFF\FakeAVCeleb_v1.2\FakeAVCeleb_v1.2\FakeVideo-RealAudio/Caucasian (European)/women/id00068\00004_id00262_wavtolip.mp4,1,FVRA,0.999984622001648
C:\Users\navee\Desktop\Projects\MediaDna\OpenAVFF\FakeAVCeleb_v1.2\FakeAVCeleb_v1.2\FakeVideo-RealAudio/Caucasian (European)/women/id00068\00004_id00365_wavtolip.mp4,1,FVRA,0.9974328875541687
C:\Users\navee\Desktop\Projects\MediaDna\OpenAVFF\FakeAVCeleb_v1.2\FakeAVCeleb_v1.2\FakeVideo-RealAudio/Caucasian (European)/women/id00068\00004_id00484_wavtolip.mp4,1,FVRA,0.7022638320922852
C:\Users\navee\Desktop\Projects\MediaDna\OpenAVFF\FakeAVCeleb_v1.2\FakeAVCeleb_v1.2\FakeVideo-RealAudio/Caucasian (European)/women/id00068\00004_id00496_wavtolip.mp4,1,FVRA,0.999993085861206
C:\Users\navee\Desktop\Projects\MediaDna\OpenAVFF\FakeAVCeleb_v1.2\FakeAVCeleb_v1.2\FakeVideo-RealAudio/Caucasian (European)/women/id00068\00004_id00591_wavtolip.mp4,1,FVRA,0.9998513460159302
C:\Users\navee\Desktop\Projects\MediaDna\OpenAVFF\FakeAVCeleb_v1.2\FakeAVCeleb_v1.2\FakeVideo-RealAudio/Caucasian (European)/women/id00068\00004_id03589_wavtolip.mp4,1,FVRA,0.9999971389770508
C:\Users\navee\Desktop\Projects\MediaDna\OpenAVFF\FakeAVCeleb_v1.2\FakeAVCeleb_v1.2\FakeVideo-RealAudio/Caucasian (European)/women/id00068\00004_id03716_wavtolip.mp4,1,FVRA,0.9999574422836304
C:\Users\navee\Desktop\Projects\MediaDna\OpenAVFF\FakeAVCeleb_v1.2\FakeAVCeleb_v1.2\FakeVideo-RealAudio/Caucasian (European)/women/id00071\00014_id00188_wavtolip.mp4,1,FVRA,0.999995231628418
C:\Users\navee\Desktop\Projects\MediaDna\OpenAVFF\FakeAVCeleb_v1.2\FakeAVCeleb_v1.2\FakeVideo-RealAudio/Caucasian (European)/women/id00071\00014_id00330_wavtolip.mp4,1,FVRA,0.9999932050704956
C:\Users\navee\Desktop\Projects\MediaDna\OpenAVFF\FakeAVCeleb_v1.2\FakeAVCeleb_v1.2\FakeVideo-RealAudio/Caucasian (European)/women/id00071\00014_id00589_wavtolip.mp4,1,FVRA,0.9999969005584717
C:\Users\navee\Desktop\Projects\MediaDna\OpenAVFF\FakeAVCeleb_v1.2\FakeAVCeleb_v1.2\FakeVideo-RealAudio/Caucasian (European)/women/id00071\00014_id00633_wavtolip.mp4,1,FVRA,0.9999912977218628
C:\Users\navee\Desktop\Projects\MediaDna\OpenAVFF\FakeAVCeleb_v1.2\FakeAVCeleb_v1.2\FakeVideo-RealAudio/Caucasian (European)/women/id00071\00014_id00813_wavtolip.mp4,1,FVRA,0.9668708443641663
C:\Users\navee\Desktop\Projects\MediaDna\OpenAVFF\FakeAVCeleb_v1.2\FakeAVCeleb_v1.2\FakeVideo-RealAudio/Caucasian (European)/women/id00071\00014_id01001_wavtolip.mp4,1,FVRA,0.999997615814209
C:\Users\navee\Desktop\Projects\MediaDna\OpenAVFF\FakeAVCeleb_v1.2\FakeAVCeleb_v1.2\FakeVideo-RealAudio/Caucasian (European)/women/id00071\00014_id01018_wavtolip.mp4,1,FVRA,0.9999361038208008
C:\Users\navee\Desktop\Projects\MediaDna\OpenAVFF\FakeAVCeleb_v1.2\FakeAVCeleb_v1.2\FakeVideo-RealAudio/Caucasian (European)/women/id00071\00014_id03716_wavtolip.mp4,1,FVRA,0.9998476505279541
C:\Users\navee\Desktop\Projects\MediaDna\OpenAVFF\FakeAVCeleb_v1.2\FakeAVCeleb_v1.2\FakeVideo-RealAudio/Caucasian (European)/women/id00071\00014_id03816_wavtolip.mp4,1,FVRA,0.9999969005584717
C:\Users\navee\Desktop\Projects\MediaDna\OpenAVFF\FakeAVCeleb_v1.2\FakeAVCeleb_v1.2\FakeVideo-RealAudio/Caucasian (European)/women/id00071\00014_id03844_wavtolip.mp4,1,FVRA,0.9999871253967285
C:\Users\navee\Desktop\Projects\MediaDna\OpenAVFF\FakeAVCeleb_v1.2\FakeAVCeleb_v1.2\FakeVideo-RealAudio/Caucasian (European)/women/id00188\00020_id00071_wavtolip.mp4,1,FVRA,0.7481129169464111
C:\Users\navee\Desktop\Projects\MediaDna\OpenAVFF\FakeAVCeleb_v1.2\FakeAVCeleb_v1.2\FakeVideo-RealAudio/Caucasian (European)/women/id00188\00020_id00188_wavtolip.mp4,1,FVRA,0.9999959468841553
C:\Users\navee\Desktop\Projects\MediaDna\OpenAVFF\FakeAVCeleb_v1.2\FakeAVCeleb_v1.2\FakeVideo-RealAudio/Caucasian (European)/women/id00188\00020_id00262_wavtolip.mp4,1,FVRA,0.9999877214431763
C:\Users\navee\Desktop\Projects\MediaDna\OpenAVFF\FakeAVCeleb_v1.2\FakeAVCeleb_v1.2\FakeVideo-RealAudio/Caucasian (European)/women/id00188\00020_id00365_wavtolip.mp4,1,FVRA,0.9999943971633911
C:\Users\navee\Desktop\Projects\MediaDna\OpenAVFF\FakeAVCeleb_v1.2\FakeAVCeleb_v1.2\FakeVideo-RealAudio/Caucasian (European)/women/id00188\00020_id00374_wavtolip.mp4,1,FVRA,0.5844680666923523
C:\Users\navee\Desktop\Projects\MediaDna\OpenAVFF\FakeAVCeleb_v1.2\FakeAVCeleb_v1.2\FakeVideo-RealAudio/Caucasian (European)/women/id00188\00020_id00633_wavtolip.mp4,1,FVRA,0.9999926090240479
C:\Users\navee\Desktop\Projects\MediaDna\OpenAVFF\FakeAVCeleb_v1.2\FakeAVCeleb_v1.2\FakeVideo-RealAudio/Caucasian (European)/women/id00188\00020_id03620_wavtolip.mp4,1,FVRA,0.9999953508377075
C:\Users\navee\Desktop\Projects\MediaDna\OpenAVFF\FakeAVCeleb_v1.2\FakeAVCeleb_v1.2\FakeVideo-RealAudio/Caucasian (European)/women/id00188\00020_id03716_wavtolip.mp4,1,FVRA,0.9998688697814941
C:\Users\navee\Desktop\Projects\MediaDna\OpenAVFF\FakeAVCeleb_v1.2\FakeAVCeleb_v1.2\FakeVideo-RealAudio/Caucasian (European)/women/id00188\00020_id03816_wavtolip.mp4,1,FVRA,0.9999972581863403
C:\Users\navee\Desktop\Projects\MediaDna\OpenAVFF\FakeAVCeleb_v1.2\FakeAVCeleb_v1.2\FakeVideo-RealAudio/Caucasian (European)/women/id00188\00020_id03844_wavtolip.mp4,1,FVRA,0.9999916553497314
C:\Users\navee\Desktop\Projects\MediaDna\OpenAVFF\FakeAVCeleb_v1.2\FakeAVCeleb_v1.2\FakeVideo-RealAudio/Caucasian (European)/women/id00232\00025_id00330_wavtolip.mp4,1,FVRA,0.99996018409729
C:\Users\navee\Desktop\Projects\MediaDna\OpenAVFF\FakeAVCeleb_v1.2\FakeAVCeleb_v1.2\FakeVideo-RealAudio/Caucasian (European)/women/id00232\00025_id00332_wavtolip.mp4,1,FVRA,0.754109263420105
C:\Users\navee\Desktop\Projects\MediaDna\OpenAVFF\FakeAVCeleb_v1.2\FakeAVCeleb_v1.2\FakeVideo-RealAudio/Caucasian (European)/women/id00232\00025_id00581_wavtolip.mp4,1,FVRA,0.9999967813491821
C:\Users\navee\Desktop\Projects\MediaDna\OpenAVFF\FakeAVCeleb_v1.2\FakeAVCeleb_v1.2\FakeVideo-RealAudio/Caucasian (European)/women/id00232\00025_id00634_wavtolip.mp4,1,FVRA,0.9999982118606567
C:\Users\navee\Desktop\Projects\MediaDna\OpenAVFF\FakeAVCeleb_v1.2\FakeAVCeleb_v1.2\FakeVideo-RealAudio/Caucasian (European)/women/id00232\00025_id01002_wavtolip.mp4,1,FVRA,0.6040705442428589
C:\Users\navee\Desktop\Projects\MediaDna\OpenAVFF\FakeAVCeleb_v1.2\FakeAVCeleb_v1.2\FakeVideo-RealAudio/Caucasian (European)/women/id00232\00025_id03371_wavtolip.mp4,1,FVRA,0.9972905516624451
C:\Users\navee\Desktop\Projects\MediaDna\OpenAVFF\FakeAVCeleb_v1.2\FakeAVCeleb_v1.2\FakeVideo-RealAudio/Caucasian (European)/women/id00232\00025_id03649_wavtolip.mp4,1,FVRA,0.5334026217460632
C:\Users\navee\Desktop\Projects\MediaDna\OpenAVFF\FakeAVCeleb_v1.2\FakeAVCeleb_v1.2\FakeVideo-RealAudio/Caucasian (European)/women/id00232\00025_id03651_wavtolip.mp4,1,FVRA,0.9432814717292786
C:\Users\navee\Desktop\Projects\MediaDna\OpenAVFF\FakeAVCeleb_v1.2\FakeAVCeleb_v1.2\FakeVideo-RealAudio/Caucasian (European)/women/id00232\00025_id03716_wavtolip.mp4,1,FVRA,0.9999693632125854
C:\Users\navee\Desktop\Projects\MediaDna\OpenAVFF\FakeAVCeleb_v1.2\FakeAVCeleb_v1.2\FakeVideo-RealAudio/Caucasian (European)/women/id00232\00025_id03844_wavtolip.mp4,1,FVRA,0.8572975993156433
C:\Users\navee\Desktop\Projects\MediaDna\OpenAVFF\FakeAVCeleb_v1.2\FakeAVCeleb_v1.2\FakeVideo-RealAudio/Caucasian (European)/women/id00234\00063_id00071_wavtolip.mp4,1,FVRA,0.7327559590339661
C:\Users\navee\Desktop\Projects\MediaDna\OpenAVFF\FakeAVCeleb_v1.2\FakeAVCeleb_v1.2\FakeVideo-RealAudio/Caucasian (European)/women/id00234\00063_id00328_wavtolip.mp4,1,FVRA,0.9979069232940674
C:\Users\navee\Desktop\Projects\MediaDna\OpenAVFF\FakeAVCeleb_v1.2\FakeAVCeleb_v1.2\FakeVideo-RealAudio/Caucasian (European)/women/id00234\00063_id00484_wavtolip.mp4,1,FVRA,0.693747878074646
C:\Users\navee\Desktop\Projects\MediaDna\OpenAVFF\FakeAVCeleb_v1.2\FakeAVCeleb_v1.2\FakeVideo-RealAudio/Caucasian (European)/women/id00234\00063_id00569_wavtolip.mp4,1,FVRA,0.6293923258781433
C:\Users\navee\Desktop\Projects\MediaDna\OpenAVFF\FakeAVCeleb_v1.2\FakeAVCeleb_v1.2\FakeVideo-RealAudio/Caucasian (European)/women/id00234\00063_id00581_wavtolip.mp4,1,FVRA,0.9999970197677612
C:\Users\navee\Desktop\Projects\MediaDna\OpenAVFF\FakeAVCeleb_v1.2\FakeAVCeleb_v1.2\FakeVideo-RealAudio/Caucasian (European)/women/id00234\00063_id00826_wavtolip.mp4,1,FVRA,0.9497925043106079
C:\Users\navee\Desktop\Projects\MediaDna\OpenAVFF\FakeAVCeleb_v1.2\FakeAVCeleb_v1.2\FakeVideo-RealAudio/Caucasian (European)/women/id00234\00063_id03371_wavtolip.mp4,1,FVRA,0.9984460473060608
C:\Users\navee\Desktop\Projects\MediaDna\OpenAVFF\FakeAVCeleb_v1.2\FakeAVCeleb_v1.2\FakeVideo-RealAudio/Caucasian (European)/women/id00234\00063_id03651_wavtolip.mp4,1,FVRA,0.9483509659767151
C:\Users\navee\Desktop\Projects\MediaDna\OpenAVFF\FakeAVCeleb_v1.2\FakeAVCeleb_v1.2\FakeVideo-RealAudio/Caucasian (European)/women/id00234\00063_id03816_wavtolip.mp4,1,FVRA,0.9807208776473999
C:\Users\navee\Desktop\Projects\MediaDna\OpenAVFF\FakeAVCeleb_v1.2\FakeAVCeleb_v1.2\FakeVideo-RealAudio/Caucasian (European)/women/id00234\00063_id03844_wavtolip.mp4,1,FVRA,0.8686772584915161
C:\Users\navee\Desktop\Projects\MediaDna\OpenAVFF\FakeAVCeleb_v1.2\FakeAVCeleb_v1.2\FakeVideo-RealAudio/Caucasian (European)/women/id00262\00028_id00068_wavtolip.mp4,1,FVRA,0.999083399772644
C:\Users\navee\Desktop\Projects\MediaDna\OpenAVFF\FakeAVCeleb_v1.2\FakeAVCeleb_v1.2\FakeVideo-RealAudio/Caucasian (European)/women/id00262\00028_id00270_wavtolip.mp4,1,FVRA,0.866354763507843
C:\Users\navee\Desktop\Projects\MediaDna\OpenAVFF\FakeAVCeleb_v1.2\FakeAVCeleb_v1.2\FakeVideo-RealAudio/Caucasian (European)/women/id00262\00028_id00271_wavtolip.mp4,1,FVRA,0.5664318799972534
C:\Users\navee\Desktop\Projects\MediaDna\OpenAVFF\FakeAVCeleb_v1.2\FakeAVCeleb_v1.2\FakeVideo-RealAudio/Caucasian (European)/women/id00262\00028_id00365_wavtolip.mp4,1,FVRA,0.997473418712616
C:\Users\navee\Desktop\Projects\MediaDna\OpenAVFF\FakeAVCeleb_v1.2\FakeAVCeleb_v1.2\FakeVideo-RealAudio/Caucasian (European)/women/id00262\00028_id00373_wavtolip.mp4,1,FVRA,0.9740159511566162
C:\Users\navee\Desktop\Projects\MediaDna\OpenAVFF\FakeAVCeleb_v1.2\FakeAVCeleb_v1.2\FakeVideo-RealAudio/Caucasian (European)/women/id00262\00028_id00496_wavtolip.mp4,1,FVRA,0.9994553923606873
C:\Users\navee\Desktop\Projects\MediaDna\OpenAVFF\FakeAVCeleb_v1.2\FakeAVCeleb_v1.2\FakeVideo-RealAudio/Caucasian (European)/women/id00262\00028_id00633_wavtolip.mp4,1,FVRA,0.9999614953994751
C:\Users\navee\Desktop\Projects\MediaDna\OpenAVFF\FakeAVCeleb_v1.2\FakeAVCeleb_v1.2\FakeVideo-RealAudio/Caucasian (European)/women/id00262\00028_id00634_wavtolip.mp4,1,FVRA,0.9999505281448364
C:\Users\navee\Desktop\Projects\MediaDna\OpenAVFF\FakeAVCeleb_v1.2\FakeAVCeleb_v1.2\FakeVideo-RealAudio/Caucasian (European)/women/id00262\00028_id00826_wavtolip.mp4,1,FVRA,0.9468048810958862
C:\Users\navee\Desktop\Projects\MediaDna\OpenAVFF\FakeAVCeleb_v1.2\FakeAVCeleb_v1.2\FakeVideo-RealAudio/Caucasian (European)/women/id00262\00028_id03816_wavtolip.mp4,1,FVRA,0.980541467666626
C:\Users\navee\Desktop\Projects\MediaDna\OpenAVFF\FakeAVCeleb_v1.2\FakeAVCeleb_v1.2\FakeVideo-RealAudio/Caucasian (European)/women/id00270\00088_id00188_wavtolip.mp4,1,FVRA,0.903610348701477
C:\Users\navee\Desktop\Projects\MediaDna\OpenAVFF\FakeAVCeleb_v1.2\FakeAVCeleb_v1.2\FakeVideo-RealAudio/Caucasian (European)/women/id00270\00088_id00234_wavtolip.mp4,1,FVRA,0.999995231628418
C:\Users\navee\Desktop\Projects\MediaDna\OpenAVFF\FakeAVCeleb_v1.2\FakeAVCeleb_v1.2\FakeVideo-RealAudio/Caucasian (European)/women/id00270\00088_id00328_wavtolip.mp4,1,FVRA,0.9978300929069519
C:\Users\navee\Desktop\Projects\MediaDna\OpenAVFF\FakeAVCeleb_v1.2\FakeAVCeleb_v1.2\FakeVideo-RealAudio/Caucasian (European)/women/id00270\00088_id00365_wavtolip.mp4,1,FVRA,0.9974919557571411
C:\Users\navee\Desktop\Projects\MediaDna\OpenAVFF\FakeAVCeleb_v1.2\FakeAVCeleb_v1.2\FakeVideo-RealAudio/Caucasian (European)/women/id00270\00088_id00373_wavtolip.mp4,1,FVRA,0.9999798536300659
C:\Users\navee\Desktop\Projects\MediaDna\OpenAVFF\FakeAVCeleb_v1.2\FakeAVCeleb_v1.2\FakeVideo-RealAudio/Caucasian (European)/women/id00270\00088_id00491_wavtolip.mp4,1,FVRA,0.5317801237106323
C:\Users\navee\Desktop\Projects\MediaDna\OpenAVFF\FakeAVCeleb_v1.2\FakeAVCeleb_v1.2\FakeVideo-RealAudio/Caucasian (European)/women/id00270\00088_id00634_wavtolip.mp4,1,FVRA,0.9999988079071045
C:\Users\navee\Desktop\Projects\MediaDna\OpenAVFF\FakeAVCeleb_v1.2\FakeAVCeleb_v1.2\FakeVideo-RealAudio/Caucasian (European)/women/id00270\00088_id00826_wavtolip.mp4,1,FVRA,0.9437592625617981
C:\Users\navee\Desktop\Projects\MediaDna\OpenAVFF\FakeAVCeleb_v1.2\FakeAVCeleb_v1.2\FakeVideo-RealAudio/Caucasian (European)/women/id00270\00088_id00897_wavtolip.mp4,1,FVRA,0.999997615814209
C:\Users\navee\Desktop\Projects\MediaDna\OpenAVFF\FakeAVCeleb_v1.2\FakeAVCeleb_v1.2\FakeVideo-RealAudio/Caucasian (European)/women/id00270\00088_id01002_wavtolip.mp4,1,FVRA,0.5862600207328796
C:\Users\navee\Desktop\Projects\MediaDna\OpenAVFF\FakeAVCeleb_v1.2\FakeAVCeleb_v1.2\FakeVideo-RealAudio/Caucasian (European)/women/id00271\00028_id00188_wavtolip.mp4,1,FVRA,0.9999959468841553
C:\Users\navee\Desktop\Projects\MediaDna\OpenAVFF\FakeAVCeleb_v1.2\FakeAVCeleb_v1.2\FakeVideo-RealAudio/Caucasian (European)/women/id00271\00028_id00270_wavtolip.mp4,1,FVRA,0.9999779462814331
C:\Users\navee\Desktop\Projects\MediaDna\OpenAVFF\FakeAVCeleb_v1.2\FakeAVCeleb_v1.2\FakeVideo-RealAudio/Caucasian (European)/women/id00271\00028_id00365_wavtolip.mp4,1,FVRA,0.999994158744812
C:\Users\navee\Desktop\Projects\MediaDna\OpenAVFF\FakeAVCeleb_v1.2\FakeAVCeleb_v1.2\FakeVideo-RealAudio/Caucasian (European)/women/id00271\00028_id00491_wavtolip.mp4,1,FVRA,0.9999798536300659
C:\Users\navee\Desktop\Projects\MediaDna\OpenAVFF\FakeAVCeleb_v1.2\FakeAVCeleb_v1.2\FakeVideo-RealAudio/Caucasian (European)/women/id00271\00028_id00633_wavtolip.mp4,1,FVRA,0.9999947547912598
C:\Users\navee\Desktop\Projects\MediaDna\OpenAVFF\FakeAVCeleb_v1.2\FakeAVCeleb_v1.2\FakeVideo-RealAudio/Caucasian (European)/women/id00271\00028_id00806_wavtolip.mp4,1,FVRA,0.9999388456344604
C:\Users\navee\Desktop\Projects\MediaDna\OpenAVFF\FakeAVCeleb_v1.2\FakeAVCeleb_v1.2\FakeVideo-RealAudio/Caucasian (European)/women/id00271\00028_id01001_wavtolip.mp4,1,FVRA,0.9999978542327881
C:\Users\navee\Desktop\Projects\MediaDna\OpenAVFF\FakeAVCeleb_v1.2\FakeAVCeleb_v1.2\FakeVideo-RealAudio/Caucasian (European)/women/id00271\00028_id01002_wavtolip.mp4,1,FVRA,0.999964714050293
C:\Users\navee\Desktop\Projects\MediaDna\OpenAVFF\FakeAVCeleb_v1.2\FakeAVCeleb_v1.2\FakeVideo-RealAudio/Caucasian (European)/women/id00271\00028_id01018_wavtolip.mp4,1,FVRA,0.9998781681060791
C:\Users\navee\Desktop\Projects\MediaDna\OpenAVFF\FakeAVCeleb_v1.2\FakeAVCeleb_v1.2\FakeVideo-RealAudio/Caucasian (European)/women/id00271\00028_id03844_wavtolip.mp4,1,FVRA,0.9999865293502808
C:\Users\navee\Desktop\Projects\MediaDna\OpenAVFF\FakeAVCeleb_v1.2\FakeAVCeleb_v1.2\FakeVideo-RealAudio/Caucasian (European)/women/id00287\00005_id00068_wavtolip.mp4,1,FVRA,0.9999855756759644
C:\Users\navee\Desktop\Projects\MediaDna\OpenAVFF\FakeAVCeleb_v1.2\FakeAVCeleb_v1.2\FakeVideo-RealAudio/Caucasian (European)/women/id00287\00005_id00188_wavtolip.mp4,1,FVRA,0.9999954700469971
C:\Users\navee\Desktop\Projects\MediaDna\OpenAVFF\FakeAVCeleb_v1.2\FakeAVCeleb_v1.2\FakeVideo-RealAudio/Caucasian (European)/women/id00287\00005_id00270_wavtolip.mp4,1,FVRA,0.9999768733978271
C:\Users\navee\Desktop\Projects\MediaDna\OpenAVFF\FakeAVCeleb_v1.2\FakeAVCeleb_v1.2\FakeVideo-RealAudio/Caucasian (European)/women/id00287\00005_id00328_wavtolip.mp4,1,FVRA,0.9999978542327881
C:\Users\navee\Desktop\Projects\MediaDna\OpenAVFF\FakeAVCeleb_v1.2\FakeAVCeleb_v1.2\FakeVideo-RealAudio/Caucasian (European)/women/id00287\00005_id00365_wavtolip.mp4,1,FVRA,0.9999938011169434
C:\Users\navee\Desktop\Projects\MediaDna\OpenAVFF\FakeAVCeleb_v1.2\FakeAVCeleb_v1.2\FakeVideo-RealAudio/Caucasian (European)/women/id00287\00005_id00581_wavtolip.mp4,1,FVRA,0.999993085861206
C:\Users\navee\Desktop\Projects\MediaDna\OpenAVFF\FakeAVCeleb_v1.2\FakeAVCeleb_v1.2\FakeVideo-RealAudio/Caucasian (European)/women/id00287\00005_id00826_wavtolip.mp4,1,FVRA,0.9998763799667358
C:\Users\navee\Desktop\Projects\MediaDna\OpenAVFF\FakeAVCeleb_v1.2\FakeAVCeleb_v1.2\FakeVideo-RealAudio/Caucasian (European)/women/id00287\00005_id03371_wavtolip.mp4,1,FVRA,0.9469610452651978
C:\Users\navee\Desktop\Projects\MediaDna\OpenAVFF\FakeAVCeleb_v1.2\FakeAVCeleb_v1.2\FakeVideo-RealAudio/Caucasian (European)/women/id00287\00005_id03620_wavtolip.mp4,1,FVRA,0.999994158744812
C:\Users\navee\Desktop\Projects\MediaDna\OpenAVFF\FakeAVCeleb_v1.2\FakeAVCeleb_v1.2\FakeVideo-RealAudio/Caucasian (European)/women/id00287\00005_id03816_wavtolip.mp4,1,FVRA,0.9999972581863403
C:\Users\navee\Desktop\Projects\MediaDna\OpenAVFF\FakeAVCeleb_v1.2\FakeAVCeleb_v1.2\FakeVideo-RealAudio/Caucasian (European)/women/id00325\00015_id00042_wavtolip.mp4,1,FVRA,0.9890576004981995
C:\Users\navee\Desktop\Projects\MediaDna\OpenAVFF\FakeAVCeleb_v1.2\FakeAVCeleb_v1.2\FakeVideo-RealAudio/Caucasian (European)/women/id00325\00015_id00188_wavtolip.mp4,1,FVRA,0.9124959111213684
C:\Users\navee\Desktop\Projects\MediaDna\OpenAVFF\FakeAVCeleb_v1.2\FakeAVCeleb_v1.2\FakeVideo-RealAudio/Caucasian (European)/women/id00325\00015_id00262_wavtolip.mp4,1,FVRA,0.9999810457229614
C:\Users\navee\Desktop\Projects\MediaDna\OpenAVFF\FakeAVCeleb_v1.2\FakeAVCeleb_v1.2\FakeVideo-RealAudio/Caucasian (European)/women/id00325\00015_id00569_wavtolip.mp4,1,FVRA,0.6371780037879944
C:\Users\navee\Desktop\Projects\MediaDna\OpenAVFF\FakeAVCeleb_v1.2\FakeAVCeleb_v1.2\FakeVideo-RealAudio/Caucasian (European)/women/id00325\00015_id00581_wavtolip.mp4,1,FVRA,0.9999970197677612
C:\Users\navee\Desktop\Projects\MediaDna\OpenAVFF\FakeAVCeleb_v1.2\FakeAVCeleb_v1.2\FakeVideo-RealAudio/Caucasian (European)/women/id00325\00015_id00589_wavtolip.mp4,1,FVRA,0.9998555183410645
C:\Users\navee\Desktop\Projects\MediaDna\OpenAVFF\FakeAVCeleb_v1.2\FakeAVCeleb_v1.2\FakeVideo-RealAudio/Caucasian (European)/women/id00325\00015_id00591_wavtolip.mp4,1,FVRA,0.9998452663421631
C:\Users\navee\Desktop\Projects\MediaDna\OpenAVFF\FakeAVCeleb_v1.2\FakeAVCeleb_v1.2\FakeVideo-RealAudio/Caucasian (European)/women/id00325\00015_id03371_wavtolip.mp4,1,FVRA,0.9972735047340393
C:\Users\navee\Desktop\Projects\MediaDna\OpenAVFF\FakeAVCeleb_v1.2\FakeAVCeleb_v1.2\FakeVideo-RealAudio/Caucasian (European)/women/id00325\00015_id03649_wavtolip.mp4,1,FVRA,0.54306960105896
C:\Users\navee\Desktop\Projects\MediaDna\OpenAVFF\FakeAVCeleb_v1.2\FakeAVCeleb_v1.2\FakeVideo-RealAudio/Caucasian (European)/women/id00325\00015_id03858_wavtolip.mp4,1,FVRA,0.9938437938690186
C:\Users\navee\Desktop\Projects\MediaDna\OpenAVFF\FakeAVCeleb_v1.2\FakeAVCeleb_v1.2\FakeVideo-RealAudio/Caucasian (European)/women/id00328\00092_id00068_wavtolip.mp4,1,FVRA,0.9999902248382568
C:\Users\navee\Desktop\Projects\MediaDna\OpenAVFF\FakeAVCeleb_v1.2\FakeAVCeleb_v1.2\FakeVideo-RealAudio/Caucasian (European)/women/id00328\00092_id00188_wavtolip.mp4,1,FVRA,0.8949176073074341
C:\Users\navee\Desktop\Projects\MediaDna\OpenAVFF\FakeAVCeleb_v1.2\FakeAVCeleb_v1.2\FakeVideo-RealAudio/Caucasian (European)/women/id00328\00092_id00271_wavtolip.mp4,1,FVRA,0.5535260438919067
C:\Users\navee\Desktop\Projects\MediaDna\OpenAVFF\FakeAVCeleb_v1.2\FakeAVCeleb_v1.2\FakeVideo-RealAudio/Caucasian (European)/women/id00328\00092_id00328_wavtolip.mp4,1,FVRA,0.9999967813491821
C:\Users\navee\Desktop\Projects\MediaDna\OpenAVFF\FakeAVCeleb_v1.2\FakeAVCeleb_v1.2\FakeVideo-RealAudio/Caucasian (European)/women/id00328\00092_id00395_wavtolip.mp4,1,FVRA,0.9987677335739136
C:\Users\navee\Desktop\Projects\MediaDna\OpenAVFF\FakeAVCeleb_v1.2\FakeAVCeleb_v1.2\FakeVideo-RealAudio/Caucasian (European)/women/id00328\00092_id00491_wavtolip.mp4,1,FVRA,0.5405007600784302
C:\Users\navee\Desktop\Projects\MediaDna\OpenAVFF\FakeAVCeleb_v1.2\FakeAVCeleb_v1.2\FakeVideo-RealAudio/Caucasian (European)/women/id00328\00092_id00569_wavtolip.mp4,1,FVRA,0.6135213971138
C:\Users\navee\Desktop\Projects\MediaDna\OpenAVFF\FakeAVCeleb_v1.2\FakeAVCeleb_v1.2\FakeVideo-RealAudio/Caucasian (European)/women/id00328\00092_id00735_wavtolip.mp4,1,FVRA,0.9999988079071045
C:\Users\navee\Desktop\Projects\MediaDna\OpenAVFF\FakeAVCeleb_v1.2\FakeAVCeleb_v1.2\FakeVideo-RealAudio/Caucasian (European)/women/id00328\00092_id03651_wavtolip.mp4,1,FVRA,0.9396380186080933
C:\Users\navee\Desktop\Projects\MediaDna\OpenAVFF\FakeAVCeleb_v1.2\FakeAVCeleb_v1.2\FakeVideo-RealAudio/Caucasian (European)/women/id00328\00092_id03716_wavtolip.mp4,1,FVRA,0.9998818635940552
C:\Users\navee\Desktop\Projects\MediaDna\OpenAVFF\FakeAVCeleb_v1.2\FakeAVCeleb_v1.2\FakeVideo-RealAudio/Caucasian (European)/women/id00330\00118_id00262_wavtolip.mp4,1,FVRA,0.9999834299087524
C:\Users\navee\Desktop\Projects\MediaDna\OpenAVFF\FakeAVCeleb_v1.2\FakeAVCeleb_v1.2\FakeVideo-RealAudio/Caucasian (European)/women/id00330\00118_id00395_wavtolip.mp4,1,FVRA,0.9988197684288025
C:\Users\navee\Desktop\Projects\MediaDna\OpenAVFF\FakeAVCeleb_v1.2\FakeAVCeleb_v1.2\FakeVideo-RealAudio/Caucasian (European)/women/id00330\00118_id00491_wavtolip.mp4,1,FVRA,0.5250462889671326
C:\Users\navee\Desktop\Projects\MediaDna\OpenAVFF\FakeAVCeleb_v1.2\FakeAVCeleb_v1.2\FakeVideo-RealAudio/Caucasian (European)/women/id00330\00118_id00591_wavtolip.mp4,1,FVRA,0.9998475313186646
C:\Users\navee\Desktop\Projects\MediaDna\OpenAVFF\FakeAVCeleb_v1.2\FakeAVCeleb_v1.2\FakeVideo-RealAudio/Caucasian (European)/women/id00330\00118_id00633_wavtolip.mp4,1,FVRA,0.9999920129776001
C:\Users\navee\Desktop\Projects\MediaDna\OpenAVFF\FakeAVCeleb_v1.2\FakeAVCeleb_v1.2\FakeVideo-RealAudio/Caucasian (European)/women/id00330\00118_id00806_wavtolip.mp4,1,FVRA,0.9998688697814941
C:\Users\navee\Desktop\Projects\MediaDna\OpenAVFF\FakeAVCeleb_v1.2\FakeAVCeleb_v1.2\FakeVideo-RealAudio/Caucasian (European)/women/id00330\00118_id01001_wavtolip.mp4,1,FVRA,0.6555807590484619
C:\Users\navee\Desktop\Projects\MediaDna\OpenAVFF\FakeAVCeleb_v1.2\FakeAVCeleb_v1.2\FakeVideo-RealAudio/Caucasian (European)/women/id00330\00118_id01002_wavtolip.mp4,1,FVRA,0.574988603591919
C:\Users\navee\Desktop\Projects\MediaDna\OpenAVFF\FakeAVCeleb_v1.2\FakeAVCeleb_v1.2\FakeVideo-RealAudio/Caucasian (European)/women/id00330\00118_id01018_wavtolip.mp4,1,FVRA,0.9999918937683105
C:\Users\navee\Desktop\Projects\MediaDna\OpenAVFF\FakeAVCeleb_v1.2\FakeAVCeleb_v1.2\FakeVideo-RealAudio/Caucasian (European)/women/id00330\00118_id03844_wavtolip.mp4,1,FVRA,0.8287075757980347
C:\Users\navee\Desktop\Projects\MediaDna\OpenAVFF\FakeAVCeleb_v1.2\FakeAVCeleb_v1.2\FakeVideo-RealAudio/Caucasian (European)/women/id00332\00293_id00188_wavtolip.mp4,1,FVRA,0.9161009192466736
C:\Users\navee\Desktop\Projects\MediaDna\OpenAVFF\FakeAVCeleb_v1.2\FakeAVCeleb_v1.2\FakeVideo-RealAudio/Caucasian (European)/women/id00332\00293_id00270_wavtolip.mp4,1,FVRA,0.8736510872840881
C:\Users\navee\Desktop\Projects\MediaDna\OpenAVFF\FakeAVCeleb_v1.2\FakeAVCeleb_v1.2\FakeVideo-RealAudio/Caucasian (European)/women/id00332\00293_id00287_wavtolip.mp4,1,FVRA,0.9991430044174194
C:\Users\navee\Desktop\Projects\MediaDna\OpenAVFF\FakeAVCeleb_v1.2\FakeAVCeleb_v1.2\FakeVideo-RealAudio/Caucasian (European)/women/id00332\00293_id00365_wavtolip.mp4,1,FVRA,0.9975226521492004
C:\Users\navee\Desktop\Projects\MediaDna\OpenAVFF\FakeAVCeleb_v1.2\FakeAVCeleb_v1.2\FakeVideo-RealAudio/Caucasian (European)/women/id00332\00293_id00496_wavtolip.mp4,1,FVRA,0.999993085861206
C:\Users\navee\Desktop\Projects\MediaDna\OpenAVFF\FakeAVCeleb_v1.2\FakeAVCeleb_v1.2\FakeVideo-RealAudio/Caucasian (European)/women/id00332\00293_id00581_wavtolip.mp4,1,FVRA,0.9999972581863403
C:\Users\navee\Desktop\Projects\MediaDna\OpenAVFF\FakeAVCeleb_v1.2\FakeAVCeleb_v1.2\FakeVideo-RealAudio/Caucasian (European)/women/id00332\00293_id00591_wavtolip.mp4,1,FVRA,0.9998483657836914
C:\Users\navee\Desktop\Projects\MediaDna\OpenAVFF\FakeAVCeleb_v1.2\FakeAVCeleb_v1.2\FakeVideo-RealAudio/Caucasian (European)/women/id00332\00293_id00826_wavtolip.mp4,1,FVRA,0.9520453810691833
C:\Users\navee\Desktop\Projects\MediaDna\OpenAVFF\FakeAVCeleb_v1.2\FakeAVCeleb_v1.2\FakeVideo-RealAudio/Caucasian (European)/women/id00332\00293_id01018_wavtolip.mp4,1,FVRA,0.9999915361404419
C:\Users\navee\Desktop\Projects\MediaDna\OpenAVFF\FakeAVCeleb_v1.2\FakeAVCeleb_v1.2\FakeVideo-RealAudio/Caucasian (European)/women/id00332\00293_id03371_wavtolip.mp4,1,FVRA,0.996208667755127
C:\Users\navee\Desktop\Projects\MediaDna\OpenAVFF\FakeAVCeleb_v1.2\FakeAVCeleb_v1.2\FakeVideo-RealAudio/Caucasian (European)/women/id00365\00078_id00325_wavtolip.mp4,1,FVRA,0.9999953508377075
C:\Users\navee\Desktop\Projects\MediaDna\OpenAVFF\FakeAVCeleb_v1.2\FakeAVCeleb_v1.2\FakeVideo-RealAudio/Caucasian (European)/women/id00365\00078_id00365_wavtolip.mp4,1,FVRA,0.9999946355819702
C:\Users\navee\Desktop\Projects\MediaDna\OpenAVFF\FakeAVCeleb_v1.2\FakeAVCeleb_v1.2\FakeVideo-RealAudio/Caucasian (European)/women/id00365\00078_id00379_wavtolip.mp4,1,FVRA,0.9999973773956299
C:\Users\navee\Desktop\Projects\MediaDna\OpenAVFF\FakeAVCeleb_v1.2\FakeAVCeleb_v1.2\FakeVideo-RealAudio/Caucasian (European)/women/id00365\00078_id00395_wavtolip.mp4,1,FVRA,0.9989533424377441
C:\Users\navee\Desktop\Projects\MediaDna\OpenAVFF\FakeAVCeleb_v1.2\FakeAVCeleb_v1.2\FakeVideo-RealAudio/Caucasian (European)/women/id00365\00078_id00634_wavtolip.mp4,1,FVRA,0.9999986886978149
C:\Users\navee\Desktop\Projects\MediaDna\OpenAVFF\FakeAVCeleb_v1.2\FakeAVCeleb_v1.2\FakeVideo-RealAudio/Caucasian (European)/women/id00365\00078_id00735_wavtolip.mp4,1,FVRA,0.999998927116394
C:\Users\navee\Desktop\Projects\MediaDna\OpenAVFF\FakeAVCeleb_v1.2\FakeAVCeleb_v1.2\FakeVideo-RealAudio/Caucasian (European)/women/id00365\00078_id00813_wavtolip.mp4,1,FVRA,0.9903222918510437
C:\Users\navee\Desktop\Projects\MediaDna\OpenAVFF\FakeAVCeleb_v1.2\FakeAVCeleb_v1.2\FakeVideo-RealAudio/Caucasian (European)/women/id00365\00078_id00823_wavtolip.mp4,1,FVRA,0.5687757134437561
C:\Users\navee\Desktop\Projects\MediaDna\OpenAVFF\FakeAVCeleb_v1.2\FakeAVCeleb_v1.2\FakeVideo-RealAudio/Caucasian (European)/women/id00365\00078_id01002_wavtolip.mp4,1,FVRA,0.607441246509552
C:\Users\navee\Desktop\Projects\MediaDna\OpenAVFF\FakeAVCeleb_v1.2\FakeAVCeleb_v1.2\FakeVideo-RealAudio/Caucasian (European)/women/id00365\00078_id03941_wavtolip.mp4,1,FVRA,0.9998632669448853
C:\Users\navee\Desktop\Projects\MediaDna\OpenAVFF\FakeAVCeleb_v1.2\FakeAVCeleb_v1.2\FakeVideo-RealAudio/Caucasian (European)/women/id00373\00028_id00232_wavtolip.mp4,1,FVRA,0.9999690055847168
C:\Users\navee\Desktop\Projects\MediaDna\OpenAVFF\FakeAVCeleb_v1.2\FakeAVCeleb_v1.2\FakeVideo-RealAudio/Caucasian (European)/women/id00373\00028_id00379_wavtolip.mp4,1,FVRA,0.9408206343650818
C:\Users\navee\Desktop\Projects\MediaDna\OpenAVFF\FakeAVCeleb_v1.2\FakeAVCeleb_v1.2\FakeVideo-RealAudio/Caucasian (European)/women/id00373\00028_id00434_wavtolip.mp4,1,FVRA,0.9994256496429443
C:\Users\navee\Desktop\Projects\MediaDna\OpenAVFF\FakeAVCeleb_v1.2\FakeAVCeleb_v1.2\FakeVideo-RealAudio/Caucasian (European)/women/id00373\00028_id00484_wavtolip.mp4,1,FVRA,0.6998177766799927
C:\Users\navee\Desktop\Projects\MediaDna\OpenAVFF\FakeAVCeleb_v1.2\FakeAVCeleb_v1.2\FakeVideo-RealAudio/Caucasian (European)/women/id00373\00028_id00495_wavtolip.mp4,1,FVRA,0.9092291593551636
C:\Users\navee\Desktop\Projects\MediaDna\OpenAVFF\FakeAVCeleb_v1.2\FakeAVCeleb_v1.2\FakeVideo-RealAudio/Caucasian (European)/women/id00373\00028_id00823_wavtolip.mp4,1,FVRA,0.5751346349716187
C:\Users\navee\Desktop\Projects\MediaDna\OpenAVFF\FakeAVCeleb_v1.2\FakeAVCeleb_v1.2\FakeVideo-RealAudio/Caucasian (European)/women/id00373\00028_id01001_wavtolip.mp4,1,FVRA,0.7096265554428101
C:\Users\navee\Desktop\Projects\MediaDna\OpenAVFF\FakeAVCeleb_v1.2\FakeAVCeleb_v1.2\FakeVideo-RealAudio/Caucasian (European)/women/id00373\00028_id03371_wavtolip.mp4,1,FVRA,0.6032195091247559
C:\Users\navee\Desktop\Projects\MediaDna\OpenAVFF\FakeAVCeleb_v1.2\FakeAVCeleb_v1.2\FakeVideo-RealAudio/Caucasian (European)/women/id00373\00028_id03620_wavtolip.mp4,1,FVRA,0.9999966621398926
C:\Users\navee\Desktop\Projects\MediaDna\OpenAVFF\FakeAVCeleb_v1.2\FakeAVCeleb_v1.2\FakeVideo-RealAudio/Caucasian (European)/women/id00373\00028_id03941_wavtolip.mp4,1,FVRA,0.999849796295166
C:\Users\navee\Desktop\Projects\MediaDna\OpenAVFF\FakeAVCeleb_v1.2\FakeAVCeleb_v1.2\FakeVideo-RealAudio/Caucasian (European)/women/id00374\00311_id00188_wavtolip.mp4,1,FVRA,0.910414457321167
C:\Users\navee\Desktop\Projects\MediaDna\OpenAVFF\FakeAVCeleb_v1.2\FakeAVCeleb_v1.2\FakeVideo-RealAudio/Caucasian (European)/women/id00374\00311_id00232_wavtolip.mp4,1,FVRA,0.9999986886978149
C:\Users\navee\Desktop\Projects\MediaDna\OpenAVFF\FakeAVCeleb_v1.2\FakeAVCeleb_v1.2\FakeVideo-RealAudio/Caucasian (European)/women/id00374\00311_id00325_wavtolip.mp4,1,FVRA,0.999995231628418
C:\Users\navee\Desktop\Projects\MediaDna\OpenAVFF\FakeAVCeleb_v1.2\FakeAVCeleb_v1.2\FakeVideo-RealAudio/Caucasian (European)/women/id00374\00311_id00328_wavtolip.mp4,1,FVRA,0.9977940320968628
C:\Users\navee\Desktop\Projects\MediaDna\OpenAVFF\FakeAVCeleb_v1.2\FakeAVCeleb_v1.2\FakeVideo-RealAudio/Caucasian (European)/women/id00374\00311_id00495_wavtolip.mp4,1,FVRA,0.9073463082313538
C:\Users\navee\Desktop\Projects\MediaDna\OpenAVFF\FakeAVCeleb_v1.2\FakeAVCeleb_v1.2\FakeVideo-RealAudio/Caucasian (European)/women/id00374\00311_id00496_wavtolip.mp4,1,FVRA,0.9999939203262329
C:\Users\navee\Desktop\Projects\MediaDna\OpenAVFF\FakeAVCeleb_v1.2\FakeAVCeleb_v1.2\FakeVideo-RealAudio/Caucasian (European)/women/id00374\00311_id00589_wavtolip.mp4,1,FVRA,0.9999980926513672
C:\Users\navee\Desktop\Projects\MediaDna\OpenAVFF\FakeAVCeleb_v1.2\FakeAVCeleb_v1.2\FakeVideo-RealAudio/Caucasian (European)/women/id00374\00311_id00634_wavtolip.mp4,1,FVRA,0.9999986886978149
C:\Users\navee\Desktop\Projects\MediaDna\OpenAVFF\FakeAVCeleb_v1.2\FakeAVCeleb_v1.2\FakeVideo-RealAudio/Caucasian (European)/women/id00374\00311_id00826_wavtolip.mp4,1,FVRA,0.9496666789054871
C:\Users\navee\Desktop\Projects\MediaDna\OpenAVFF\FakeAVCeleb_v1.2\FakeAVCeleb_v1.2\FakeVideo-RealAudio/Caucasian (European)/women/id00374\00311_id03716_wavtolip.mp4,1,FVRA,0.999907374382019
C:\Users\navee\Desktop\Projects\MediaDna\OpenAVFF\FakeAVCeleb_v1.2\FakeAVCeleb_v1.2\FakeVideo-RealAudio/Caucasian (European)/women/id00379\00043_id00071_wavtolip.mp4,1,FVRA,0.7328265905380249
C:\Users\navee\Desktop\Projects\MediaDna\OpenAVFF\FakeAVCeleb_v1.2\FakeAVCeleb_v1.2\FakeVideo-RealAudio/Caucasian (European)/women/id00379\00043_id00328_wavtolip.mp4,1,FVRA,0.9977516531944275
C:\Users\navee\Desktop\Projects\MediaDna\OpenAVFF\FakeAVCeleb_v1.2\FakeAVCeleb_v1.2\FakeVideo-RealAudio/Caucasian (European)/women/id00379\00043_id00330_wavtolip.mp4,1,FVRA,0.9999914169311523
C:\Users\navee\Desktop\Projects\MediaDna\OpenAVFF\FakeAVCeleb_v1.2\FakeAVCeleb_v1.2\FakeVideo-RealAudio/Caucasian (European)/women/id00379\00043_id00491_wavtolip.mp4,1,FVRA,0.5524439811706543
C:\Users\navee\Desktop\Projects\MediaDna\OpenAVFF\FakeAVCeleb_v1.2\FakeAVCeleb_v1.2\FakeVideo-RealAudio/Caucasian (European)/women/id00379\00043_id00569_wavtolip.mp4,1,FVRA,0.6280403733253479
C:\Users\navee\Desktop\Projects\MediaDna\OpenAVFF\FakeAVCeleb_v1.2\FakeAVCeleb_v1.2\FakeVideo-RealAudio/Caucasian (European)/women/id00379\00043_id00581_wavtolip.mp4,1,FVRA,0.9999946355819702
C:\Users\navee\Desktop\Projects\MediaDna\OpenAVFF\FakeAVCeleb_v1.2\FakeAVCeleb_v1.2\FakeVideo-RealAudio/Caucasian (European)/women/id00379\00043_id00823_wavtolip.mp4,1,FVRA,0.5712196230888367
C:\Users\navee\Desktop\Projects\MediaDna\OpenAVFF\FakeAVCeleb_v1.2\FakeAVCeleb_v1.2\FakeVideo-RealAudio/Caucasian (European)/women/id00379\00043_id00897_wavtolip.mp4,1,FVRA,0.999997615814209
C:\Users\navee\Desktop\Projects\MediaDna\OpenAVFF\FakeAVCeleb_v1.2\FakeAVCeleb_v1.2\FakeVideo-RealAudio/Caucasian (European)/women/id00379\00043_id03371_wavtolip.mp4,1,FVRA,0.9868887662887573
C:\Users\navee\Desktop\Projects\MediaDna\OpenAVFF\FakeAVCeleb_v1.2\FakeAVCeleb_v1.2\FakeVideo-RealAudio/Caucasian (European)/women/id00379\00043_id03651_wavtolip.mp4,1,FVRA,0.9468613266944885
C:\Users\navee\Desktop\Projects\MediaDna\OpenAVFF\FakeAVCeleb_v1.2\FakeAVCeleb_v1.2\FakeVideo-RealAudio/Caucasian (European)/women/id00395\00420_id00188_wavtolip.mp4,1,FVRA,0.9999959468841553
C:\Users\navee\Desktop\Projects\MediaDna\OpenAVFF\FakeAVCeleb_v1.2\FakeAVCeleb_v1.2\FakeVideo-RealAudio/Caucasian (European)/women/id00395\00420_id00234_wavtolip.mp4,1,FVRA,0.9999914169311523
C:\Users\navee\Desktop\Projects\MediaDna\OpenAVFF\FakeAVCeleb_v1.2\FakeAVCeleb_v1.2\FakeVideo-RealAudio/Caucasian (European)/women/id00395\00420_id00287_wavtolip.mp4,1,FVRA,0.9991414546966553
C:\Users\navee\Desktop\Projects\MediaDna\OpenAVFF\FakeAVCeleb_v1.2\FakeAVCeleb_v1.2\FakeVideo-RealAudio/Caucasian (European)/women/id00395\00420_id00328_wavtolip.mp4,1,FVRA,0.999997615814209
C:\Users\navee\Desktop\Projects\MediaDna\OpenAVFF\FakeAVCeleb_v1.2\FakeAVCeleb_v1.2\FakeVideo-RealAudio/Caucasian (European)/women/id00395\00420_id00332_wavtolip.mp4,1,FVRA,0.9999896287918091
C:\Users\navee\Desktop\Projects\MediaDna\OpenAVFF\FakeAVCeleb_v1.2\FakeAVCeleb_v1.2\FakeVideo-RealAudio/Caucasian (European)/women/id00395\00420_id00395_wavtolip.mp4,1,FVRA,0.999998927116394
C:\Users\navee\Desktop\Projects\MediaDna\OpenAVFF\FakeAVCeleb_v1.2\FakeAVCeleb_v1.2\FakeVideo-RealAudio/Caucasian (European)/women/id00395\00420_id00569_wavtolip.mp4,1,FVRA,0.9999161958694458
C:\Users\navee\Desktop\Projects\MediaDna\OpenAVFF\FakeAVCeleb_v1.2\FakeAVCeleb_v1.2\FakeVideo-RealAudio/Caucasian (European)/women/id00395\00420_id00581_wavtolip.mp4,1,FVRA,0.9999943971633911
C:\Users\navee\Desktop\Projects\MediaDna\OpenAVFF\FakeAVCeleb_v1.2\FakeAVCeleb_v1.2\FakeVideo-RealAudio/Caucasian (European)/women/id00395\00420_id00823_wavtolip.mp4,1,FVRA,0.5605853796005249
C:\Users\navee\Desktop\Projects\MediaDna\OpenAVFF\FakeAVCeleb_v1.2\FakeAVCeleb_v1.2\FakeVideo-RealAudio/Caucasian (European)/women/id00395\00420_id01018_wavtolip.mp4,1,FVRA,0.9999576807022095
C:\Users\navee\Desktop\Projects\MediaDna\OpenAVFF\FakeAVCeleb_v1.2\FakeAVCeleb_v1.2\FakeVideo-RealAudio/Caucasian (European)/women/id00403\00052_id00068_wavtolip.mp4,1,FVRA,0.9989960789680481
C:\Users\navee\Desktop\Projects\MediaDna\OpenAVFF\FakeAVCeleb_v1.2\FakeAVCeleb_v1.2\FakeVideo-RealAudio/Caucasian (European)/women/id00403\00052_id00270_wavtolip.mp4,1,FVRA,0.8470830917358398
C:\Users\navee\Desktop\Projects\MediaDna\OpenAVFF\FakeAVCeleb_v1.2\FakeAVCeleb_v1.2\FakeVideo-RealAudio/Caucasian (European)/women/id00403\00052_id00325_wavtolip.mp4,1,FVRA,0.999994158744812
C:\Users\navee\Desktop\Projects\MediaDna\OpenAVFF\FakeAVCeleb_v1.2\FakeAVCeleb_v1.2\FakeVideo-RealAudio/Caucasian (European)/women/id00403\00052_id00365_wavtolip.mp4,1,FVRA,0.9972119927406311
C:\Users\navee\Desktop\Projects\MediaDna\OpenAVFF\FakeAVCeleb_v1.2\FakeAVCeleb_v1.2\FakeVideo-RealAudio/Caucasian (European)/women/id00403\00052_id00434_wavtolip.mp4,1,FVRA,0.9999958276748657
C:\Users\navee\Desktop\Projects\MediaDna\OpenAVFF\FakeAVCeleb_v1.2\FakeAVCeleb_v1.2\FakeVideo-RealAudio/Caucasian (European)/women/id00403\00052_id00569_wavtolip.mp4,1,FVRA,0.6094807982444763
C:\Users\navee\Desktop\Projects\MediaDna\OpenAVFF\FakeAVCeleb_v1.2\FakeAVCeleb_v1.2\FakeVideo-RealAudio/Caucasian (European)/women/id00403\00052_id00591_wavtolip.mp4,1,FVRA,0.999847412109375
C:\Users\navee\Desktop\Projects\MediaDna\OpenAVFF\FakeAVCeleb_v1.2\FakeAVCeleb_v1.2\FakeVideo-RealAudio/Caucasian (European)/women/id00403\00052_id01001_wavtolip.mp4,1,FVRA,0.692422091960907
C:\Users\navee\Desktop\Projects\MediaDna\OpenAVFF\FakeAVCeleb_v1.2\FakeAVCeleb_v1.2\FakeVideo-RealAudio/Caucasian (European)/women/id00403\00052_id01002_wavtolip.mp4,1,FVRA,0.5974649786949158
C:\Users\navee\Desktop\Projects\MediaDna\OpenAVFF\FakeAVCeleb_v1.2\FakeAVCeleb_v1.2\FakeVideo-RealAudio/Caucasian (European)/women/id00403\00052_id03858_wavtolip.mp4,1,FVRA,0.999994158744812
C:\Users\navee\Desktop\Projects\MediaDna\OpenAVFF\FakeAVCeleb_v1.2\FakeAVCeleb_v1.2\FakeVideo-RealAudio/Caucasian (European)/women/id00434\00046_id00262_wavtolip.mp4,1,FVRA,0.9999932050704956
C:\Users\navee\Desktop\Projects\MediaDna\OpenAVFF\FakeAVCeleb_v1.2\FakeAVCeleb_v1.2\FakeVideo-RealAudio/Caucasian (European)/women/id00434\00046_id00287_wavtolip.mp4,1,FVRA,0.9990971088409424
C:\Users\navee\Desktop\Projects\MediaDna\OpenAVFF\FakeAVCeleb_v1.2\FakeAVCeleb_v1.2\FakeVideo-RealAudio/Caucasian (European)/women/id00434\00046_id00325_wavtolip.mp4,1,FVRA,0.9990503191947937
C:\Users\navee\Desktop\Projects\MediaDna\OpenAVFF\FakeAVCeleb_v1.2\FakeAVCeleb_v1.2\FakeVideo-RealAudio/Caucasian (European)/women/id00434\00046_id00395_wavtolip.mp4,1,FVRA,0.9989249110221863
C:\Users\navee\Desktop\Projects\MediaDna\OpenAVFF\FakeAVCeleb_v1.2\FakeAVCeleb_v1.2\FakeVideo-RealAudio/Caucasian (European)/women/id00434\00046_id00569_wavtolip.mp4,1,FVRA,0.6267296075820923
C:\Users\navee\Desktop\Projects\MediaDna\OpenAVFF\FakeAVCeleb_v1.2\FakeAVCeleb_v1.2\FakeVideo-RealAudio/Caucasian (European)/women/id00434\00046_id00806_wavtolip.mp4,1,FVRA,0.9997342228889465
C:\Users\navee\Desktop\Projects\MediaDna\OpenAVFF\FakeAVCeleb_v1.2\FakeAVCeleb_v1.2\FakeVideo-RealAudio/Caucasian (European)/women/id00434\00046_id00826_wavtolip.mp4,1,FVRA,0.948016345500946
C:\Users\navee\Desktop\Projects\MediaDna\OpenAVFF\FakeAVCeleb_v1.2\FakeAVCeleb_v1.2\FakeVideo-RealAudio/Caucasian (European)/women/id00434\00046_id00897_wavtolip.mp4,1,FVRA,0.9999971389770508
C:\Users\navee\Desktop\Projects\MediaDna\OpenAVFF\FakeAVCeleb_v1.2\FakeAVCeleb_v1.2\FakeVideo-RealAudio/Caucasian (European)/women/id00434\00046_id01002_wavtolip.mp4,1,FVRA,0.6062747836112976
C:\Users\navee\Desktop\Projects\MediaDna\OpenAVFF\FakeAVCeleb_v1.2\FakeAVCeleb_v1.2\FakeVideo-RealAudio/Caucasian (European)/women/id00434\00046_id03589_wavtolip.mp4,1,FVRA,0.9987277388572693
C:\Users\navee\Desktop\Projects\MediaDna\OpenAVFF\FakeAVCeleb_v1.2\FakeAVCeleb_v1.2\FakeVideo-RealAudio/Caucasian (European)/women/id00484\00202_id00188_wavtolip.mp4,1,FVRA,0.9125121235847473
C:\Users\navee\Desktop\Projects\MediaDna\OpenAVFF\FakeAVCeleb_v1.2\FakeAVCeleb_v1.2\FakeVideo-RealAudio/Caucasian (European)/women/id00484\00202_id00232_wavtolip.mp4,1,FVRA,0.9999985694885254
C:\Users\navee\Desktop\Projects\MediaDna\OpenAVFF\FakeAVCeleb_v1.2\FakeAVCeleb_v1.2\FakeVideo-RealAudio/Caucasian (European)/women/id00484\00202_id00234_wavtolip.mp4,1,FVRA,0.9999903440475464
C:\Users\navee\Desktop\Projects\MediaDna\OpenAVFF\FakeAVCeleb_v1.2\FakeAVCeleb_v1.2\FakeVideo-RealAudio/Caucasian (European)/women/id00484\00202_id00330_wavtolip.mp4,1,FVRA,0.9999938011169434
C:\Users\navee\Desktop\Projects\MediaDna\OpenAVFF\FakeAVCeleb_v1.2\FakeAVCeleb_v1.2\FakeVideo-RealAudio/Caucasian (European)/women/id00484\00202_id00379_wavtolip.mp4,1,FVRA,0.9999970197677612
C:\Users\navee\Desktop\Projects\MediaDna\OpenAVFF\FakeAVCeleb_v1.2\FakeAVCeleb_v1.2\FakeVideo-RealAudio/Caucasian (European)/women/id00484\00202_id00434_wavtolip.mp4,1,FVRA,0.9999966621398926
C:\Users\navee\Desktop\Projects\MediaDna\OpenAVFF\FakeAVCeleb_v1.2\FakeAVCeleb_v1.2\FakeVideo-RealAudio/Caucasian (European)/women/id00484\00202_id00806_wavtolip.mp4,1,FVRA,0.9999041557312012
C:\Users\navee\Desktop\Projects\MediaDna\OpenAVFF\FakeAVCeleb_v1.2\FakeAVCeleb_v1.2\FakeVideo-RealAudio/Caucasian (European)/women/id00484\00202_id03371_wavtolip.mp4,1,FVRA,0.9824795722961426
C:\Users\navee\Desktop\Projects\MediaDna\OpenAVFF\FakeAVCeleb_v1.2\FakeAVCeleb_v1.2\FakeVideo-RealAudio/Caucasian (European)/women/id00484\00202_id03651_wavtolip.mp4,1,FVRA,0.9505629539489746
C:\Users\navee\Desktop\Projects\MediaDna\OpenAVFF\FakeAVCeleb_v1.2\FakeAVCeleb_v1.2\FakeVideo-RealAudio/Caucasian (European)/women/id00484\00202_id03816_wavtolip.mp4,1,FVRA,0.9999970197677612
C:\Users\navee\Desktop\Projects\MediaDna\OpenAVFF\FakeAVCeleb_v1.2\FakeAVCeleb_v1.2\FakeVideo-RealAudio/Caucasian (European)/women/id00491\00122_id00262_wavtolip.mp4,1,FVRA,0.9999885559082031
C:\Users\navee\Desktop\Projects\MediaDna\OpenAVFF\FakeAVCeleb_v1.2\FakeAVCeleb_v1.2\FakeVideo-RealAudio/Caucasian (European)/women/id00491\00122_id00373_wavtolip.mp4,1,FVRA,0.9999938011169434
C:\Users\navee\Desktop\Projects\MediaDna\OpenAVFF\FakeAVCeleb_v1.2\FakeAVCeleb_v1.2\FakeVideo-RealAudio/Caucasian (European)/women/id00491\00122_id00495_wavtolip.mp4,1,FVRA,0.894524097442627
C:\Users\navee\Desktop\Projects\MediaDna\OpenAVFF\FakeAVCeleb_v1.2\FakeAVCeleb_v1.2\FakeVideo-RealAudio/Caucasian (European)/women/id00491\00122_id00496_wavtolip.mp4,1,FVRA,0.9999935626983643
C:\Users\navee\Desktop\Projects\MediaDna\OpenAVFF\FakeAVCeleb_v1.2\FakeAVCeleb_v1.2\FakeVideo-RealAudio/Caucasian (European)/women/id00491\00122_id00589_wavtolip.mp4,1,FVRA,0.999997615814209
C:\Users\navee\Desktop\Projects\MediaDna\OpenAVFF\FakeAVCeleb_v1.2\FakeAVCeleb_v1.2\FakeVideo-RealAudio/Caucasian (European)/women/id00491\00122_id01002_wavtolip.mp4,1,FVRA,0.585521399974823
C:\Users\navee\Desktop\Projects\MediaDna\OpenAVFF\FakeAVCeleb_v1.2\FakeAVCeleb_v1.2\FakeVideo-RealAudio/Caucasian (European)/women/id00491\00122_id03371_wavtolip.mp4,1,FVRA,0.9710003733634949
C:\Users\navee\Desktop\Projects\MediaDna\OpenAVFF\FakeAVCeleb_v1.2\FakeAVCeleb_v1.2\FakeVideo-RealAudio/Caucasian (European)/women/id00491\00122_id03589_wavtolip.mp4,1,FVRA,0.9999978542327881
C:\Users\navee\Desktop\Projects\MediaDna\OpenAVFF\FakeAVCeleb_v1.2\FakeAVCeleb_v1.2\FakeVideo-RealAudio/Caucasian (European)/women/id00491\00122_id03651_wavtolip.mp4,1,FVRA,0.9399504065513611
C:\Users\navee\Desktop\Projects\MediaDna\OpenAVFF\FakeAVCeleb_v1.2\FakeAVCeleb_v1.2\FakeVideo-RealAudio/Caucasian (European)/women/id00491\00122_id03844_wavtolip.mp4,1,FVRA,0.9999910593032837
C:\Users\navee\Desktop\Projects\MediaDna\OpenAVFF\FakeAVCeleb_v1.2\FakeAVCeleb_v1.2\FakeVideo-RealAudio/Caucasian (European)/women/id00495\00027_id00232_wavtolip.mp4,1,FVRA,0.9999986886978149
C:\Users\navee\Desktop\Projects\MediaDna\OpenAVFF\FakeAVCeleb_v1.2\FakeAVCeleb_v1.2\FakeVideo-RealAudio/Caucasian (European)/women/id00495\00027_id00328_wavtolip.mp4,1,FVRA,0.9999978542327881
C:\Users\navee\Desktop\Projects\MediaDna\OpenAVFF\FakeAVCeleb_v1.2\FakeAVCeleb_v1.2\FakeVideo-RealAudio/Caucasian (European)/women/id00495\00027_id00374_wavtolip.mp4,1,FVRA,0.5607118010520935
C:\Users\navee\Desktop\Projects\MediaDna\OpenAVFF\FakeAVCeleb_v1.2\FakeAVCeleb_v1.2\FakeVideo-RealAudio/Caucasian (European)/women/id00495\00027_id00403_wavtolip.mp4,1,FVRA,0.9999644756317139
C:\Users\navee\Desktop\Projects\MediaDna\OpenAVFF\FakeAVCeleb_v1.2\FakeAVCeleb_v1.2\FakeVideo-RealAudio/Caucasian (European)/women/id00495\00027_id00496_wavtolip.mp4,1,FVRA,0.9999921321868896
C:\Users\navee\Desktop\Projects\MediaDna\OpenAVFF\FakeAVCeleb_v1.2\FakeAVCeleb_v1.2\FakeVideo-RealAudio/Caucasian (European)/women/id00495\00027_id00569_wavtolip.mp4,1,FVRA,0.9998881816864014
C:\Users\navee\Desktop\Projects\MediaDna\OpenAVFF\FakeAVCeleb_v1.2\FakeAVCeleb_v1.2\FakeVideo-RealAudio/Caucasian (European)/women/id00495\00027_id00581_wavtolip.mp4,1,FVRA,0.9999933242797852
C:\Users\navee\Desktop\Projects\MediaDna\OpenAVFF\FakeAVCeleb_v1.2\FakeAVCeleb_v1.2\FakeVideo-RealAudio/Caucasian (European)/women/id00495\00027_id00806_wavtolip.mp4,1,FVRA,0.9999243021011353
C:\Users\navee\Desktop\Projects\MediaDna\OpenAVFF\FakeAVCeleb_v1.2\FakeAVCeleb_v1.2\FakeVideo-RealAudio/Caucasian (European)/women/id00495\00027_id03620_wavtolip.mp4,1,FVRA,0.9999948740005493
C:\Users\navee\Desktop\Projects\MediaDna\OpenAVFF\FakeAVCeleb_v1.2\FakeAVCeleb_v1.2\FakeVideo-RealAudio/Caucasian (European)/women/id00495\00027_id03858_wavtolip.mp4,1,FVRA,0.9999957084655762
C:\Users\navee\Desktop\Projects\MediaDna\OpenAVFF\FakeAVCeleb_v1.2\FakeAVCeleb_v1.2\FakeVideo-RealAudio/Caucasian (European)/women/id00496\00015_id00270_wavtolip.mp4,1,FVRA,0.8525853753089905
C:\Users\navee\Desktop\Projects\MediaDna\OpenAVFF\FakeAVCeleb_v1.2\FakeAVCeleb_v1.2\FakeVideo-RealAudio/Caucasian (European)/women/id00496\00015_id00287_wavtolip.mp4,1,FVRA,0.99906986951828
C:\Users\navee\Desktop\Projects\MediaDna\OpenAVFF\FakeAVCeleb_v1.2\FakeAVCeleb_v1.2\FakeVideo-RealAudio/Caucasian (European)/women/id00496\00015_id00434_wavtolip.mp4,1,FVRA,0.9994338154792786
C:\Users\navee\Desktop\Projects\MediaDna\OpenAVFF\FakeAVCeleb_v1.2\FakeAVCeleb_v1.2\FakeVideo-RealAudio/Caucasian (European)/women/id00496\00015_id00589_wavtolip.mp4,1,FVRA,0.9998557567596436
C:\Users\navee\Desktop\Projects\MediaDna\OpenAVFF\FakeAVCeleb_v1.2\FakeAVCeleb_v1.2\FakeVideo-RealAudio/Caucasian (European)/women/id00496\00015_id00633_wavtolip.mp4,1,FVRA,0.9999611377716064
C:\Users\navee\Desktop\Projects\MediaDna\OpenAVFF\FakeAVCeleb_v1.2\FakeAVCeleb_v1.2\FakeVideo-RealAudio/Caucasian (European)/women/id00496\00015_id00634_wavtolip.mp4,1,FVRA,0.9999498128890991
C:\Users\navee\Desktop\Projects\MediaDna\OpenAVFF\FakeAVCeleb_v1.2\FakeAVCeleb_v1.2\FakeVideo-RealAudio/Caucasian (European)/women/id00496\00015_id00735_wavtolip.mp4,1,FVRA,0.999946117401123
C:\Users\navee\Desktop\Projects\MediaDna\OpenAVFF\FakeAVCeleb_v1.2\FakeAVCeleb_v1.2\FakeVideo-RealAudio/Caucasian (European)/women/id00496\00015_id00806_wavtolip.mp4,1,FVRA,0.9995933175086975
C:\Users\navee\Desktop\Projects\MediaDna\OpenAVFF\FakeAVCeleb_v1.2\FakeAVCeleb_v1.2\FakeVideo-RealAudio/Caucasian (European)/women/id00496\00015_id00823_wavtolip.mp4,1,FVRA,0.563744306564331
C:\Users\navee\Desktop\Projects\MediaDna\OpenAVFF\FakeAVCeleb_v1.2\FakeAVCeleb_v1.2\FakeVideo-RealAudio/Caucasian (European)/women/id00496\00015_id00897_wavtolip.mp4,1,FVRA,0.9999964237213135
C:\Users\navee\Desktop\Projects\MediaDna\OpenAVFF\FakeAVCeleb_v1.2\FakeAVCeleb_v1.2\FakeVideo-RealAudio/Caucasian (European)/women/id00569\00239_id00068_wavtolip.mp4,1,FVRA,0.9999889135360718
C:\Users\navee\Desktop\Projects\MediaDna\OpenAVFF\FakeAVCeleb_v1.2\FakeAVCeleb_v1.2\FakeVideo-RealAudio/Caucasian (European)/women/id00569\00239_id00262_wavtolip.mp4,1,FVRA,0.9999880790710449
C:\Users\navee\Desktop\Projects\MediaDna\OpenAVFF\FakeAVCeleb_v1.2\FakeAVCeleb_v1.2\FakeVideo-RealAudio/Caucasian (European)/women/id00569\00239_id00328_wavtolip.mp4,1,FVRA,0.9999977350234985
C:\Users\navee\Desktop\Projects\MediaDna\OpenAVFF\FakeAVCeleb_v1.2\FakeAVCeleb_v1.2\FakeVideo-RealAudio/Caucasian (European)/women/id00569\00239_id00330_wavtolip.mp4,1,FVRA,0.9999946355819702
C:\Users\navee\Desktop\Projects\MediaDna\OpenAVFF\FakeAVCeleb_v1.2\FakeAVCeleb_v1.2\FakeVideo-RealAudio/Caucasian (European)/women/id00569\00239_id00403_wavtolip.mp4,1,FVRA,0.9999793767929077
C:\Users\navee\Desktop\Projects\MediaDna\OpenAVFF\FakeAVCeleb_v1.2\FakeAVCeleb_v1.2\FakeVideo-RealAudio/Caucasian (European)/women/id00569\00239_id00491_wavtolip.mp4,1,FVRA,0.5610073804855347
C:\Users\navee\Desktop\Projects\MediaDna\OpenAVFF\FakeAVCeleb_v1.2\FakeAVCeleb_v1.2\FakeVideo-RealAudio/Caucasian (European)/women/id00569\00239_id00735_wavtolip.mp4,1,FVRA,0.999998927116394
C:\Users\navee\Desktop\Projects\MediaDna\OpenAVFF\FakeAVCeleb_v1.2\FakeAVCeleb_v1.2\FakeVideo-RealAudio/Caucasian (European)/women/id00569\00239_id00826_wavtolip.mp4,1,FVRA,0.9999327659606934
C:\Users\navee\Desktop\Projects\MediaDna\OpenAVFF\FakeAVCeleb_v1.2\FakeAVCeleb_v1.2\FakeVideo-RealAudio/Caucasian (European)/women/id00569\00239_id01001_wavtolip.mp4,1,FVRA,0.9999979734420776
C:\Users\navee\Desktop\Projects\MediaDna\OpenAVFF\FakeAVCeleb_v1.2\FakeAVCeleb_v1.2\FakeVideo-RealAudio/Caucasian (European)/women/id00569\00239_id01002_wavtolip.mp4,1,FVRA,0.6249001026153564
C:\Users\navee\Desktop\Projects\MediaDna\OpenAVFF\FakeAVCeleb_v1.2\FakeAVCeleb_v1.2\FakeVideo-RealAudio/Caucasian (European)/women/id00581\00010_id00188_wavtolip.mp4,1,FVRA,0.9070947170257568
C:\Users\navee\Desktop\Projects\MediaDna\OpenAVFF\FakeAVCeleb_v1.2\FakeAVCeleb_v1.2\FakeVideo-RealAudio/Caucasian (European)/women/id00581\00010_id00374_wavtolip.mp4,1,FVRA,0.5727518200874329
C:\Users\navee\Desktop\Projects\MediaDna\OpenAVFF\FakeAVCeleb_v1.2\FakeAVCeleb_v1.2\FakeVideo-RealAudio/Caucasian (European)/women/id00581\00010_id00379_wavtolip.mp4,1,FVRA,0.9404441118240356
C:\Users\navee\Desktop\Projects\MediaDna\OpenAVFF\FakeAVCeleb_v1.2\FakeAVCeleb_v1.2\FakeVideo-RealAudio/Caucasian (European)/women/id00581\00010_id00434_wavtolip.mp4,1,FVRA,0.9999943971633911
C:\Users\navee\Desktop\Projects\MediaDna\OpenAVFF\FakeAVCeleb_v1.2\FakeAVCeleb_v1.2\FakeVideo-RealAudio/Caucasian (European)/women/id00581\00010_id00484_wavtolip.mp4,1,FVRA,0.6935785412788391
C:\Users\navee\Desktop\Projects\MediaDna\OpenAVFF\FakeAVCeleb_v1.2\FakeAVCeleb_v1.2\FakeVideo-RealAudio/Caucasian (European)/women/id00581\00010_id00495_wavtolip.mp4,1,FVRA,0.9064935445785522
C:\Users\navee\Desktop\Projects\MediaDna\OpenAVFF\FakeAVCeleb_v1.2\FakeAVCeleb_v1.2\FakeVideo-RealAudio/Caucasian (European)/women/id00581\00010_id00589_wavtolip.mp4,1,FVRA,0.9998482465744019
C:\Users\navee\Desktop\Projects\MediaDna\OpenAVFF\FakeAVCeleb_v1.2\FakeAVCeleb_v1.2\FakeVideo-RealAudio/Caucasian (European)/women/id00581\00010_id00826_wavtolip.mp4,1,FVRA,0.9472217559814453
C:\Users\navee\Desktop\Projects\MediaDna\OpenAVFF\FakeAVCeleb_v1.2\FakeAVCeleb_v1.2\FakeVideo-RealAudio/Caucasian (European)/women/id00581\00010_id01018_wavtolip.mp4,1,FVRA,0.9999964237213135
C:\Users\navee\Desktop\Projects\MediaDna\OpenAVFF\FakeAVCeleb_v1.2\FakeAVCeleb_v1.2\FakeVideo-RealAudio/Caucasian (European)/women/id00581\00010_id03589_wavtolip.mp4,1,FVRA,0.9986087679862976
C:\Users\navee\Desktop\Projects\MediaDna\OpenAVFF\FakeAVCeleb_v1.2\FakeAVCeleb_v1.2\FakeVideo-RealAudio/Caucasian (European)/women/id00589\00130_id00042_wavtolip.mp4,1,FVRA,0.9890506267547607
C:\Users\navee\Desktop\Projects\MediaDna\OpenAVFF\FakeAVCeleb_v1.2\FakeAVCeleb_v1.2\FakeVideo-RealAudio/Caucasian (European)/women/id00589\00130_id00188_wavtolip.mp4,1,FVRA,0.9168930053710938
C:\Users\navee\Desktop\Projects\MediaDna\OpenAVFF\FakeAVCeleb_v1.2\FakeAVCeleb_v1.2\FakeVideo-RealAudio/Caucasian (European)/women/id00589\00130_id00232_wavtolip.mp4,1,FVRA,0.9999986886978149
C:\Users\navee\Desktop\Projects\MediaDna\OpenAVFF\FakeAVCeleb_v1.2\FakeAVCeleb_v1.2\FakeVideo-RealAudio/Caucasian (European)/women/id00589\00130_id00262_wavtolip.mp4,1,FVRA,0.9999780654907227
C:\Users\navee\Desktop\Projects\MediaDna\OpenAVFF\FakeAVCeleb_v1.2\FakeAVCeleb_v1.2\FakeVideo-RealAudio/Caucasian (European)/women/id00589\00130_id00270_wavtolip.mp4,1,FVRA,0.8733876347541809
C:\Users\navee\Desktop\Projects\MediaDna\OpenAVFF\FakeAVCeleb_v1.2\FakeAVCeleb_v1.2\FakeVideo-RealAudio/Caucasian (European)/women/id00589\00130_id00287_wavtolip.mp4,1,FVRA,0.9990836381912231
C:\Users\navee\Desktop\Projects\MediaDna\OpenAVFF\FakeAVCeleb_v1.2\FakeAVCeleb_v1.2\FakeVideo-RealAudio/Caucasian (European)/women/id00589\00130_id00735_wavtolip.mp4,1,FVRA,0.9999446868896484
C:\Users\navee\Desktop\Projects\MediaDna\OpenAVFF\FakeAVCeleb_v1.2\FakeAVCeleb_v1.2\FakeVideo-RealAudio/Caucasian (European)/women/id00589\00130_id00813_wavtolip.mp4,1,FVRA,0.9945776462554932
C:\Users\navee\Desktop\Projects\MediaDna\OpenAVFF\FakeAVCeleb_v1.2\FakeAVCeleb_v1.2\FakeVideo-RealAudio/Caucasian (European)/women/id00589\00130_id01002_wavtolip.mp4,1,FVRA,0.6254536509513855
C:\Users\navee\Desktop\Projects\MediaDna\OpenAVFF\FakeAVCeleb_v1.2\FakeAVCeleb_v1.2\FakeVideo-RealAudio/Caucasian (European)/women/id00589\00130_id03589_wavtolip.mp4,1,FVRA,0.9999970197677612
C:\Users\navee\Desktop\Projects\MediaDna\OpenAVFF\FakeAVCeleb_v1.2\FakeAVCeleb_v1.2\FakeVideo-RealAudio/Caucasian (European)/women/id00591\00001_id00270_wavtolip.mp4,1,FVRA,0.9999748468399048
C:\Users\navee\Desktop\Projects\MediaDna\OpenAVFF\FakeAVCeleb_v1.2\FakeAVCeleb_v1.2\FakeVideo-RealAudio/Caucasian (European)/women/id00591\00001_id00287_wavtolip.mp4,1,FVRA,0.9999977350234985
C:\Users\navee\Desktop\Projects\MediaDna\OpenAVFF\FakeAVCeleb_v1.2\FakeAVCeleb_v1.2\FakeVideo-RealAudio/Caucasian (European)/women/id00591\00001_id00325_wavtolip.mp4,1,FVRA,0.9999936819076538
C:\Users\navee\Desktop\Projects\MediaDna\OpenAVFF\FakeAVCeleb_v1.2\FakeAVCeleb_v1.2\FakeVideo-RealAudio/Caucasian (European)/women/id00591\00001_id00374_wavtolip.mp4,1,FVRA,0.5734506249427795
C:\Users\navee\Desktop\Projects\MediaDna\OpenAVFF\FakeAVCeleb_v1.2\FakeAVCeleb_v1.2\FakeVideo-RealAudio/Caucasian (European)/women/id00591\00001_id00395_wavtolip.mp4,1,FVRA,0.9999974966049194
C:\Users\navee\Desktop\Projects\MediaDna\OpenAVFF\FakeAVCeleb_v1.2\FakeAVCeleb_v1.2\FakeVideo-RealAudio/Caucasian (European)/women/id00591\00001_id00434_wavtolip.mp4,1,FVRA,0.9999969005584717
C:\Users\navee\Desktop\Projects\MediaDna\OpenAVFF\FakeAVCeleb_v1.2\FakeAVCeleb_v1.2\FakeVideo-RealAudio/Caucasian (European)/women/id00591\00001_id00491_wavtolip.mp4,1,FVRA,0.9999736547470093
C:\Users\navee\Desktop\Projects\MediaDna\OpenAVFF\FakeAVCeleb_v1.2\FakeAVCeleb_v1.2\FakeVideo-RealAudio/Caucasian (European)/women/id00591\00001_id00589_wavtolip.mp4,1,FVRA,0.9999963045120239
C:\Users\navee\Desktop\Projects\MediaDna\OpenAVFF\FakeAVCeleb_v1.2\FakeAVCeleb_v1.2\FakeVideo-RealAudio/Caucasian (European)/women/id00591\00001_id01001_wavtolip.mp4,1,FVRA,0.9999973773956299
C:\Users\navee\Desktop\Projects\MediaDna\OpenAVFF\FakeAVCeleb_v1.2\FakeAVCeleb_v1.2\FakeVideo-RealAudio/Caucasian (European)/women/id00591\00001_id03716_wavtolip.mp4,1,FVRA,0.9997652173042297
C:\Users\navee\Desktop\Projects\MediaDna\OpenAVFF\FakeAVCeleb_v1.2\FakeAVCeleb_v1.2\FakeVideo-RealAudio/Caucasian (European)/women/id00633\00088_id00232_wavtolip.mp4,1,FVRA,0.999967098236084
C:\Users\navee\Desktop\Projects\MediaDna\OpenAVFF\FakeAVCeleb_v1.2\FakeAVCeleb_v1.2\FakeVideo-RealAudio/Caucasian (European)/women/id00633\00088_id00234_wavtolip.mp4,1,FVRA,0.9908231496810913
C:\Users\navee\Desktop\Projects\MediaDna\OpenAVFF\FakeAVCeleb_v1.2\FakeAVCeleb_v1.2\FakeVideo-RealAudio/Caucasian (European)/women/id00633\00088_id00271_wavtolip.mp4,1,FVRA,0.5657023191452026
C:\Users\navee\Desktop\Projects\MediaDna\OpenAVFF\FakeAVCeleb_v1.2\FakeAVCeleb_v1.2\FakeVideo-RealAudio/Caucasian (European)/women/id00633\00088_id00633_wavtolip.mp4,1,FVRA,0.9999834299087524
C:\Users\navee\Desktop\Projects\MediaDna\OpenAVFF\FakeAVCeleb_v1.2\FakeAVCeleb_v1.2\FakeVideo-RealAudio/Caucasian (European)/women/id00633\00088_id00735_wavtolip.mp4,1,FVRA,0.9999414682388306
C:\Users\navee\Desktop\Projects\MediaDna\OpenAVFF\FakeAVCeleb_v1.2\FakeAVCeleb_v1.2\FakeVideo-RealAudio/Caucasian (European)/women/id00633\00088_id01001_wavtolip.mp4,1,FVRA,0.7074609398841858
C:\Users\navee\Desktop\Projects\MediaDna\OpenAVFF\FakeAVCeleb_v1.2\FakeAVCeleb_v1.2\FakeVideo-RealAudio/Caucasian (European)/women/id00633\00088_id01002_wavtolip.mp4,1,FVRA,0.6164476275444031
C:\Users\navee\Desktop\Projects\MediaDna\OpenAVFF\FakeAVCeleb_v1.2\FakeAVCeleb_v1.2\FakeVideo-RealAudio/Caucasian (European)/women/id00633\00088_id01018_wavtolip.mp4,1,FVRA,0.9999943971633911
C:\Users\navee\Desktop\Projects\MediaDna\OpenAVFF\FakeAVCeleb_v1.2\FakeAVCeleb_v1.2\FakeVideo-RealAudio/Caucasian (European)/women/id00633\00088_id03589_wavtolip.mp4,1,FVRA,0.9985652565956116
C:\Users\navee\Desktop\Projects\MediaDna\OpenAVFF\FakeAVCeleb_v1.2\FakeAVCeleb_v1.2\FakeVideo-RealAudio/Caucasian (European)/women/id00633\00088_id03620_wavtolip.mp4,1,FVRA,0.9999922513961792
C:\Users\navee\Desktop\Projects\MediaDna\OpenAVFF\FakeAVCeleb_v1.2\FakeAVCeleb_v1.2\FakeVideo-RealAudio/Caucasian (European)/women/id00634\00078_id00234_wavtolip.mp4,1,FVRA,0.9906360507011414
C:\Users\navee\Desktop\Projects\MediaDna\OpenAVFF\FakeAVCeleb_v1.2\FakeAVCeleb_v1.2\FakeVideo-RealAudio/Caucasian (European)/women/id00634\00078_id00287_wavtolip.mp4,1,FVRA,0.9990635514259338
C:\Users\navee\Desktop\Projects\MediaDna\OpenAVFF\FakeAVCeleb_v1.2\FakeAVCeleb_v1.2\FakeVideo-RealAudio/Caucasian (European)/women/id00634\00078_id00325_wavtolip.mp4,1,FVRA,0.998950719833374
C:\Users\navee\Desktop\Projects\MediaDna\OpenAVFF\FakeAVCeleb_v1.2\FakeAVCeleb_v1.2\FakeVideo-RealAudio/Caucasian (European)/women/id00634\00078_id00373_wavtolip.mp4,1,FVRA,0.9999749660491943
C:\Users\navee\Desktop\Projects\MediaDna\OpenAVFF\FakeAVCeleb_v1.2\FakeAVCeleb_v1.2\FakeVideo-RealAudio/Caucasian (European)/women/id00634\00078_id00491_wavtolip.mp4,1,FVRA,0.5426920652389526
C:\Users\navee\Desktop\Projects\MediaDna\OpenAVFF\FakeAVCeleb_v1.2\FakeAVCeleb_v1.2\FakeVideo-RealAudio/Caucasian (European)/women/id00634\00078_id00569_wavtolip.mp4,1,FVRA,0.6181588172912598
C:\Users\navee\Desktop\Projects\MediaDna\OpenAVFF\FakeAVCeleb_v1.2\FakeAVCeleb_v1.2\FakeVideo-RealAudio/Caucasian (European)/women/id00634\00078_id00633_wavtolip.mp4,1,FVRA,0.9999842643737793
C:\Users\navee\Desktop\Projects\MediaDna\OpenAVFF\FakeAVCeleb_v1.2\FakeAVCeleb_v1.2\FakeVideo-RealAudio/Caucasian (European)/women/id00634\00078_id00897_wavtolip.mp4,1,FVRA,0.9999972581863403
C:\Users\navee\Desktop\Projects\MediaDna\OpenAVFF\FakeAVCeleb_v1.2\FakeAVCeleb_v1.2\FakeVideo-RealAudio/Caucasian (European)/women/id00634\00078_id01001_wavtolip.mp4,1,FVRA,0.6881564855575562
C:\Users\navee\Desktop\Projects\MediaDna\OpenAVFF\FakeAVCeleb_v1.2\FakeAVCeleb_v1.2\FakeVideo-RealAudio/Caucasian (European)/women/id00634\00078_id03941_wavtolip.mp4,1,FVRA,0.9998489618301392
C:\Users\navee\Desktop\Projects\MediaDna\OpenAVFF\FakeAVCeleb_v1.2\FakeAVCeleb_v1.2\FakeVideo-RealAudio/Caucasian (European)/women/id00735\00037_id00188_wavtolip.mp4,1,FVRA,0.8904070854187012
C:\Users\navee\Desktop\Projects\MediaDna\OpenAVFF\FakeAVCeleb_v1.2\FakeAVCeleb_v1.2\FakeVideo-RealAudio/Caucasian (European)/women/id00735\00037_id00232_wavtolip.mp4,1,FVRA,0.999998927116394
C:\Users\navee\Desktop\Projects\MediaDna\OpenAVFF\FakeAVCeleb_v1.2\FakeAVCeleb_v1.2\FakeVideo-RealAudio/Caucasian (European)/women/id00735\00037_id00234_wavtolip.mp4,1,FVRA,0.9999945163726807
C:\Users\navee\Desktop\Projects\MediaDna\OpenAVFF\FakeAVCeleb_v1.2\FakeAVCeleb_v1.2\FakeVideo-RealAudio/Caucasian (European)/women/id00735\00037_id00262_wavtolip.mp4,1,FVRA,0.9999856948852539
C:\Users\navee\Desktop\Projects\MediaDna\OpenAVFF\FakeAVCeleb_v1.2\FakeAVCeleb_v1.2\FakeVideo-RealAudio/Caucasian (European)/women/id00735\00037_id00330_wavtolip.mp4,1,FVRA,0.9999947547912598
C:\Users\navee\Desktop\Projects\MediaDna\OpenAVFF\FakeAVCeleb_v1.2\FakeAVCeleb_v1.2\FakeVideo-RealAudio/Caucasian (European)/women/id00735\00037_id00496_wavtolip.mp4,1,FVRA,0.9999946355819702
C:\Users\navee\Desktop\Projects\MediaDna\OpenAVFF\FakeAVCeleb_v1.2\FakeAVCeleb_v1.2\FakeVideo-RealAudio/Caucasian (European)/women/id00735\00037_id00569_wavtolip.mp4,1,FVRA,0.5943102240562439
C:\Users\navee\Desktop\Projects\MediaDna\OpenAVFF\FakeAVCeleb_v1.2\FakeAVCeleb_v1.2\FakeVideo-RealAudio/Caucasian (European)/women/id00735\00037_id00581_wavtolip.mp4,1,FVRA,0.9999973773956299
C:\Users\navee\Desktop\Projects\MediaDna\OpenAVFF\FakeAVCeleb_v1.2\FakeAVCeleb_v1.2\FakeVideo-RealAudio/Caucasian (European)/women/id00735\00037_id00823_wavtolip.mp4,1,FVRA,0.5452321171760559
C:\Users\navee\Desktop\Projects\MediaDna\OpenAVFF\FakeAVCeleb_v1.2\FakeAVCeleb_v1.2\FakeVideo-RealAudio/Caucasian (European)/women/id00735\00037_id03649_wavtolip.mp4,1,FVRA,0.5125317573547363
C:\Users\navee\Desktop\Projects\MediaDna\OpenAVFF\FakeAVCeleb_v1.2\FakeAVCeleb_v1.2\FakeVideo-RealAudio/Caucasian (European)/women/id00806\00005_id00042_wavtolip.mp4,1,FVRA,0.9883027672767639
C:\Users\navee\Desktop\Projects\MediaDna\OpenAVFF\FakeAVCeleb_v1.2\FakeAVCeleb_v1.2\FakeVideo-RealAudio/Caucasian (European)/women/id00806\00005_id00068_wavtolip.mp4,1,FVRA,0.9990434050559998
C:\Users\navee\Desktop\Projects\MediaDna\OpenAVFF\FakeAVCeleb_v1.2\FakeAVCeleb_v1.2\FakeVideo-RealAudio/Caucasian (European)/women/id00806\00005_id00373_wavtolip.mp4,1,FVRA,0.9737610816955566
C:\Users\navee\Desktop\Projects\MediaDna\OpenAVFF\FakeAVCeleb_v1.2\FakeAVCeleb_v1.2\FakeVideo-RealAudio/Caucasian (European)/women/id00806\00005_id00495_wavtolip.mp4,1,FVRA,0.9061655402183533
C:\Users\navee\Desktop\Projects\MediaDna\OpenAVFF\FakeAVCeleb_v1.2\FakeAVCeleb_v1.2\FakeVideo-RealAudio/Caucasian (European)/women/id00806\00005_id00591_wavtolip.mp4,1,FVRA,0.9998416900634766
C:\Users\navee\Desktop\Projects\MediaDna\OpenAVFF\FakeAVCeleb_v1.2\FakeAVCeleb_v1.2\FakeVideo-RealAudio/Caucasian (European)/women/id00806\00005_id00806_wavtolip.mp4,1,FVRA,0.9993754029273987
C:\Users\navee\Desktop\Projects\MediaDna\OpenAVFF\FakeAVCeleb_v1.2\FakeAVCeleb_v1.2\FakeVideo-RealAudio/Caucasian (European)/women/id00806\00005_id01018_wavtolip.mp4,1,FVRA,0.9630804657936096
C:\Users\navee\Desktop\Projects\MediaDna\OpenAVFF\FakeAVCeleb_v1.2\FakeAVCeleb_v1.2\FakeVideo-RealAudio/Caucasian (European)/women/id00806\00005_id03371_wavtolip.mp4,1,FVRA,0.6056719422340393
C:\Users\navee\Desktop\Projects\MediaDna\OpenAVFF\FakeAVCeleb_v1.2\FakeAVCeleb_v1.2\FakeVideo-RealAudio/Caucasian (European)/women/id00806\00005_id03716_wavtolip.mp4,1,FVRA,0.996894359588623
C:\Users\navee\Desktop\Projects\MediaDna\OpenAVFF\FakeAVCeleb_v1.2\FakeAVCeleb_v1.2\FakeVideo-RealAudio/Caucasian (European)/women/id00806\00005_id03816_wavtolip.mp4,1,FVRA,0.9794788956642151
C:\Users\navee\Desktop\Projects\MediaDna\OpenAVFF\FakeAVCeleb_v1.2\FakeAVCeleb_v1.2\FakeVideo-RealAudio/Caucasian (European)/women/id00813\00169_id00042_wavtolip.mp4,1,FVRA,0.9876042604446411
C:\Users\navee\Desktop\Projects\MediaDna\OpenAVFF\FakeAVCeleb_v1.2\FakeAVCeleb_v1.2\FakeVideo-RealAudio/Caucasian (European)/women/id00813\00169_id00325_wavtolip.mp4,1,FVRA,0.9989967942237854
C:\Users\navee\Desktop\Projects\MediaDna\OpenAVFF\FakeAVCeleb_v1.2\FakeAVCeleb_v1.2\FakeVideo-RealAudio/Caucasian (European)/women/id00813\00169_id00379_wavtolip.mp4,1,FVRA,0.9297386407852173
C:\Users\navee\Desktop\Projects\MediaDna\OpenAVFF\FakeAVCeleb_v1.2\FakeAVCeleb_v1.2\FakeVideo-RealAudio/Caucasian (European)/women/id00813\00169_id00395_wavtolip.mp4,1,FVRA,0.9988532066345215
C:\Users\navee\Desktop\Projects\MediaDna\OpenAVFF\FakeAVCeleb_v1.2\FakeAVCeleb_v1.2\FakeVideo-RealAudio/Caucasian (European)/women/id00813\00169_id00806_wavtolip.mp4,1,FVRA,0.9996645450592041
C:\Users\navee\Desktop\Projects\MediaDna\OpenAVFF\FakeAVCeleb_v1.2\FakeAVCeleb_v1.2\FakeVideo-RealAudio/Caucasian (European)/women/id00813\00169_id01001_wavtolip.mp4,1,FVRA,0.6686270236968994
C:\Users\navee\Desktop\Projects\MediaDna\OpenAVFF\FakeAVCeleb_v1.2\FakeAVCeleb_v1.2\FakeVideo-RealAudio/Caucasian (European)/women/id00813\00169_id03371_wavtolip.mp4,1,FVRA,0.5765206813812256
C:\Users\navee\Desktop\Projects\MediaDna\OpenAVFF\FakeAVCeleb_v1.2\FakeAVCeleb_v1.2\FakeVideo-RealAudio/Caucasian (European)/women/id00813\00169_id03589_wavtolip.mp4,1,FVRA,0.9986268281936646
C:\Users\navee\Desktop\Projects\MediaDna\OpenAVFF\FakeAVCeleb_v1.2\FakeAVCeleb_v1.2\FakeVideo-RealAudio/Caucasian (European)/women/id00813\00169_id03649_wavtolip.mp4,1,FVRA,0.5180036425590515
C:\Users\navee\Desktop\Projects\MediaDna\OpenAVFF\FakeAVCeleb_v1.2\FakeAVCeleb_v1.2\FakeVideo-RealAudio/Caucasian (European)/women/id00813\00169_id03858_wavtolip.mp4,1,FVRA,0.9930617213249207
C:\Users\navee\Desktop\Projects\MediaDna\OpenAVFF\FakeAVCeleb_v1.2\FakeAVCeleb_v1.2\FakeVideo-RealAudio/Caucasian (European)/women/id00823\00125_id00234_wavtolip.mp4,1,FVRA,0.9999912977218628
C:\Users\navee\Desktop\Projects\MediaDna\OpenAVFF\FakeAVCeleb_v1.2\FakeAVCeleb_v1.2\FakeVideo-RealAudio/Caucasian (European)/women/id00823\00125_id00271_wavtolip.mp4,1,FVRA,0.5516366958618164
C:\Users\navee\Desktop\Projects\MediaDna\OpenAVFF\FakeAVCeleb_v1.2\FakeAVCeleb_v1.2\FakeVideo-RealAudio/Caucasian (European)/women/id00823\00125_id00365_wavtolip.mp4,1,FVRA,0.9999946355819702
C:\Users\navee\Desktop\Projects\MediaDna\OpenAVFF\FakeAVCeleb_v1.2\FakeAVCeleb_v1.2\FakeVideo-RealAudio/Caucasian (European)/women/id00823\00125_id00633_wavtolip.mp4,1,FVRA,0.9999936819076538
C:\Users\navee\Desktop\Projects\MediaDna\OpenAVFF\FakeAVCeleb_v1.2\FakeAVCeleb_v1.2\FakeVideo-RealAudio/Caucasian (European)/women/id00823\00125_id00735_wavtolip.mp4,1,FVRA,0.9999990463256836
C:\Users\navee\Desktop\Projects\MediaDna\OpenAVFF\FakeAVCeleb_v1.2\FakeAVCeleb_v1.2\FakeVideo-RealAudio/Caucasian (European)/women/id00823\00125_id00823_wavtolip.mp4,1,FVRA,0.9999297857284546
C:\Users\navee\Desktop\Projects\MediaDna\OpenAVFF\FakeAVCeleb_v1.2\FakeAVCeleb_v1.2\FakeVideo-RealAudio/Caucasian (European)/women/id00823\00125_id01018_wavtolip.mp4,1,FVRA,0.9999562501907349
C:\Users\navee\Desktop\Projects\MediaDna\OpenAVFF\FakeAVCeleb_v1.2\FakeAVCeleb_v1.2\FakeVideo-RealAudio/Caucasian (European)/women/id00823\00125_id03371_wavtolip.mp4,1,FVRA,0.9716593027114868
C:\Users\navee\Desktop\Projects\MediaDna\OpenAVFF\FakeAVCeleb_v1.2\FakeAVCeleb_v1.2\FakeVideo-RealAudio/Caucasian (European)/women/id00823\00125_id03651_wavtolip.mp4,1,FVRA,0.944711446762085
C:\Users\navee\Desktop\Projects\MediaDna\OpenAVFF\FakeAVCeleb_v1.2\FakeAVCeleb_v1.2\FakeVideo-RealAudio/Caucasian (European)/women/id00823\00125_id03858_wavtolip.mp4,1,FVRA,0.9999959468841553
C:\Users\navee\Desktop\Projects\MediaDna\OpenAVFF\FakeAVCeleb_v1.2\FakeAVCeleb_v1.2\FakeVideo-RealAudio/Caucasian (European)/women/id00826\00065_id00068_wavtolip.mp4,1,FVRA,0.9999923706054688
C:\Users\navee\Desktop\Projects\MediaDna\OpenAVFF\FakeAVCeleb_v1.2\FakeAVCeleb_v1.2\FakeVideo-RealAudio/Caucasian (European)/women/id00826\00065_id00373_wavtolip.mp4,1,FVRA,0.9999796152114868
C:\Users\navee\Desktop\Projects\MediaDna\OpenAVFF\FakeAVCeleb_v1.2\FakeAVCeleb_v1.2\FakeVideo-RealAudio/Caucasian (European)/women/id00826\00065_id00395_wavtolip.mp4,1,FVRA,0.9989064931869507
C:\Users\navee\Desktop\Projects\MediaDna\OpenAVFF\FakeAVCeleb_v1.2\FakeAVCeleb_v1.2\FakeVideo-RealAudio/Caucasian (European)/women/id00826\00065_id00495_wavtolip.mp4,1,FVRA,0.9119365811347961
C:\Users\navee\Desktop\Projects\MediaDna\OpenAVFF\FakeAVCeleb_v1.2\FakeAVCeleb_v1.2\FakeVideo-RealAudio/Caucasian (European)/women/id00826\00065_id00633_wavtolip.mp4,1,FVRA,0.9999918937683105
C:\Users\navee\Desktop\Projects\MediaDna\OpenAVFF\FakeAVCeleb_v1.2\FakeAVCeleb_v1.2\FakeVideo-RealAudio/Caucasian (European)/women/id00826\00065_id00806_wavtolip.mp4,1,FVRA,0.9998683929443359
C:\Users\navee\Desktop\Projects\MediaDna\OpenAVFF\FakeAVCeleb_v1.2\FakeAVCeleb_v1.2\FakeVideo-RealAudio/Caucasian (European)/women/id00826\00065_id01018_wavtolip.mp4,1,FVRA,0.9999830722808838
C:\Users\navee\Desktop\Projects\MediaDna\OpenAVFF\FakeAVCeleb_v1.2\FakeAVCeleb_v1.2\FakeVideo-RealAudio/Caucasian (European)/women/id00826\00065_id03651_wavtolip.mp4,1,FVRA,0.9492496848106384
C:\Users\navee\Desktop\Projects\MediaDna\OpenAVFF\FakeAVCeleb_v1.2\FakeAVCeleb_v1.2\FakeVideo-RealAudio/Caucasian (European)/women/id00826\00065_id03716_wavtolip.mp4,1,FVRA,0.9999068975448608
C:\Users\navee\Desktop\Projects\MediaDna\OpenAVFF\FakeAVCeleb_v1.2\FakeAVCeleb_v1.2\FakeVideo-RealAudio/Caucasian (European)/women/id00826\00065_id03816_wavtolip.mp4,1,FVRA,0.9812641143798828
C:\Users\navee\Desktop\Projects\MediaDna\OpenAVFF\FakeAVCeleb_v1.2\FakeAVCeleb_v1.2\FakeVideo-RealAudio/Caucasian (European)/women/id00897\00005_id00234_wavtolip.mp4,1,FVRA,0.9916431903839111
C:\Users\navee\Desktop\Projects\MediaDna\OpenAVFF\FakeAVCeleb_v1.2\FakeAVCeleb_v1.2\FakeVideo-RealAudio/Caucasian (European)/women/id00897\00005_id00328_wavtolip.mp4,1,FVRA,0.9978417158126831
C:\Users\navee\Desktop\Projects\MediaDna\OpenAVFF\FakeAVCeleb_v1.2\FakeAVCeleb_v1.2\FakeVideo-RealAudio/Caucasian (European)/women/id00897\00005_id00374_wavtolip.mp4,1,FVRA,0.5730830430984497
C:\Users\navee\Desktop\Projects\MediaDna\OpenAVFF\FakeAVCeleb_v1.2\FakeAVCeleb_v1.2\FakeVideo-RealAudio/Caucasian (European)/women/id00897\00005_id00491_wavtolip.mp4,1,FVRA,0.5537929534912109
C:\Users\navee\Desktop\Projects\MediaDna\OpenAVFF\FakeAVCeleb_v1.2\FakeAVCeleb_v1.2\FakeVideo-RealAudio/Caucasian (European)/women/id00897\00005_id00496_wavtolip.mp4,1,FVRA,0.9994474053382874
C:\Users\navee\Desktop\Projects\MediaDna\OpenAVFF\FakeAVCeleb_v1.2\FakeAVCeleb_v1.2\FakeVideo-RealAudio/Caucasian (European)/women/id00897\00005_id00589_wavtolip.mp4,1,FVRA,0.9998608827590942
C:\Users\navee\Desktop\Projects\MediaDna\OpenAVFF\FakeAVCeleb_v1.2\FakeAVCeleb_v1.2\FakeVideo-RealAudio/Caucasian (European)/women/id00897\00005_id00591_wavtolip.mp4,1,FVRA,0.9998537302017212
C:\Users\navee\Desktop\Projects\MediaDna\OpenAVFF\FakeAVCeleb_v1.2\FakeAVCeleb_v1.2\FakeVideo-RealAudio/Caucasian (European)/women/id00897\00005_id00806_wavtolip.mp4,1,FVRA,0.7441750764846802
C:\Users\navee\Desktop\Projects\MediaDna\OpenAVFF\FakeAVCeleb_v1.2\FakeAVCeleb_v1.2\FakeVideo-RealAudio/Caucasian (European)/women/id00897\00005_id00823_wavtolip.mp4,1,FVRA,0.5746902227401733
C:\Users\navee\Desktop\Projects\MediaDna\OpenAVFF\FakeAVCeleb_v1.2\FakeAVCeleb_v1.2\FakeVideo-RealAudio/Caucasian (European)/women/id00897\00005_id00897_wavtolip.mp4,1,FVRA,0.9999960660934448
C:\Users\navee\Desktop\Projects\MediaDna\OpenAVFF\FakeAVCeleb_v1.2\FakeAVCeleb_v1.2\FakeVideo-RealAudio/Caucasian (European)/women/id01001\00086_id00068_wavtolip.mp4,1,FVRA,0.9999881982803345
C:\Users\navee\Desktop\Projects\MediaDna\OpenAVFF\FakeAVCeleb_v1.2\FakeAVCeleb_v1.2\FakeVideo-RealAudio/Caucasian (European)/women/id01001\00086_id00234_wavtolip.mp4,1,FVRA,0.9999912977218628
C:\Users\navee\Desktop\Projects\MediaDna\OpenAVFF\FakeAVCeleb_v1.2\FakeAVCeleb_v1.2\FakeVideo-RealAudio/Caucasian (European)/women/id01001\00086_id00262_wavtolip.mp4,1,FVRA,0.9999841451644897
C:\Users\navee\Desktop\Projects\MediaDna\OpenAVFF\FakeAVCeleb_v1.2\FakeAVCeleb_v1.2\FakeVideo-RealAudio/Caucasian (European)/women/id01001\00086_id00287_wavtolip.mp4,1,FVRA,0.9991016387939453
C:\Users\navee\Desktop\Projects\MediaDna\OpenAVFF\FakeAVCeleb_v1.2\FakeAVCeleb_v1.2\FakeVideo-RealAudio/Caucasian (European)/women/id01001\00086_id00403_wavtolip.mp4,1,FVRA,0.9999804496765137
C:\Users\navee\Desktop\Projects\MediaDna\OpenAVFF\FakeAVCeleb_v1.2\FakeAVCeleb_v1.2\FakeVideo-RealAudio/Caucasian (European)/women/id01001\00086_id00434_wavtolip.mp4,1,FVRA,0.9999971389770508
C:\Users\navee\Desktop\Projects\MediaDna\OpenAVFF\FakeAVCeleb_v1.2\FakeAVCeleb_v1.2\FakeVideo-RealAudio/Caucasian (European)/women/id01001\00086_id00569_wavtolip.mp4,1,FVRA,0.6284762620925903
C:\Users\navee\Desktop\Projects\MediaDna\OpenAVFF\FakeAVCeleb_v1.2\FakeAVCeleb_v1.2\FakeVideo-RealAudio/Caucasian (European)/women/id01001\00086_id01018_wavtolip.mp4,1,FVRA,0.9999762773513794
C:\Users\navee\Desktop\Projects\MediaDna\OpenAVFF\FakeAVCeleb_v1.2\FakeAVCeleb_v1.2\FakeVideo-RealAudio/Caucasian (European)/women/id01001\00086_id03649_wavtolip.mp4,1,FVRA,0.5360556840896606
C:\Users\navee\Desktop\Projects\MediaDna\OpenAVFF\FakeAVCeleb_v1.2\FakeAVCeleb_v1.2\FakeVideo-RealAudio/Caucasian (European)/women/id01001\00086_id03858_wavtolip.mp4,1,FVRA,0.9999949932098389
C:\Users\navee\Desktop\Projects\MediaDna\OpenAVFF\FakeAVCeleb_v1.2\FakeAVCeleb_v1.2\FakeVideo-RealAudio/Caucasian (European)/women/id01002\00043_id00042_wavtolip.mp4,1,FVRA,0.9999862909317017
C:\Users\navee\Desktop\Projects\MediaDna\OpenAVFF\FakeAVCeleb_v1.2\FakeAVCeleb_v1.2\FakeVideo-RealAudio/Caucasian (European)/women/id01002\00043_id00232_wavtolip.mp4,1,FVRA,0.9999986886978149
C:\Users\navee\Desktop\Projects\MediaDna\OpenAVFF\FakeAVCeleb_v1.2\FakeAVCeleb_v1.2\FakeVideo-RealAudio/Caucasian (European)/women/id01002\00043_id00270_wavtolip.mp4,1,FVRA,0.9999842643737793
C:\Users\navee\Desktop\Projects\MediaDna\OpenAVFF\FakeAVCeleb_v1.2\FakeAVCeleb_v1.2\FakeVideo-RealAudio/Caucasian (European)/women/id01002\00043_id00365_wavtolip.mp4,1,FVRA,0.9999942779541016
C:\Users\navee\Desktop\Projects\MediaDna\OpenAVFF\FakeAVCeleb_v1.2\FakeAVCeleb_v1.2\FakeVideo-RealAudio/Caucasian (European)/women/id01002\00043_id00379_wavtolip.mp4,1,FVRA,0.9999970197677612
C:\Users\navee\Desktop\Projects\MediaDna\OpenAVFF\FakeAVCeleb_v1.2\FakeAVCeleb_v1.2\FakeVideo-RealAudio/Caucasian (European)/women/id01002\00043_id00395_wavtolip.mp4,1,FVRA,0.9999979734420776
C:\Users\navee\Desktop\Projects\MediaDna\OpenAVFF\FakeAVCeleb_v1.2\FakeAVCeleb_v1.2\FakeVideo-RealAudio/Caucasian (European)/women/id01002\00043_id00633_wavtolip.mp4,1,FVRA,0.999992847442627
C:\Users\navee\Desktop\Projects\MediaDna\OpenAVFF\FakeAVCeleb_v1.2\FakeAVCeleb_v1.2\FakeVideo-RealAudio/Caucasian (European)/women/id01002\00043_id00823_wavtolip.mp4,1,FVRA,0.9999347925186157
C:\Users\navee\Desktop\Projects\MediaDna\OpenAVFF\FakeAVCeleb_v1.2\FakeAVCeleb_v1.2\FakeVideo-RealAudio/Caucasian (European)/women/id01002\00043_id03620_wavtolip.mp4,1,FVRA,0.9999943971633911
C:\Users\navee\Desktop\Projects\MediaDna\OpenAVFF\FakeAVCeleb_v1.2\FakeAVCeleb_v1.2\FakeVideo-RealAudio/Caucasian (European)/women/id01002\00043_id03941_wavtolip.mp4,1,FVRA,0.9998488426208496
C:\Users\navee\Desktop\Projects\MediaDna\OpenAVFF\FakeAVCeleb_v1.2\FakeAVCeleb_v1.2\FakeVideo-RealAudio/Caucasian (European)/women/id01018\00072_id00234_wavtolip.mp4,1,FVRA,0.9911933541297913
C:\Users\navee\Desktop\Projects\MediaDna\OpenAVFF\FakeAVCeleb_v1.2\FakeAVCeleb_v1.2\FakeVideo-RealAudio/Caucasian (European)/women/id01018\00072_id00270_wavtolip.mp4,1,FVRA,0.8537092804908752
C:\Users\navee\Desktop\Projects\MediaDna\OpenAVFF\FakeAVCeleb_v1.2\FakeAVCeleb_v1.2\FakeVideo-RealAudio/Caucasian (European)/women/id01018\00072_id00271_wavtolip.mp4,1,FVRA,0.5547101497650146
C:\Users\navee\Desktop\Projects\MediaDna\OpenAVFF\FakeAVCeleb_v1.2\FakeAVCeleb_v1.2\FakeVideo-RealAudio/Caucasian (European)/women/id01018\00072_id00332_wavtolip.mp4,1,FVRA,0.7485938668251038
C:\Users\navee\Desktop\Projects\MediaDna\OpenAVFF\FakeAVCeleb_v1.2\FakeAVCeleb_v1.2\FakeVideo-RealAudio/Caucasian (European)/women/id01018\00072_id00434_wavtolip.mp4,1,FVRA,0.9999946355819702
C:\Users\navee\Desktop\Projects\MediaDna\OpenAVFF\FakeAVCeleb_v1.2\FakeAVCeleb_v1.2\FakeVideo-RealAudio/Caucasian (European)/women/id01018\00072_id00496_wavtolip.mp4,1,FVRA,0.9999922513961792
C:\Users\navee\Desktop\Projects\MediaDna\OpenAVFF\FakeAVCeleb_v1.2\FakeAVCeleb_v1.2\FakeVideo-RealAudio/Caucasian (European)/women/id01018\00072_id00569_wavtolip.mp4,1,FVRA,0.6181206703186035
C:\Users\navee\Desktop\Projects\MediaDna\OpenAVFF\FakeAVCeleb_v1.2\FakeAVCeleb_v1.2\FakeVideo-RealAudio/Caucasian (European)/women/id01018\00072_id03589_wavtolip.mp4,1,FVRA,0.9987186193466187
C:\Users\navee\Desktop\Projects\MediaDna\OpenAVFF\FakeAVCeleb_v1.2\FakeAVCeleb_v1.2\FakeVideo-RealAudio/Caucasian (European)/women/id01018\00072_id03649_wavtolip.mp4,1,FVRA,0.5291112661361694
C:\Users\navee\Desktop\Projects\MediaDna\OpenAVFF\FakeAVCeleb_v1.2\FakeAVCeleb_v1.2\FakeVideo-RealAudio/Caucasian (European)/women/id01018\00072_id03941_wavtolip.mp4,1,FVRA,0.9998624324798584
C:\Users\navee\Desktop\Projects\MediaDna\OpenAVFF\FakeAVCeleb_v1.2\FakeAVCeleb_v1.2\FakeVideo-RealAudio/Caucasian (European)/women/id03371\00430_id00071_wavtolip.mp4,1,FVRA,0.7411295771598816
C:\Users\navee\Desktop\Projects\MediaDna\OpenAVFF\FakeAVCeleb_v1.2\FakeAVCeleb_v1.2\FakeVideo-RealAudio/Caucasian (European)/women/id03371\00430_id00188_wavtolip.mp4,1,FVRA,0.9099777340888977
C:\Users\navee\Desktop\Projects\MediaDna\OpenAVFF\FakeAVCeleb_v1.2\FakeAVCeleb_v1.2\FakeVideo-RealAudio/Caucasian (European)/women/id03371\00430_id00332_wavtolip.mp4,1,FVRA,0.7741119861602783
C:\Users\navee\Desktop\Projects\MediaDna\OpenAVFF\FakeAVCeleb_v1.2\FakeAVCeleb_v1.2\FakeVideo-RealAudio/Caucasian (European)/women/id03371\00430_id00365_wavtolip.mp4,1,FVRA,0.9974170923233032
C:\Users\navee\Desktop\Projects\MediaDna\OpenAVFF\FakeAVCeleb_v1.2\FakeAVCeleb_v1.2\FakeVideo-RealAudio/Caucasian (European)/women/id03371\00430_id00434_wavtolip.mp4,1,FVRA,0.9999961853027344
C:\Users\navee\Desktop\Projects\MediaDna\OpenAVFF\FakeAVCeleb_v1.2\FakeAVCeleb_v1.2\FakeVideo-RealAudio/Caucasian (European)/women/id03371\00430_id00484_wavtolip.mp4,1,FVRA,0.7011173963546753
C:\Users\navee\Desktop\Projects\MediaDna\OpenAVFF\FakeAVCeleb_v1.2\FakeAVCeleb_v1.2\FakeVideo-RealAudio/Caucasian (European)/women/id03371\00430_id00569_wavtolip.mp4,1,FVRA,0.6335103511810303
C:\Users\navee\Desktop\Projects\MediaDna\OpenAVFF\FakeAVCeleb_v1.2\FakeAVCeleb_v1.2\FakeVideo-RealAudio/Caucasian (European)/women/id03371\00430_id00591_wavtolip.mp4,1,FVRA,0.9998487234115601
C:\Users\navee\Desktop\Projects\MediaDna\OpenAVFF\FakeAVCeleb_v1.2\FakeAVCeleb_v1.2\FakeVideo-RealAudio/Caucasian (European)/women/id03371\00430_id03589_wavtolip.mp4,1,FVRA,0.9987202882766724
C:\Users\navee\Desktop\Projects\MediaDna\OpenAVFF\FakeAVCeleb_v1.2\FakeAVCeleb_v1.2\FakeVideo-RealAudio/Caucasian (European)/women/id03371\00430_id03651_wavtolip.mp4,1,FVRA,0.9481179118156433
C:\Users\navee\Desktop\Projects\MediaDna\OpenAVFF\FakeAVCeleb_v1.2\FakeAVCeleb_v1.2\FakeVideo-RealAudio/Caucasian (European)/women/id03589\00002_id00071_wavtolip.mp4,1,FVRA,0.7005626559257507
C:\Users\navee\Desktop\Projects\MediaDna\OpenAVFF\FakeAVCeleb_v1.2\FakeAVCeleb_v1.2\FakeVideo-RealAudio/Caucasian (European)/women/id03589\00002_id00234_wavtolip.mp4,1,FVRA,0.9999960660934448
C:\Users\navee\Desktop\Projects\MediaDna\OpenAVFF\FakeAVCeleb_v1.2\FakeAVCeleb_v1.2\FakeVideo-RealAudio/Caucasian (European)/women/id03589\00002_id00270_wavtolip.mp4,1,FVRA,0.8506472706794739
C:\Users\navee\Desktop\Projects\MediaDna\OpenAVFF\FakeAVCeleb_v1.2\FakeAVCeleb_v1.2\FakeVideo-RealAudio/Caucasian (European)/women/id03589\00002_id00332_wavtolip.mp4,1,FVRA,0.745948076248169
C:\Users\navee\Desktop\Projects\MediaDna\OpenAVFF\FakeAVCeleb_v1.2\FakeAVCeleb_v1.2\FakeVideo-RealAudio/Caucasian (European)/women/id03589\00002_id00374_wavtolip.mp4,1,FVRA,0.5570738315582275
C:\Users\navee\Desktop\Projects\MediaDna\OpenAVFF\FakeAVCeleb_v1.2\FakeAVCeleb_v1.2\FakeVideo-RealAudio/Caucasian (European)/women/id03589\00002_id00495_wavtolip.mp4,1,FVRA,0.8982380032539368
C:\Users\navee\Desktop\Projects\MediaDna\OpenAVFF\FakeAVCeleb_v1.2\FakeAVCeleb_v1.2\FakeVideo-RealAudio/Caucasian (European)/women/id03589\00002_id00589_wavtolip.mp4,1,FVRA,0.9998595714569092
C:\Users\navee\Desktop\Projects\MediaDna\OpenAVFF\FakeAVCeleb_v1.2\FakeAVCeleb_v1.2\FakeVideo-RealAudio/Caucasian (European)/women/id03589\00002_id00633_wavtolip.mp4,1,FVRA,0.9999895095825195
C:\Users\navee\Desktop\Projects\MediaDna\OpenAVFF\FakeAVCeleb_v1.2\FakeAVCeleb_v1.2\FakeVideo-RealAudio/Caucasian (European)/women/id03589\00002_id03844_wavtolip.mp4,1,FVRA,0.8474504947662354
C:\Users\navee\Desktop\Projects\MediaDna\OpenAVFF\FakeAVCeleb_v1.2\FakeAVCeleb_v1.2\FakeVideo-RealAudio/Caucasian (European)/women/id03589\00002_id03858_wavtolip.mp4,1,FVRA,0.9934030175209045
C:\Users\navee\Desktop\Projects\MediaDna\OpenAVFF\FakeAVCeleb_v1.2\FakeAVCeleb_v1.2\FakeVideo-RealAudio/Caucasian (European)/women/id03620\00081_id00068_wavtolip.mp4,1,FVRA,0.9990003705024719
C:\Users\navee\Desktop\Projects\MediaDna\OpenAVFF\FakeAVCeleb_v1.2\FakeAVCeleb_v1.2\FakeVideo-RealAudio/Caucasian (European)/women/id03620\00081_id00270_wavtolip.mp4,1,FVRA,0.8523131012916565
C:\Users\navee\Desktop\Projects\MediaDna\OpenAVFF\FakeAVCeleb_v1.2\FakeAVCeleb_v1.2\FakeVideo-RealAudio/Caucasian (European)/women/id03620\00081_id00328_wavtolip.mp4,1,FVRA,0.9976831674575806
C:\Users\navee\Desktop\Projects\MediaDna\OpenAVFF\FakeAVCeleb_v1.2\FakeAVCeleb_v1.2\FakeVideo-RealAudio/Caucasian (European)/women/id03620\00081_id00379_wavtolip.mp4,1,FVRA,0.9343665242195129
C:\Users\navee\Desktop\Projects\MediaDna\OpenAVFF\FakeAVCeleb_v1.2\FakeAVCeleb_v1.2\FakeVideo-RealAudio/Caucasian (European)/women/id03620\00081_id00496_wavtolip.mp4,1,FVRA,0.9994096755981445
C:\Users\navee\Desktop\Projects\MediaDna\OpenAVFF\FakeAVCeleb_v1.2\FakeAVCeleb_v1.2\FakeVideo-RealAudio/Caucasian (European)/women/id03620\00081_id00581_wavtolip.mp4,1,FVRA,0.9715163111686707
C:\Users\navee\Desktop\Projects\MediaDna\OpenAVFF\FakeAVCeleb_v1.2\FakeAVCeleb_v1.2\FakeVideo-RealAudio/Caucasian (European)/women/id03620\00081_id00589_wavtolip.mp4,1,FVRA,0.9998520612716675
C:\Users\navee\Desktop\Projects\MediaDna\OpenAVFF\FakeAVCeleb_v1.2\FakeAVCeleb_v1.2\FakeVideo-RealAudio/Caucasian (European)/women/id03620\00081_id00633_wavtolip.mp4,1,FVRA,0.9999595880508423
C:\Users\navee\Desktop\Projects\MediaDna\OpenAVFF\FakeAVCeleb_v1.2\FakeAVCeleb_v1.2\FakeVideo-RealAudio/Caucasian (European)/women/id03620\00081_id00806_wavtolip.mp4,1,FVRA,0.724340558052063
C:\Users\navee\Desktop\Projects\MediaDna\OpenAVFF\FakeAVCeleb_v1.2\FakeAVCeleb_v1.2\FakeVideo-RealAudio/Caucasian (European)/women/id03620\00081_id03844_wavtolip.mp4,1,FVRA,0.8550018072128296
C:\Users\navee\Desktop\Projects\MediaDna\OpenAVFF\FakeAVCeleb_v1.2\FakeAVCeleb_v1.2\FakeVideo-RealAudio/Caucasian (European)/women/id03649\00001_id00271_wavtolip.mp4,1,FVRA,0.5599676966667175
C:\Users\navee\Desktop\Projects\MediaDna\OpenAVFF\FakeAVCeleb_v1.2\FakeAVCeleb_v1.2\FakeVideo-RealAudio/Caucasian (European)/women/id03649\00001_id00325_wavtolip.mp4,1,FVRA,0.999995231628418
C:\Users\navee\Desktop\Projects\MediaDna\OpenAVFF\FakeAVCeleb_v1.2\FakeAVCeleb_v1.2\FakeVideo-RealAudio/Caucasian (European)/women/id03649\00001_id00330_wavtolip.mp4,1,FVRA,0.999993085861206
C:\Users\navee\Desktop\Projects\MediaDna\OpenAVFF\FakeAVCeleb_v1.2\FakeAVCeleb_v1.2\FakeVideo-RealAudio/Caucasian (European)/women/id03649\00001_id00373_wavtolip.mp4,1,FVRA,0.9999916553497314
C:\Users\navee\Desktop\Projects\MediaDna\OpenAVFF\FakeAVCeleb_v1.2\FakeAVCeleb_v1.2\FakeVideo-RealAudio/Caucasian (European)/women/id03649\00001_id00374_wavtolip.mp4,1,FVRA,0.5715804100036621
C:\Users\navee\Desktop\Projects\MediaDna\OpenAVFF\FakeAVCeleb_v1.2\FakeAVCeleb_v1.2\FakeVideo-RealAudio/Caucasian (European)/women/id03649\00001_id00403_wavtolip.mp4,1,FVRA,0.9999775886535645
C:\Users\navee\Desktop\Projects\MediaDna\OpenAVFF\FakeAVCeleb_v1.2\FakeAVCeleb_v1.2\FakeVideo-RealAudio/Caucasian (European)/women/id03649\00001_id00491_wavtolip.mp4,1,FVRA,0.5471646189689636
C:\Users\navee\Desktop\Projects\MediaDna\OpenAVFF\FakeAVCeleb_v1.2\FakeAVCeleb_v1.2\FakeVideo-RealAudio/Caucasian (European)/women/id03649\00001_id00495_wavtolip.mp4,1,FVRA,0.9050567150115967
C:\Users\navee\Desktop\Projects\MediaDna\OpenAVFF\FakeAVCeleb_v1.2\FakeAVCeleb_v1.2\FakeVideo-RealAudio/Caucasian (European)/women/id03649\00001_id00581_wavtolip.mp4,1,FVRA,0.9999938011169434
C:\Users\navee\Desktop\Projects\MediaDna\OpenAVFF\FakeAVCeleb_v1.2\FakeAVCeleb_v1.2\FakeVideo-RealAudio/Caucasian (European)/women/id03649\00001_id00823_wavtolip.mp4,1,FVRA,0.5664606690406799
C:\Users\navee\Desktop\Projects\MediaDna\OpenAVFF\FakeAVCeleb_v1.2\FakeAVCeleb_v1.2\FakeVideo-RealAudio/Caucasian (European)/women/id03651\00092_id00188_wavtolip.mp4,1,FVRA,0.9999954700469971
C:\Users\navee\Desktop\Projects\MediaDna\OpenAVFF\FakeAVCeleb_v1.2\FakeAVCeleb_v1.2\FakeVideo-RealAudio/Caucasian (European)/women/id03651\00092_id00234_wavtolip.mp4,1,FVRA,0.9999884366989136
C:\Users\navee\Desktop\Projects\MediaDna\OpenAVFF\FakeAVCeleb_v1.2\FakeAVCeleb_v1.2\FakeVideo-RealAudio/Caucasian (European)/women/id03651\00092_id00325_wavtolip.mp4,1,FVRA,0.999993085861206
C:\Users\navee\Desktop\Projects\MediaDna\OpenAVFF\FakeAVCeleb_v1.2\FakeAVCeleb_v1.2\FakeVideo-RealAudio/Caucasian (European)/women/id03651\00092_id00395_wavtolip.mp4,1,FVRA,0.9999974966049194
C:\Users\navee\Desktop\Projects\MediaDna\OpenAVFF\FakeAVCeleb_v1.2\FakeAVCeleb_v1.2\FakeVideo-RealAudio/Caucasian (European)/women/id03651\00092_id00581_wavtolip.mp4,1,FVRA,0.9999924898147583
C:\Users\navee\Desktop\Projects\MediaDna\OpenAVFF\FakeAVCeleb_v1.2\FakeAVCeleb_v1.2\FakeVideo-RealAudio/Caucasian (European)/women/id03651\00092_id00591_wavtolip.mp4,1,FVRA,0.9998348951339722
C:\Users\navee\Desktop\Projects\MediaDna\OpenAVFF\FakeAVCeleb_v1.2\FakeAVCeleb_v1.2\FakeVideo-RealAudio/Caucasian (European)/women/id03651\00092_id00633_wavtolip.mp4,1,FVRA,0.999992847442627
C:\Users\navee\Desktop\Projects\MediaDna\OpenAVFF\FakeAVCeleb_v1.2\FakeAVCeleb_v1.2\FakeVideo-RealAudio/Caucasian (European)/women/id03651\00092_id01001_wavtolip.mp4,1,FVRA,0.9999973773956299
C:\Users\navee\Desktop\Projects\MediaDna\OpenAVFF\FakeAVCeleb_v1.2\FakeAVCeleb_v1.2\FakeVideo-RealAudio/Caucasian (European)/women/id03651\00092_id03649_wavtolip.mp4,1,FVRA,0.9999819993972778
C:\Users\navee\Desktop\Projects\MediaDna\OpenAVFF\FakeAVCeleb_v1.2\FakeAVCeleb_v1.2\FakeVideo-RealAudio/Caucasian (European)/women/id03651\00092_id03858_wavtolip.mp4,1,FVRA,0.9999949932098389
C:\Users\navee\Desktop\Projects\MediaDna\OpenAVFF\FakeAVCeleb_v1.2\FakeAVCeleb_v1.2\FakeVideo-RealAudio/Caucasian (European)/women/id03716\00040_id00068_wavtolip.mp4,1,FVRA,0.9989252686500549
C:\Users\navee\Desktop\Projects\MediaDna\OpenAVFF\FakeAVCeleb_v1.2\FakeAVCeleb_v1.2\FakeVideo-RealAudio/Caucasian (European)/women/id03716\00040_id00234_wavtolip.mp4,1,FVRA,0.9900463223457336
C:\Users\navee\Desktop\Projects\MediaDna\OpenAVFF\FakeAVCeleb_v1.2\FakeAVCeleb_v1.2\FakeVideo-RealAudio/Caucasian (European)/women/id03716\00040_id00328_wavtolip.mp4,1,FVRA,0.9974550604820251
C:\Users\navee\Desktop\Projects\MediaDna\OpenAVFF\FakeAVCeleb_v1.2\FakeAVCeleb_v1.2\FakeVideo-RealAudio/Caucasian (European)/women/id03716\00040_id00330_wavtolip.mp4,1,FVRA,0.999957799911499
C:\Users\navee\Desktop\Projects\MediaDna\OpenAVFF\FakeAVCeleb_v1.2\FakeAVCeleb_v1.2\FakeVideo-RealAudio/Caucasian (European)/women/id03716\00040_id00365_wavtolip.mp4,1,FVRA,0.9969657063484192
C:\Users\navee\Desktop\Projects\MediaDna\OpenAVFF\FakeAVCeleb_v1.2\FakeAVCeleb_v1.2\FakeVideo-RealAudio/Caucasian (European)/women/id03716\00040_id00373_wavtolip.mp4,1,FVRA,0.9999855756759644
C:\Users\navee\Desktop\Projects\MediaDna\OpenAVFF\FakeAVCeleb_v1.2\FakeAVCeleb_v1.2\FakeVideo-RealAudio/Caucasian (European)/women/id03716\00040_id00633_wavtolip.mp4,1,FVRA,0.9999575614929199
C:\Users\navee\Desktop\Projects\MediaDna\OpenAVFF\FakeAVCeleb_v1.2\FakeAVCeleb_v1.2\FakeVideo-RealAudio/Caucasian (European)/women/id03716\00040_id00813_wavtolip.mp4,1,FVRA,0.6049125790596008
C:\Users\navee\Desktop\Projects\MediaDna\OpenAVFF\FakeAVCeleb_v1.2\FakeAVCeleb_v1.2\FakeVideo-RealAudio/Caucasian (European)/women/id03716\00040_id00826_wavtolip.mp4,1,FVRA,0.9401351809501648
C:\Users\navee\Desktop\Projects\MediaDna\OpenAVFF\FakeAVCeleb_v1.2\FakeAVCeleb_v1.2\FakeVideo-RealAudio/Caucasian (European)/women/id03716\00040_id03716_wavtolip.mp4,1,FVRA,0.9999865293502808
C:\Users\navee\Desktop\Projects\MediaDna\OpenAVFF\FakeAVCeleb_v1.2\FakeAVCeleb_v1.2\FakeVideo-RealAudio/Caucasian (European)/women/id03816\00093_id00232_wavtolip.mp4,1,FVRA,0.9999986886978149
C:\Users\navee\Desktop\Projects\MediaDna\OpenAVFF\FakeAVCeleb_v1.2\FakeAVCeleb_v1.2\FakeVideo-RealAudio/Caucasian (European)/women/id03816\00093_id00234_wavtolip.mp4,1,FVRA,0.9999898672103882
C:\Users\navee\Desktop\Projects\MediaDna\OpenAVFF\FakeAVCeleb_v1.2\FakeAVCeleb_v1.2\FakeVideo-RealAudio/Caucasian (European)/women/id03816\00093_id00330_wavtolip.mp4,1,FVRA,0.9999943971633911
C:\Users\navee\Desktop\Projects\MediaDna\OpenAVFF\FakeAVCeleb_v1.2\FakeAVCeleb_v1.2\FakeVideo-RealAudio/Caucasian (European)/women/id03816\00093_id00491_wavtolip.mp4,1,FVRA,0.5438666343688965
C:\Users\navee\Desktop\Projects\MediaDna\OpenAVFF\FakeAVCeleb_v1.2\FakeAVCeleb_v1.2\FakeVideo-RealAudio/Caucasian (European)/women/id03816\00093_id00569_wavtolip.mp4,1,FVRA,0.6183984279632568
C:\Users\navee\Desktop\Projects\MediaDna\OpenAVFF\FakeAVCeleb_v1.2\FakeAVCeleb_v1.2\FakeVideo-RealAudio/Caucasian (European)/women/id03816\00093_id00735_wavtolip.mp4,1,FVRA,0.999998927116394
C:\Users\navee\Desktop\Projects\MediaDna\OpenAVFF\FakeAVCeleb_v1.2\FakeAVCeleb_v1.2\FakeVideo-RealAudio/Caucasian (European)/women/id03816\00093_id03620_wavtolip.mp4,1,FVRA,0.9999955892562866
C:\Users\navee\Desktop\Projects\MediaDna\OpenAVFF\FakeAVCeleb_v1.2\FakeAVCeleb_v1.2\FakeVideo-RealAudio/Caucasian (European)/women/id03816\00093_id03651_wavtolip.mp4,1,FVRA,0.9449597597122192
C:\Users\navee\Desktop\Projects\MediaDna\OpenAVFF\FakeAVCeleb_v1.2\FakeAVCeleb_v1.2\FakeVideo-RealAudio/Caucasian (European)/women/id03816\00093_id03844_wavtolip.mp4,1,FVRA,0.8578490018844604
C:\Users\navee\Desktop\Projects\MediaDna\OpenAVFF\FakeAVCeleb_v1.2\FakeAVCeleb_v1.2\FakeVideo-RealAudio/Caucasian (European)/women/id03816\00093_id03858_wavtolip.mp4,1,FVRA,0.999995231628418
C:\Users\navee\Desktop\Projects\MediaDna\OpenAVFF\FakeAVCeleb_v1.2\FakeAVCeleb_v1.2\FakeVideo-RealAudio/Caucasian (European)/women/id03844\00028_id00042_wavtolip.mp4,1,FVRA,0.9999879598617554
C:\Users\navee\Desktop\Projects\MediaDna\OpenAVFF\FakeAVCeleb_v1.2\FakeAVCeleb_v1.2\FakeVideo-RealAudio/Caucasian (European)/women/id03844\00028_id00271_wavtolip.mp4,1,FVRA,0.5347850322723389
C:\Users\navee\Desktop\Projects\MediaDna\OpenAVFF\FakeAVCeleb_v1.2\FakeAVCeleb_v1.2\FakeVideo-RealAudio/Caucasian (European)/women/id03844\00028_id00365_wavtolip.mp4,1,FVRA,0.9999951124191284
C:\Users\navee\Desktop\Projects\MediaDna\OpenAVFF\FakeAVCeleb_v1.2\FakeAVCeleb_v1.2\FakeVideo-RealAudio/Caucasian (European)/women/id03844\00028_id00379_wavtolip.mp4,1,FVRA,0.999997615814209
C:\Users\navee\Desktop\Projects\MediaDna\OpenAVFF\FakeAVCeleb_v1.2\FakeAVCeleb_v1.2\FakeVideo-RealAudio/Caucasian (European)/women/id03844\00028_id00434_wavtolip.mp4,1,FVRA,0.9999973773956299
C:\Users\navee\Desktop\Projects\MediaDna\OpenAVFF\FakeAVCeleb_v1.2\FakeAVCeleb_v1.2\FakeVideo-RealAudio/Caucasian (European)/women/id03844\00028_id00484_wavtolip.mp4,1,FVRA,0.9999940395355225
C:\Users\navee\Desktop\Projects\MediaDna\OpenAVFF\FakeAVCeleb_v1.2\FakeAVCeleb_v1.2\FakeVideo-RealAudio/Caucasian (European)/women/id03844\00028_id00591_wavtolip.mp4,1,FVRA,0.9998584985733032
C:\Users\navee\Desktop\Projects\MediaDna\OpenAVFF\FakeAVCeleb_v1.2\FakeAVCeleb_v1.2\FakeVideo-RealAudio/Caucasian (European)/women/id03844\00028_id00813_wavtolip.mp4,1,FVRA,0.9883192777633667
C:\Users\navee\Desktop\Projects\MediaDna\OpenAVFF\FakeAVCeleb_v1.2\FakeAVCeleb_v1.2\FakeVideo-RealAudio/Caucasian (European)/women/id03844\00028_id00897_wavtolip.mp4,1,FVRA,0.9999979734420776
C:\Users\navee\Desktop\Projects\MediaDna\OpenAVFF\FakeAVCeleb_v1.2\FakeAVCeleb_v1.2\FakeVideo-RealAudio/Caucasian (European)/women/id03844\00028_id03620_wavtolip.mp4,1,FVRA,0.9999959468841553
C:\Users\navee\Desktop\Projects\MediaDna\OpenAVFF\FakeAVCeleb_v1.2\FakeAVCeleb_v1.2\FakeVideo-RealAudio/Caucasian (European)/women/id03858\00092_id00271_wavtolip.mp4,1,FVRA,0.5580263137817383
C:\Users\navee\Desktop\Projects\MediaDna\OpenAVFF\FakeAVCeleb_v1.2\FakeAVCeleb_v1.2\FakeVideo-RealAudio/Caucasian (European)/women/id03858\00092_id00328_wavtolip.mp4,1,FVRA,0.997920572757721
C:\Users\navee\Desktop\Projects\MediaDna\OpenAVFF\FakeAVCeleb_v1.2\FakeAVCeleb_v1.2\FakeVideo-RealAudio/Caucasian (European)/women/id03858\00092_id00374_wavtolip.mp4,1,FVRA,0.5667853355407715
C:\Users\navee\Desktop\Projects\MediaDna\OpenAVFF\FakeAVCeleb_v1.2\FakeAVCeleb_v1.2\FakeVideo-RealAudio/Caucasian (European)/women/id03858\00092_id00379_wavtolip.mp4,1,FVRA,0.9409252405166626
C:\Users\navee\Desktop\Projects\MediaDna\OpenAVFF\FakeAVCeleb_v1.2\FakeAVCeleb_v1.2\FakeVideo-RealAudio/Caucasian (European)/women/id03858\00092_id00484_wavtolip.mp4,1,FVRA,0.6941729784011841
C:\Users\navee\Desktop\Projects\MediaDna\OpenAVFF\FakeAVCeleb_v1.2\FakeAVCeleb_v1.2\FakeVideo-RealAudio/Caucasian (European)/women/id03858\00092_id00496_wavtolip.mp4,1,FVRA,0.9999932050704956
C:\Users\navee\Desktop\Projects\MediaDna\OpenAVFF\FakeAVCeleb_v1.2\FakeAVCeleb_v1.2\FakeVideo-RealAudio/Caucasian (European)/women/id03858\00092_id00591_wavtolip.mp4,1,FVRA,0.9998587369918823
C:\Users\navee\Desktop\Projects\MediaDna\OpenAVFF\FakeAVCeleb_v1.2\FakeAVCeleb_v1.2\FakeVideo-RealAudio/Caucasian (European)/women/id03858\00092_id03651_wavtolip.mp4,1,FVRA,0.9480055570602417
C:\Users\navee\Desktop\Projects\MediaDna\OpenAVFF\FakeAVCeleb_v1.2\FakeAVCeleb_v1.2\FakeVideo-RealAudio/Caucasian (European)/women/id03858\00092_id03844_wavtolip.mp4,1,FVRA,0.8662593960762024
C:\Users\navee\Desktop\Projects\MediaDna\OpenAVFF\FakeAVCeleb_v1.2\FakeAVCeleb_v1.2\FakeVideo-RealAudio/Caucasian (European)/women/id03858\00092_id03858_wavtolip.mp4,1,FVRA,0.9999945163726807
C:\Users\navee\Desktop\Projects\MediaDna\OpenAVFF\FakeAVCeleb_v1.2\FakeAVCeleb_v1.2\FakeVideo-RealAudio/Caucasian (European)/women/id03941\00021_id00068_wavtolip.mp4,1,FVRA,0.9999872446060181
C:\Users\navee\Desktop\Projects\MediaDna\OpenAVFF\FakeAVCeleb_v1.2\FakeAVCeleb_v1.2\FakeVideo-RealAudio/Caucasian (European)/women/id03941\00021_id00071_wavtolip.mp4,1,FVRA,0.9999901056289673
C:\Users\navee\Desktop\Projects\MediaDna\OpenAVFF\FakeAVCeleb_v1.2\FakeAVCeleb_v1.2\FakeVideo-RealAudio/Caucasian (European)/women/id03941\00021_id00262_wavtolip.mp4,1,FVRA,0.9999840259552002
C:\Users\navee\Desktop\Projects\MediaDna\OpenAVFF\FakeAVCeleb_v1.2\FakeAVCeleb_v1.2\FakeVideo-RealAudio/Caucasian (European)/women/id03941\00021_id00332_wavtolip.mp4,1,FVRA,0.9999889135360718
C:\Users\navee\Desktop\Projects\MediaDna\OpenAVFF\FakeAVCeleb_v1.2\FakeAVCeleb_v1.2\FakeVideo-RealAudio/Caucasian (European)/women/id03941\00021_id00374_wavtolip.mp4,1,FVRA,0.5762211084365845
C:\Users\navee\Desktop\Projects\MediaDna\OpenAVFF\FakeAVCeleb_v1.2\FakeAVCeleb_v1.2\FakeVideo-RealAudio/Caucasian (European)/women/id03941\00021_id00434_wavtolip.mp4,1,FVRA,0.9999966621398926
C:\Users\navee\Desktop\Projects\MediaDna\OpenAVFF\FakeAVCeleb_v1.2\FakeAVCeleb_v1.2\FakeVideo-RealAudio/Caucasian (European)/women/id03941\00021_id00581_wavtolip.mp4,1,FVRA,0.9999936819076538
C:\Users\navee\Desktop\Projects\MediaDna\OpenAVFF\FakeAVCeleb_v1.2\FakeAVCeleb_v1.2\FakeVideo-RealAudio/Caucasian (European)/women/id03941\00021_id00826_wavtolip.mp4,1,FVRA,0.9999040365219116
C:\Users\navee\Desktop\Projects\MediaDna\OpenAVFF\FakeAVCeleb_v1.2\FakeAVCeleb_v1.2\FakeVideo-RealAudio/Caucasian (European)/women/id03941\00021_id00897_wavtolip.mp4,1,FVRA,0.9999977350234985
C:\Users\navee\Desktop\Projects\MediaDna\OpenAVFF\FakeAVCeleb_v1.2\FakeAVCeleb_v1.2\FakeVideo-RealAudio/Caucasian (European)/women/id03941\00021_id03651_wavtolip.mp4,1,FVRA,0.9430989027023315
C:\Users\navee\Desktop\Projects\MediaDna\OpenAVFF\FakeAVCeleb_v1.2\FakeAVCeleb_v1.2\FakeVideo-FakeAudio/Caucasian (European)/women/id00042\00028_id00188_wavtolip.mp4,1,FVFA,0.9996151924133301
C:\Users\navee\Desktop\Projects\MediaDna\OpenAVFF\FakeAVCeleb_v1.2\FakeAVCeleb_v1.2\FakeVideo-FakeAudio/Caucasian (European)/women/id00042\00028_id00374_wavtolip.mp4,1,FVFA,0.9999828338623047
C:\Users\navee\Desktop\Projects\MediaDna\OpenAVFF\FakeAVCeleb_v1.2\FakeAVCeleb_v1.2\FakeVideo-FakeAudio/Caucasian (European)/women/id00042\00028_id00403_wavtolip.mp4,1,FVFA,0.9999988079071045
C:\Users\navee\Desktop\Projects\MediaDna\OpenAVFF\FakeAVCeleb_v1.2\FakeAVCeleb_v1.2\FakeVideo-FakeAudio/Caucasian (European)/women/id00042\00028_id00633_wavtolip.mp4,1,FVFA,0.9999960660934448
C:\Users\navee\Desktop\Projects\MediaDna\OpenAVFF\FakeAVCeleb_v1.2\FakeAVCeleb_v1.2\FakeVideo-FakeAudio/Caucasian (European)/women/id00042\00028_id00735_wavtolip.mp4,1,FVFA,0.9999985694885254
C:\Users\navee\Desktop\Projects\MediaDna\OpenAVFF\FakeAVCeleb_v1.2\FakeAVCeleb_v1.2\FakeVideo-FakeAudio/Caucasian (European)/women/id00042\00028_id00823_wavtolip.mp4,1,FVFA,0.9998713731765747
C:\Users\navee\Desktop\Projects\MediaDna\OpenAVFF\FakeAVCeleb_v1.2\FakeAVCeleb_v1.2\FakeVideo-FakeAudio/Caucasian (European)/women/id00042\00028_id01002_wavtolip.mp4,1,FVFA,0.9999369382858276
C:\Users\navee\Desktop\Projects\MediaDna\OpenAVFF\FakeAVCeleb_v1.2\FakeAVCeleb_v1.2\FakeVideo-FakeAudio/Caucasian (European)/women/id00042\00028_id03716_wavtolip.mp4,1,FVFA,0.9999967813491821
C:\Users\navee\Desktop\Projects\MediaDna\OpenAVFF\FakeAVCeleb_v1.2\FakeAVCeleb_v1.2\FakeVideo-FakeAudio/Caucasian (European)/women/id00042\00028_id03858_wavtolip.mp4,1,FVFA,0.9999973773956299
C:\Users\navee\Desktop\Projects\MediaDna\OpenAVFF\FakeAVCeleb_v1.2\FakeAVCeleb_v1.2\FakeVideo-FakeAudio/Caucasian (European)/women/id00068\00004_id00071_wavtolip.mp4,1,FVFA,0.9998853206634521
C:\Users\navee\Desktop\Projects\MediaDna\OpenAVFF\FakeAVCeleb_v1.2\FakeAVCeleb_v1.2\FakeVideo-FakeAudio/Caucasian (European)/women/id00068\00004_id00270_wavtolip.mp4,1,FVFA,0.9286065101623535
C:\Users\navee\Desktop\Projects\MediaDna\OpenAVFF\FakeAVCeleb_v1.2\FakeAVCeleb_v1.2\FakeVideo-FakeAudio/Caucasian (European)/women/id00068\00004_id00287_wavtolip.mp4,1,FVFA,0.9999305009841919
C:\Users\navee\Desktop\Projects\MediaDna\OpenAVFF\FakeAVCeleb_v1.2\FakeAVCeleb_v1.2\FakeVideo-FakeAudio/Caucasian (European)/women/id00068\00004_id00373_wavtolip.mp4,1,FVFA,0.9999979734420776
C:\Users\navee\Desktop\Projects\MediaDna\OpenAVFF\FakeAVCeleb_v1.2\FakeAVCeleb_v1.2\FakeVideo-FakeAudio/Caucasian (European)/women/id00068\00004_id00403_wavtolip.mp4,1,FVFA,0.999998927116394
C:\Users\navee\Desktop\Projects\MediaDna\OpenAVFF\FakeAVCeleb_v1.2\FakeAVCeleb_v1.2\FakeVideo-FakeAudio/Caucasian (European)/women/id00068\00004_id00813_wavtolip.mp4,1,FVFA,0.999995231628418
C:\Users\navee\Desktop\Projects\MediaDna\OpenAVFF\FakeAVCeleb_v1.2\FakeAVCeleb_v1.2\FakeVideo-FakeAudio/Caucasian (European)/women/id00068\00004_id00823_wavtolip.mp4,1,FVFA,0.9998815059661865
C:\Users\navee\Desktop\Projects\MediaDna\OpenAVFF\FakeAVCeleb_v1.2\FakeAVCeleb_v1.2\FakeVideo-FakeAudio/Caucasian (European)/women/id00068\00004_id00897_wavtolip.mp4,1,FVFA,0.9999983310699463
C:\Users\navee\Desktop\Projects\MediaDna\OpenAVFF\FakeAVCeleb_v1.2\FakeAVCeleb_v1.2\FakeVideo-FakeAudio/Caucasian (European)/women/id00068\00004_id01002_wavtolip.mp4,1,FVFA,0.9999405145645142
C:\Users\navee\Desktop\Projects\MediaDna\OpenAVFF\FakeAVCeleb_v1.2\FakeAVCeleb_v1.2\FakeVideo-FakeAudio/Caucasian (European)/women/id00071\00014_id00262_wavtolip.mp4,1,FVFA,0.9999860525131226
C:\Users\navee\Desktop\Projects\MediaDna\OpenAVFF\FakeAVCeleb_v1.2\FakeAVCeleb_v1.2\FakeVideo-FakeAudio/Caucasian (European)/women/id00071\00014_id00271_wavtolip.mp4,1,FVFA,0.9898703694343567
C:\Users\navee\Desktop\Projects\MediaDna\OpenAVFF\FakeAVCeleb_v1.2\FakeAVCeleb_v1.2\FakeVideo-FakeAudio/Caucasian (European)/women/id00071\00014_id00328_wavtolip.mp4,1,FVFA,0.9999977350234985
C:\Users\navee\Desktop\Projects\MediaDna\OpenAVFF\FakeAVCeleb_v1.2\FakeAVCeleb_v1.2\FakeVideo-FakeAudio/Caucasian (European)/women/id00071\00014_id00403_wavtolip.mp4,1,FVFA,0.9999985694885254
C:\Users\navee\Desktop\Projects\MediaDna\OpenAVFF\FakeAVCeleb_v1.2\FakeAVCeleb_v1.2\FakeVideo-FakeAudio/Caucasian (European)/women/id00071\00014_id03371_wavtolip.mp4,1,FVFA,0.9999971389770508
C:\Users\navee\Desktop\Projects\MediaDna\OpenAVFF\FakeAVCeleb_v1.2\FakeAVCeleb_v1.2\FakeVideo-FakeAudio/Caucasian (European)/women/id00071\00014_id03651_wavtolip.mp4,1,FVFA,0.9996762275695801
C:\Users\navee\Desktop\Projects\MediaDna\OpenAVFF\FakeAVCeleb_v1.2\FakeAVCeleb_v1.2\FakeVideo-FakeAudio/Caucasian (European)/women/id00071\00014_id03716_wavtolip.mp4,1,FVFA,0.9999963045120239
C:\Users\navee\Desktop\Projects\MediaDna\OpenAVFF\FakeAVCeleb_v1.2\FakeAVCeleb_v1.2\FakeVideo-FakeAudio/Caucasian (European)/women/id00188\00020_id00232_wavtolip.mp4,1,FVFA,0.9999957084655762
C:\Users\navee\Desktop\Projects\MediaDna\OpenAVFF\FakeAVCeleb_v1.2\FakeAVCeleb_v1.2\FakeVideo-FakeAudio/Caucasian (European)/women/id00188\00020_id00262_wavtolip.mp4,1,FVFA,0.9999885559082031
C:\Users\navee\Desktop\Projects\MediaDna\OpenAVFF\FakeAVCeleb_v1.2\FakeAVCeleb_v1.2\FakeVideo-FakeAudio/Caucasian (European)/women/id00188\00020_id00270_wavtolip.mp4,1,FVFA,0.9999955892562866
C:\Users\navee\Desktop\Projects\MediaDna\OpenAVFF\FakeAVCeleb_v1.2\FakeAVCeleb_v1.2\FakeVideo-FakeAudio/Caucasian (European)/women/id00188\00020_id00271_wavtolip.mp4,1,FVFA,0.9905942678451538
C:\Users\navee\Desktop\Projects\MediaDna\OpenAVFF\FakeAVCeleb_v1.2\FakeAVCeleb_v1.2\FakeVideo-FakeAudio/Caucasian (European)/women/id00188\00020_id00330_wavtolip.mp4,1,FVFA,0.9999611377716064
C:\Users\navee\Desktop\Projects\MediaDna\OpenAVFF\FakeAVCeleb_v1.2\FakeAVCeleb_v1.2\FakeVideo-FakeAudio/Caucasian (European)/women/id00188\00020_id00374_wavtolip.mp4,1,FVFA,0.9999830722808838
C:\Users\navee\Desktop\Projects\MediaDna\OpenAVFF\FakeAVCeleb_v1.2\FakeAVCeleb_v1.2\FakeVideo-FakeAudio/Caucasian (European)/women/id00188\00020_id00581_wavtolip.mp4,1,FVFA,0.9999947547912598
C:\Users\navee\Desktop\Projects\MediaDna\OpenAVFF\FakeAVCeleb_v1.2\FakeAVCeleb_v1.2\FakeVideo-FakeAudio/Caucasian (European)/women/id00188\00020_id00806_wavtolip.mp4,1,FVFA,0.9999163150787354
C:\Users\navee\Desktop\Projects\MediaDna\OpenAVFF\FakeAVCeleb_v1.2\FakeAVCeleb_v1.2\FakeVideo-FakeAudio/Caucasian (European)/women/id00188\00020_id03844_wavtolip.mp4,1,FVFA,0.9999945163726807
C:\Users\navee\Desktop\Projects\MediaDna\OpenAVFF\FakeAVCeleb_v1.2\FakeAVCeleb_v1.2\FakeVideo-FakeAudio/Caucasian (European)/women/id00232\00025_id00071_wavtolip.mp4,1,FVFA,0.9998757839202881
C:\Users\navee\Desktop\Projects\MediaDna\OpenAVFF\FakeAVCeleb_v1.2\FakeAVCeleb_v1.2\FakeVideo-FakeAudio/Caucasian (European)/women/id00232\00025_id00270_wavtolip.mp4,1,FVFA,0.9166496992111206
C:\Users\navee\Desktop\Projects\MediaDna\OpenAVFF\FakeAVCeleb_v1.2\FakeAVCeleb_v1.2\FakeVideo-FakeAudio/Caucasian (European)/women/id00232\00025_id00374_wavtolip.mp4,1,FVFA,0.5777508020401001
C:\Users\navee\Desktop\Projects\MediaDna\OpenAVFF\FakeAVCeleb_v1.2\FakeAVCeleb_v1.2\FakeVideo-FakeAudio/Caucasian (European)/women/id00232\00025_id00496_wavtolip.mp4,1,FVFA,0.9999569654464722
C:\Users\navee\Desktop\Projects\MediaDna\OpenAVFF\FakeAVCeleb_v1.2\FakeAVCeleb_v1.2\FakeVideo-FakeAudio/Caucasian (European)/women/id00232\00025_id00569_wavtolip.mp4,1,FVFA,0.9861380457878113
C:\Users\navee\Desktop\Projects\MediaDna\OpenAVFF\FakeAVCeleb_v1.2\FakeAVCeleb_v1.2\FakeVideo-FakeAudio/Caucasian (European)/women/id00232\00025_id00826_wavtolip.mp4,1,FVFA,0.9999839067459106
C:\Users\navee\Desktop\Projects\MediaDna\OpenAVFF\FakeAVCeleb_v1.2\FakeAVCeleb_v1.2\FakeVideo-FakeAudio/Caucasian (European)/women/id00232\00025_id01018_wavtolip.mp4,1,FVFA,0.9999991655349731
C:\Users\navee\Desktop\Projects\MediaDna\OpenAVFF\FakeAVCeleb_v1.2\FakeAVCeleb_v1.2\FakeVideo-FakeAudio/Caucasian (European)/women/id00232\00025_id03589_wavtolip.mp4,1,FVFA,0.9999501705169678
C:\Users\navee\Desktop\Projects\MediaDna\OpenAVFF\FakeAVCeleb_v1.2\FakeAVCeleb_v1.2\FakeVideo-FakeAudio/Caucasian (European)/women/id00232\00025_id03716_wavtolip.mp4,1,FVFA,0.9999973773956299
C:\Users\navee\Desktop\Projects\MediaDna\OpenAVFF\FakeAVCeleb_v1.2\FakeAVCeleb_v1.2\FakeVideo-FakeAudio/Caucasian (European)/women/id00232\00025_id03844_wavtolip.mp4,1,FVFA,0.9988652467727661
C:\Users\navee\Desktop\Projects\MediaDna\OpenAVFF\FakeAVCeleb_v1.2\FakeAVCeleb_v1.2\FakeVideo-FakeAudio/Caucasian (European)/women/id00234\00063_id00232_wavtolip.mp4,1,FVFA,0.9986802935600281
C:\Users\navee\Desktop\Projects\MediaDna\OpenAVFF\FakeAVCeleb_v1.2\FakeAVCeleb_v1.2\FakeVideo-FakeAudio/Caucasian (European)/women/id00234\00063_id00234_wavtolip.mp4,1,FVFA,0.9999986886978149
C:\Users\navee\Desktop\Projects\MediaDna\OpenAVFF\FakeAVCeleb_v1.2\FakeAVCeleb_v1.2\FakeVideo-FakeAudio/Caucasian (European)/women/id00234\00063_id00403_wavtolip.mp4,1,FVFA,0.9999388456344604
C:\Users\navee\Desktop\Projects\MediaDna\OpenAVFF\FakeAVCeleb_v1.2\FakeAVCeleb_v1.2\FakeVideo-FakeAudio/Caucasian (European)/women/id00234\00063_id00434_wavtolip.mp4,1,FVFA,0.9999974966049194
C:\Users\navee\Desktop\Projects\MediaDna\OpenAVFF\FakeAVCeleb_v1.2\FakeAVCeleb_v1.2\FakeVideo-FakeAudio/Caucasian (European)/women/id00234\00063_id00634_wavtolip.mp4,1,FVFA,0.9999983310699463
C:\Users\navee\Desktop\Projects\MediaDna\OpenAVFF\FakeAVCeleb_v1.2\FakeAVCeleb_v1.2\FakeVideo-FakeAudio/Caucasian (European)/women/id00234\00063_id00826_wavtolip.mp4,1,FVFA,0.9999855756759644
C:\Users\navee\Desktop\Projects\MediaDna\OpenAVFF\FakeAVCeleb_v1.2\FakeAVCeleb_v1.2\FakeVideo-FakeAudio/Caucasian (European)/women/id00234\00063_id01002_wavtolip.mp4,1,FVFA,0.9999419450759888
C:\Users\navee\Desktop\Projects\MediaDna\OpenAVFF\FakeAVCeleb_v1.2\FakeAVCeleb_v1.2\FakeVideo-FakeAudio/Caucasian (European)/women/id00234\00063_id03649_wavtolip.mp4,1,FVFA,0.9951555728912354
C:\Users\navee\Desktop\Projects\MediaDna\OpenAVFF\FakeAVCeleb_v1.2\FakeAVCeleb_v1.2\FakeVideo-FakeAudio/Caucasian (European)/women/id00262\00028_id00071_wavtolip.mp4,1,FVFA,0.9998860359191895
C:\Users\navee\Desktop\Projects\MediaDna\OpenAVFF\FakeAVCeleb_v1.2\FakeAVCeleb_v1.2\FakeVideo-FakeAudio/Caucasian (European)/women/id00262\00028_id00328_wavtolip.mp4,1,FVFA,0.9984719157218933
C:\Users\navee\Desktop\Projects\MediaDna\OpenAVFF\FakeAVCeleb_v1.2\FakeAVCeleb_v1.2\FakeVideo-FakeAudio/Caucasian (European)/women/id00262\00028_id00379_wavtolip.mp4,1,FVFA,0.8856503367424011
C:\Users\navee\Desktop\Projects\MediaDna\OpenAVFF\FakeAVCeleb_v1.2\FakeAVCeleb_v1.2\FakeVideo-FakeAudio/Caucasian (European)/women/id00262\00028_id00395_wavtolip.mp4,1,FVFA,0.9686424136161804
C:\Users\navee\Desktop\Projects\MediaDna\OpenAVFF\FakeAVCeleb_v1.2\FakeAVCeleb_v1.2\FakeVideo-FakeAudio/Caucasian (European)/women/id00262\00028_id00496_wavtolip.mp4,1,FVFA,0.6032924056053162
C:\Users\navee\Desktop\Projects\MediaDna\OpenAVFF\FakeAVCeleb_v1.2\FakeAVCeleb_v1.2\FakeVideo-FakeAudio/Caucasian (European)/women/id00262\00028_id00813_wavtolip.mp4,1,FVFA,0.9535635113716125
C:\Users\navee\Desktop\Projects\MediaDna\OpenAVFF\FakeAVCeleb_v1.2\FakeAVCeleb_v1.2\FakeVideo-FakeAudio/Caucasian (European)/women/id00262\00028_id01002_wavtolip.mp4,1,FVFA,0.9999409914016724
C:\Users\navee\Desktop\Projects\MediaDna\OpenAVFF\FakeAVCeleb_v1.2\FakeAVCeleb_v1.2\FakeVideo-FakeAudio/Caucasian (European)/women/id00262\00028_id03651_wavtolip.mp4,1,FVFA,0.999723494052887
C:\Users\navee\Desktop\Projects\MediaDna\OpenAVFF\FakeAVCeleb_v1.2\FakeAVCeleb_v1.2\FakeVideo-FakeAudio/Caucasian (European)/women/id00262\00028_id03941_wavtolip.mp4,1,FVFA,0.9929913282394409
C:\Users\navee\Desktop\Projects\MediaDna\OpenAVFF\FakeAVCeleb_v1.2\FakeAVCeleb_v1.2\FakeVideo-FakeAudio/Caucasian (European)/women/id00270\00088_id00042_wavtolip.mp4,1,FVFA,0.9754981398582458
C:\Users\navee\Desktop\Projects\MediaDna\OpenAVFF\FakeAVCeleb_v1.2\FakeAVCeleb_v1.2\FakeVideo-FakeAudio/Caucasian (European)/women/id00270\00088_id00332_wavtolip.mp4,1,FVFA,0.999997615814209
C:\Users\navee\Desktop\Projects\MediaDna\OpenAVFF\FakeAVCeleb_v1.2\FakeAVCeleb_v1.2\FakeVideo-FakeAudio/Caucasian (European)/women/id00270\00088_id00395_wavtolip.mp4,1,FVFA,0.9669899940490723
C:\Users\navee\Desktop\Projects\MediaDna\OpenAVFF\FakeAVCeleb_v1.2\FakeAVCeleb_v1.2\FakeVideo-FakeAudio/Caucasian (European)/women/id00270\00088_id00495_wavtolip.mp4,1,FVFA,0.9983406066894531
C:\Users\navee\Desktop\Projects\MediaDna\OpenAVFF\FakeAVCeleb_v1.2\FakeAVCeleb_v1.2\FakeVideo-FakeAudio/Caucasian (European)/women/id00270\00088_id00496_wavtolip.mp4,1,FVFA,0.9999649524688721
C:\Users\navee\Desktop\Projects\MediaDna\OpenAVFF\FakeAVCeleb_v1.2\FakeAVCeleb_v1.2\FakeVideo-FakeAudio/Caucasian (European)/women/id00270\00088_id00897_wavtolip.mp4,1,FVFA,0.9999983310699463
C:\Users\navee\Desktop\Projects\MediaDna\OpenAVFF\FakeAVCeleb_v1.2\FakeAVCeleb_v1.2\FakeVideo-FakeAudio/Caucasian (European)/women/id00270\00088_id03716_wavtolip.mp4,1,FVFA,0.9999972581863403
C:\Users\navee\Desktop\Projects\MediaDna\OpenAVFF\FakeAVCeleb_v1.2\FakeAVCeleb_v1.2\FakeVideo-FakeAudio/Caucasian (European)/women/id00270\00088_id03844_wavtolip.mp4,1,FVFA,0.9989728927612305
C:\Users\navee\Desktop\Projects\MediaDna\OpenAVFF\FakeAVCeleb_v1.2\FakeAVCeleb_v1.2\FakeVideo-FakeAudio/Caucasian (European)/women/id00270\00088_id03858_wavtolip.mp4,1,FVFA,0.9999978542327881
C:\Users\navee\Desktop\Projects\MediaDna\OpenAVFF\FakeAVCeleb_v1.2\FakeAVCeleb_v1.2\FakeVideo-FakeAudio/Caucasian (European)/women/id00271\00028_id00271_wavtolip.mp4,1,FVFA,0.9999971389770508
C:\Users\navee\Desktop\Projects\MediaDna\OpenAVFF\FakeAVCeleb_v1.2\FakeAVCeleb_v1.2\FakeVideo-FakeAudio/Caucasian (European)/women/id00271\00028_id00374_wavtolip.mp4,1,FVFA,0.9999849796295166
C:\Users\navee\Desktop\Projects\MediaDna\OpenAVFF\FakeAVCeleb_v1.2\FakeAVCeleb_v1.2\FakeVideo-FakeAudio/Caucasian (European)/women/id00271\00028_id00434_wavtolip.mp4,1,FVFA,0.9999971389770508
C:\Users\navee\Desktop\Projects\MediaDna\OpenAVFF\FakeAVCeleb_v1.2\FakeAVCeleb_v1.2\FakeVideo-FakeAudio/Caucasian (European)/women/id00271\00028_id00581_wavtolip.mp4,1,FVFA,0.9999940395355225
C:\Users\navee\Desktop\Projects\MediaDna\OpenAVFF\FakeAVCeleb_v1.2\FakeAVCeleb_v1.2\FakeVideo-FakeAudio/Caucasian (European)/women/id00271\00028_id00591_wavtolip.mp4,1,FVFA,0.9999974966049194
C:\Users\navee\Desktop\Projects\MediaDna\OpenAVFF\FakeAVCeleb_v1.2\FakeAVCeleb_v1.2\FakeVideo-FakeAudio/Caucasian (European)/women/id00271\00028_id00806_wavtolip.mp4,1,FVFA,0.999894380569458
C:\Users\navee\Desktop\Projects\MediaDna\OpenAVFF\FakeAVCeleb_v1.2\FakeAVCeleb_v1.2\FakeVideo-FakeAudio/Caucasian (European)/women/id00271\00028_id03589_wavtolip.mp4,1,FVFA,0.9999973773956299
C:\Users\navee\Desktop\Projects\MediaDna\OpenAVFF\FakeAVCeleb_v1.2\FakeAVCeleb_v1.2\FakeVideo-FakeAudio/Caucasian (European)/women/id00271\00028_id03649_wavtolip.mp4,1,FVFA,0.9999979734420776
C:\Users\navee\Desktop\Projects\MediaDna\OpenAVFF\FakeAVCeleb_v1.2\FakeAVCeleb_v1.2\FakeVideo-FakeAudio/Caucasian (European)/women/id00287\00005_id00071_wavtolip.mp4,1,FVFA,0.9999830722808838
C:\Users\navee\Desktop\Projects\MediaDna\OpenAVFF\FakeAVCeleb_v1.2\FakeAVCeleb_v1.2\FakeVideo-FakeAudio/Caucasian (European)/women/id00287\00005_id00634_wavtolip.mp4,1,FVFA,0.9999985694885254
C:\Users\navee\Desktop\Projects\MediaDna\OpenAVFF\FakeAVCeleb_v1.2\FakeAVCeleb_v1.2\FakeVideo-FakeAudio/Caucasian (European)/women/id00287\00005_id00823_wavtolip.mp4,1,FVFA,0.9999960660934448
C:\Users\navee\Desktop\Projects\MediaDna\OpenAVFF\FakeAVCeleb_v1.2\FakeAVCeleb_v1.2\FakeVideo-FakeAudio/Caucasian (European)/women/id00287\00005_id00897_wavtolip.mp4,1,FVFA,0.9999977350234985
C:\Users\navee\Desktop\Projects\MediaDna\OpenAVFF\FakeAVCeleb_v1.2\FakeAVCeleb_v1.2\FakeVideo-FakeAudio/Caucasian (European)/women/id00287\00005_id01002_wavtolip.mp4,1,FVFA,0.9999978542327881
C:\Users\navee\Desktop\Projects\MediaDna\OpenAVFF\FakeAVCeleb_v1.2\FakeAVCeleb_v1.2\FakeVideo-FakeAudio/Caucasian (European)/women/id00287\00005_id03620_wavtolip.mp4,1,FVFA,0.9999964237213135
C:\Users\navee\Desktop\Projects\MediaDna\OpenAVFF\FakeAVCeleb_v1.2\FakeAVCeleb_v1.2\FakeVideo-FakeAudio/Caucasian (European)/women/id00287\00005_id03858_wavtolip.mp4,1,FVFA,0.9999951124191284
C:\Users\navee\Desktop\Projects\MediaDna\OpenAVFF\FakeAVCeleb_v1.2\FakeAVCeleb_v1.2\FakeVideo-FakeAudio/Caucasian (European)/women/id00325\00015_id00188_wavtolip.mp4,1,FVFA,0.9996235370635986
C:\Users\navee\Desktop\Projects\MediaDna\OpenAVFF\FakeAVCeleb_v1.2\FakeAVCeleb_v1.2\FakeVideo-FakeAudio/Caucasian (European)/women/id00325\00015_id00271_wavtolip.mp4,1,FVFA,0.9904995560646057
C:\Users\navee\Desktop\Projects\MediaDna\OpenAVFF\FakeAVCeleb_v1.2\FakeAVCeleb_v1.2\FakeVideo-FakeAudio/Caucasian (European)/women/id00325\00015_id00330_wavtolip.mp4,1,FVFA,0.9867162704467773
C:\Users\navee\Desktop\Projects\MediaDna\OpenAVFF\FakeAVCeleb_v1.2\FakeAVCeleb_v1.2\FakeVideo-FakeAudio/Caucasian (European)/women/id00325\00015_id00569_wavtolip.mp4,1,FVFA,0.987419068813324
C:\Users\navee\Desktop\Projects\MediaDna\OpenAVFF\FakeAVCeleb_v1.2\FakeAVCeleb_v1.2\FakeVideo-FakeAudio/Caucasian (European)/women/id00325\00015_id00806_wavtolip.mp4,1,FVFA,0.999983549118042
C:\Users\navee\Desktop\Projects\MediaDna\OpenAVFF\FakeAVCeleb_v1.2\FakeAVCeleb_v1.2\FakeVideo-FakeAudio/Caucasian (European)/women/id00325\00015_id00813_wavtolip.mp4,1,FVFA,0.9999948740005493
C:\Users\navee\Desktop\Projects\MediaDna\OpenAVFF\FakeAVCeleb_v1.2\FakeAVCeleb_v1.2\FakeVideo-FakeAudio/Caucasian (European)/women/id00325\00015_id00823_wavtolip.mp4,1,FVFA,0.9998738765716553
C:\Users\navee\Desktop\Projects\MediaDna\OpenAVFF\FakeAVCeleb_v1.2\FakeAVCeleb_v1.2\FakeVideo-FakeAudio/Caucasian (European)/women/id00325\00015_id03589_wavtolip.mp4,1,FVFA,0.9999532699584961
C:\Users\navee\Desktop\Projects\MediaDna\OpenAVFF\FakeAVCeleb_v1.2\FakeAVCeleb_v1.2\FakeVideo-FakeAudio/Caucasian (European)/women/id00325\00015_id03844_wavtolip.mp4,1,FVFA,0.998927652835846
C:\Users\navee\Desktop\Projects\MediaDna\OpenAVFF\FakeAVCeleb_v1.2\FakeAVCeleb_v1.2\FakeVideo-FakeAudio/Caucasian (European)/women/id00328\00092_id00271_wavtolip.mp4,1,FVFA,0.989238977432251
C:\Users\navee\Desktop\Projects\MediaDna\OpenAVFF\FakeAVCeleb_v1.2\FakeAVCeleb_v1.2\FakeVideo-FakeAudio/Caucasian (European)/women/id00328\00092_id00287_wavtolip.mp4,1,FVFA,0.9999240636825562
C:\Users\navee\Desktop\Projects\MediaDna\OpenAVFF\FakeAVCeleb_v1.2\FakeAVCeleb_v1.2\FakeVideo-FakeAudio/Caucasian (European)/women/id00328\00092_id00374_wavtolip.mp4,1,FVFA,0.9999828338623047
C:\Users\navee\Desktop\Projects\MediaDna\OpenAVFF\FakeAVCeleb_v1.2\FakeAVCeleb_v1.2\FakeVideo-FakeAudio/Caucasian (European)/women/id00328\00092_id00569_wavtolip.mp4,1,FVFA,0.9854016304016113
C:\Users\navee\Desktop\Projects\MediaDna\OpenAVFF\FakeAVCeleb_v1.2\FakeAVCeleb_v1.2\FakeVideo-FakeAudio/Caucasian (European)/women/id00328\00092_id00633_wavtolip.mp4,1,FVFA,0.9999957084655762
C:\Users\navee\Desktop\Projects\MediaDna\OpenAVFF\FakeAVCeleb_v1.2\FakeAVCeleb_v1.2\FakeVideo-FakeAudio/Caucasian (European)/women/id00328\00092_id00634_wavtolip.mp4,1,FVFA,0.9999984502792358
C:\Users\navee\Desktop\Projects\MediaDna\OpenAVFF\FakeAVCeleb_v1.2\FakeAVCeleb_v1.2\FakeVideo-FakeAudio/Caucasian (European)/women/id00328\00092_id00806_wavtolip.mp4,1,FVFA,0.9999176263809204
C:\Users\navee\Desktop\Projects\MediaDna\OpenAVFF\FakeAVCeleb_v1.2\FakeAVCeleb_v1.2\FakeVideo-FakeAudio/Caucasian (European)/women/id00328\00092_id01002_wavtolip.mp4,1,FVFA,0.9999347925186157
C:\Users\navee\Desktop\Projects\MediaDna\OpenAVFF\FakeAVCeleb_v1.2\FakeAVCeleb_v1.2\FakeVideo-FakeAudio/Caucasian (European)/women/id00330\00118_id00262_wavtolip.mp4,1,FVFA,0.9999948740005493
C:\Users\navee\Desktop\Projects\MediaDna\OpenAVFF\FakeAVCeleb_v1.2\FakeAVCeleb_v1.2\FakeVideo-FakeAudio/Caucasian (European)/women/id00330\00118_id00328_wavtolip.mp4,1,FVFA,0.9983104467391968
C:\Users\navee\Desktop\Projects\MediaDna\OpenAVFF\FakeAVCeleb_v1.2\FakeAVCeleb_v1.2\FakeVideo-FakeAudio/Caucasian (European)/women/id00330\00118_id00374_wavtolip.mp4,1,FVFA,0.5558655858039856
C:\Users\navee\Desktop\Projects\MediaDna\OpenAVFF\FakeAVCeleb_v1.2\FakeAVCeleb_v1.2\FakeVideo-FakeAudio/Caucasian (European)/women/id00330\00118_id00434_wavtolip.mp4,1,FVFA,0.9999979734420776
C:\Users\navee\Desktop\Projects\MediaDna\OpenAVFF\FakeAVCeleb_v1.2\FakeAVCeleb_v1.2\FakeVideo-FakeAudio/Caucasian (European)/women/id00330\00118_id00591_wavtolip.mp4,1,FVFA,0.9987542629241943
C:\Users\navee\Desktop\Projects\MediaDna\OpenAVFF\FakeAVCeleb_v1.2\FakeAVCeleb_v1.2\FakeVideo-FakeAudio/Caucasian (European)/women/id00330\00118_id00633_wavtolip.mp4,1,FVFA,0.9999966621398926
C:\Users\navee\Desktop\Projects\MediaDna\OpenAVFF\FakeAVCeleb_v1.2\FakeAVCeleb_v1.2\FakeVideo-FakeAudio/Caucasian (European)/women/id00330\00118_id01002_wavtolip.mp4,1,FVFA,0.999941349029541
C:\Users\navee\Desktop\Projects\MediaDna\OpenAVFF\FakeAVCeleb_v1.2\FakeAVCeleb_v1.2\FakeVideo-FakeAudio/Caucasian (European)/women/id00330\00118_id03844_wavtolip.mp4,1,FVFA,0.9989100694656372
C:\Users\navee\Desktop\Projects\MediaDna\OpenAVFF\FakeAVCeleb_v1.2\FakeAVCeleb_v1.2\FakeVideo-FakeAudio/Caucasian (European)/women/id00330\00118_id03858_wavtolip.mp4,1,FVFA,0.999997615814209
C:\Users\navee\Desktop\Projects\MediaDna\OpenAVFF\FakeAVCeleb_v1.2\FakeAVCeleb_v1.2\FakeVideo-FakeAudio/Caucasian (European)/women/id00332\00293_id00042_wavtolip.mp4,1,FVFA,0.9782614707946777
C:\Users\navee\Desktop\Projects\MediaDna\OpenAVFF\FakeAVCeleb_v1.2\FakeAVCeleb_v1.2\FakeVideo-FakeAudio/Caucasian (European)/women/id00332\00293_id00071_wavtolip.mp4,1,FVFA,0.9998844861984253
C:\Users\navee\Desktop\Projects\MediaDna\OpenAVFF\FakeAVCeleb_v1.2\FakeAVCeleb_v1.2\FakeVideo-FakeAudio/Caucasian (European)/women/id00332\00293_id00379_wavtolip.mp4,1,FVFA,0.8955134749412537
C:\Users\navee\Desktop\Projects\MediaDna\OpenAVFF\FakeAVCeleb_v1.2\FakeAVCeleb_v1.2\FakeVideo-FakeAudio/Caucasian (European)/women/id00332\00293_id00395_wavtolip.mp4,1,FVFA,0.9706066846847534
C:\Users\navee\Desktop\Projects\MediaDna\OpenAVFF\FakeAVCeleb_v1.2\FakeAVCeleb_v1.2\FakeVideo-FakeAudio/Caucasian (European)/women/id00332\00293_id00403_wavtolip.mp4,1,FVFA,0.999998927116394
C:\Users\navee\Desktop\Projects\MediaDna\OpenAVFF\FakeAVCeleb_v1.2\FakeAVCeleb_v1.2\FakeVideo-FakeAudio/Caucasian (European)/women/id00332\00293_id00496_wavtolip.mp4,1,FVFA,0.9999724626541138
C:\Users\navee\Desktop\Projects\MediaDna\OpenAVFF\FakeAVCeleb_v1.2\FakeAVCeleb_v1.2\FakeVideo-FakeAudio/Caucasian (European)/women/id00332\00293_id00569_wavtolip.mp4,1,FVFA,0.9882270693778992
C:\Users\navee\Desktop\Projects\MediaDna\OpenAVFF\FakeAVCeleb_v1.2\FakeAVCeleb_v1.2\FakeVideo-FakeAudio/Caucasian (European)/women/id00332\00293_id00806_wavtolip.mp4,1,FVFA,0.9999812841415405
C:\Users\navee\Desktop\Projects\MediaDna\OpenAVFF\FakeAVCeleb_v1.2\FakeAVCeleb_v1.2\FakeVideo-FakeAudio/Caucasian (European)/women/id00332\00293_id03371_wavtolip.mp4,1,FVFA,0.9999983310699463
C:\Users\navee\Desktop\Projects\MediaDna\OpenAVFF\FakeAVCeleb_v1.2\FakeAVCeleb_v1.2\FakeVideo-FakeAudio/Caucasian (European)/women/id00332\00293_id03844_wavtolip.mp4,1,FVFA,0.9989922642707825
C:\Users\navee\Desktop\Projects\MediaDna\OpenAVFF\FakeAVCeleb_v1.2\FakeAVCeleb_v1.2\FakeVideo-FakeAudio/Caucasian (European)/women/id00365\00078_id00234_wavtolip.mp4,1,FVFA,0.9999967813491821
C:\Users\navee\Desktop\Projects\MediaDna\OpenAVFF\FakeAVCeleb_v1.2\FakeAVCeleb_v1.2\FakeVideo-FakeAudio/Caucasian (European)/women/id00365\00078_id00270_wavtolip.mp4,1,FVFA,0.9999959468841553
C:\Users\navee\Desktop\Projects\MediaDna\OpenAVFF\FakeAVCeleb_v1.2\FakeAVCeleb_v1.2\FakeVideo-FakeAudio/Caucasian (European)/women/id00365\00078_id00287_wavtolip.mp4,1,FVFA,0.9999346733093262
C:\Users\navee\Desktop\Projects\MediaDna\OpenAVFF\FakeAVCeleb_v1.2\FakeAVCeleb_v1.2\FakeVideo-FakeAudio/Caucasian (European)/women/id00365\00078_id00330_wavtolip.mp4,1,FVFA,0.999961256980896
C:\Users\navee\Desktop\Projects\MediaDna\OpenAVFF\FakeAVCeleb_v1.2\FakeAVCeleb_v1.2\FakeVideo-FakeAudio/Caucasian (European)/women/id00365\00078_id00332_wavtolip.mp4,1,FVFA,0.9999868869781494
C:\Users\navee\Desktop\Projects\MediaDna\OpenAVFF\FakeAVCeleb_v1.2\FakeAVCeleb_v1.2\FakeVideo-FakeAudio/Caucasian (European)/women/id00365\00078_id00395_wavtolip.mp4,1,FVFA,0.9676149487495422
C:\Users\navee\Desktop\Projects\MediaDna\OpenAVFF\FakeAVCeleb_v1.2\FakeAVCeleb_v1.2\FakeVideo-FakeAudio/Caucasian (European)/women/id00365\00078_id00495_wavtolip.mp4,1,FVFA,0.9983258843421936
C:\Users\navee\Desktop\Projects\MediaDna\OpenAVFF\FakeAVCeleb_v1.2\FakeAVCeleb_v1.2\FakeVideo-FakeAudio/Caucasian (European)/women/id00365\00078_id00897_wavtolip.mp4,1,FVFA,0.9999979734420776
C:\Users\navee\Desktop\Projects\MediaDna\OpenAVFF\FakeAVCeleb_v1.2\FakeAVCeleb_v1.2\FakeVideo-FakeAudio/Caucasian (European)/women/id00365\00078_id03371_wavtolip.mp4,1,FVFA,0.999997615814209
C:\Users\navee\Desktop\Projects\MediaDna\OpenAVFF\FakeAVCeleb_v1.2\FakeAVCeleb_v1.2\FakeVideo-FakeAudio/Caucasian (European)/women/id00373\00028_id00188_wavtolip.mp4,1,FVFA,0.9996142387390137
C:\Users\navee\Desktop\Projects\MediaDna\OpenAVFF\FakeAVCeleb_v1.2\FakeAVCeleb_v1.2\FakeVideo-FakeAudio/Caucasian (European)/women/id00373\00028_id00232_wavtolip.mp4,1,FVFA,0.9985800981521606
C:\Users\navee\Desktop\Projects\MediaDna\OpenAVFF\FakeAVCeleb_v1.2\FakeAVCeleb_v1.2\FakeVideo-FakeAudio/Caucasian (European)/women/id00373\00028_id00234_wavtolip.mp4,1,FVFA,0.9977320432662964
C:\Users\navee\Desktop\Projects\MediaDna\OpenAVFF\FakeAVCeleb_v1.2\FakeAVCeleb_v1.2\FakeVideo-FakeAudio/Caucasian (European)/women/id00373\00028_id00270_wavtolip.mp4,1,FVFA,0.9247803688049316
C:\Users\navee\Desktop\Projects\MediaDna\OpenAVFF\FakeAVCeleb_v1.2\FakeAVCeleb_v1.2\FakeVideo-FakeAudio/Caucasian (European)/women/id00373\00028_id00569_wavtolip.mp4,1,FVFA,0.987247109413147
C:\Users\navee\Desktop\Projects\MediaDna\OpenAVFF\FakeAVCeleb_v1.2\FakeAVCeleb_v1.2\FakeVideo-FakeAudio/Caucasian (European)/women/id00373\00028_id00591_wavtolip.mp4,1,FVFA,0.998730480670929
C:\Users\navee\Desktop\Projects\MediaDna\OpenAVFF\FakeAVCeleb_v1.2\FakeAVCeleb_v1.2\FakeVideo-FakeAudio/Caucasian (European)/women/id00373\00028_id01018_wavtolip.mp4,1,FVFA,0.9999743700027466
C:\Users\navee\Desktop\Projects\MediaDna\OpenAVFF\FakeAVCeleb_v1.2\FakeAVCeleb_v1.2\FakeVideo-FakeAudio/Caucasian (European)/women/id00373\00028_id03371_wavtolip.mp4,1,FVFA,0.9990721940994263
C:\Users\navee\Desktop\Projects\MediaDna\OpenAVFF\FakeAVCeleb_v1.2\FakeAVCeleb_v1.2\FakeVideo-FakeAudio/Caucasian (European)/women/id00373\00028_id03844_wavtolip.mp4,1,FVFA,0.9989215135574341
C:\Users\navee\Desktop\Projects\MediaDna\OpenAVFF\FakeAVCeleb_v1.2\FakeAVCeleb_v1.2\FakeVideo-FakeAudio/Caucasian (European)/women/id00374\00311_id00287_wavtolip.mp4,1,FVFA,0.9999313354492188
C:\Users\navee\Desktop\Projects\MediaDna\OpenAVFF\FakeAVCeleb_v1.2\FakeAVCeleb_v1.2\FakeVideo-FakeAudio/Caucasian (European)/women/id00374\00311_id00374_wavtolip.mp4,1,FVFA,0.9999796152114868
C:\Users\navee\Desktop\Projects\MediaDna\OpenAVFF\FakeAVCeleb_v1.2\FakeAVCeleb_v1.2\FakeVideo-FakeAudio/Caucasian (European)/women/id00374\00311_id00491_wavtolip.mp4,1,FVFA,0.9998449087142944
C:\Users\navee\Desktop\Projects\MediaDna\OpenAVFF\FakeAVCeleb_v1.2\FakeAVCeleb_v1.2\FakeVideo-FakeAudio/Caucasian (European)/women/id00374\00311_id00581_wavtolip.mp4,1,FVFA,0.9999891519546509
C:\Users\navee\Desktop\Projects\MediaDna\OpenAVFF\FakeAVCeleb_v1.2\FakeAVCeleb_v1.2\FakeVideo-FakeAudio/Caucasian (European)/women/id00374\00311_id00823_wavtolip.mp4,1,FVFA,0.9998779296875
C:\Users\navee\Desktop\Projects\MediaDna\OpenAVFF\FakeAVCeleb_v1.2\FakeAVCeleb_v1.2\FakeVideo-FakeAudio/Caucasian (European)/women/id00374\00311_id00897_wavtolip.mp4,1,FVFA,0.9999979734420776
C:\Users\navee\Desktop\Projects\MediaDna\OpenAVFF\FakeAVCeleb_v1.2\FakeAVCeleb_v1.2\FakeVideo-FakeAudio/Caucasian (European)/women/id00374\00311_id01018_wavtolip.mp4,1,FVFA,0.9999985694885254
C:\Users\navee\Desktop\Projects\MediaDna\OpenAVFF\FakeAVCeleb_v1.2\FakeAVCeleb_v1.2\FakeVideo-FakeAudio/Caucasian (European)/women/id00374\00311_id03371_wavtolip.mp4,1,FVFA,0.9999978542327881
C:\Users\navee\Desktop\Projects\MediaDna\OpenAVFF\FakeAVCeleb_v1.2\FakeAVCeleb_v1.2\FakeVideo-FakeAudio/Caucasian (European)/women/id00374\00311_id03844_wavtolip.mp4,1,FVFA,0.9989442229270935
C:\Users\navee\Desktop\Projects\MediaDna\OpenAVFF\FakeAVCeleb_v1.2\FakeAVCeleb_v1.2\FakeVideo-FakeAudio/Caucasian (European)/women/id00374\00311_id03941_wavtolip.mp4,1,FVFA,0.9926139116287231
C:\Users\navee\Desktop\Projects\MediaDna\OpenAVFF\FakeAVCeleb_v1.2\FakeAVCeleb_v1.2\FakeVideo-FakeAudio/Caucasian (European)/women/id00379\00043_id00232_wavtolip.mp4,1,FVFA,0.9999947547912598
C:\Users\navee\Desktop\Projects\MediaDna\OpenAVFF\FakeAVCeleb_v1.2\FakeAVCeleb_v1.2\FakeVideo-FakeAudio/Caucasian (European)/women/id00379\00043_id00379_wavtolip.mp4,1,FVFA,0.9999969005584717
C:\Users\navee\Desktop\Projects\MediaDna\OpenAVFF\FakeAVCeleb_v1.2\FakeAVCeleb_v1.2\FakeVideo-FakeAudio/Caucasian (European)/women/id00379\00043_id00403_wavtolip.mp4,1,FVFA,0.9999986886978149
C:\Users\navee\Desktop\Projects\MediaDna\OpenAVFF\FakeAVCeleb_v1.2\FakeAVCeleb_v1.2\FakeVideo-FakeAudio/Caucasian (European)/women/id00379\00043_id00581_wavtolip.mp4,1,FVFA,0.9999940395355225
C:\Users\navee\Desktop\Projects\MediaDna\OpenAVFF\FakeAVCeleb_v1.2\FakeAVCeleb_v1.2\FakeVideo-FakeAudio/Caucasian (European)/women/id00379\00043_id00735_wavtolip.mp4,1,FVFA,0.9999985694885254
C:\Users\navee\Desktop\Projects\MediaDna\OpenAVFF\FakeAVCeleb_v1.2\FakeAVCeleb_v1.2\FakeVideo-FakeAudio/Caucasian (European)/women/id00379\00043_id00806_wavtolip.mp4,1,FVFA,0.9999375343322754
C:\Users\navee\Desktop\Projects\MediaDna\OpenAVFF\FakeAVCeleb_v1.2\FakeAVCeleb_v1.2\FakeVideo-FakeAudio/Caucasian (European)/women/id00379\00043_id00823_wavtolip.mp4,1,FVFA,0.9998742341995239
C:\Users\navee\Desktop\Projects\MediaDna\OpenAVFF\FakeAVCeleb_v1.2\FakeAVCeleb_v1.2\FakeVideo-FakeAudio/Caucasian (European)/women/id00379\00043_id03620_wavtolip.mp4,1,FVFA,0.9999978542327881
C:\Users\navee\Desktop\Projects\MediaDna\OpenAVFF\FakeAVCeleb_v1.2\FakeAVCeleb_v1.2\FakeVideo-FakeAudio/Caucasian (European)/women/id00379\00043_id03649_wavtolip.mp4,1,FVFA,0.9946795105934143
C:\Users\navee\Desktop\Projects\MediaDna\OpenAVFF\FakeAVCeleb_v1.2\FakeAVCeleb_v1.2\FakeVideo-FakeAudio/Caucasian (European)/women/id00379\00043_id03858_wavtolip.mp4,1,FVFA,0.9999973773956299
C:\Users\navee\Desktop\Projects\MediaDna\OpenAVFF\FakeAVCeleb_v1.2\FakeAVCeleb_v1.2\FakeVideo-FakeAudio/Caucasian (European)/women/id00395\00420_id00042_wavtolip.mp4,1,FVFA,0.9999977350234985
C:\Users\navee\Desktop\Projects\MediaDna\OpenAVFF\FakeAVCeleb_v1.2\FakeAVCeleb_v1.2\FakeVideo-FakeAudio/Caucasian (European)/women/id00395\00420_id00232_wavtolip.mp4,1,FVFA,0.9999943971633911
C:\Users\navee\Desktop\Projects\MediaDna\OpenAVFF\FakeAVCeleb_v1.2\FakeAVCeleb_v1.2\FakeVideo-FakeAudio/Caucasian (European)/women/id00395\00420_id00234_wavtolip.mp4,1,FVFA,0.9999966621398926
C:\Users\navee\Desktop\Projects\MediaDna\OpenAVFF\FakeAVCeleb_v1.2\FakeAVCeleb_v1.2\FakeVideo-FakeAudio/Caucasian (European)/women/id00395\00420_id00328_wavtolip.mp4,1,FVFA,0.9999990463256836
C:\Users\navee\Desktop\Projects\MediaDna\OpenAVFF\FakeAVCeleb_v1.2\FakeAVCeleb_v1.2\FakeVideo-FakeAudio/Caucasian (European)/women/id00395\00420_id00395_wavtolip.mp4,1,FVFA,0.999992847442627
C:\Users\navee\Desktop\Projects\MediaDna\OpenAVFF\FakeAVCeleb_v1.2\FakeAVCeleb_v1.2\FakeVideo-FakeAudio/Caucasian (European)/women/id00395\00420_id00484_wavtolip.mp4,1,FVFA,0.9999973773956299
C:\Users\navee\Desktop\Projects\MediaDna\OpenAVFF\FakeAVCeleb_v1.2\FakeAVCeleb_v1.2\FakeVideo-FakeAudio/Caucasian (European)/women/id00395\00420_id00591_wavtolip.mp4,1,FVFA,0.9988669157028198
C:\Users\navee\Desktop\Projects\MediaDna\OpenAVFF\FakeAVCeleb_v1.2\FakeAVCeleb_v1.2\FakeVideo-FakeAudio/Caucasian (European)/women/id00395\00420_id00633_wavtolip.mp4,1,FVFA,0.9999958276748657
C:\Users\navee\Desktop\Projects\MediaDna\OpenAVFF\FakeAVCeleb_v1.2\FakeAVCeleb_v1.2\FakeVideo-FakeAudio/Caucasian (European)/women/id00395\00420_id03941_wavtolip.mp4,1,FVFA,0.9926695823669434
C:\Users\navee\Desktop\Projects\MediaDna\OpenAVFF\FakeAVCeleb_v1.2\FakeAVCeleb_v1.2\FakeVideo-FakeAudio/Caucasian (European)/women/id00403\00052_id00287_wavtolip.mp4,1,FVFA,0.9999305009841919
C:\Users\navee\Desktop\Projects\MediaDna\OpenAVFF\FakeAVCeleb_v1.2\FakeAVCeleb_v1.2\FakeVideo-FakeAudio/Caucasian (European)/women/id00403\00052_id00330_wavtolip.mp4,1,FVFA,0.9847148060798645
C:\Users\navee\Desktop\Projects\MediaDna\OpenAVFF\FakeAVCeleb_v1.2\FakeAVCeleb_v1.2\FakeVideo-FakeAudio/Caucasian (European)/women/id00403\00052_id00403_wavtolip.mp4,1,FVFA,0.999998927116394
C:\Users\navee\Desktop\Projects\MediaDna\OpenAVFF\FakeAVCeleb_v1.2\FakeAVCeleb_v1.2\FakeVideo-FakeAudio/Caucasian (European)/women/id00403\00052_id00484_wavtolip.mp4,1,FVFA,0.9995604157447815
C:\Users\navee\Desktop\Projects\MediaDna\OpenAVFF\FakeAVCeleb_v1.2\FakeAVCeleb_v1.2\FakeVideo-FakeAudio/Caucasian (European)/women/id00403\00052_id00591_wavtolip.mp4,1,FVFA,0.9987442493438721
C:\Users\navee\Desktop\Projects\MediaDna\OpenAVFF\FakeAVCeleb_v1.2\FakeAVCeleb_v1.2\FakeVideo-FakeAudio/Caucasian (European)/women/id00403\00052_id00897_wavtolip.mp4,1,FVFA,0.9999983310699463
C:\Users\navee\Desktop\Projects\MediaDna\OpenAVFF\FakeAVCeleb_v1.2\FakeAVCeleb_v1.2\FakeVideo-FakeAudio/Caucasian (European)/women/id00403\00052_id03589_wavtolip.mp4,1,FVFA,0.9999985694885254
C:\Users\navee\Desktop\Projects\MediaDna\OpenAVFF\FakeAVCeleb_v1.2\FakeAVCeleb_v1.2\FakeVideo-FakeAudio/Caucasian (European)/women/id00403\00052_id03620_wavtolip.mp4,1,FVFA,0.9999978542327881
C:\Users\navee\Desktop\Projects\MediaDna\OpenAVFF\FakeAVCeleb_v1.2\FakeAVCeleb_v1.2\FakeVideo-FakeAudio/Caucasian (European)/women/id00403\00052_id03716_wavtolip.mp4,1,FVFA,0.9999970197677612
C:\Users\navee\Desktop\Projects\MediaDna\OpenAVFF\FakeAVCeleb_v1.2\FakeAVCeleb_v1.2\FakeVideo-FakeAudio/Caucasian (European)/women/id00434\00046_id00232_wavtolip.mp4,1,FVFA,0.9986647367477417
C:\Users\navee\Desktop\Projects\MediaDna\OpenAVFF\FakeAVCeleb_v1.2\FakeAVCeleb_v1.2\FakeVideo-FakeAudio/Caucasian (European)/women/id00434\00046_id00234_wavtolip.mp4,1,FVFA,0.9978482723236084
C:\Users\navee\Desktop\Projects\MediaDna\OpenAVFF\FakeAVCeleb_v1.2\FakeAVCeleb_v1.2\FakeVideo-FakeAudio/Caucasian (European)/women/id00434\00046_id00330_wavtolip.mp4,1,FVFA,0.986617386341095
C:\Users\navee\Desktop\Projects\MediaDna\OpenAVFF\FakeAVCeleb_v1.2\FakeAVCeleb_v1.2\FakeVideo-FakeAudio/Caucasian (European)/women/id00434\00046_id00373_wavtolip.mp4,1,FVFA,0.9999991655349731
C:\Users\navee\Desktop\Projects\MediaDna\OpenAVFF\FakeAVCeleb_v1.2\FakeAVCeleb_v1.2\FakeVideo-FakeAudio/Caucasian (European)/women/id00434\00046_id00484_wavtolip.mp4,1,FVFA,0.9995926022529602
C:\Users\navee\Desktop\Projects\MediaDna\OpenAVFF\FakeAVCeleb_v1.2\FakeAVCeleb_v1.2\FakeVideo-FakeAudio/Caucasian (European)/women/id00434\00046_id00591_wavtolip.mp4,1,FVFA,0.9987680315971375
C:\Users\navee\Desktop\Projects\MediaDna\OpenAVFF\FakeAVCeleb_v1.2\FakeAVCeleb_v1.2\FakeVideo-FakeAudio/Caucasian (European)/women/id00434\00046_id00813_wavtolip.mp4,1,FVFA,0.9999982118606567
C:\Users\navee\Desktop\Projects\MediaDna\OpenAVFF\FakeAVCeleb_v1.2\FakeAVCeleb_v1.2\FakeVideo-FakeAudio/Caucasian (European)/women/id00434\00046_id00897_wavtolip.mp4,1,FVFA,0.9999988079071045
C:\Users\navee\Desktop\Projects\MediaDna\OpenAVFF\FakeAVCeleb_v1.2\FakeAVCeleb_v1.2\FakeVideo-FakeAudio/Caucasian (European)/women/id00434\00046_id03651_wavtolip.mp4,1,FVFA,0.999715268611908
C:\Users\navee\Desktop\Projects\MediaDna\OpenAVFF\FakeAVCeleb_v1.2\FakeAVCeleb_v1.2\FakeVideo-FakeAudio/Caucasian (European)/women/id00434\00046_id03716_wavtolip.mp4,1,FVFA,0.9999974966049194
C:\Users\navee\Desktop\Projects\MediaDna\OpenAVFF\FakeAVCeleb_v1.2\FakeAVCeleb_v1.2\FakeVideo-FakeAudio/Caucasian (European)/women/id00484\00202_id00188_wavtolip.mp4,1,FVFA,0.9996141195297241
C:\Users\navee\Desktop\Projects\MediaDna\OpenAVFF\FakeAVCeleb_v1.2\FakeAVCeleb_v1.2\FakeVideo-FakeAudio/Caucasian (European)/women/id00484\00202_id00232_wavtolip.mp4,1,FVFA,0.9999947547912598
C:\Users\navee\Desktop\Projects\MediaDna\OpenAVFF\FakeAVCeleb_v1.2\FakeAVCeleb_v1.2\FakeVideo-FakeAudio/Caucasian (European)/women/id00484\00202_id00271_wavtolip.mp4,1,FVFA,0.9906361699104309
C:\Users\navee\Desktop\Projects\MediaDna\OpenAVFF\FakeAVCeleb_v1.2\FakeAVCeleb_v1.2\FakeVideo-FakeAudio/Caucasian (European)/women/id00484\00202_id00495_wavtolip.mp4,1,FVFA,0.9982516169548035
C:\Users\navee\Desktop\Projects\MediaDna\OpenAVFF\FakeAVCeleb_v1.2\FakeAVCeleb_v1.2\FakeVideo-FakeAudio/Caucasian (European)/women/id00484\00202_id00496_wavtolip.mp4,1,FVFA,0.9999042749404907
C:\Users\navee\Desktop\Projects\MediaDna\OpenAVFF\FakeAVCeleb_v1.2\FakeAVCeleb_v1.2\FakeVideo-FakeAudio/Caucasian (European)/women/id00484\00202_id00735_wavtolip.mp4,1,FVFA,0.9999984502792358
C:\Users\navee\Desktop\Projects\MediaDna\OpenAVFF\FakeAVCeleb_v1.2\FakeAVCeleb_v1.2\FakeVideo-FakeAudio/Caucasian (European)/women/id00484\00202_id00806_wavtolip.mp4,1,FVFA,0.9999269247055054
C:\Users\navee\Desktop\Projects\MediaDna\OpenAVFF\FakeAVCeleb_v1.2\FakeAVCeleb_v1.2\FakeVideo-FakeAudio/Caucasian (European)/women/id00484\00202_id01002_wavtolip.mp4,1,FVFA,0.9999386072158813
C:\Users\navee\Desktop\Projects\MediaDna\OpenAVFF\FakeAVCeleb_v1.2\FakeAVCeleb_v1.2\FakeVideo-FakeAudio/Caucasian (European)/women/id00484\00202_id03716_wavtolip.mp4,1,FVFA,0.999996542930603
C:\Users\navee\Desktop\Projects\MediaDna\OpenAVFF\FakeAVCeleb_v1.2\FakeAVCeleb_v1.2\FakeVideo-FakeAudio/Caucasian (European)/women/id00491\00122_id00234_wavtolip.mp4,1,FVFA,0.999996542930603
C:\Users\navee\Desktop\Projects\MediaDna\OpenAVFF\FakeAVCeleb_v1.2\FakeAVCeleb_v1.2\FakeVideo-FakeAudio/Caucasian (European)/women/id00491\00122_id00271_wavtolip.mp4,1,FVFA,0.9894299507141113
C:\Users\navee\Desktop\Projects\MediaDna\OpenAVFF\FakeAVCeleb_v1.2\FakeAVCeleb_v1.2\FakeVideo-FakeAudio/Caucasian (European)/women/id00491\00122_id00373_wavtolip.mp4,1,FVFA,0.9999974966049194
C:\Users\navee\Desktop\Projects\MediaDna\OpenAVFF\FakeAVCeleb_v1.2\FakeAVCeleb_v1.2\FakeVideo-FakeAudio/Caucasian (European)/women/id00491\00122_id00403_wavtolip.mp4,1,FVFA,0.999998927116394
C:\Users\navee\Desktop\Projects\MediaDna\OpenAVFF\FakeAVCeleb_v1.2\FakeAVCeleb_v1.2\FakeVideo-FakeAudio/Caucasian (European)/women/id00491\00122_id00496_wavtolip.mp4,1,FVFA,0.9999279975891113
C:\Users\navee\Desktop\Projects\MediaDna\OpenAVFF\FakeAVCeleb_v1.2\FakeAVCeleb_v1.2\FakeVideo-FakeAudio/Caucasian (European)/women/id00491\00122_id03620_wavtolip.mp4,1,FVFA,0.9999967813491821
C:\Users\navee\Desktop\Projects\MediaDna\OpenAVFF\FakeAVCeleb_v1.2\FakeAVCeleb_v1.2\FakeVideo-FakeAudio/Caucasian (European)/women/id00491\00122_id03651_wavtolip.mp4,1,FVFA,0.9997108578681946
C:\Users\navee\Desktop\Projects\MediaDna\OpenAVFF\FakeAVCeleb_v1.2\FakeAVCeleb_v1.2\FakeVideo-FakeAudio/Caucasian (European)/women/id00491\00122_id03844_wavtolip.mp4,1,FVFA,0.9999943971633911
C:\Users\navee\Desktop\Projects\MediaDna\OpenAVFF\FakeAVCeleb_v1.2\FakeAVCeleb_v1.2\FakeVideo-FakeAudio/Caucasian (European)/women/id00491\00122_id03941_wavtolip.mp4,1,FVFA,0.9919963479042053
C:\Users\navee\Desktop\Projects\MediaDna\OpenAVFF\FakeAVCeleb_v1.2\FakeAVCeleb_v1.2\FakeVideo-FakeAudio/Caucasian (European)/women/id00495\00027_id00270_wavtolip.mp4,1,FVFA,0.9999959468841553
C:\Users\navee\Desktop\Projects\MediaDna\OpenAVFF\FakeAVCeleb_v1.2\FakeAVCeleb_v1.2\FakeVideo-FakeAudio/Caucasian (European)/women/id00495\00027_id00271_wavtolip.mp4,1,FVFA,0.9895465970039368
C:\Users\navee\Desktop\Projects\MediaDna\OpenAVFF\FakeAVCeleb_v1.2\FakeAVCeleb_v1.2\FakeVideo-FakeAudio/Caucasian (European)/women/id00495\00027_id00373_wavtolip.mp4,1,FVFA,0.999997615814209
C:\Users\navee\Desktop\Projects\MediaDna\OpenAVFF\FakeAVCeleb_v1.2\FakeAVCeleb_v1.2\FakeVideo-FakeAudio/Caucasian (European)/women/id00495\00027_id00379_wavtolip.mp4,1,FVFA,0.9999972581863403
C:\Users\navee\Desktop\Projects\MediaDna\OpenAVFF\FakeAVCeleb_v1.2\FakeAVCeleb_v1.2\FakeVideo-FakeAudio/Caucasian (European)/women/id00495\00027_id00403_wavtolip.mp4,1,FVFA,0.9999988079071045
C:\Users\navee\Desktop\Projects\MediaDna\OpenAVFF\FakeAVCeleb_v1.2\FakeAVCeleb_v1.2\FakeVideo-FakeAudio/Caucasian (European)/women/id00495\00027_id00434_wavtolip.mp4,1,FVFA,0.9999969005584717
C:\Users\navee\Desktop\Projects\MediaDna\OpenAVFF\FakeAVCeleb_v1.2\FakeAVCeleb_v1.2\FakeVideo-FakeAudio/Caucasian (European)/women/id00495\00027_id00897_wavtolip.mp4,1,FVFA,0.9999978542327881
C:\Users\navee\Desktop\Projects\MediaDna\OpenAVFF\FakeAVCeleb_v1.2\FakeAVCeleb_v1.2\FakeVideo-FakeAudio/Caucasian (European)/women/id00495\00027_id01002_wavtolip.mp4,1,FVFA,0.9999985694885254
C:\Users\navee\Desktop\Projects\MediaDna\OpenAVFF\FakeAVCeleb_v1.2\FakeAVCeleb_v1.2\FakeVideo-FakeAudio/Caucasian (European)/women/id00495\00027_id01018_wavtolip.mp4,1,FVFA,0.9999984502792358
C:\Users\navee\Desktop\Projects\MediaDna\OpenAVFF\FakeAVCeleb_v1.2\FakeAVCeleb_v1.2\FakeVideo-FakeAudio/Caucasian (European)/women/id00495\00027_id03649_wavtolip.mp4,1,FVFA,0.9999979734420776
C:\Users\navee\Desktop\Projects\MediaDna\OpenAVFF\FakeAVCeleb_v1.2\FakeAVCeleb_v1.2\FakeVideo-FakeAudio/Caucasian (European)/women/id00496\00015_id00232_wavtolip.mp4,1,FVFA,0.9985752105712891
C:\Users\navee\Desktop\Projects\MediaDna\OpenAVFF\FakeAVCeleb_v1.2\FakeAVCeleb_v1.2\FakeVideo-FakeAudio/Caucasian (European)/women/id00496\00015_id00330_wavtolip.mp4,1,FVFA,0.9852250218391418
C:\Users\navee\Desktop\Projects\MediaDna\OpenAVFF\FakeAVCeleb_v1.2\FakeAVCeleb_v1.2\FakeVideo-FakeAudio/Caucasian (European)/women/id00496\00015_id00374_wavtolip.mp4,1,FVFA,0.5766891241073608
C:\Users\navee\Desktop\Projects\MediaDna\OpenAVFF\FakeAVCeleb_v1.2\FakeAVCeleb_v1.2\FakeVideo-FakeAudio/Caucasian (European)/women/id00496\00015_id00379_wavtolip.mp4,1,FVFA,0.8740473389625549
C:\Users\navee\Desktop\Projects\MediaDna\OpenAVFF\FakeAVCeleb_v1.2\FakeAVCeleb_v1.2\FakeVideo-FakeAudio/Caucasian (European)/women/id00496\00015_id00434_wavtolip.mp4,1,FVFA,0.9951936602592468
C:\Users\navee\Desktop\Projects\MediaDna\OpenAVFF\FakeAVCeleb_v1.2\FakeAVCeleb_v1.2\FakeVideo-FakeAudio/Caucasian (European)/women/id00496\00015_id00823_wavtolip.mp4,1,FVFA,0.9998742341995239
C:\Users\navee\Desktop\Projects\MediaDna\OpenAVFF\FakeAVCeleb_v1.2\FakeAVCeleb_v1.2\FakeVideo-FakeAudio/Caucasian (European)/women/id00496\00015_id03716_wavtolip.mp4,1,FVFA,0.9975218176841736
C:\Users\navee\Desktop\Projects\MediaDna\OpenAVFF\FakeAVCeleb_v1.2\FakeAVCeleb_v1.2\FakeVideo-FakeAudio/Caucasian (European)/women/id00569\00239_id00232_wavtolip.mp4,1,FVFA,0.9999958276748657
C:\Users\navee\Desktop\Projects\MediaDna\OpenAVFF\FakeAVCeleb_v1.2\FakeAVCeleb_v1.2\FakeVideo-FakeAudio/Caucasian (European)/women/id00569\00239_id00271_wavtolip.mp4,1,FVFA,0.9913336634635925
C:\Users\navee\Desktop\Projects\MediaDna\OpenAVFF\FakeAVCeleb_v1.2\FakeAVCeleb_v1.2\FakeVideo-FakeAudio/Caucasian (European)/women/id00569\00239_id00287_wavtolip.mp4,1,FVFA,0.9999350309371948
C:\Users\navee\Desktop\Projects\MediaDna\OpenAVFF\FakeAVCeleb_v1.2\FakeAVCeleb_v1.2\FakeVideo-FakeAudio/Caucasian (European)/women/id00569\00239_id00332_wavtolip.mp4,1,FVFA,0.9999864101409912
C:\Users\navee\Desktop\Projects\MediaDna\OpenAVFF\FakeAVCeleb_v1.2\FakeAVCeleb_v1.2\FakeVideo-FakeAudio/Caucasian (European)/women/id00569\00239_id00434_wavtolip.mp4,1,FVFA,0.9999970197677612
C:\Users\navee\Desktop\Projects\MediaDna\OpenAVFF\FakeAVCeleb_v1.2\FakeAVCeleb_v1.2\FakeVideo-FakeAudio/Caucasian (European)/women/id00569\00239_id00633_wavtolip.mp4,1,FVFA,0.9999957084655762
C:\Users\navee\Desktop\Projects\MediaDna\OpenAVFF\FakeAVCeleb_v1.2\FakeAVCeleb_v1.2\FakeVideo-FakeAudio/Caucasian (European)/women/id00569\00239_id00897_wavtolip.mp4,1,FVFA,0.9999978542327881
C:\Users\navee\Desktop\Projects\MediaDna\OpenAVFF\FakeAVCeleb_v1.2\FakeAVCeleb_v1.2\FakeVideo-FakeAudio/Caucasian (European)/women/id00569\00239_id01002_wavtolip.mp4,1,FVFA,0.9999438524246216
C:\Users\navee\Desktop\Projects\MediaDna\OpenAVFF\FakeAVCeleb_v1.2\FakeAVCeleb_v1.2\FakeVideo-FakeAudio/Caucasian (European)/women/id00569\00239_id01018_wavtolip.mp4,1,FVFA,0.9999984502792358
C:\Users\navee\Desktop\Projects\MediaDna\OpenAVFF\FakeAVCeleb_v1.2\FakeAVCeleb_v1.2\FakeVideo-FakeAudio/Caucasian (European)/women/id00581\00010_id00234_wavtolip.mp4,1,FVFA,0.997759222984314
C:\Users\navee\Desktop\Projects\MediaDna\OpenAVFF\FakeAVCeleb_v1.2\FakeAVCeleb_v1.2\FakeVideo-FakeAudio/Caucasian (European)/women/id00581\00010_id00330_wavtolip.mp4,1,FVFA,0.9859411120414734
C:\Users\navee\Desktop\Projects\MediaDna\OpenAVFF\FakeAVCeleb_v1.2\FakeAVCeleb_v1.2\FakeVideo-FakeAudio/Caucasian (European)/women/id00581\00010_id00332_wavtolip.mp4,1,FVFA,0.9917789101600647
C:\Users\navee\Desktop\Projects\MediaDna\OpenAVFF\FakeAVCeleb_v1.2\FakeAVCeleb_v1.2\FakeVideo-FakeAudio/Caucasian (European)/women/id00581\00010_id00434_wavtolip.mp4,1,FVFA,0.9999983310699463
C:\Users\navee\Desktop\Projects\MediaDna\OpenAVFF\FakeAVCeleb_v1.2\FakeAVCeleb_v1.2\FakeVideo-FakeAudio/Caucasian (European)/women/id00581\00010_id00495_wavtolip.mp4,1,FVFA,0.998207688331604
C:\Users\navee\Desktop\Projects\MediaDna\OpenAVFF\FakeAVCeleb_v1.2\FakeAVCeleb_v1.2\FakeVideo-FakeAudio/Caucasian (European)/women/id00581\00010_id00591_wavtolip.mp4,1,FVFA,0.9987207055091858
C:\Users\navee\Desktop\Projects\MediaDna\OpenAVFF\FakeAVCeleb_v1.2\FakeAVCeleb_v1.2\FakeVideo-FakeAudio/Caucasian (European)/women/id00581\00010_id01018_wavtolip.mp4,1,FVFA,0.9999991655349731
C:\Users\navee\Desktop\Projects\MediaDna\OpenAVFF\FakeAVCeleb_v1.2\FakeAVCeleb_v1.2\FakeVideo-FakeAudio/Caucasian (European)/women/id00581\00010_id03589_wavtolip.mp4,1,FVFA,0.9999510049819946
C:\Users\navee\Desktop\Projects\MediaDna\OpenAVFF\FakeAVCeleb_v1.2\FakeAVCeleb_v1.2\FakeVideo-FakeAudio/Caucasian (European)/women/id00581\00010_id03620_wavtolip.mp4,1,FVFA,0.9999964237213135
C:\Users\navee\Desktop\Projects\MediaDna\OpenAVFF\FakeAVCeleb_v1.2\FakeAVCeleb_v1.2\FakeVideo-FakeAudio/Caucasian (European)/women/id00589\00130_id00270_wavtolip.mp4,1,FVFA,0.9290632009506226
C:\Users\navee\Desktop\Projects\MediaDna\OpenAVFF\FakeAVCeleb_v1.2\FakeAVCeleb_v1.2\FakeVideo-FakeAudio/Caucasian (European)/women/id00589\00130_id00287_wavtolip.mp4,1,FVFA,0.9999270439147949
C:\Users\navee\Desktop\Projects\MediaDna\OpenAVFF\FakeAVCeleb_v1.2\FakeAVCeleb_v1.2\FakeVideo-FakeAudio/Caucasian (European)/women/id00589\00130_id00374_wavtolip.mp4,1,FVFA,0.5968360900878906
C:\Users\navee\Desktop\Projects\MediaDna\OpenAVFF\FakeAVCeleb_v1.2\FakeAVCeleb_v1.2\FakeVideo-FakeAudio/Caucasian (European)/women/id00589\00130_id00581_wavtolip.mp4,1,FVFA,0.9999899864196777
C:\Users\navee\Desktop\Projects\MediaDna\OpenAVFF\FakeAVCeleb_v1.2\FakeAVCeleb_v1.2\FakeVideo-FakeAudio/Caucasian (European)/women/id00589\00130_id00591_wavtolip.mp4,1,FVFA,0.9987881779670715
C:\Users\navee\Desktop\Projects\MediaDna\OpenAVFF\FakeAVCeleb_v1.2\FakeAVCeleb_v1.2\FakeVideo-FakeAudio/Caucasian (European)/women/id00589\00130_id00813_wavtolip.mp4,1,FVFA,0.9999949932098389
C:\Users\navee\Desktop\Projects\MediaDna\OpenAVFF\FakeAVCeleb_v1.2\FakeAVCeleb_v1.2\FakeVideo-FakeAudio/Caucasian (European)/women/id00589\00130_id00826_wavtolip.mp4,1,FVFA,0.999984622001648
C:\Users\navee\Desktop\Projects\MediaDna\OpenAVFF\FakeAVCeleb_v1.2\FakeAVCeleb_v1.2\FakeVideo-FakeAudio/Caucasian (European)/women/id00589\00130_id00897_wavtolip.mp4,1,FVFA,0.9999980926513672
C:\Users\navee\Desktop\Projects\MediaDna\OpenAVFF\FakeAVCeleb_v1.2\FakeAVCeleb_v1.2\FakeVideo-FakeAudio/Caucasian (European)/women/id00589\00130_id03651_wavtolip.mp4,1,FVFA,0.9997088313102722
C:\Users\navee\Desktop\Projects\MediaDna\OpenAVFF\FakeAVCeleb_v1.2\FakeAVCeleb_v1.2\FakeVideo-FakeAudio/Caucasian (European)/women/id00591\00001_id00071_wavtolip.mp4,1,FVFA,0.9999816417694092
C:\Users\navee\Desktop\Projects\MediaDna\OpenAVFF\FakeAVCeleb_v1.2\FakeAVCeleb_v1.2\FakeVideo-FakeAudio/Caucasian (European)/women/id00591\00001_id00234_wavtolip.mp4,1,FVFA,0.9999943971633911
C:\Users\navee\Desktop\Projects\MediaDna\OpenAVFF\FakeAVCeleb_v1.2\FakeAVCeleb_v1.2\FakeVideo-FakeAudio/Caucasian (European)/women/id00591\00001_id00270_wavtolip.mp4,1,FVFA,0.9999953508377075
C:\Users\navee\Desktop\Projects\MediaDna\OpenAVFF\FakeAVCeleb_v1.2\FakeAVCeleb_v1.2\FakeVideo-FakeAudio/Caucasian (European)/women/id00591\00001_id00328_wavtolip.mp4,1,FVFA,0.9999982118606567
C:\Users\navee\Desktop\Projects\MediaDna\OpenAVFF\FakeAVCeleb_v1.2\FakeAVCeleb_v1.2\FakeVideo-FakeAudio/Caucasian (European)/women/id00591\00001_id00332_wavtolip.mp4,1,FVFA,0.9999827146530151
C:\Users\navee\Desktop\Projects\MediaDna\OpenAVFF\FakeAVCeleb_v1.2\FakeAVCeleb_v1.2\FakeVideo-FakeAudio/Caucasian (European)/women/id00591\00001_id00484_wavtolip.mp4,1,FVFA,0.999993085861206
C:\Users\navee\Desktop\Projects\MediaDna\OpenAVFF\FakeAVCeleb_v1.2\FakeAVCeleb_v1.2\FakeVideo-FakeAudio/Caucasian (European)/women/id00591\00001_id00581_wavtolip.mp4,1,FVFA,0.9999935626983643
C:\Users\navee\Desktop\Projects\MediaDna\OpenAVFF\FakeAVCeleb_v1.2\FakeAVCeleb_v1.2\FakeVideo-FakeAudio/Caucasian (European)/women/id00591\00001_id00633_wavtolip.mp4,1,FVFA,0.9999936819076538
C:\Users\navee\Desktop\Projects\MediaDna\OpenAVFF\FakeAVCeleb_v1.2\FakeAVCeleb_v1.2\FakeVideo-FakeAudio/Caucasian (European)/women/id00591\00001_id01018_wavtolip.mp4,1,FVFA,0.9999982118606567
C:\Users\navee\Desktop\Projects\MediaDna\OpenAVFF\FakeAVCeleb_v1.2\FakeAVCeleb_v1.2\FakeVideo-FakeAudio/Caucasian (European)/women/id00591\00001_id03589_wavtolip.mp4,1,FVFA,0.9999967813491821
C:\Users\navee\Desktop\Projects\MediaDna\OpenAVFF\FakeAVCeleb_v1.2\FakeAVCeleb_v1.2\FakeVideo-FakeAudio/Caucasian (European)/women/id00633\00088_id00042_wavtolip.mp4,1,FVFA,0.9751485586166382
C:\Users\navee\Desktop\Projects\MediaDna\OpenAVFF\FakeAVCeleb_v1.2\FakeAVCeleb_v1.2\FakeVideo-FakeAudio/Caucasian (European)/women/id00633\00088_id00330_wavtolip.mp4,1,FVFA,0.9857498407363892
C:\Users\navee\Desktop\Projects\MediaDna\OpenAVFF\FakeAVCeleb_v1.2\FakeAVCeleb_v1.2\FakeVideo-FakeAudio/Caucasian (European)/women/id00633\00088_id00496_wavtolip.mp4,1,FVFA,0.9999366998672485
C:\Users\navee\Desktop\Projects\MediaDna\OpenAVFF\FakeAVCeleb_v1.2\FakeAVCeleb_v1.2\FakeVideo-FakeAudio/Caucasian (European)/women/id00633\00088_id00591_wavtolip.mp4,1,FVFA,0.9986721277236938
C:\Users\navee\Desktop\Projects\MediaDna\OpenAVFF\FakeAVCeleb_v1.2\FakeAVCeleb_v1.2\FakeVideo-FakeAudio/Caucasian (European)/women/id00633\00088_id00735_wavtolip.mp4,1,FVFA,0.9990835189819336
C:\Users\navee\Desktop\Projects\MediaDna\OpenAVFF\FakeAVCeleb_v1.2\FakeAVCeleb_v1.2\FakeVideo-FakeAudio/Caucasian (European)/women/id00633\00088_id03844_wavtolip.mp4,1,FVFA,0.9988757967948914
C:\Users\navee\Desktop\Projects\MediaDna\OpenAVFF\FakeAVCeleb_v1.2\FakeAVCeleb_v1.2\FakeVideo-FakeAudio/Caucasian (European)/women/id00634\00078_id00042_wavtolip.mp4,1,FVFA,0.9741963744163513
C:\Users\navee\Desktop\Projects\MediaDna\OpenAVFF\FakeAVCeleb_v1.2\FakeAVCeleb_v1.2\FakeVideo-FakeAudio/Caucasian (European)/women/id00634\00078_id00270_wavtolip.mp4,1,FVFA,0.915473461151123
C:\Users\navee\Desktop\Projects\MediaDna\OpenAVFF\FakeAVCeleb_v1.2\FakeAVCeleb_v1.2\FakeVideo-FakeAudio/Caucasian (European)/women/id00634\00078_id00287_wavtolip.mp4,1,FVFA,0.9999285936355591
C:\Users\navee\Desktop\Projects\MediaDna\OpenAVFF\FakeAVCeleb_v1.2\FakeAVCeleb_v1.2\FakeVideo-FakeAudio/Caucasian (European)/women/id00634\00078_id00330_wavtolip.mp4,1,FVFA,0.9851846694946289
C:\Users\navee\Desktop\Projects\MediaDna\OpenAVFF\FakeAVCeleb_v1.2\FakeAVCeleb_v1.2\FakeVideo-FakeAudio/Caucasian (European)/women/id00634\00078_id00403_wavtolip.mp4,1,FVFA,0.9999358654022217
C:\Users\navee\Desktop\Projects\MediaDna\OpenAVFF\FakeAVCeleb_v1.2\FakeAVCeleb_v1.2\FakeVideo-FakeAudio/Caucasian (European)/women/id00634\00078_id00484_wavtolip.mp4,1,FVFA,0.9995569586753845
C:\Users\navee\Desktop\Projects\MediaDna\OpenAVFF\FakeAVCeleb_v1.2\FakeAVCeleb_v1.2\FakeVideo-FakeAudio/Caucasian (European)/women/id00634\00078_id00496_wavtolip.mp4,1,FVFA,0.9999414682388306
C:\Users\navee\Desktop\Projects\MediaDna\OpenAVFF\FakeAVCeleb_v1.2\FakeAVCeleb_v1.2\FakeVideo-FakeAudio/Caucasian (European)/women/id00634\00078_id00569_wavtolip.mp4,1,FVFA,0.9862094521522522
C:\Users\navee\Desktop\Projects\MediaDna\OpenAVFF\FakeAVCeleb_v1.2\FakeAVCeleb_v1.2\FakeVideo-FakeAudio/Caucasian (European)/women/id00634\00078_id00813_wavtolip.mp4,1,FVFA,0.9999943971633911
C:\Users\navee\Desktop\Projects\MediaDna\OpenAVFF\FakeAVCeleb_v1.2\FakeAVCeleb_v1.2\FakeVideo-FakeAudio/Caucasian (European)/women/id00735\00037_id00271_wavtolip.mp4,1,FVFA,0.9892839789390564
C:\Users\navee\Desktop\Projects\MediaDna\OpenAVFF\FakeAVCeleb_v1.2\FakeAVCeleb_v1.2\FakeVideo-FakeAudio/Caucasian (European)/women/id00735\00037_id00332_wavtolip.mp4,1,FVFA,0.999997615814209
C:\Users\navee\Desktop\Projects\MediaDna\OpenAVFF\FakeAVCeleb_v1.2\FakeAVCeleb_v1.2\FakeVideo-FakeAudio/Caucasian (European)/women/id00735\00037_id00379_wavtolip.mp4,1,FVFA,0.8609022498130798
C:\Users\navee\Desktop\Projects\MediaDna\OpenAVFF\FakeAVCeleb_v1.2\FakeAVCeleb_v1.2\FakeVideo-FakeAudio/Caucasian (European)/women/id00735\00037_id00484_wavtolip.mp4,1,FVFA,0.9995909333229065
C:\Users\navee\Desktop\Projects\MediaDna\OpenAVFF\FakeAVCeleb_v1.2\FakeAVCeleb_v1.2\FakeVideo-FakeAudio/Caucasian (European)/women/id00735\00037_id00496_wavtolip.mp4,1,FVFA,0.9999635219573975
C:\Users\navee\Desktop\Projects\MediaDna\OpenAVFF\FakeAVCeleb_v1.2\FakeAVCeleb_v1.2\FakeVideo-FakeAudio/Caucasian (European)/women/id00735\00037_id00634_wavtolip.mp4,1,FVFA,0.9999985694885254
C:\Users\navee\Desktop\Projects\MediaDna\OpenAVFF\FakeAVCeleb_v1.2\FakeAVCeleb_v1.2\FakeVideo-FakeAudio/Caucasian (European)/women/id00735\00037_id00823_wavtolip.mp4,1,FVFA,0.9998834133148193
C:\Users\navee\Desktop\Projects\MediaDna\OpenAVFF\FakeAVCeleb_v1.2\FakeAVCeleb_v1.2\FakeVideo-FakeAudio/Caucasian (European)/women/id00735\00037_id00826_wavtolip.mp4,1,FVFA,0.9999865293502808
C:\Users\navee\Desktop\Projects\MediaDna\OpenAVFF\FakeAVCeleb_v1.2\FakeAVCeleb_v1.2\FakeVideo-FakeAudio/Caucasian (European)/women/id00735\00037_id01002_wavtolip.mp4,1,FVFA,0.9999450445175171
C:\Users\navee\Desktop\Projects\MediaDna\OpenAVFF\FakeAVCeleb_v1.2\FakeAVCeleb_v1.2\FakeVideo-FakeAudio/Caucasian (European)/women/id00806\00005_id00287_wavtolip.mp4,1,FVFA,0.9999282360076904
C:\Users\navee\Desktop\Projects\MediaDna\OpenAVFF\FakeAVCeleb_v1.2\FakeAVCeleb_v1.2\FakeVideo-FakeAudio/Caucasian (European)/women/id00806\00005_id00328_wavtolip.mp4,1,FVFA,0.9983538389205933
C:\Users\navee\Desktop\Projects\MediaDna\OpenAVFF\FakeAVCeleb_v1.2\FakeAVCeleb_v1.2\FakeVideo-FakeAudio/Caucasian (European)/women/id00806\00005_id00330_wavtolip.mp4,1,FVFA,0.9861915111541748
C:\Users\navee\Desktop\Projects\MediaDna\OpenAVFF\FakeAVCeleb_v1.2\FakeAVCeleb_v1.2\FakeVideo-FakeAudio/Caucasian (European)/women/id00806\00005_id00332_wavtolip.mp4,1,FVFA,0.9917166829109192
C:\Users\navee\Desktop\Projects\MediaDna\OpenAVFF\FakeAVCeleb_v1.2\FakeAVCeleb_v1.2\FakeVideo-FakeAudio/Caucasian (European)/women/id00806\00005_id00373_wavtolip.mp4,1,FVFA,0.9996368885040283
C:\Users\navee\Desktop\Projects\MediaDna\OpenAVFF\FakeAVCeleb_v1.2\FakeAVCeleb_v1.2\FakeVideo-FakeAudio/Caucasian (European)/women/id00806\00005_id00591_wavtolip.mp4,1,FVFA,0.9987952709197998
C:\Users\navee\Desktop\Projects\MediaDna\OpenAVFF\FakeAVCeleb_v1.2\FakeAVCeleb_v1.2\FakeVideo-FakeAudio/Caucasian (European)/women/id00806\00005_id03716_wavtolip.mp4,1,FVFA,0.9976168870925903
C:\Users\navee\Desktop\Projects\MediaDna\OpenAVFF\FakeAVCeleb_v1.2\FakeAVCeleb_v1.2\FakeVideo-FakeAudio/Caucasian (European)/women/id00806\00005_id03858_wavtolip.mp4,1,FVFA,0.999846339225769
C:\Users\navee\Desktop\Projects\MediaDna\OpenAVFF\FakeAVCeleb_v1.2\FakeAVCeleb_v1.2\FakeVideo-FakeAudio/Caucasian (European)/women/id00813\00169_id00234_wavtolip.mp4,1,FVFA,0.9977193474769592
C:\Users\navee\Desktop\Projects\MediaDna\OpenAVFF\FakeAVCeleb_v1.2\FakeAVCeleb_v1.2\FakeVideo-FakeAudio/Caucasian (European)/women/id00813\00169_id00325_wavtolip.mp4,1,FVFA,0.9982537627220154
C:\Users\navee\Desktop\Projects\MediaDna\OpenAVFF\FakeAVCeleb_v1.2\FakeAVCeleb_v1.2\FakeVideo-FakeAudio/Caucasian (European)/women/id00813\00169_id00330_wavtolip.mp4,1,FVFA,0.9846433401107788
C:\Users\navee\Desktop\Projects\MediaDna\OpenAVFF\FakeAVCeleb_v1.2\FakeAVCeleb_v1.2\FakeVideo-FakeAudio/Caucasian (European)/women/id00813\00169_id00395_wavtolip.mp4,1,FVFA,0.9629634022712708
C:\Users\navee\Desktop\Projects\MediaDna\OpenAVFF\FakeAVCeleb_v1.2\FakeAVCeleb_v1.2\FakeVideo-FakeAudio/Caucasian (European)/women/id00813\00169_id00434_wavtolip.mp4,1,FVFA,0.9950619339942932
C:\Users\navee\Desktop\Projects\MediaDna\OpenAVFF\FakeAVCeleb_v1.2\FakeAVCeleb_v1.2\FakeVideo-FakeAudio/Caucasian (European)/women/id00813\00169_id03589_wavtolip.mp4,1,FVFA,0.9999550580978394
C:\Users\navee\Desktop\Projects\MediaDna\OpenAVFF\FakeAVCeleb_v1.2\FakeAVCeleb_v1.2\FakeVideo-FakeAudio/Caucasian (European)/women/id00813\00169_id03649_wavtolip.mp4,1,FVFA,0.9944985508918762
C:\Users\navee\Desktop\Projects\MediaDna\OpenAVFF\FakeAVCeleb_v1.2\FakeAVCeleb_v1.2\FakeVideo-FakeAudio/Caucasian (European)/women/id00813\00169_id03716_wavtolip.mp4,1,FVFA,0.9999978542327881
C:\Users\navee\Desktop\Projects\MediaDna\OpenAVFF\FakeAVCeleb_v1.2\FakeAVCeleb_v1.2\FakeVideo-FakeAudio/Caucasian (European)/women/id00813\00169_id03844_wavtolip.mp4,1,FVFA,0.9988928437232971
C:\Users\navee\Desktop\Projects\MediaDna\OpenAVFF\FakeAVCeleb_v1.2\FakeAVCeleb_v1.2\FakeVideo-FakeAudio/Caucasian (European)/women/id00823\00125_id00188_wavtolip.mp4,1,FVFA,0.9999972581863403
C:\Users\navee\Desktop\Projects\MediaDna\OpenAVFF\FakeAVCeleb_v1.2\FakeAVCeleb_v1.2\FakeVideo-FakeAudio/Caucasian (European)/women/id00823\00125_id00271_wavtolip.mp4,1,FVFA,0.9907082319259644
C:\Users\navee\Desktop\Projects\MediaDna\OpenAVFF\FakeAVCeleb_v1.2\FakeAVCeleb_v1.2\FakeVideo-FakeAudio/Caucasian (European)/women/id00823\00125_id00332_wavtolip.mp4,1,FVFA,0.9999868869781494
C:\Users\navee\Desktop\Projects\MediaDna\OpenAVFF\FakeAVCeleb_v1.2\FakeAVCeleb_v1.2\FakeVideo-FakeAudio/Caucasian (European)/women/id00823\00125_id00374_wavtolip.mp4,1,FVFA,0.9999861717224121
C:\Users\navee\Desktop\Projects\MediaDna\OpenAVFF\FakeAVCeleb_v1.2\FakeAVCeleb_v1.2\FakeVideo-FakeAudio/Caucasian (European)/women/id00823\00125_id00403_wavtolip.mp4,1,FVFA,0.999998927116394
C:\Users\navee\Desktop\Projects\MediaDna\OpenAVFF\FakeAVCeleb_v1.2\FakeAVCeleb_v1.2\FakeVideo-FakeAudio/Caucasian (European)/women/id00823\00125_id00434_wavtolip.mp4,1,FVFA,0.9999971389770508
C:\Users\navee\Desktop\Projects\MediaDna\OpenAVFF\FakeAVCeleb_v1.2\FakeAVCeleb_v1.2\FakeVideo-FakeAudio/Caucasian (European)/women/id00823\00125_id00496_wavtolip.mp4,1,FVFA,0.9999344348907471
C:\Users\navee\Desktop\Projects\MediaDna\OpenAVFF\FakeAVCeleb_v1.2\FakeAVCeleb_v1.2\FakeVideo-FakeAudio/Caucasian (European)/women/id00823\00125_id00633_wavtolip.mp4,1,FVFA,0.9999954700469971
C:\Users\navee\Desktop\Projects\MediaDna\OpenAVFF\FakeAVCeleb_v1.2\FakeAVCeleb_v1.2\FakeVideo-FakeAudio/Caucasian (European)/women/id00823\00125_id00826_wavtolip.mp4,1,FVFA,0.9999992847442627
C:\Users\navee\Desktop\Projects\MediaDna\OpenAVFF\FakeAVCeleb_v1.2\FakeAVCeleb_v1.2\FakeVideo-FakeAudio/Caucasian (European)/women/id00826\00065_id00287_wavtolip.mp4,1,FVFA,0.9999300241470337
C:\Users\navee\Desktop\Projects\MediaDna\OpenAVFF\FakeAVCeleb_v1.2\FakeAVCeleb_v1.2\FakeVideo-FakeAudio/Caucasian (European)/women/id00826\00065_id00325_wavtolip.mp4,1,FVFA,0.9999982118606567
C:\Users\navee\Desktop\Projects\MediaDna\OpenAVFF\FakeAVCeleb_v1.2\FakeAVCeleb_v1.2\FakeVideo-FakeAudio/Caucasian (European)/women/id00826\00065_id00374_wavtolip.mp4,1,FVFA,0.9999786615371704
C:\Users\navee\Desktop\Projects\MediaDna\OpenAVFF\FakeAVCeleb_v1.2\FakeAVCeleb_v1.2\FakeVideo-FakeAudio/Caucasian (European)/women/id00826\00065_id00379_wavtolip.mp4,1,FVFA,0.8880141377449036
C:\Users\navee\Desktop\Projects\MediaDna\OpenAVFF\FakeAVCeleb_v1.2\FakeAVCeleb_v1.2\FakeVideo-FakeAudio/Caucasian (European)/women/id00826\00065_id00495_wavtolip.mp4,1,FVFA,0.99832683801651
C:\Users\navee\Desktop\Projects\MediaDna\OpenAVFF\FakeAVCeleb_v1.2\FakeAVCeleb_v1.2\FakeVideo-FakeAudio/Caucasian (European)/women/id00826\00065_id00569_wavtolip.mp4,1,FVFA,0.9877508282661438
C:\Users\navee\Desktop\Projects\MediaDna\OpenAVFF\FakeAVCeleb_v1.2\FakeAVCeleb_v1.2\FakeVideo-FakeAudio/Caucasian (European)/women/id00826\00065_id00806_wavtolip.mp4,1,FVFA,0.999962329864502
C:\Users\navee\Desktop\Projects\MediaDna\OpenAVFF\FakeAVCeleb_v1.2\FakeAVCeleb_v1.2\FakeVideo-FakeAudio/Caucasian (European)/women/id00826\00065_id00897_wavtolip.mp4,1,FVFA,0.9999979734420776
C:\Users\navee\Desktop\Projects\MediaDna\OpenAVFF\FakeAVCeleb_v1.2\FakeAVCeleb_v1.2\FakeVideo-FakeAudio/Caucasian (European)/women/id00826\00065_id03620_wavtolip.mp4,1,FVFA,0.9999979734420776
C:\Users\navee\Desktop\Projects\MediaDna\OpenAVFF\FakeAVCeleb_v1.2\FakeAVCeleb_v1.2\FakeVideo-FakeAudio/Caucasian (European)/women/id00826\00065_id03651_wavtolip.mp4,1,FVFA,0.9997159838676453
C:\Users\navee\Desktop\Projects\MediaDna\OpenAVFF\FakeAVCeleb_v1.2\FakeAVCeleb_v1.2\FakeVideo-FakeAudio/Caucasian (European)/women/id00897\00005_id00042_wavtolip.mp4,1,FVFA,0.9774399995803833
C:\Users\navee\Desktop\Projects\MediaDna\OpenAVFF\FakeAVCeleb_v1.2\FakeAVCeleb_v1.2\FakeVideo-FakeAudio/Caucasian (European)/women/id00897\00005_id00232_wavtolip.mp4,1,FVFA,0.9986488223075867
C:\Users\navee\Desktop\Projects\MediaDna\OpenAVFF\FakeAVCeleb_v1.2\FakeAVCeleb_v1.2\FakeVideo-FakeAudio/Caucasian (European)/women/id00897\00005_id00271_wavtolip.mp4,1,FVFA,0.9906967878341675
C:\Users\navee\Desktop\Projects\MediaDna\OpenAVFF\FakeAVCeleb_v1.2\FakeAVCeleb_v1.2\FakeVideo-FakeAudio/Caucasian (European)/women/id00897\00005_id00287_wavtolip.mp4,1,FVFA,0.9999310970306396
C:\Users\navee\Desktop\Projects\MediaDna\OpenAVFF\FakeAVCeleb_v1.2\FakeAVCeleb_v1.2\FakeVideo-FakeAudio/Caucasian (European)/women/id00897\00005_id00379_wavtolip.mp4,1,FVFA,0.8898296356201172
C:\Users\navee\Desktop\Projects\MediaDna\OpenAVFF\FakeAVCeleb_v1.2\FakeAVCeleb_v1.2\FakeVideo-FakeAudio/Caucasian (European)/women/id00897\00005_id00491_wavtolip.mp4,1,FVFA,0.9998519420623779
C:\Users\navee\Desktop\Projects\MediaDna\OpenAVFF\FakeAVCeleb_v1.2\FakeAVCeleb_v1.2\FakeVideo-FakeAudio/Caucasian (European)/women/id00897\00005_id00495_wavtolip.mp4,1,FVFA,0.9983305335044861
C:\Users\navee\Desktop\Projects\MediaDna\OpenAVFF\FakeAVCeleb_v1.2\FakeAVCeleb_v1.2\FakeVideo-FakeAudio/Caucasian (European)/women/id00897\00005_id00496_wavtolip.mp4,1,FVFA,0.6020117998123169
C:\Users\navee\Desktop\Projects\MediaDna\OpenAVFF\FakeAVCeleb_v1.2\FakeAVCeleb_v1.2\FakeVideo-FakeAudio/Caucasian (European)/women/id00897\00005_id01002_wavtolip.mp4,1,FVFA,0.9999430179595947
C:\Users\navee\Desktop\Projects\MediaDna\OpenAVFF\FakeAVCeleb_v1.2\FakeAVCeleb_v1.2\FakeVideo-FakeAudio/Caucasian (European)/women/id00897\00005_id03651_wavtolip.mp4,1,FVFA,0.9997218251228333
C:\Users\navee\Desktop\Projects\MediaDna\OpenAVFF\FakeAVCeleb_v1.2\FakeAVCeleb_v1.2\FakeVideo-FakeAudio/Caucasian (European)/women/id01001\00086_id00042_wavtolip.mp4,1,FVFA,0.976453423500061
C:\Users\navee\Desktop\Projects\MediaDna\OpenAVFF\FakeAVCeleb_v1.2\FakeAVCeleb_v1.2\FakeVideo-FakeAudio/Caucasian (European)/women/id01001\00086_id00232_wavtolip.mp4,1,FVFA,0.9999949932098389
C:\Users\navee\Desktop\Projects\MediaDna\OpenAVFF\FakeAVCeleb_v1.2\FakeAVCeleb_v1.2\FakeVideo-FakeAudio/Caucasian (European)/women/id01001\00086_id00287_wavtolip.mp4,1,FVFA,0.9999293088912964
C:\Users\navee\Desktop\Projects\MediaDna\OpenAVFF\FakeAVCeleb_v1.2\FakeAVCeleb_v1.2\FakeVideo-FakeAudio/Caucasian (European)/women/id01001\00086_id00496_wavtolip.mp4,1,FVFA,0.9998892545700073
C:\Users\navee\Desktop\Projects\MediaDna\OpenAVFF\FakeAVCeleb_v1.2\FakeAVCeleb_v1.2\FakeVideo-FakeAudio/Caucasian (European)/women/id01001\00086_id00735_wavtolip.mp4,1,FVFA,0.9999985694885254
C:\Users\navee\Desktop\Projects\MediaDna\OpenAVFF\FakeAVCeleb_v1.2\FakeAVCeleb_v1.2\FakeVideo-FakeAudio/Caucasian (European)/women/id01001\00086_id00823_wavtolip.mp4,1,FVFA,0.999879002571106
C:\Users\navee\Desktop\Projects\MediaDna\OpenAVFF\FakeAVCeleb_v1.2\FakeAVCeleb_v1.2\FakeVideo-FakeAudio/Caucasian (European)/women/id01001\00086_id00826_wavtolip.mp4,1,FVFA,0.9999991655349731
C:\Users\navee\Desktop\Projects\MediaDna\OpenAVFF\FakeAVCeleb_v1.2\FakeAVCeleb_v1.2\FakeVideo-FakeAudio/Caucasian (European)/women/id01001\00086_id03371_wavtolip.mp4,1,FVFA,0.9999978542327881
C:\Users\navee\Desktop\Projects\MediaDna\OpenAVFF\FakeAVCeleb_v1.2\FakeAVCeleb_v1.2\FakeVideo-FakeAudio/Caucasian (European)/women/id01001\00086_id03651_wavtolip.mp4,1,FVFA,0.9997180104255676
C:\Users\navee\Desktop\Projects\MediaDna\OpenAVFF\FakeAVCeleb_v1.2\FakeAVCeleb_v1.2\FakeVideo-FakeAudio/Caucasian (European)/women/id01002\00043_id00234_wavtolip.mp4,1,FVFA,0.9999958276748657
C:\Users\navee\Desktop\Projects\MediaDna\OpenAVFF\FakeAVCeleb_v1.2\FakeAVCeleb_v1.2\FakeVideo-FakeAudio/Caucasian (European)/women/id01002\00043_id00434_wavtolip.mp4,1,FVFA,0.9999969005584717
C:\Users\navee\Desktop\Projects\MediaDna\OpenAVFF\FakeAVCeleb_v1.2\FakeAVCeleb_v1.2\FakeVideo-FakeAudio/Caucasian (European)/women/id01002\00043_id00569_wavtolip.mp4,1,FVFA,0.999893069267273
C:\Users\navee\Desktop\Projects\MediaDna\OpenAVFF\FakeAVCeleb_v1.2\FakeAVCeleb_v1.2\FakeVideo-FakeAudio/Caucasian (European)/women/id01002\00043_id00813_wavtolip.mp4,1,FVFA,0.9999954700469971
C:\Users\navee\Desktop\Projects\MediaDna\OpenAVFF\FakeAVCeleb_v1.2\FakeAVCeleb_v1.2\FakeVideo-FakeAudio/Caucasian (European)/women/id01002\00043_id00826_wavtolip.mp4,1,FVFA,0.9999991655349731
C:\Users\navee\Desktop\Projects\MediaDna\OpenAVFF\FakeAVCeleb_v1.2\FakeAVCeleb_v1.2\FakeVideo-FakeAudio/Caucasian (European)/women/id01002\00043_id00897_wavtolip.mp4,1,FVFA,0.9999977350234985
C:\Users\navee\Desktop\Projects\MediaDna\OpenAVFF\FakeAVCeleb_v1.2\FakeAVCeleb_v1.2\FakeVideo-FakeAudio/Caucasian (European)/women/id01002\00043_id01018_wavtolip.mp4,1,FVFA,0.9999983310699463
C:\Users\navee\Desktop\Projects\MediaDna\OpenAVFF\FakeAVCeleb_v1.2\FakeAVCeleb_v1.2\FakeVideo-FakeAudio/Caucasian (European)/women/id01002\00043_id03858_wavtolip.mp4,1,FVFA,0.999995231628418
C:\Users\navee\Desktop\Projects\MediaDna\OpenAVFF\FakeAVCeleb_v1.2\FakeAVCeleb_v1.2\FakeVideo-FakeAudio/Caucasian (European)/women/id01002\00043_id03941_wavtolip.mp4,1,FVFA,0.9920011758804321
C:\Users\navee\Desktop\Projects\MediaDna\OpenAVFF\FakeAVCeleb_v1.2\FakeAVCeleb_v1.2\FakeVideo-FakeAudio/Caucasian (European)/women/id01018\00072_id00071_wavtolip.mp4,1,FVFA,0.9998891353607178
C:\Users\navee\Desktop\Projects\MediaDna\OpenAVFF\FakeAVCeleb_v1.2\FakeAVCeleb_v1.2\FakeVideo-FakeAudio/Caucasian (European)/women/id01018\00072_id00234_wavtolip.mp4,1,FVFA,0.9978132247924805
C:\Users\navee\Desktop\Projects\MediaDna\OpenAVFF\FakeAVCeleb_v1.2\FakeAVCeleb_v1.2\FakeVideo-FakeAudio/Caucasian (European)/women/id01018\00072_id00270_wavtolip.mp4,1,FVFA,0.9183855652809143
C:\Users\navee\Desktop\Projects\MediaDna\OpenAVFF\FakeAVCeleb_v1.2\FakeAVCeleb_v1.2\FakeVideo-FakeAudio/Caucasian (European)/women/id01018\00072_id00271_wavtolip.mp4,1,FVFA,0.990376889705658
C:\Users\navee\Desktop\Projects\MediaDna\OpenAVFF\FakeAVCeleb_v1.2\FakeAVCeleb_v1.2\FakeVideo-FakeAudio/Caucasian (European)/women/id01018\00072_id00330_wavtolip.mp4,1,FVFA,0.9861272573471069
C:\Users\navee\Desktop\Projects\MediaDna\OpenAVFF\FakeAVCeleb_v1.2\FakeAVCeleb_v1.2\FakeVideo-FakeAudio/Caucasian (European)/women/id01018\00072_id00332_wavtolip.mp4,1,FVFA,0.9918560981750488
C:\Users\navee\Desktop\Projects\MediaDna\OpenAVFF\FakeAVCeleb_v1.2\FakeAVCeleb_v1.2\FakeVideo-FakeAudio/Caucasian (European)/women/id01018\00072_id00374_wavtolip.mp4,1,FVFA,0.5739357471466064
C:\Users\navee\Desktop\Projects\MediaDna\OpenAVFF\FakeAVCeleb_v1.2\FakeAVCeleb_v1.2\FakeVideo-FakeAudio/Caucasian (European)/women/id01018\00072_id00491_wavtolip.mp4,1,FVFA,0.9998522996902466
C:\Users\navee\Desktop\Projects\MediaDna\OpenAVFF\FakeAVCeleb_v1.2\FakeAVCeleb_v1.2\FakeVideo-FakeAudio/Caucasian (European)/women/id01018\00072_id00581_wavtolip.mp4,1,FVFA,0.9839462041854858
C:\Users\navee\Desktop\Projects\MediaDna\OpenAVFF\FakeAVCeleb_v1.2\FakeAVCeleb_v1.2\FakeVideo-FakeAudio/Caucasian (European)/women/id01018\00072_id03651_wavtolip.mp4,1,FVFA,0.9997193217277527
C:\Users\navee\Desktop\Projects\MediaDna\OpenAVFF\FakeAVCeleb_v1.2\FakeAVCeleb_v1.2\FakeVideo-FakeAudio/Caucasian (European)/women/id03371\00430_id00188_wavtolip.mp4,1,FVFA,0.9996317625045776
C:\Users\navee\Desktop\Projects\MediaDna\OpenAVFF\FakeAVCeleb_v1.2\FakeAVCeleb_v1.2\FakeVideo-FakeAudio/Caucasian (European)/women/id03371\00430_id00262_wavtolip.mp4,1,FVFA,0.9999943971633911
C:\Users\navee\Desktop\Projects\MediaDna\OpenAVFF\FakeAVCeleb_v1.2\FakeAVCeleb_v1.2\FakeVideo-FakeAudio/Caucasian (European)/women/id03371\00430_id00330_wavtolip.mp4,1,FVFA,0.9867284893989563
C:\Users\navee\Desktop\Projects\MediaDna\OpenAVFF\FakeAVCeleb_v1.2\FakeAVCeleb_v1.2\FakeVideo-FakeAudio/Caucasian (European)/women/id03371\00430_id00484_wavtolip.mp4,1,FVFA,0.9995824694633484
C:\Users\navee\Desktop\Projects\MediaDna\OpenAVFF\FakeAVCeleb_v1.2\FakeAVCeleb_v1.2\FakeVideo-FakeAudio/Caucasian (European)/women/id03371\00430_id00491_wavtolip.mp4,1,FVFA,0.9998452663421631
C:\Users\navee\Desktop\Projects\MediaDna\OpenAVFF\FakeAVCeleb_v1.2\FakeAVCeleb_v1.2\FakeVideo-FakeAudio/Caucasian (European)/women/id03371\00430_id00581_wavtolip.mp4,1,FVFA,0.9999980926513672
C:\Users\navee\Desktop\Projects\MediaDna\OpenAVFF\FakeAVCeleb_v1.2\FakeAVCeleb_v1.2\FakeVideo-FakeAudio/Caucasian (European)/women/id03371\00430_id00591_wavtolip.mp4,1,FVFA,0.9988059997558594
C:\Users\navee\Desktop\Projects\MediaDna\OpenAVFF\FakeAVCeleb_v1.2\FakeAVCeleb_v1.2\FakeVideo-FakeAudio/Caucasian (European)/women/id03371\00430_id00897_wavtolip.mp4,1,FVFA,0.9999986886978149
C:\Users\navee\Desktop\Projects\MediaDna\OpenAVFF\FakeAVCeleb_v1.2\FakeAVCeleb_v1.2\FakeVideo-FakeAudio/Caucasian (European)/women/id03371\00430_id03649_wavtolip.mp4,1,FVFA,0.9950142502784729
C:\Users\navee\Desktop\Projects\MediaDna\OpenAVFF\FakeAVCeleb_v1.2\FakeAVCeleb_v1.2\FakeVideo-FakeAudio/Caucasian (European)/women/id03589\00002_id00188_wavtolip.mp4,1,FVFA,0.9996424913406372
C:\Users\navee\Desktop\Projects\MediaDna\OpenAVFF\FakeAVCeleb_v1.2\FakeAVCeleb_v1.2\FakeVideo-FakeAudio/Caucasian (European)/women/id03589\00002_id00262_wavtolip.mp4,1,FVFA,0.9999940395355225
C:\Users\navee\Desktop\Projects\MediaDna\OpenAVFF\FakeAVCeleb_v1.2\FakeAVCeleb_v1.2\FakeVideo-FakeAudio/Caucasian (European)/women/id03589\00002_id00270_wavtolip.mp4,1,FVFA,0.9148941040039062
C:\Users\navee\Desktop\Projects\MediaDna\OpenAVFF\FakeAVCeleb_v1.2\FakeAVCeleb_v1.2\FakeVideo-FakeAudio/Caucasian (European)/women/id03589\00002_id00373_wavtolip.mp4,1,FVFA,0.9999980926513672
C:\Users\navee\Desktop\Projects\MediaDna\OpenAVFF\FakeAVCeleb_v1.2\FakeAVCeleb_v1.2\FakeVideo-FakeAudio/Caucasian (European)/women/id03589\00002_id00495_wavtolip.mp4,1,FVFA,0.9982840418815613
C:\Users\navee\Desktop\Projects\MediaDna\OpenAVFF\FakeAVCeleb_v1.2\FakeAVCeleb_v1.2\FakeVideo-FakeAudio/Caucasian (European)/women/id03589\00002_id00806_wavtolip.mp4,1,FVFA,0.9999839067459106
C:\Users\navee\Desktop\Projects\MediaDna\OpenAVFF\FakeAVCeleb_v1.2\FakeAVCeleb_v1.2\FakeVideo-FakeAudio/Caucasian (European)/women/id03589\00002_id01002_wavtolip.mp4,1,FVFA,0.9999423027038574
C:\Users\navee\Desktop\Projects\MediaDna\OpenAVFF\FakeAVCeleb_v1.2\FakeAVCeleb_v1.2\FakeVideo-FakeAudio/Caucasian (European)/women/id03589\00002_id03371_wavtolip.mp4,1,FVFA,0.9999984502792358
C:\Users\navee\Desktop\Projects\MediaDna\OpenAVFF\FakeAVCeleb_v1.2\FakeAVCeleb_v1.2\FakeVideo-FakeAudio/Caucasian (European)/women/id03620\00081_id00262_wavtolip.mp4,1,FVFA,0.9682376980781555
C:\Users\navee\Desktop\Projects\MediaDna\OpenAVFF\FakeAVCeleb_v1.2\FakeAVCeleb_v1.2\FakeVideo-FakeAudio/Caucasian (European)/women/id03620\00081_id00270_wavtolip.mp4,1,FVFA,0.9154165387153625
C:\Users\navee\Desktop\Projects\MediaDna\OpenAVFF\FakeAVCeleb_v1.2\FakeAVCeleb_v1.2\FakeVideo-FakeAudio/Caucasian (European)/women/id03620\00081_id00328_wavtolip.mp4,1,FVFA,0.9983219504356384
C:\Users\navee\Desktop\Projects\MediaDna\OpenAVFF\FakeAVCeleb_v1.2\FakeAVCeleb_v1.2\FakeVideo-FakeAudio/Caucasian (European)/women/id03620\00081_id00332_wavtolip.mp4,1,FVFA,0.9912844896316528
C:\Users\navee\Desktop\Projects\MediaDna\OpenAVFF\FakeAVCeleb_v1.2\FakeAVCeleb_v1.2\FakeVideo-FakeAudio/Caucasian (European)/women/id03620\00081_id00634_wavtolip.mp4,1,FVFA,0.9995173215866089
C:\Users\navee\Desktop\Projects\MediaDna\OpenAVFF\FakeAVCeleb_v1.2\FakeAVCeleb_v1.2\FakeVideo-FakeAudio/Caucasian (European)/women/id03620\00081_id00823_wavtolip.mp4,1,FVFA,0.9998711347579956
C:\Users\navee\Desktop\Projects\MediaDna\OpenAVFF\FakeAVCeleb_v1.2\FakeAVCeleb_v1.2\FakeVideo-FakeAudio/Caucasian (European)/women/id03620\00081_id01018_wavtolip.mp4,1,FVFA,0.9999749660491943
C:\Users\navee\Desktop\Projects\MediaDna\OpenAVFF\FakeAVCeleb_v1.2\FakeAVCeleb_v1.2\FakeVideo-FakeAudio/Caucasian (European)/women/id03620\00081_id03589_wavtolip.mp4,1,FVFA,0.9999525547027588
C:\Users\navee\Desktop\Projects\MediaDna\OpenAVFF\FakeAVCeleb_v1.2\FakeAVCeleb_v1.2\FakeVideo-FakeAudio/Caucasian (European)/women/id03620\00081_id03651_wavtolip.mp4,1,FVFA,0.9996994733810425
C:\Users\navee\Desktop\Projects\MediaDna\OpenAVFF\FakeAVCeleb_v1.2\FakeAVCeleb_v1.2\FakeVideo-FakeAudio/Caucasian (European)/women/id03620\00081_id03716_wavtolip.mp4,1,FVFA,0.9974393844604492
C:\Users\navee\Desktop\Projects\MediaDna\OpenAVFF\FakeAVCeleb_v1.2\FakeAVCeleb_v1.2\FakeVideo-FakeAudio/Caucasian (European)/women/id03649\00001_id00234_wavtolip.mp4,1,FVFA,0.9999964237213135
C:\Users\navee\Desktop\Projects\MediaDna\OpenAVFF\FakeAVCeleb_v1.2\FakeAVCeleb_v1.2\FakeVideo-FakeAudio/Caucasian (European)/women/id03649\00001_id00271_wavtolip.mp4,1,FVFA,0.9901941418647766
C:\Users\navee\Desktop\Projects\MediaDna\OpenAVFF\FakeAVCeleb_v1.2\FakeAVCeleb_v1.2\FakeVideo-FakeAudio/Caucasian (European)/women/id03649\00001_id00325_wavtolip.mp4,1,FVFA,0.9999978542327881
C:\Users\navee\Desktop\Projects\MediaDna\OpenAVFF\FakeAVCeleb_v1.2\FakeAVCeleb_v1.2\FakeVideo-FakeAudio/Caucasian (European)/women/id03649\00001_id00374_wavtolip.mp4,1,FVFA,0.9999830722808838
C:\Users\navee\Desktop\Projects\MediaDna\OpenAVFF\FakeAVCeleb_v1.2\FakeAVCeleb_v1.2\FakeVideo-FakeAudio/Caucasian (European)/women/id03649\00001_id00434_wavtolip.mp4,1,FVFA,0.9999969005584717
C:\Users\navee\Desktop\Projects\MediaDna\OpenAVFF\FakeAVCeleb_v1.2\FakeAVCeleb_v1.2\FakeVideo-FakeAudio/Caucasian (European)/women/id03649\00001_id00484_wavtolip.mp4,1,FVFA,0.9999971389770508
C:\Users\navee\Desktop\Projects\MediaDna\OpenAVFF\FakeAVCeleb_v1.2\FakeAVCeleb_v1.2\FakeVideo-FakeAudio/Caucasian (European)/women/id03649\00001_id00633_wavtolip.mp4,1,FVFA,0.9999957084655762
C:\Users\navee\Desktop\Projects\MediaDna\OpenAVFF\FakeAVCeleb_v1.2\FakeAVCeleb_v1.2\FakeVideo-FakeAudio/Caucasian (European)/women/id03649\00001_id00813_wavtolip.mp4,1,FVFA,0.9999957084655762
C:\Users\navee\Desktop\Projects\MediaDna\OpenAVFF\FakeAVCeleb_v1.2\FakeAVCeleb_v1.2\FakeVideo-FakeAudio/Caucasian (European)/women/id03649\00001_id03620_wavtolip.mp4,1,FVFA,0.9999969005584717
C:\Users\navee\Desktop\Projects\MediaDna\OpenAVFF\FakeAVCeleb_v1.2\FakeAVCeleb_v1.2\FakeVideo-FakeAudio/Caucasian (European)/women/id03649\00001_id03649_wavtolip.mp4,1,FVFA,0.9999978542327881
C:\Users\navee\Desktop\Projects\MediaDna\OpenAVFF\FakeAVCeleb_v1.2\FakeAVCeleb_v1.2\FakeVideo-FakeAudio/Caucasian (European)/women/id03651\00092_id00042_wavtolip.mp4,1,FVFA,0.9999972581863403
C:\Users\navee\Desktop\Projects\MediaDna\OpenAVFF\FakeAVCeleb_v1.2\FakeAVCeleb_v1.2\FakeVideo-FakeAudio/Caucasian (European)/women/id03651\00092_id00232_wavtolip.mp4,1,FVFA,0.9999910593032837
C:\Users\navee\Desktop\Projects\MediaDna\OpenAVFF\FakeAVCeleb_v1.2\FakeAVCeleb_v1.2\FakeVideo-FakeAudio/Caucasian (European)/women/id03651\00092_id00270_wavtolip.mp4,1,FVFA,0.999995231628418
C:\Users\navee\Desktop\Projects\MediaDna\OpenAVFF\FakeAVCeleb_v1.2\FakeAVCeleb_v1.2\FakeVideo-FakeAudio/Caucasian (European)/women/id03651\00092_id00287_wavtolip.mp4,1,FVFA,0.9999243021011353
C:\Users\navee\Desktop\Projects\MediaDna\OpenAVFF\FakeAVCeleb_v1.2\FakeAVCeleb_v1.2\FakeVideo-FakeAudio/Caucasian (European)/women/id03651\00092_id00332_wavtolip.mp4,1,FVFA,0.9999836683273315
C:\Users\navee\Desktop\Projects\MediaDna\OpenAVFF\FakeAVCeleb_v1.2\FakeAVCeleb_v1.2\FakeVideo-FakeAudio/Caucasian (European)/women/id03651\00092_id00495_wavtolip.mp4,1,FVFA,0.9981508851051331
C:\Users\navee\Desktop\Projects\MediaDna\OpenAVFF\FakeAVCeleb_v1.2\FakeAVCeleb_v1.2\FakeVideo-FakeAudio/Caucasian (European)/women/id03651\00092_id00806_wavtolip.mp4,1,FVFA,0.9998689889907837
C:\Users\navee\Desktop\Projects\MediaDna\OpenAVFF\FakeAVCeleb_v1.2\FakeAVCeleb_v1.2\FakeVideo-FakeAudio/Caucasian (European)/women/id03651\00092_id03589_wavtolip.mp4,1,FVFA,0.9999966621398926
C:\Users\navee\Desktop\Projects\MediaDna\OpenAVFF\FakeAVCeleb_v1.2\FakeAVCeleb_v1.2\FakeVideo-FakeAudio/Caucasian (European)/women/id03651\00092_id03858_wavtolip.mp4,1,FVFA,0.9999947547912598
C:\Users\navee\Desktop\Projects\MediaDna\OpenAVFF\FakeAVCeleb_v1.2\FakeAVCeleb_v1.2\FakeVideo-FakeAudio/Caucasian (European)/women/id03716\00040_id00262_wavtolip.mp4,1,FVFA,0.9999939203262329
C:\Users\navee\Desktop\Projects\MediaDna\OpenAVFF\FakeAVCeleb_v1.2\FakeAVCeleb_v1.2\FakeVideo-FakeAudio/Caucasian (European)/women/id03716\00040_id00270_wavtolip.mp4,1,FVFA,0.910249650478363
C:\Users\navee\Desktop\Projects\MediaDna\OpenAVFF\FakeAVCeleb_v1.2\FakeAVCeleb_v1.2\FakeVideo-FakeAudio/Caucasian (European)/women/id03716\00040_id00330_wavtolip.mp4,1,FVFA,0.9840313196182251
C:\Users\navee\Desktop\Projects\MediaDna\OpenAVFF\FakeAVCeleb_v1.2\FakeAVCeleb_v1.2\FakeVideo-FakeAudio/Caucasian (European)/women/id03716\00040_id00434_wavtolip.mp4,1,FVFA,0.9946492314338684
C:\Users\navee\Desktop\Projects\MediaDna\OpenAVFF\FakeAVCeleb_v1.2\FakeAVCeleb_v1.2\FakeVideo-FakeAudio/Caucasian (European)/women/id03716\00040_id00495_wavtolip.mp4,1,FVFA,0.9980384707450867
C:\Users\navee\Desktop\Projects\MediaDna\OpenAVFF\FakeAVCeleb_v1.2\FakeAVCeleb_v1.2\FakeVideo-FakeAudio/Caucasian (European)/women/id03716\00040_id00897_wavtolip.mp4,1,FVFA,0.9999985694885254
C:\Users\navee\Desktop\Projects\MediaDna\OpenAVFF\FakeAVCeleb_v1.2\FakeAVCeleb_v1.2\FakeVideo-FakeAudio/Caucasian (European)/women/id03716\00040_id03716_wavtolip.mp4,1,FVFA,0.9999971389770508
C:\Users\navee\Desktop\Projects\MediaDna\OpenAVFF\FakeAVCeleb_v1.2\FakeAVCeleb_v1.2\FakeVideo-FakeAudio/Caucasian (European)/women/id03716\00040_id03844_wavtolip.mp4,1,FVFA,0.9987838864326477
C:\Users\navee\Desktop\Projects\MediaDna\OpenAVFF\FakeAVCeleb_v1.2\FakeAVCeleb_v1.2\FakeVideo-FakeAudio/Caucasian (European)/women/id03816\00093_id00071_wavtolip.mp4,1,FVFA,0.9998846054077148
C:\Users\navee\Desktop\Projects\MediaDna\OpenAVFF\FakeAVCeleb_v1.2\FakeAVCeleb_v1.2\FakeVideo-FakeAudio/Caucasian (European)/women/id03816\00093_id00395_wavtolip.mp4,1,FVFA,0.9670687913894653
C:\Users\navee\Desktop\Projects\MediaDna\OpenAVFF\FakeAVCeleb_v1.2\FakeAVCeleb_v1.2\FakeVideo-FakeAudio/Caucasian (European)/women/id03816\00093_id00569_wavtolip.mp4,1,FVFA,0.9869259595870972
C:\Users\navee\Desktop\Projects\MediaDna\OpenAVFF\FakeAVCeleb_v1.2\FakeAVCeleb_v1.2\FakeVideo-FakeAudio/Caucasian (European)/women/id03816\00093_id00591_wavtolip.mp4,1,FVFA,0.9987754225730896
C:\Users\navee\Desktop\Projects\MediaDna\OpenAVFF\FakeAVCeleb_v1.2\FakeAVCeleb_v1.2\FakeVideo-FakeAudio/Caucasian (European)/women/id03816\00093_id00633_wavtolip.mp4,1,FVFA,0.9999961853027344
C:\Users\navee\Desktop\Projects\MediaDna\OpenAVFF\FakeAVCeleb_v1.2\FakeAVCeleb_v1.2\FakeVideo-FakeAudio/Caucasian (European)/women/id03816\00093_id01002_wavtolip.mp4,1,FVFA,0.9999401569366455
C:\Users\navee\Desktop\Projects\MediaDna\OpenAVFF\FakeAVCeleb_v1.2\FakeAVCeleb_v1.2\FakeVideo-FakeAudio/Caucasian (European)/women/id03816\00093_id03941_wavtolip.mp4,1,FVFA,0.9925609230995178
C:\Users\navee\Desktop\Projects\MediaDna\OpenAVFF\FakeAVCeleb_v1.2\FakeAVCeleb_v1.2\FakeVideo-FakeAudio/Caucasian (European)/women/id03844\00028_id00188_wavtolip.mp4,1,FVFA,0.9999972581863403
C:\Users\navee\Desktop\Projects\MediaDna\OpenAVFF\FakeAVCeleb_v1.2\FakeAVCeleb_v1.2\FakeVideo-FakeAudio/Caucasian (European)/women/id03844\00028_id00271_wavtolip.mp4,1,FVFA,0.9896503686904907
C:\Users\navee\Desktop\Projects\MediaDna\OpenAVFF\FakeAVCeleb_v1.2\FakeAVCeleb_v1.2\FakeVideo-FakeAudio/Caucasian (European)/women/id03844\00028_id00332_wavtolip.mp4,1,FVFA,0.9999878406524658
C:\Users\navee\Desktop\Projects\MediaDna\OpenAVFF\FakeAVCeleb_v1.2\FakeAVCeleb_v1.2\FakeVideo-FakeAudio/Caucasian (European)/women/id03844\00028_id00403_wavtolip.mp4,1,FVFA,0.999998927116394
C:\Users\navee\Desktop\Projects\MediaDna\OpenAVFF\FakeAVCeleb_v1.2\FakeAVCeleb_v1.2\FakeVideo-FakeAudio/Caucasian (European)/women/id03844\00028_id00495_wavtolip.mp4,1,FVFA,0.998322069644928
C:\Users\navee\Desktop\Projects\MediaDna\OpenAVFF\FakeAVCeleb_v1.2\FakeAVCeleb_v1.2\FakeVideo-FakeAudio/Caucasian (European)/women/id03844\00028_id00569_wavtolip.mp4,1,FVFA,0.9999033212661743
C:\Users\navee\Desktop\Projects\MediaDna\OpenAVFF\FakeAVCeleb_v1.2\FakeAVCeleb_v1.2\FakeVideo-FakeAudio/Caucasian (European)/women/id03844\00028_id00735_wavtolip.mp4,1,FVFA,0.9999988079071045
C:\Users\navee\Desktop\Projects\MediaDna\OpenAVFF\FakeAVCeleb_v1.2\FakeAVCeleb_v1.2\FakeVideo-FakeAudio/Caucasian (European)/women/id03844\00028_id00806_wavtolip.mp4,1,FVFA,0.9999228715896606
C:\Users\navee\Desktop\Projects\MediaDna\OpenAVFF\FakeAVCeleb_v1.2\FakeAVCeleb_v1.2\FakeVideo-FakeAudio/Caucasian (European)/women/id03844\00028_id01002_wavtolip.mp4,1,FVFA,0.9999470710754395
C:\Users\navee\Desktop\Projects\MediaDna\OpenAVFF\FakeAVCeleb_v1.2\FakeAVCeleb_v1.2\FakeVideo-FakeAudio/Caucasian (European)/women/id03844\00028_id03620_wavtolip.mp4,1,FVFA,0.9999972581863403
C:\Users\navee\Desktop\Projects\MediaDna\OpenAVFF\FakeAVCeleb_v1.2\FakeAVCeleb_v1.2\FakeVideo-FakeAudio/Caucasian (European)/women/id03858\00092_id00188_wavtolip.mp4,1,FVFA,0.9996587038040161
C:\Users\navee\Desktop\Projects\MediaDna\OpenAVFF\FakeAVCeleb_v1.2\FakeAVCeleb_v1.2\FakeVideo-FakeAudio/Caucasian (European)/women/id03858\00092_id00262_wavtolip.mp4,1,FVFA,0.9999947547912598
C:\Users\navee\Desktop\Projects\MediaDna\OpenAVFF\FakeAVCeleb_v1.2\FakeAVCeleb_v1.2\FakeVideo-FakeAudio/Caucasian (European)/women/id03858\00092_id00270_wavtolip.mp4,1,FVFA,0.9234895706176758
C:\Users\navee\Desktop\Projects\MediaDna\OpenAVFF\FakeAVCeleb_v1.2\FakeAVCeleb_v1.2\FakeVideo-FakeAudio/Caucasian (European)/women/id03858\00092_id00379_wavtolip.mp4,1,FVFA,0.8853534460067749
C:\Users\navee\Desktop\Projects\MediaDna\OpenAVFF\FakeAVCeleb_v1.2\FakeAVCeleb_v1.2\FakeVideo-FakeAudio/Caucasian (European)/women/id03858\00092_id00434_wavtolip.mp4,1,FVFA,0.9999978542327881
C:\Users\navee\Desktop\Projects\MediaDna\OpenAVFF\FakeAVCeleb_v1.2\FakeAVCeleb_v1.2\FakeVideo-FakeAudio/Caucasian (European)/women/id03858\00092_id00495_wavtolip.mp4,1,FVFA,0.9984325766563416
C:\Users\navee\Desktop\Projects\MediaDna\OpenAVFF\FakeAVCeleb_v1.2\FakeAVCeleb_v1.2\FakeVideo-FakeAudio/Caucasian (European)/women/id03858\00092_id00735_wavtolip.mp4,1,FVFA,0.9992115497589111
C:\Users\navee\Desktop\Projects\MediaDna\OpenAVFF\FakeAVCeleb_v1.2\FakeAVCeleb_v1.2\FakeVideo-FakeAudio/Caucasian (European)/women/id03858\00092_id00813_wavtolip.mp4,1,FVFA,0.9999955892562866
C:\Users\navee\Desktop\Projects\MediaDna\OpenAVFF\FakeAVCeleb_v1.2\FakeAVCeleb_v1.2\FakeVideo-FakeAudio/Caucasian (European)/women/id03858\00092_id03589_wavtolip.mp4,1,FVFA,0.9999986886978149
C:\Users\navee\Desktop\Projects\MediaDna\OpenAVFF\FakeAVCeleb_v1.2\FakeAVCeleb_v1.2\FakeVideo-FakeAudio/Caucasian (European)/women/id03941\00021_id00071_wavtolip.mp4,1,FVFA,0.9999827146530151
C:\Users\navee\Desktop\Projects\MediaDna\OpenAVFF\FakeAVCeleb_v1.2\FakeAVCeleb_v1.2\FakeVideo-FakeAudio/Caucasian (European)/women/id03941\00021_id00328_wavtolip.mp4,1,FVFA,0.9999980926513672
C:\Users\navee\Desktop\Projects\MediaDna\OpenAVFF\FakeAVCeleb_v1.2\FakeAVCeleb_v1.2\FakeVideo-FakeAudio/Caucasian (European)/women/id03941\00021_id00332_wavtolip.mp4,1,FVFA,0.9999860525131226
C:\Users\navee\Desktop\Projects\MediaDna\OpenAVFF\FakeAVCeleb_v1.2\FakeAVCeleb_v1.2\FakeVideo-FakeAudio/Caucasian (European)/women/id03941\00021_id00379_wavtolip.mp4,1,FVFA,0.9999972581863403
C:\Users\navee\Desktop\Projects\MediaDna\OpenAVFF\FakeAVCeleb_v1.2\FakeAVCeleb_v1.2\FakeVideo-FakeAudio/Caucasian (European)/women/id03941\00021_id00491_wavtolip.mp4,1,FVFA,0.9999831914901733
C:\Users\navee\Desktop\Projects\MediaDna\OpenAVFF\FakeAVCeleb_v1.2\FakeAVCeleb_v1.2\FakeVideo-FakeAudio/Caucasian (European)/women/id03941\00021_id00735_wavtolip.mp4,1,FVFA,0.9999986886978149
C:\Users\navee\Desktop\Projects\MediaDna\OpenAVFF\FakeAVCeleb_v1.2\FakeAVCeleb_v1.2\FakeVideo-FakeAudio/Caucasian (European)/women/id03941\00021_id00806_wavtolip.mp4,1,FVFA,0.9998975992202759
C:\Users\navee\Desktop\Projects\MediaDna\OpenAVFF\FakeAVCeleb_v1.2\FakeAVCeleb_v1.2\FakeVideo-FakeAudio/Caucasian (European)/women/id03941\00021_id03649_wavtolip.mp4,1,FVFA,0.9999977350234985
C:\Users\navee\Desktop\Projects\MediaDna\OpenAVFF\FakeAVCeleb_v1.2\FakeAVCeleb_v1.2\FakeVideo-FakeAudio/Caucasian (European)/women/id03941\00021_id03716_wavtolip.mp4,1,FVFA,0.9999967813491821
