sample_id,label,category,original_multimodal_prob,repaired_fusion_prob,visual_specialist_prob,audio_specialist_prob,silence_prob,replace_prob,silence_delta,replace_delta,replace_vs_silence_delta
00028.mp4,0,RealVideo-RealAudio,0.49855247139930725,0.82366172,0.7886752,0.85864824,0.8244159276557923,0.8236421401573182,0.0007542076557922606,-1.9579842681860526e-05,-0.0007737874984741211
00004.mp4,0,RealVideo-RealAudio,0.5156202912330627,0.7873856,0.7292982,0.845473,0.7947274276557923,0.7914479801002503,0.007341827655792277,0.004062380100250285,-0.003279447555541992
00014.mp4,0,RealVideo-RealAudio,0.5272679924964905,0.82533693,0.79123586,0.859438,0.8256962576557922,0.8249182978321838,0.0003593276557922742,-0.0004186321678161242,-0.0007779598236083984
00020.mp4,0,RealVideo-RealAudio,0.5245827436447144,0.8220153,0.7854833,0.8585473,0.8228199776557923,0.8221669193653107,0.0008046776557922852,0.00015161936531071785,-0.0006530582904815674
00025.mp4,0,RealVideo-RealAudio,0.5147071480751038,0.81899605,0.782889,0.8551031,0.8215228276557922,0.8213062839813232,0.002526777655792234,0.0023102339813232398,-0.00021654367446899414
00063.mp4,0,RealVideo-RealAudio,0.5169139504432678,0.8228139,0.79222846,0.85339934,0.8261925576557922,0.8229241369595337,0.003378657655792261,0.00011023695953371604,-0.003268420696258545
00028.mp4,0,RealVideo-RealAudio,0.49855247139930725,0.82366172,0.7886752,0.85864824,0.8244159276557923,0.8219019825531007,0.0007542076557922606,-0.0017597374468993898,-0.0025139451026916504
00088.mp4,0,RealVideo-RealAudio,0.5921730399131775,0.82403183,0.7911393,0.85692436,0.8256479776557922,0.8251506663021088,0.0016161476557922105,0.0011188363021087389,-0.0004973113536834717
00028.mp4,0,RealVideo-RealAudio,0.49855247139930725,0.82366172,0.7886752,0.85864824,0.8244159276557923,0.8241844232154847,0.0007542076557922606,0.0005227032154846434,-0.0002315044403076172
00005.mp4,0,RealVideo-RealAudio,0.5439041256904602,0.81967152,0.78155524,0.8577878,0.8208559476557922,0.8208104395095062,0.0011844276557921862,0.0011389195095061755,-4.550814628601074e-05
00015.mp4,0,RealVideo-RealAudio,0.5328633189201355,0.81967,0.7866539,0.8526861,0.8234052776557923,0.8226510702831269,0.0037352776557922907,0.0029810702831268854,-0.0007542073726654053
00092.mp4,0,RealVideo-RealAudio,0.5153206586837769,0.82311192,0.7871226,0.85910124,0.8236396276557922,0.8173753285015106,0.0005277076557922422,-0.005736591498489374,-0.006264299154281616
00118.mp4,0,RealVideo-RealAudio,0.4980049133300781,0.81754048,0.7874529,0.84762806,0.8238047776557922,0.8235035953857421,0.006264297655792173,0.005963115385742124,-0.00030118227005004883
00293.mp4,0,RealVideo-RealAudio,0.527783215045929,0.821277,0.7836041,0.8589499,0.8218803776557922,0.8215200377758026,0.0006033776557922144,0.00024303777580259034,-0.000360339879989624
00078.mp4,0,RealVideo-RealAudio,0.5448764562606812,0.8252277100000001,0.79087955,0.85957587,0.8255181026557923,0.8249748659233094,0.0002903926557922265,-0.00025284407669068365,-0.0005432367324829102
00028.mp4,0,RealVideo-RealAudio,0.49855247139930725,0.82366172,0.7886752,0.85864824,0.8244159276557923,0.8242816383911133,0.0007542076557922606,0.0006199183911133055,-0.00013428926467895508
00311.mp4,0,RealVideo-RealAudio,0.5762965083122253,0.823906215,0.79077,0.85704243,0.8254633276557922,0.8246586351490021,0.00155711265579217,0.0007524201490020088,-0.0008046925067901611
00043.mp4,0,RealVideo-RealAudio,0.5032194256782532,0.82163263,0.7896675,0.85359776,0.8249120776557922,0.8223145668411255,0.0032794476557922447,0.0006819368411254967,-0.002597510814666748
00420.mp4,0,RealVideo-RealAudio,0.507686972618103,0.82434765,0.7901849,0.8585104,0.8251707776557922,0.8249528630744933,0.0008231276557921774,0.0006052130744933493,-0.00021791458129882812
00052.mp4,0,RealVideo-RealAudio,0.5016078352928162,0.822744,0.792201,0.853287,0.8261788276557922,0.8261333195095062,0.003434827655792172,0.0033893195095061612,-4.550814628601074e-05
00046.mp4,0,RealVideo-RealAudio,0.5059065222740173,0.81462243,0.77427566,0.8549692,0.8172161576557923,0.8166874346543121,0.002593727655792244,0.0020650046543121414,-0.0005287230014801025
00202.mp4,0,RealVideo-RealAudio,0.5141501426696777,0.821169485,0.78620887,0.8561301,0.8231827626557922,0.8230630467267608,0.0020132776557921783,0.0018935617267608063,-0.00011971592903137207
00122.mp4,0,RealVideo-RealAudio,0.49802443385124207,0.823638675,0.7909246,0.85635275,0.8255406276557922,0.8252902881477355,0.0019019526557921829,0.0016516131477355422,-0.0002503395080566406
00027.mp4,0,RealVideo-RealAudio,0.5006598234176636,0.80163005,0.7440066,0.8592535,0.8020816276557923,0.8004609177597046,0.00045157765579229014,-0.0011691322402953563,-0.0016207098960876465
00015.mp4,0,RealVideo-RealAudio,0.5328633189201355,0.81967,0.7866539,0.8526861,0.8234052776557923,0.8197112499935151,0.0037352776557922907,4.124999351506897e-05,-0.0036940276622772217
00239.mp4,0,RealVideo-RealAudio,0.5698908567428589,0.8244099300000001,0.78967613,0.85914373,0.8249163926557923,0.8235059679464722,0.0005064626557922391,-0.0009039620535278292,-0.0014104247093200684
00010.mp4,0,RealVideo-RealAudio,0.5206490159034729,0.82390217,0.7908891,0.85691524,0.8255228776557922,0.824360497675705,0.0016207076557922528,0.00045832767570497257,-0.0011623799800872803
00130.mp4,0,RealVideo-RealAudio,0.5258169174194336,0.8227464,0.7907297,0.8547631,0.8254431776557922,0.8245329849277496,0.0026967776557922374,0.0017865849277496348,-0.0009101927280426025
00001.mp4,0,RealVideo-RealAudio,0.5065277814865112,0.8229355,0.7887248,0.8571462,0.8244407276557922,0.8225703637050629,0.0015052276557921962,-0.0003651362949371739,-0.0018703639507293701
00088.mp4,0,RealVideo-RealAudio,0.5921730399131775,0.82403183,0.7911393,0.85692436,0.8256479776557922,0.825131622618103,0.0016161476557922105,0.0010997926181030016,-0.000516355037689209
00078.mp4,0,RealVideo-RealAudio,0.5448764562606812,0.8252277100000001,0.79087955,0.85957587,0.8255181026557923,0.8201401841739655,0.0002903926557922265,-0.005087525826034556,-0.005377918481826782
00037.mp4,0,RealVideo-RealAudio,0.49648573994636536,0.816116215,0.7738691,0.85836333,0.8170128776557922,0.8144989325531006,0.0008966626557922464,-0.001617282446899404,-0.0025139451026916504
00005.mp4,0,RealVideo-RealAudio,0.5439041256904602,0.81967152,0.78155524,0.8577878,0.8208559476557922,0.8204933427993011,0.0011844276557921862,0.0008218227993010974,-0.00036260485649108887
00169.mp4,0,RealVideo-RealAudio,0.5116850137710571,0.82061851,0.78971165,0.85152537,0.8249341526557923,0.8243021646072388,0.004315642655792318,0.003683654607238851,-0.0006319880485534668
00125.mp4,0,RealVideo-RealAudio,0.505290150642395,0.80861262,0.7673995,0.84982574,0.8137780776557922,0.8136350563106537,0.005165457655792238,0.0050224363106536885,-0.0001430213451385498
00065.mp4,0,RealVideo-RealAudio,0.5409079194068909,0.8259998500000001,0.7921055,0.8598942,0.8261310776557922,0.8248151263084411,0.00013122765579209883,-0.0011847236915589754,-0.0013159513473510742
00005.mp4,0,RealVideo-RealAudio,0.5439041256904602,0.81967152,0.78155524,0.8577878,0.8208559476557922,0.8185135745230865,0.0011844276557921862,-0.0011579454769135022,-0.0023423731327056885
00086.mp4,0,RealVideo-RealAudio,0.5220865607261658,0.823145915,0.78779113,0.8585007,0.8239738926557922,0.8237559780744934,0.0008279776557922336,0.0006100630744934055,-0.00021791458129882812
00043.mp4,0,RealVideo-RealAudio,0.5032194256782532,0.82163263,0.7896675,0.85359776,0.8249120776557922,0.8245385949516296,0.0032794476557922447,0.002905964951629647,-0.00037348270416259766
00072.mp4,0,RealVideo-RealAudio,0.5058774352073669,0.8185707,0.7818972,0.8552442,0.8210269276557922,0.8208381597457886,0.0024562276557922313,0.0022674597457885692,-0.0001887679100036621
00430.mp4,0,RealVideo-RealAudio,0.5254064798355103,0.8248422,0.7919102,0.8577742,0.8260334276557922,0.8256341957450867,0.0011912276557922707,0.0007919957450867043,-0.0003992319107055664
00002.mp4,0,RealVideo-RealAudio,0.5047870874404907,0.82325618,0.79163176,0.8548806,0.8258942076557922,0.8253740677231598,0.002638027655792241,0.002117887723159795,-0.0005201399326324463
00081.mp4,0,RealVideo-RealAudio,0.5468257665634155,0.8169582,0.7895313,0.8443851,0.8248439776557923,0.8243285464900971,0.007885777655792348,0.007370346490097157,-0.0005154311656951904
00001.mp4,0,RealVideo-RealAudio,0.5065277814865112,0.8229355,0.7887248,0.8571462,0.8244407276557922,0.8241644005226135,0.0015052276557921962,0.0012289005226134853,-0.00027632713317871094
00092.mp4,0,RealVideo-RealAudio,0.5153206586837769,0.82311192,0.7871226,0.85910124,0.8236396276557922,0.8234424554908752,0.0005277076557922422,0.00033053549087525,-0.0001971721649169922
00040.mp4,0,RealVideo-RealAudio,0.5045610666275024,0.81767475,0.7895871,0.8457624,0.8248718776557922,0.8245060243461608,0.007197127655792168,0.0068312743461608205,-0.00036585330963134766
00093.mp4,0,RealVideo-RealAudio,0.5057480335235596,0.8207045,0.7842914,0.8571176,0.8222240276557922,0.8219771750194549,0.0015195276557922188,0.0012726750194549385,-0.0002468526363372803
00028.mp4,0,RealVideo-RealAudio,0.49855247139930725,0.82366172,0.7886752,0.85864824,0.8244159276557923,0.8211695308757783,0.0007542076557922606,-0.0024921891242217775,-0.003246396780014038
00092.mp4,0,RealVideo-RealAudio,0.5153206586837769,0.82311192,0.7871226,0.85910124,0.8236396276557922,0.8231353723609924,0.0005277076557922422,2.3452360992437526e-05,-0.0005042552947998047
00021.mp4,0,RealVideo-RealAudio,0.5631924867630005,0.804287975,0.74916625,0.8594097,0.8046614526557923,0.801103711013794,0.00037347765579220926,-0.0031842639862060818,-0.003557741641998291
00028_fake.mp4,1,RealVideo-FakeAudio,0.9724549055099487,0.8223033799999999,0.7890073,0.85559946,0.8245819776557922,0.8228686421417236,0.0022785976557923027,0.0005652621417236992,-0.0017133355140686035
00004_fake.mp4,1,RealVideo-FakeAudio,0.9664000868797302,0.79128145,0.7310623,0.8515006,0.7956094776557923,0.795433196918869,0.00432802765579221,0.004151746918868993,-0.00017628073692321777
00014_fake.mp4,1,RealVideo-FakeAudio,0.9998877048492432,0.8249439199999999,0.79147524,0.8584126,0.8258159476557922,0.8246611672679138,0.0008720276557923068,-0.0002827527320861112,-0.001154780387878418
00020_fake.mp4,1,RealVideo-FakeAudio,0.9970678687095642,0.82023859,0.78603065,0.85444653,0.8230936526557923,0.8216126560470581,0.002855062655792273,0.0013740660470581423,-0.0014809966087341309
00025_fake.mp4,1,RealVideo-FakeAudio,0.9918336868286133,0.81728092,0.78363997,0.85092187,0.8218983126557922,0.8216709507382964,0.004617392655792196,0.004390030738296469,-0.00022736191749572754
00063_fake.mp4,1,RealVideo-FakeAudio,0.9983540773391724,0.82555482,0.79219717,0.85891247,0.8261769126557923,0.8255449246072388,0.0006220926557922724,-9.895392761194444e-06,-0.0006319880485534668
00028_fake.mp4,1,RealVideo-FakeAudio,0.9724549055099487,0.8223033799999999,0.7890073,0.85559946,0.8245819776557922,0.8236717849277496,0.0022785976557923027,0.0013684049277497001,-0.0009101927280426025
00088_fake.mp4,1,RealVideo-FakeAudio,0.9988969564437866,0.8235332,0.7910992,0.8559672,0.8256279276557923,0.8253067778297425,0.0020947276557923278,0.001773577829742523,-0.0003211498260498047
00028_fake.mp4,1,RealVideo-FakeAudio,0.9724549055099487,0.8223033799999999,0.7890073,0.85559946,0.8245819776557922,0.8204549520515442,0.0022785976557923027,-0.0018484279484557442,-0.004127025604248047
00005_fake.mp4,1,RealVideo-FakeAudio,0.985524594783783,0.8203690299999999,0.782041,0.85869706,0.8210988276557922,0.8205753796653747,0.0007297976557922858,0.00020634966537480537,-0.0005234479904174805
00015_fake.mp4,1,RealVideo-FakeAudio,0.6013984084129333,0.820191425,0.78632015,0.8540627,0.8232384026557922,0.8208543956787109,0.0030469776557922046,0.0006629706787109058,-0.002384006977081299
00092_fake.mp4,1,RealVideo-FakeAudio,0.9998492002487183,0.8209283350000001,0.78737617,0.8544805,0.8237664126557922,0.8233778499765014,0.0028380776557921372,0.0024495149765013657,-0.0003885626792907715
00118_fake.mp4,1,RealVideo-FakeAudio,0.9736165404319763,0.8220902,0.7876453,0.8565351,0.8239009776557922,0.8224148550476074,0.001810777655792184,0.0003246550476073695,-0.0014861226081848145
00293_fake.mp4,1,RealVideo-FakeAudio,0.9940991401672363,0.82001755,0.7839819,0.8560532,0.8220692776557923,0.821287324320984,0.0020517276557923125,0.001269774320983963,-0.0007819533348083496
00078_fake.mp4,1,RealVideo-FakeAudio,0.9973195195198059,0.82095345,0.7906453,0.8512616,0.8254009776557922,0.8251420550788879,0.0044475276557922605,0.004188605078887964,-0.0002589225769042969
00028_fake.mp4,1,RealVideo-FakeAudio,0.9724549055099487,0.8223033799999999,0.7890073,0.85559946,0.8245819776557922,0.8229964046977997,0.0022785976557923027,0.000693024697799749,-0.0015855729579925537
00311_fake.mp4,1,RealVideo-FakeAudio,0.5904114246368408,0.8249244,0.7908424,0.8590064,0.8254995276557922,0.8234923412429809,0.0005751276557921514,-0.0014320587570191279,-0.0020071864128112793
00043_fake.mp4,1,RealVideo-FakeAudio,0.9999585151672363,0.824276,0.789582,0.85897,0.8248693276557922,0.8247263063106537,0.0005933276557922307,0.0004503063106536809,-0.0001430213451385498
00420_fake.mp4,1,RealVideo-FakeAudio,0.9811112284660339,0.8229747000000001,0.7901171,0.8558323,0.8251368776557922,0.8246134296653748,0.0021621776557921857,0.0016387296653747052,-0.0005234479904174805
00052_fake.mp4,1,RealVideo-FakeAudio,0.9998825788497925,0.82449372,0.7923322,0.85665524,0.8262444276557923,0.8260891575561524,0.0017507076557923273,0.0015954375561524348,-0.00015527009963989258
00046_fake.mp4,1,RealVideo-FakeAudio,0.9615979194641113,0.8117354,0.7751103,0.8483605,0.8176334776557923,0.8175319411434174,0.005898077655792311,0.005796541143417433,-0.00010153651237487793
00202_fake.mp4,1,RealVideo-FakeAudio,0.9995519518852234,0.822255135,0.7862401,0.85827017,0.8231983776557923,0.8216580446231843,0.0009432426557922646,-0.0005970903768157676,-0.0015403330326080322
00122_fake.mp4,1,RealVideo-FakeAudio,0.997731626033783,0.8252446849999999,0.7909554,0.85953397,0.8255560276557923,0.8252787766506195,0.0003113426557923571,3.40916506196276e-05,-0.0002772510051727295
00027_fake.mp4,1,RealVideo-FakeAudio,0.999588668346405,0.8013073500000001,0.7456401,0.8569746,0.8028983776557923,0.7975308303821564,0.001591027655792221,-0.0037765196178436433,-0.005367547273635864
00015_fake.mp4,1,RealVideo-FakeAudio,0.6013984084129333,0.820191425,0.78632015,0.8540627,0.8232384026557922,0.8230358958751678,0.0030469776557922046,0.002844470875167815,-0.00020250678062438965
00239_fake.mp4,1,RealVideo-FakeAudio,0.9995244741439819,0.822465005,0.78949857,0.85543144,0.8248276126557923,0.8245503616506196,0.002362607655792326,0.0020853566506195964,-0.0002772510051727295
00010_fake.mp4,1,RealVideo-FakeAudio,0.9968895316123962,0.82244145,0.7906276,0.8542553,0.8253921276557923,0.8245689875114441,0.0029506776557922665,0.002127537511444122,-0.0008231401443481445
00130_fake.mp4,1,RealVideo-FakeAudio,0.9658348560333252,0.8210285,0.7905564,0.8515006,0.8253565276557923,0.8248063767845154,0.00432802765579221,0.003777876784515355,-0.0005501508712768555
00001_fake.mp4,1,RealVideo-FakeAudio,0.9969145059585571,0.82166794,0.78901625,0.85431963,0.8245864526557922,0.8222609774398804,0.002918512655792238,0.0005930374398803728,-0.0023254752159118652
00088_fake.mp4,1,RealVideo-FakeAudio,0.9988969564437866,0.8235332,0.7910992,0.8559672,0.8256279276557923,0.8253807471939087,0.0020947276557923278,0.0018475471939087829,-0.0002471804618835449
00078_fake.mp4,1,RealVideo-FakeAudio,0.9973195195198059,0.82095345,0.7906453,0.8512616,0.8254009776557922,0.8241232030834198,0.0044475276557922605,0.003169753083419824,-0.0012777745723724365
00037_fake.mp4,1,RealVideo-FakeAudio,0.9982080459594727,0.8142492299999999,0.77490836,0.8535901,0.8175325076557922,0.8160463850476074,0.0032832776557922827,0.0017971550476074682,-0.0014861226081848145
00005_fake.mp4,1,RealVideo-FakeAudio,0.985524594783783,0.8203690299999999,0.782041,0.85869706,0.8210988276557922,0.8208215766506195,0.0007297976557922858,0.00045254665061955635,-0.0002772510051727295
00169_fake.mp4,1,RealVideo-FakeAudio,0.9292222857475281,0.82111152,0.7896413,0.85258174,0.8248989776557922,0.8241807714885712,0.003787457655792248,0.0030692514885711786,-0.0007182061672210693
00125_fake.mp4,1,RealVideo-FakeAudio,0.9996001124382019,0.81204945,0.76850176,0.85559714,0.8143292076557922,0.8139987893074798,0.002279757655792247,0.0019493393074798693,-0.00033041834831237793
00065_fake.mp4,1,RealVideo-FakeAudio,0.9999788999557495,0.82307812,0.7921245,0.85403174,0.8261405776557922,0.8256514321384429,0.0030624576557921612,0.002573312138442918,-0.0004891455173492432
00005_fake.mp4,1,RealVideo-FakeAudio,0.985524594783783,0.8203690299999999,0.782041,0.85869706,0.8210988276557922,0.820445560749054,0.0007297976557922858,7.653074905400459e-05,-0.0006532669067382812
00086_fake.mp4,1,RealVideo-FakeAudio,0.9631258845329285,0.8229521,0.7879513,0.8579529,0.8240539776557922,0.8231952237361908,0.0011018776557922827,0.00024312373619084227,-0.0008587539196014404
00043_fake.mp4,1,RealVideo-FakeAudio,0.9999585151672363,0.824276,0.789582,0.85897,0.8248693276557922,0.8246670890960693,0.0005933276557922307,0.0003910890960693303,-0.0002022385597229004
00072_fake.mp4,1,RealVideo-FakeAudio,0.9993595480918884,0.81669977,0.78238064,0.8510189,0.8212686476557922,0.8180002269595337,0.0045688776557921695,0.0013004569595336246,-0.003268420696258545
00430_fake.mp4,1,RealVideo-FakeAudio,0.9994742274284363,0.8249950500000001,0.7917106,0.8582795,0.8259336276557923,0.8254294021633148,0.0009385776557921943,0.00043435216331477733,-0.000504225492477417
00002_fake.mp4,1,RealVideo-FakeAudio,0.9999604225158691,0.824536055,0.79161155,0.85746056,0.8258841026557923,0.8255241502059937,0.0013480476557922172,0.0009880952059936332,-0.000359952449798584
00081_fake.mp4,1,RealVideo-FakeAudio,0.891920804977417,0.822802085,0.78940207,0.8562021,0.8247793626557922,0.8243982803594208,0.0019772776557922533,0.0015961953594207934,-0.00038108229637145996
00001_fake.mp4,1,RealVideo-FakeAudio,0.9969145059585571,0.82166794,0.78901625,0.85431963,0.8245864526557922,0.8234240726757049,0.002918512655792238,0.0017561326757049578,-0.0011623799800872803
00092_fake.mp4,1,RealVideo-FakeAudio,0.9998492002487183,0.8209283350000001,0.78737617,0.8544805,0.8237664126557922,0.8235484980744934,0.0028380776557921372,0.002620163074493309,-0.00021791458129882812
00040_fake.mp4,1,RealVideo-FakeAudio,0.9997461438179016,0.82231553,0.7899662,0.85466486,0.8250614276557922,0.8248669376998901,0.00274589765579214,0.0025514076998900403,-0.0001944899559020996
00093_fake.mp4,1,RealVideo-FakeAudio,0.7948403358459473,0.821918455,0.78464776,0.85918915,0.8224022076557922,0.8220392153691101,0.00048375265579214677,0.00012076036911001786,-0.0003629922866821289
00028_fake.mp4,1,RealVideo-FakeAudio,0.9724549055099487,0.8223033799999999,0.7890073,0.85559946,0.8245819776557922,0.8213135569595337,0.0022785976557923027,-0.0009898230404662423,-0.003268420696258545
00092_fake.mp4,1,RealVideo-FakeAudio,0.9998492002487183,0.8209283350000001,0.78737617,0.8544805,0.8237664126557922,0.8234765552682495,0.0028380776557921372,0.0025482202682494126,-0.0002898573875427246
00021_fake.mp4,1,RealVideo-FakeAudio,0.9989230036735535,0.80489535,0.750871,0.8589197,0.8055138276557923,0.8049636767845154,0.00061847765579226,6.832678451540453e-05,-0.0005501508712768555
00028_0.mp4,1,FakeVideo-RealAudio,0.4998018443584442,0.81776905,0.78791004,0.84762806,0.8240333476557922,0.8239040949835967,0.006264297655792173,0.006135044983596738,-0.00012925267219543457
00028_id00325_4vJtbNe0L98_faceswap.mp4,1,FakeVideo-RealAudio,0.5157762765884399,0.8130274,0.7709639,0.8550909,0.8155602776557922,0.8152732514888763,0.0025328776557922428,0.0022458514888763492,-0.00028702616691589355
00004_0.mp4,1,FakeVideo-RealAudio,0.5067806243896484,0.82186318,0.7901286,0.85359776,0.8251426276557923,0.8243688401573182,0.0032794476557922447,0.0025056601573181236,-0.0007737874984741211
00004_1.mp4,1,FakeVideo-RealAudio,0.5381831526756287,0.82594747,0.79254824,0.8593467,0.8263524476557922,0.8243943754702758,0.0004049776557921714,-0.001553094529724186,-0.0019580721855163574
00004_2.mp4,1,FakeVideo-RealAudio,0.537947952747345,0.8256716749999999,0.7921083,0.85923505,0.8261324776557922,0.822438449993515,0.00046080265579229174,-0.00323322500648493,-0.0036940276622772217
00004_3.mp4,1,FakeVideo-RealAudio,0.5300929546356201,0.8254928,0.7915476,0.859438,0.8258521276557922,0.8241575974071502,0.0003593276557921632,-0.0013352025928498046,-0.0016945302486419678
00004_id00495_E46aiMUC4A0_faceswap.mp4,1,FakeVideo-RealAudio,0.5173591375350952,0.7883151500000001,0.7311573,0.845473,0.7956569776557922,0.795077739717865,0.007341827655792166,0.00676258971786492,-0.0005792379379272461
00014_id03371_truKMXt8Dak_faceswap.mp4,1,FakeVideo-RealAudio,0.5310952663421631,0.8254780150000001,0.79151803,0.859438,0.8258373426557922,0.8255630718828583,0.0003593276557921632,8.505688285820323e-05,-0.00027427077293395996
00020_id00569_gSynmpwioV4_faceswap.mp4,1,FakeVideo-RealAudio,0.5184130668640137,0.822124825,0.78570235,0.8585473,0.8229295026557922,0.8218659769790649,0.0008046776557922852,-0.0002588480209350097,-0.001063525676727295
00025_0.mp4,1,FakeVideo-RealAudio,0.5347787141799927,0.82566646,0.79209787,0.85923505,0.8261272626557923,0.8258958178201294,0.00046080265579229174,0.00022935782012944994,-0.0002314448356628418
00025_id00365_XV-imLNJvfk_faceswap.mp4,1,FakeVideo-RealAudio,0.5137961506843567,0.8194274500000001,0.7837518,0.8551031,0.8219542276557923,0.8218249749835969,0.002526777655792234,0.0023975249835967993,-0.00012925267219543457
00063_id00403_n4LSCxzFr6o_faceswap.mp4,1,FakeVideo-RealAudio,0.51874840259552,0.82281882,0.7922383,0.85339934,0.8261974776557922,0.8256542409233093,0.003378657655792261,0.002835420923309351,-0.0005432367324829102
00028_0.mp4,1,FakeVideo-RealAudio,0.4998018443584442,0.81776905,0.78791004,0.84762806,0.8240333476557922,0.8232791402831268,0.006264297655792173,0.005510090283126767,-0.0007542073726654053
00028_id00287_2NpfYjyMsPM_faceswap.mp4,1,FakeVideo-RealAudio,0.536503255367279,0.8165370999999999,0.7927812,0.840293,0.8264689276557922,0.8232074210983276,0.009931827655792258,0.006670321098327658,-0.0032615065574645996
00088_0.mp4,1,FakeVideo-RealAudio,0.5460195541381836,0.82518691,0.79079795,0.85957587,0.8254773026557922,0.8241717821212768,0.0002903926557922265,-0.0010151278787231544,-0.0013055205345153809
00088_id00633_UXrTMta1EDM_faceswap.mp4,1,FakeVideo-RealAudio,0.5073971152305603,0.82286915,0.78877765,0.85696065,0.8244671526557923,0.8239616158611298,0.001598002655792241,0.0010924658611297655,-0.0005055367946624756
00028_0.mp4,1,FakeVideo-RealAudio,0.4998018443584442,0.81776905,0.78791004,0.84762806,0.8240333476557922,0.8228709676757049,0.006264297655792173,0.005101917675704892,-0.0011623799800872803
00028_id00495_E46aiMUC4A0_faceswap.mp4,1,FakeVideo-RealAudio,0.5064464211463928,0.8242157,0.790637,0.8577944,0.8253968276557923,0.8246230401573181,0.0011811276557922579,0.0004073401573181368,-0.0007737874984741211
00005_id00262_3p7sRWAAh1Q_faceswap.mp4,1,FakeVideo-RealAudio,0.5252196192741394,0.824549795,0.78999615,0.85910344,0.8250764026557922,0.8247137977993011,0.0005266076557921551,0.0001640027993010662,-0.00036260485649108887
00015_id00042_4yuJSkaZwn0_faceswap.mp4,1,FakeVideo-RealAudio,0.5261561274528503,0.8184722950000001,0.77858233,0.85836226,0.8193694926557922,0.8164035953340911,0.0008971976557921035,-0.0020686996659089463,-0.00296589732170105
00092_0.mp4,1,FakeVideo-RealAudio,0.5060204267501831,0.82084885,0.7845801,0.8571176,0.8223683776557922,0.8219290020168304,0.0015195276557922188,0.0010801520168304268,-0.000439375638961792
00092_id00484_u7YTz8eFZv0_faceswap.mp4,1,FakeVideo-RealAudio,0.5388221740722656,0.8258474849999999,0.79234827,0.8593467,0.8262524626557922,0.8258301637475586,0.0004049776557922824,-1.732125244136018e-05,-0.0004222989082336426
00118_id00365_XV-imLNJvfk_faceswap.mp4,1,FakeVideo-RealAudio,0.4995492100715637,0.81775755,0.78788704,0.84762806,0.8240218476557922,0.823418469836731,0.006264297655792173,0.005660919836730893,-0.0006033778190612793
00293_0.mp4,1,FakeVideo-RealAudio,0.5283766388893127,0.8227001199999999,0.79063714,0.8547631,0.8253968976557922,0.8247326336920928,0.0026967776557922374,0.0020325136920928966,-0.0006642639636993408
00078_0.mp4,1,FakeVideo-RealAudio,0.5176265239715576,0.78837848,0.73128396,0.845473,0.7957203076557922,0.795117555685501,0.007341827655792166,0.006739075685501028,-0.0006027519702911377
00078_id00330_zCFFgGSIZ_s_faceswap.mp4,1,FakeVideo-RealAudio,0.5339025259017944,0.825651425,0.7920678,0.85923505,0.8261122276557922,0.8236114849819183,0.0004608026557921807,-0.0020399400180817207,-0.0025007426738739014
00028_0.mp4,1,FakeVideo-RealAudio,0.4998018443584442,0.81776905,0.78791004,0.84762806,0.8240333476557922,0.822092203189392,0.006264297655792173,0.004323153189392026,-0.0019411444664001465
00311_0.mp4,1,FakeVideo-RealAudio,0.5128284096717834,0.82437618,0.79024196,0.8585104,0.8251993076557922,0.8179741518254089,0.0008231276557921774,-0.006402028174591123,-0.007225155830383301
00311_id00330_zCFFgGSIZ_s_faceswap.mp4,1,FakeVideo-RealAudio,0.5755078196525574,0.82395318,0.79086393,0.85704243,0.8255102926557922,0.8251503402059936,0.001557112655792281,0.001197160205993697,-0.000359952449798584
00043_id00633_UXrTMta1EDM_faceswap.mp4,1,FakeVideo-RealAudio,0.506279468536377,0.82179623,0.7899947,0.85359776,0.8250756776557923,0.8231345331893921,0.0032794476557922447,0.0013383031893920982,-0.0019411444664001465
00420_0.mp4,1,FakeVideo-RealAudio,0.4964567720890045,0.8239067499999999,0.78916526,0.85864824,0.8246609576557922,0.8220634468411254,0.0007542076557922606,-0.0018433031588744875,-0.002597510814666748
00420_id00823_KgExwCvgrUk_faceswap.mp4,1,FakeVideo-RealAudio,0.5115827322006226,0.8243565500000001,0.7902027,0.8585104,0.8251796776557923,0.8232216054702759,0.0008231276557921774,-0.00113494452972418,-0.0019580721855163574
00052_id00234_M3g5KRLJB60_faceswap.mp4,1,FakeVideo-RealAudio,0.5038516521453857,0.82290385,0.7925207,0.853287,0.8263386776557922,0.823405056249237,0.003434827655792172,0.0005012062492369962,-0.0029336214065551758
00046_0.mp4,1,FakeVideo-RealAudio,0.580790638923645,0.823965665,0.7908889,0.85704243,0.8255227776557923,0.8249993296653748,0.001557112655792281,0.0010336646653748005,-0.0005234479904174805
00046_id00330_zCFFgGSIZ_s_faceswap.mp4,1,FakeVideo-RealAudio,0.5086888670921326,0.814953475,0.77493775,0.8549692,0.8175472026557922,0.8170084362716674,0.002593727655792133,0.002054961271667377,-0.0005387663841247559
00202_0.mp4,1,FakeVideo-RealAudio,0.5130385160446167,0.824355825,0.79020125,0.8585104,0.8251789526557922,0.824701340637207,0.0008231276557921774,0.0003455156372069723,-0.0004776120185852051
00202_id03844_AEAEN1Lns2c_faceswap.mp4,1,FakeVideo-RealAudio,0.5115833282470703,0.8212936,0.7864571,0.8561301,0.8233068776557922,0.8229475510547638,0.0020132776557922893,0.001653951054763847,-0.0003593266010284424
00122_id00633_UXrTMta1EDM_faceswap.mp4,1,FakeVideo-RealAudio,0.500535249710083,0.823850875,0.791349,0.85635275,0.8257528276557922,0.825553181898117,0.0019019526557921829,0.001702306898117012,-0.0001996457576751709
00027_0.mp4,1,FakeVideo-RealAudio,0.5279598832130432,0.82452057,0.7899377,0.85910344,0.8250471776557922,0.8237011557651519,0.0005266076557921551,-0.0008194142348481037,-0.0013460218906402588
00027_id00395_wM5kGJfTtEM_faceswap.mp4,1,FakeVideo-RealAudio,0.49946340918540955,0.8024281,0.7456027,0.8592535,0.8028796776557923,0.8007849618221283,0.00045157765579229014,-0.0016431381778716503,-0.0020947158336639404
00015_id00262_3p7sRWAAh1Q_faceswap.mp4,1,FakeVideo-RealAudio,0.5312271118164062,0.8194840999999999,0.7862821,0.8526861,0.8232193776557922,0.820757735628891,0.0037352776557922907,0.0012736356288910455,-0.002461642026901245
00239_0.mp4,1,FakeVideo-RealAudio,0.5769834518432617,0.8239326650000001,0.7908229,0.85704243,0.8254897776557922,0.8251012149765015,0.00155711265579217,0.0011685499765013985,-0.0003885626792907715
00239_1.mp4,1,FakeVideo-RealAudio,0.5268611311912537,0.82157145,0.784193,0.8589499,0.8221748276557923,0.8209247096385957,0.0006033776557923254,-0.0006467403614043299,-0.0012501180171966553
00239_2.mp4,1,FakeVideo-RealAudio,0.5712604522705078,0.8224799700000001,0.79120344,0.8537565,0.8256800476557922,0.8255651000983428,0.0032000776557921107,0.00308513009834277,-0.00011494755744934082
00010_id03371_truKMXt8Dak_faceswap.mp4,1,FakeVideo-RealAudio,0.521109402179718,0.8237461699999999,0.7905771,0.85691524,0.8253668776557923,0.8250896266506196,0.0016207076557923639,0.0013434566506196344,-0.0002772510051727295
00130_0.mp4,1,FakeVideo-RealAudio,0.5038170218467712,0.82089177,0.78466594,0.8571176,0.8224112976557922,0.8221101153857422,0.0015195276557922188,0.00121834538574217,-0.00030118227005004883
00130_id00634_z5t9oJizDQg_faceswap.mp4,1,FakeVideo-RealAudio,0.5291421413421631,0.822733825,0.79070455,0.8547631,0.8254306026557923,0.8251542755226136,0.0026967776557922374,0.0024204505226135264,-0.00027632713317871094
00001_id00897_0ayFw8JhoyI_faceswap.mp4,1,FakeVideo-RealAudio,0.589388906955719,0.82246445,0.7861106,0.8588183,0.8231336276557922,0.8227176766422272,0.0006691776557922191,0.00025322664222715563,-0.0004159510135650635
00088_id01002_eQTviHjyISo_faceswap.mp4,1,FakeVideo-RealAudio,0.5955901741981506,0.824023755,0.79112315,0.85692436,0.8256399026557922,0.8254219880744934,0.0016161476557922105,0.0013982330744933824,-0.00021791458129882812
00078_0.mp4,1,FakeVideo-RealAudio,0.5176265239715576,0.78837848,0.73128396,0.845473,0.7957203076557922,0.7954518185334014,0.007341827655792166,0.007073338533401419,-0.00026848912239074707
00078_id03649_389qfFqUddI_faceswap.mp4,1,FakeVideo-RealAudio,0.5448959469795227,0.8251523350000001,0.7907288,0.85957587,0.8254427276557923,0.8252248130744935,0.0002903926557922265,7.247807449339838e-05,-0.00021791458129882812
00037_id03844_AEAEN1Lns2c_faceswap.mp4,1,FakeVideo-RealAudio,0.50192791223526,0.8167363400000001,0.77510935,0.85836333,0.8176330026557923,0.8171128627231599,0.0008966626557922464,0.00037652272315980007,-0.0005201399326324463
00005_id00379_fgkgYHCuk4g_faceswap.mp4,1,FakeVideo-RealAudio,0.5131189227104187,0.810095675,0.76505935,0.855132,0.8126080026557922,0.8117277612617493,0.0025123276557922347,0.001632086261749266,-0.0008802413940429688
00169_id00897_0ayFw8JhoyI_faceswap.mp4,1,FakeVideo-RealAudio,0.5166641473770142,0.82068667,0.78984797,0.85152537,0.8250023126557922,0.8248993158296203,0.004315642655792207,0.004212645829620332,-0.000102996826171875
00125_id00395_wM5kGJfTtEM_faceswap.mp4,1,FakeVideo-RealAudio,0.5082810521125793,0.809173795,0.76852185,0.84982574,0.8143392526557922,0.8142705583026886,0.005165457655792238,0.0050967633026886006,-6.86943531036377e-05
00065_0.mp4,1,FakeVideo-RealAudio,0.5090315937995911,0.8208801800000001,0.78464276,0.8571176,0.8223997076557923,0.8208353837536622,0.0015195276557922188,-4.479624633790813e-05,-0.001564323902130127
00065_id00581_7AxvP19LGKg_faceswap.mp4,1,FakeVideo-RealAudio,0.5459073781967163,0.826098525,0.79230285,0.8598942,0.8262297526557922,0.8260416105945587,0.00013122765579220985,-5.6914405441310656e-05,-0.0001881420612335205
00005_id00591_1Jo8xElXQMs_faceswap.mp4,1,FakeVideo-RealAudio,0.5470247268676758,0.8198806000000001,0.7819734,0.8577878,0.8210650276557923,0.8209892403499603,0.0011844276557921862,0.001108640349960277,-7.578730583190918e-05
00086_id00633_UXrTMta1EDM_faceswap.mp4,1,FakeVideo-RealAudio,0.5221900939941406,0.8234859299999999,0.78847116,0.8585007,0.8243139076557922,0.8241194176998901,0.0008279776557922336,0.000633487699890134,-0.0001944899559020996
00043_0.mp4,1,FakeVideo-RealAudio,0.5220041871070862,0.82376697,0.7906187,0.85691524,0.8253876776557922,0.8239015550476074,0.0016207076557922528,0.0001345850476074384,-0.0014861226081848145
00043_id00633_UXrTMta1EDM_faceswap.mp4,1,FakeVideo-RealAudio,0.506279468536377,0.82179623,0.7899947,0.85359776,0.8250756776557923,0.8246343052612305,0.0032794476557922447,0.002838075261230477,-0.0004413723945617676
00072_id00569_gSynmpwioV4_faceswap.mp4,1,FakeVideo-RealAudio,0.5053977370262146,0.81872465,0.7822051,0.8552442,0.8211808776557923,0.8134225582778931,0.0024562276557922313,-0.005302091722106939,-0.00775831937789917
00430_id00581_7AxvP19LGKg_faceswap.mp4,1,FakeVideo-RealAudio,0.5276716351509094,0.8247985,0.7918228,0.8577742,0.8259897276557923,0.8255316957630158,0.0011912276557922707,0.0007331957630157815,-0.00045803189277648926
00002_0.mp4,1,FakeVideo-RealAudio,0.5176606774330139,0.823316545,0.78753185,0.85910124,0.8238442526557923,0.8234014199474335,0.0005277076557923532,8.487494743358859e-05,-0.00044283270835876465
00002_id00495_E46aiMUC4A0_faceswap.mp4,1,FakeVideo-RealAudio,0.5057278275489807,0.8232747,0.7916688,0.8548806,0.8259127276557923,0.8254499571937561,0.002638027655792241,0.0021752571937561083,-0.0004627704620361328
00081_id00496_SImaDcXQnh8_faceswap.mp4,1,FakeVideo-RealAudio,0.5484673976898193,0.8169544,0.7895237,0.8443851,0.8248401776557923,0.824470330834961,0.007885777655792348,0.007515930834961049,-0.00036984682083129883
00001_0.mp4,1,FakeVideo-RealAudio,0.5381314158439636,0.8165239,0.7927548,0.840293,0.8264557276557922,0.8259124909233093,0.009931827655792258,0.009388590923309348,-0.0005432367324829102
00001_id00634_z5t9oJizDQg_faceswap.mp4,1,FakeVideo-RealAudio,0.507004976272583,0.823067785,0.78898937,0.8571462,0.8245730126557922,0.824365141457138,0.0015052276557921962,0.0012973564571380214,-0.0002078711986541748
00092_id03716_s-lxbGafZQA_faceswap.mp4,1,FakeVideo-RealAudio,0.5142743587493896,0.8259444300000001,0.7922544,0.85963446,0.8262055276557922,0.8246302663013458,0.00026109765579218625,-0.0013141636986542249,-0.0015752613544464111
00040_0.mp4,1,FakeVideo-RealAudio,0.5299637913703918,0.8183534450000001,0.77834463,0.85836226,0.8192506426557922,0.8191002303347015,0.0008971976557921035,0.0007467853347014053,-0.00015041232109069824
00040_id03651_EjcoRkL6loI_faceswap.mp4,1,FakeVideo-RealAudio,0.5081532001495361,0.81784992,0.78993744,0.8457624,0.8250470476557923,0.8245145695616913,0.007197127655792279,0.006664649561691327,-0.0005324780941009521
00093_id03941_SsYtP8Ze88Q_faceswap.mp4,1,FakeVideo-RealAudio,0.50872403383255,0.820877975,0.78463835,0.8571176,0.8223975026557923,0.8222632133911133,0.0015195276557922188,0.0013852383911132637,-0.00013428926467895508
00028_0.mp4,1,FakeVideo-RealAudio,0.4998018443584442,0.81776905,0.78791004,0.84762806,0.8240333476557922,0.8231644311442565,0.006264297655792173,0.005395381144256528,-0.0008689165115356445
00028_id00484_u7YTz8eFZv0_faceswap.mp4,1,FakeVideo-RealAudio,0.49876460433006287,0.82383144,0.78901464,0.85864824,0.8245856476557922,0.8238558483851623,0.0007542076557922606,2.4408385162377755e-05,-0.0007297992706298828
00092_0.mp4,1,FakeVideo-RealAudio,0.5060204267501831,0.82084885,0.7845801,0.8571176,0.8223683776557922,0.8220472278297424,0.0015195276557922188,0.0011983778297424141,-0.0003211498260498047
00092_id00395_wM5kGJfTtEM_faceswap.mp4,1,FakeVideo-RealAudio,0.5163552165031433,0.82329577,0.7874903,0.85910124,0.8238234776557922,0.8232947546543121,0.0005277076557922422,-1.015345687860325e-06,-0.0005287230014801025
00021_0.mp4,1,FakeVideo-RealAudio,0.5513520836830139,0.81693182,0.78947854,0.8443851,0.8248175976557922,0.8232014475150299,0.007885777655792237,0.0062696275150299074,-0.001616150140762329
00021_id03816_XXD0yTNei50_faceswap.mp4,1,FakeVideo-RealAudio,0.5675979852676392,0.8052419,0.7510741,0.8594097,0.8056153776557922,0.8048334243209838,0.00037347765579220926,-0.00040847567901614035,-0.0007819533348083496
00028_id00325_4vJtbNe0L98_faceswap_id00325_wavtolip.mp4,1,FakeVideo-FakeAudio,0.9999980926513672,0.8168173999999999,0.773968,0.8596668,0.8170623276557922,0.8165580723609924,0.00024492765579231524,-0.00025932763900748945,-0.0005042552947998047
00028_id00325_4vJtbNe0L98_faceswap_id00495_wavtolip.mp4,1,FakeVideo-FakeAudio,0.9982731342315674,0.816541485,0.7730637,0.86001927,0.8166101776557922,0.8160814546543121,6.869265579223516e-05,-0.0004600303456878674,-0.0005287230014801025
00028_id00325_4vJtbNe0L98_faceswap_id00735_wavtolip.mp4,1,FakeVideo-FakeAudio,0.9999985694885254,0.8166144,0.7734483,0.8597805,0.8168024776557923,0.8157555518726349,0.00018807765579231805,-0.0008588481273650306,-0.0010469257831573486
00028_id00325_4vJtbNe0L98_faceswap_id03858_wavtolip.mp4,1,FakeVideo-FakeAudio,0.9999974966049194,0.8166925,0.77396005,0.85942495,0.8170583526557922,0.8155012409156799,0.00036585265579214266,-0.001191259084320162,-0.0015571117401123047
00004_1_id00262_wavtolip.mp4,1,FakeVideo-FakeAudio,0.9999879598617554,0.8258304999999999,0.7926215,0.8590395,0.8263890776557923,0.8261076245231629,0.0005585776557923694,0.00027712452316297487,-0.00028145313262939453
00004_1_id00373_wavtolip.mp4,1,FakeVideo-FakeAudio,0.9999971389770508,0.825087375,0.7926224,0.85755235,0.8263895276557922,0.8256075743209839,0.0013021526557922547,0.0005201993209839051,-0.0007819533348083496
00004_1_id00569_wavtolip.mp4,1,FakeVideo-FakeAudio,0.9854509830474854,0.8261040500000001,0.7925775,0.8596306,0.8263670776557923,0.8233698282909394,0.0002630276557922251,-0.00273422170906068,-0.0029972493648529053
00004_1_id00581_wavtolip.mp4,1,FakeVideo-FakeAudio,0.9999943971633911,0.82614575,0.7926119,0.8596796,0.8263842776557923,0.8262327626487732,0.00023852765579224222,8.701264877319925e-05,-0.00015151500701904297
00004_1_id00633_wavtolip.mp4,1,FakeVideo-FakeAudio,0.9999958276748657,0.8258892,0.79261637,0.85916203,0.8263865126557922,0.8259038640447235,0.0004973126557922258,1.4664044723500247e-05,-0.0004826486110687256
00004_2_id00068_wavtolip.mp4,1,FakeVideo-FakeAudio,0.9997778534889221,0.8226256000000001,0.79221,0.8530412,0.8261833276557922,0.8258254911708831,0.003557727655792098,0.00319989117088304,-0.0003578364849090576
00004_2_id00332_wavtolip.mp4,1,FakeVideo-FakeAudio,0.9999865293502808,0.8260251599999999,0.79220587,0.85984445,0.8261812626557923,0.8256649076181031,0.00015610265579235616,-0.0003602523818968528,-0.000516355037689209
00004_2_id00581_wavtolip.mp4,1,FakeVideo-FakeAudio,0.9999948740005493,0.8259703300000001,0.79221576,0.8597249,0.8261862076557922,0.8257448352612304,0.00021587765579211826,-0.00022549473876964932,-0.0004413723945617676
00004_2_id03716_wavtolip.mp4,1,FakeVideo-FakeAudio,0.999996542930603,0.8258511,0.7922103,0.8594919,0.8261834776557923,0.8200174069561005,0.00033237765579230416,-0.005833693043899468,-0.0061660706996917725
00004_3_id00332_wavtolip.mp4,1,FakeVideo-FakeAudio,0.9999841451644897,0.825926095,0.79194516,0.85990703,0.8260509076557923,0.8254560831032562,0.000124812655792228,-0.00047001189674378274,-0.0005948245525360107
00004_3_id00434_wavtolip.mp4,1,FakeVideo-FakeAudio,0.999996542930603,0.8257610799999999,0.79193956,0.8595826,0.8260481076557922,0.8257637636978912,0.0002870276557922491,2.6836978912481158e-06,-0.000284343957901001
00004_3_id00495_wavtolip.mp4,1,FakeVideo-FakeAudio,0.9981755018234253,0.825978635,0.791938,0.86001927,0.8260473276557923,0.8253755535068512,6.869265579223516e-05,-0.0006030814931488049,-0.00067177414894104
00004_3_id03371_wavtolip.mp4,1,FakeVideo-FakeAudio,0.9999971389770508,0.8257636500000001,0.7919515,0.8595758,0.8260540776557923,0.8257958107299805,0.00029042765579223584,3.216072998046826e-05,-0.0002582669258117676
00004_3_id03716_wavtolip.mp4,1,FakeVideo-FakeAudio,0.9999963045120239,0.825777165,0.7919402,0.85961413,0.8260484276557922,0.8252612291122436,0.0002712626557922482,-0.0005159358877563358,-0.000787198543548584
00004_id00495_E46aiMUC4A0_faceswap_id00071_wavtolip.mp4,1,FakeVideo-FakeAudio,0.9998871088027954,0.7993272849999999,0.73879874,0.85985583,0.7994776976557922,0.7992601407023621,0.000150412655792298,-6.714429763787777e-05,-0.00021755695343017578
00004_id00495_E46aiMUC4A0_faceswap_id00434_wavtolip.mp4,1,FakeVideo-FakeAudio,0.999997615814209,0.7982426499999999,0.7379001,0.8585852,0.7990283776557923,0.7985241223609925,0.0007857276557923232,0.0002814723609925185,-0.0005042552947998047
00004_id00495_E46aiMUC4A0_faceswap_id00591_wavtolip.mp4,1,FakeVideo-FakeAudio,0.9988716244697571,0.7987777,0.7378346,0.8597208,0.7989956276557922,0.7988194363258362,0.00021792765579220497,4.173632583615028e-05,-0.0001761913299560547
00004_id00495_E46aiMUC4A0_faceswap_id00813_wavtolip.mp4,1,FakeVideo-FakeAudio,0.9999953508377075,0.798132375,0.7379801,0.85828465,0.7990683776557923,0.7986885768592835,0.0009360026557923007,0.0005562018592835116,-0.00037980079650878906
00014_id03371_truKMXt8Dak_faceswap_id00271_wavtolip.mp4,1,FakeVideo-FakeAudio,0.9901639819145203,0.8255026750000001,0.79193515,0.8590702,0.8260459026557923,0.8244892379505158,0.0005432276557921778,-0.0010134370494843115,-0.0015566647052764893
00014_id03371_truKMXt8Dak_faceswap_id00806_wavtolip.mp4,1,FakeVideo-FakeAudio,0.9998859167098999,0.82584375,0.7919252,0.8597623,0.8260409276557923,0.8244842629505158,0.00019717765579230218,-0.001359487049484187,-0.0015566647052764893
00014_id03371_truKMXt8Dak_faceswap_id01018_wavtolip.mp4,1,FakeVideo-FakeAudio,0.9999980926513672,0.8260170250000001,0.79192245,0.8601116,0.8260395526557922,0.8254963159233093,2.2527655792137224e-05,-0.0005207090766907729,-0.0005432367324829102
00014_id03371_truKMXt8Dak_faceswap_id03716_wavtolip.mp4,1,FakeVideo-FakeAudio,0.9999963045120239,0.82577285,0.79193157,0.85961413,0.8260441126557923,0.8257125916215515,0.0002712626557922482,-6.025837844847448e-05,-0.00033152103424072266
00020_id00569_gSynmpwioV4_faceswap_id00270_wavtolip.mp4,1,FakeVideo-FakeAudio,0.9999955892562866,0.823438,0.7869879,0.8598881,0.8235722776557922,0.8231864269878387,0.0001342776557922143,-0.0002515730121612769,-0.0003858506679534912
00020_id00569_gSynmpwioV4_faceswap_id00328_wavtolip.mp4,1,FakeVideo-FakeAudio,0.9999990463256836,0.82317762,0.7870222,0.85933304,0.8235894276557922,0.8230461909233093,0.0004118076557921846,-0.00013142907669072557,-0.0005432367324829102
00020_id00569_gSynmpwioV4_faceswap_id00395_wavtolip.mp4,1,FakeVideo-FakeAudio,0.9685810208320618,0.82343157,0.78708404,0.8597791,0.8236203476557922,0.8231312021384429,0.00018877765579217165,-0.0003003678615570715,-0.0004891455173492432
00020_id00569_gSynmpwioV4_faceswap_id00491_wavtolip.mp4,1,FakeVideo-FakeAudio,0.9998472929000854,0.82309404,0.78698665,0.85920143,0.8235716526557922,0.822165519480896,0.00047761265579226997,-0.0009285205191039703,-0.0014061331748962402
00020_id00569_gSynmpwioV4_faceswap_id00581_wavtolip.mp4,1,FakeVideo-FakeAudio,0.9999947547912598,0.823346965,0.78695303,0.8597409,0.8235548426557923,0.8232231428076172,0.00020787765579222128,-0.00012382219238282755,-0.00033169984817504883
00025_id00365_XV-imLNJvfk_faceswap_id00395_wavtolip.mp4,1,FakeVideo-FakeAudio,0.9654698967933655,0.8226324,0.7854857,0.8597791,0.8228211776557922,0.8226330355945587,0.00018877765579217165,6.355945586511424e-07,-0.0001881420612335205
00025_id00365_XV-imLNJvfk_faceswap_id00491_wavtolip.mp4,1,FakeVideo-FakeAudio,0.9998399019241333,0.822264215,0.785327,0.85920143,0.8227418276557923,0.8194954308757783,0.00047761265579226997,-0.002768784124221768,-0.003246396780014038
00025_id00365_XV-imLNJvfk_faceswap_id00581_wavtolip.mp4,1,FakeVideo-FakeAudio,0.9999969005584717,0.82218015,0.7855277,0.8588326,0.8228421776557923,0.8220549791122437,0.0006620276557922633,-0.00012517088775632068,-0.000787198543548584
00025_id00365_XV-imLNJvfk_faceswap_id00735_wavtolip.mp4,1,FakeVideo-FakeAudio,0.9990954399108887,0.822644615,0.7854185,0.85987073,0.8227875776557922,0.8223883457450867,0.00014296265579227807,-0.00025626925491328834,-0.0003992319107055664
00063_id00403_n4LSCxzFr6o_faceswap_id00071_wavtolip.mp4,1,FakeVideo-FakeAudio,0.9998863935470581,0.825970615,0.7920854,0.85985583,0.8261210276557922,0.8255777909233093,0.000150412655792187,-0.00039282407669072317,-0.0005432367324829102
00063_id00403_n4LSCxzFr6o_faceswap_id00234_wavtolip.mp4,1,FakeVideo-FakeAudio,0.9999986886978149,0.82533455,0.7919398,0.8587293,0.8260482276557922,0.8245036328910827,0.000713677655792222,-0.0008309171089172507,-0.0015445947647094727
00063_id00403_n4LSCxzFr6o_faceswap_id00495_wavtolip.mp4,1,FakeVideo-FakeAudio,0.9983898401260376,0.826023635,0.792028,0.86001927,0.8260923276557922,0.8260468195095062,6.869265579223516e-05,2.3184509506224416e-05,-4.550814628601074e-05
00063_id00403_n4LSCxzFr6o_faceswap_id00581_wavtolip.mp4,1,FakeVideo-FakeAudio,0.9999985694885254,0.8252554,0.7919358,0.858575,0.8260462276557923,0.8208977870563507,0.0007908276557923033,-0.004357612943649225,-0.005148440599441528
00063_id00403_n4LSCxzFr6o_faceswap_id03941_wavtolip.mp4,1,FakeVideo-FakeAudio,0.9930590391159058,0.825692425,0.7920601,0.85932475,0.8261083776557923,0.8256257290447235,0.00041595265579230656,-6.669595527641903e-05,-0.0004826486110687256
00028_id00287_2NpfYjyMsPM_faceswap_id00379_wavtolip.mp4,1,FakeVideo-FakeAudio,0.8885970711708069,0.82611252,0.79255164,0.8596734,0.8263541476557923,0.8259154872725678,0.00024162765579227585,-0.00019703272743221145,-0.0004386603832244873
00028_id00287_2NpfYjyMsPM_faceswap_id01002_wavtolip.mp4,1,FakeVideo-FakeAudio,0.9999388456344604,0.8258526900000001,0.79255724,0.85914814,0.8263569476557923,0.8260357978297425,0.0005042576557922063,0.00018310782974240158,-0.0003211498260498047
00028_id00287_2NpfYjyMsPM_faceswap_id03620_wavtolip.mp4,1,FakeVideo-FakeAudio,0.999995231628418,0.8242444,0.7923829,0.8561059,0.8262697776557922,0.8252228518726349,0.0020253776557922487,0.0009784518726349,-0.0010469257831573486
00028_id00287_2NpfYjyMsPM_faceswap_id03858_wavtolip.mp4,1,FakeVideo-FakeAudio,0.9998489618301392,0.826013275,0.792533,0.85949355,0.8263448276557923,0.8261121013202668,0.00033155265579232207,9.882632026680938e-05,-0.0002327263355255127
00028_id00287_2NpfYjyMsPM_faceswap_id03941_wavtolip.mp4,1,FakeVideo-FakeAudio,0.9928722381591797,0.8259351749999999,0.7925456,0.85932475,0.8263511276557922,0.8249597466304779,0.00041595265579230656,-0.0009754283695220245,-0.001391381025314331
00088_id00633_UXrTMta1EDM_faceswap_id00042_wavtolip.mp4,1,FakeVideo-FakeAudio,0.9744682908058167,0.8238555,0.7888609,0.8588501,0.8245087776557922,0.8239418778793335,0.0006532776557922615,8.637787933352126e-05,-0.0005668997764587402
00088_id00633_UXrTMta1EDM_faceswap_id00434_wavtolip.mp4,1,FakeVideo-FakeAudio,0.9999974966049194,0.823808885,0.78891367,0.8587041,0.8245351626557922,0.824057550637207,0.0007262776557921402,0.00024866563720693513,-0.0004776120185852051
00088_id00633_UXrTMta1EDM_faceswap_id03649_wavtolip.mp4,1,FakeVideo-FakeAudio,0.9948616623878479,0.82409405,0.7885125,0.8596756,0.8243345776557922,0.8242002883911133,0.0002405276557921887,0.00010623839111323363,-0.00013428926467895508
00028_id00495_E46aiMUC4A0_faceswap_id00328_wavtolip.mp4,1,FakeVideo-FakeAudio,0.9999984502792358,0.82522065,0.7905877,0.8598536,0.8253721776557923,0.8244867506576539,0.000151527655792294,-0.0007338993423461337,-0.0008854269981384277
00028_id00495_E46aiMUC4A0_faceswap_id00484_wavtolip.mp4,1,FakeVideo-FakeAudio,0.9999932050704956,0.82528433,0.79058576,0.8599829,0.8253712076557922,0.8247342128170776,8.687765579218354e-05,-0.0005501171829224161,-0.0006369948387145996
00028_id00495_E46aiMUC4A0_faceswap_id00826_wavtolip.mp4,1,FakeVideo-FakeAudio,0.9999991655349731,0.82504535,0.7905942,0.8594965,0.8253754276557923,0.8250453371330262,0.00033007765579229353,-1.286697381974733e-08,-0.0003300905227661133
00028_id00495_E46aiMUC4A0_faceswap_id03620_wavtolip.mp4,1,FakeVideo-FakeAudio,0.9999969005584717,0.8251717199999999,0.7905918,0.85975164,0.8253742276557923,0.8227331458457947,0.00020250765579232777,-0.002438574154205231,-0.0026410818099975586
00028_id00495_E46aiMUC4A0_faceswap_id03716_wavtolip.mp4,1,FakeVideo-FakeAudio,0.9999969005584717,0.825166,0.7905977,0.8597343,0.8253771776557922,0.8251164371372223,0.00021117765579226067,-4.9562862777685623e-05,-0.0002607405185699463
00005_id00262_3p7sRWAAh1Q_faceswap_id00271_wavtolip.mp4,1,FakeVideo-FakeAudio,0.9908022880554199,0.8244378649999999,0.78980553,0.8590702,0.8249810926557922,0.8247038416506195,0.0005432276557922888,0.00026597665061955933,-0.0002772510051727295
00005_id00262_3p7sRWAAh1Q_faceswap_id00897_wavtolip.mp4,1,FakeVideo-FakeAudio,0.9999977350234985,0.82489468,0.78974926,0.8600401,0.8249529576557922,0.8247648155945587,5.8277655792249305e-05,-0.0001298644054412712,-0.0001881420612335205
00005_id00262_3p7sRWAAh1Q_faceswap_id03589_wavtolip.mp4,1,FakeVideo-FakeAudio,0.9999969005584717,0.8244653049999999,0.78973925,0.85919136,0.8249479526557922,0.8242297464885712,0.00048264765579231206,-0.00023555851142875728,-0.0007182061672210693
00005_id00262_3p7sRWAAh1Q_faceswap_id03941_wavtolip.mp4,1,FakeVideo-FakeAudio,0.9999940395355225,0.8245498,0.7897414,0.8593582,0.8249490276557923,0.824579180834961,0.00039922765579225583,2.9380834960957003e-05,-0.00036984682083129883
00015_id00042_4yuJSkaZwn0_faceswap_id00188_wavtolip.mp4,1,FakeVideo-FakeAudio,0.9996241331100464,0.819822725,0.7799518,0.85969365,0.8200542276557923,0.8197769766506195,0.0002315026557923039,-4.57483493804256e-05,-0.0002772510051727295
00015_id00042_4yuJSkaZwn0_faceswap_id00232_wavtolip.mp4,1,FakeVideo-FakeAudio,0.9999948740005493,0.82019003,0.78124386,0.8591362,0.8207002576557922,0.8191359337536621,0.0005102276557922281,-0.0010540962463378989,-0.001564323902130127
00015_id00042_4yuJSkaZwn0_faceswap_id00484_wavtolip.mp4,1,FakeVideo-FakeAudio,0.9995861649513245,0.8204354899999999,0.78126895,0.85960203,0.8207128026557922,0.8203473069740295,0.00027731265579222786,-8.818302597046745e-05,-0.0003654956817626953
00015_id00042_4yuJSkaZwn0_faceswap_id00591_wavtolip.mp4,1,FakeVideo-FakeAudio,0.9987924098968506,0.81991115,0.7801015,0.8597208,0.8201290776557922,0.8189479520149231,0.00021792765579220497,-0.0009631979850769357,-0.0011811256408691406
00092_id00484_u7YTz8eFZv0_faceswap_id00287_wavtolip.mp4,1,FakeVideo-FakeAudio,0.9999258518218994,0.826042615,0.79242533,0.8596599,0.8262909926557922,0.8260142780924224,0.00024837765579222015,-2.8336907577530823e-05,-0.000276714563369751
00092_id00484_u7YTz8eFZv0_faceswap_id00484_wavtolip.mp4,1,FakeVideo-FakeAudio,0.9995492100715637,0.825985215,0.7923684,0.85960203,0.8262625276557922,0.8259452819339752,0.00027731265579222786,-3.9933066024788744e-05,-0.0003172457218170166
00092_id00484_u7YTz8eFZv0_faceswap_id01002_wavtolip.mp4,1,FakeVideo-FakeAudio,0.9999368190765381,0.8257523449999999,0.79235655,0.85914814,0.8262566026557923,0.8255429264415741,0.0005042576557923173,-0.00020941855842582235,-0.0007136762142181396
00092_id00484_u7YTz8eFZv0_faceswap_id03589_wavtolip.mp4,1,FakeVideo-FakeAudio,0.9999973773956299,0.82558067,0.79243624,0.8587251,0.8262964476557922,0.8232285071822357,0.0007157776557922269,-0.0023521628177642917,-0.0030679404735565186
00118_id00365_XV-imLNJvfk_faceswap_id00262_wavtolip.mp4,1,FakeVideo-FakeAudio,0.9999946355819702,0.82333193,0.7884887,0.85817516,0.8243226776557923,0.8233041832881928,0.0009907476557922124,-2.774671180727495e-05,-0.0010184943675994873
00118_id00365_XV-imLNJvfk_faceswap_id00328_wavtolip.mp4,1,FakeVideo-FakeAudio,0.998325526714325,0.82384101,0.78825057,0.85943145,0.8242036126557922,0.8233446203176117,0.0003626026557922435,-0.0004963896823882985,-0.000858992338180542
00118_id00365_XV-imLNJvfk_faceswap_id00569_wavtolip.mp4,1,FakeVideo-FakeAudio,0.9850316047668457,0.82379935,0.7879681,0.8596306,0.8240623776557923,0.8221920137050629,0.0002630276557922251,-0.001607336294937145,-0.0018703639507293701
00118_id00365_XV-imLNJvfk_faceswap_id00897_wavtolip.mp4,1,FakeVideo-FakeAudio,0.9999984502792358,0.8240504,0.78847355,0.85962725,0.8243151026557922,0.8235279041122436,0.0002647026557922594,-0.0005224958877563246,-0.000787198543548584
00118_id00365_XV-imLNJvfk_faceswap_id03716_wavtolip.mp4,1,FakeVideo-FakeAudio,0.9999971389770508,0.8236364,0.7884734,0.8587994,0.8243150276557922,0.8237717909233093,0.0006786276557921855,0.00013539092330927538,-0.0005432367324829102
00078_0_id00271_wavtolip.mp4,1,FakeVideo-FakeAudio,0.991047203540802,0.7988371000000001,0.738604,0.8590702,0.7993803276557923,0.7990199877758026,0.0005432276557921778,0.00018288777580255378,-0.000360339879989624
00078_0_id00569_wavtolip.mp4,1,FakeVideo-FakeAudio,0.9879775047302246,0.79894758,0.73826456,0.8596306,0.7992106076557922,0.7989622351010132,0.0002630276557922251,1.4655101013172356e-05,-0.00024837255477905273
00078_0_id00634_wavtolip.mp4,1,FakeVideo-FakeAudio,0.9999983310699463,0.798482725,0.73777825,0.8591872,0.7989674526557922,0.7988042849407195,0.00048472765579221644,0.0003215599407195846,-0.00016316771507263184
00078_0_id03816_wavtolip.mp4,1,FakeVideo-FakeAudio,0.9865136742591858,0.79899268,0.73809826,0.8598871,0.7991274576557923,0.7988644223583985,0.00013477765579228418,-0.00012825764160151465,-0.00026303529739379883
00078_id00330_zCFFgGSIZ_s_faceswap_id00042_wavtolip.mp4,1,FakeVideo-FakeAudio,0.999997615814209,0.825509625,0.79219115,0.8588281,0.8261739026557922,0.8260396133911132,0.0006642776557921337,0.0005299883911131786,-0.00013428926467895508
00078_id00330_zCFFgGSIZ_s_faceswap_id00379_wavtolip.mp4,1,FakeVideo-FakeAudio,0.9999972581863403,0.82591865,0.7921979,0.8596394,0.8261772776557923,0.8257780457450867,0.0002586276557923206,-0.0001406042549132458,-0.0003992319107055664
00078_id00330_zCFFgGSIZ_s_faceswap_id00569_wavtolip.mp4,1,FakeVideo-FakeAudio,0.9874259233474731,0.82591877,0.79220694,0.8596306,0.8261817976557922,0.8257699891650391,0.0002630276557922251,-0.00014878083496094874,-0.00041180849075317383
00078_id00330_zCFFgGSIZ_s_faceswap_id03716_wavtolip.mp4,1,FakeVideo-FakeAudio,0.999996542930603,0.825833775,0.79217565,0.8594919,0.8261661526557922,0.8259031173583984,0.00033237765579219314,6.934235839839431e-05,-0.00026303529739379883
00311_id00330_zCFFgGSIZ_s_faceswap_id00262_wavtolip.mp4,1,FakeVideo-FakeAudio,0.9999946355819702,0.824813475,0.79104155,0.8585854,0.8255991026557923,0.8253507301010132,0.0007856276557922648,0.0005372551010132121,-0.00024837255477905273
00311_id00330_zCFFgGSIZ_s_faceswap_id00365_wavtolip.mp4,1,FakeVideo-FakeAudio,0.6780281066894531,0.82432125,0.7910414,0.8576011,0.8255990276557923,0.8253675232154847,0.0012777776557922893,0.0010462732154846721,-0.0002315044403076172
00311_id00330_zCFFgGSIZ_s_faceswap_id00591_wavtolip.mp4,1,FakeVideo-FakeAudio,0.9987744688987732,0.8253407349999999,0.79096067,0.8597208,0.8255586626557923,0.8251192870168305,0.000217927655792316,-0.000221447983169476,-0.000439375638961792
00311_id00330_zCFFgGSIZ_s_faceswap_id00633_wavtolip.mp4,1,FakeVideo-FakeAudio,0.9999959468841553,0.824889475,0.7910543,0.85872465,0.8256054776557922,0.8255472141155242,0.0007160026557921917,0.0006577391155242474,-5.8263540267944336e-05
00311_id00330_zCFFgGSIZ_s_faceswap_id03716_wavtolip.mp4,1,FakeVideo-FakeAudio,0.999996542930603,0.825021515,0.79104483,0.8589982,0.8256007426557923,0.8253828280744935,0.0005792276557923248,0.0003613130744934967,-0.00021791458129882812
00043_id00633_UXrTMta1EDM_faceswap_id00071_wavtolip.mp4,1,FakeVideo-FakeAudio,0.9998812675476074,0.822878985,0.78590214,0.85985583,0.8230293976557923,0.8227663623583985,0.000150412655792298,-0.00011262264160150082,-0.00026303529739379883
00043_id00633_UXrTMta1EDM_faceswap_id00270_wavtolip.mp4,1,FakeVideo-FakeAudio,0.9999954700469971,0.82285735,0.7858266,0.8598881,0.8229916276557923,0.8228313209636688,0.0001342776557922143,-2.6029036331198796e-05,-0.00016030669212341309
00043_id00633_UXrTMta1EDM_faceswap_id00332_wavtolip.mp4,1,FakeVideo-FakeAudio,0.9999971389770508,0.822730175,0.7859578,0.85950255,0.8230572276557923,0.8226972752059937,0.0003270526557922482,-3.28997940063358e-05,-0.000359952449798584
00043_id00633_UXrTMta1EDM_faceswap_id00395_wavtolip.mp4,1,FakeVideo-FakeAudio,0.9670073390007019,0.82279535,0.7858116,0.8597791,0.8229841276557923,0.8226211353691102,0.00018877765579228267,-0.00017421463088984623,-0.0003629922866821289
00043_id00633_UXrTMta1EDM_faceswap_id01018_wavtolip.mp4,1,FakeVideo-FakeAudio,0.9999984502792358,0.8229742,0.7859578,0.8599906,0.8230572276557923,0.8228408329929352,8.302765579226712e-05,-0.00013336700706478855,-0.00021639466285705566
00420_id00823_KgExwCvgrUk_faceswap_id00188_wavtolip.mp4,1,FakeVideo-FakeAudio,0.9999969005584717,0.8248377,0.7900762,0.8595992,0.8251164276557923,0.824761571403122,0.000278727655792288,-7.612859687800011e-05,-0.0003548562526702881
00420_id00823_KgExwCvgrUk_faceswap_id00271_wavtolip.mp4,1,FakeVideo-FakeAudio,0.990327775478363,0.8245568999999999,0.7900436,0.8590702,0.8251001276557922,0.8235248663013458,0.0005432276557922888,-0.0010320336986541223,-0.0015752613544464111
00420_id00823_KgExwCvgrUk_faceswap_id00330_wavtolip.mp4,1,FakeVideo-FakeAudio,0.9999568462371826,0.82480575,0.7900285,0.859583,0.8250925776557922,0.8245638546543121,0.00028682765579224334,-0.0002418953456878592,-0.0005287230014801025
00420_id00823_KgExwCvgrUk_faceswap_id00897_wavtolip.mp4,1,FakeVideo-FakeAudio,0.9999978542327881,0.825007975,0.79003215,0.8599838,0.8250944026557923,0.8239031740276337,8.642765579225387e-05,-0.0011048009723663155,-0.0011912286281585693
00052_id00234_M3g5KRLJB60_faceswap_id00232_wavtolip.mp4,1,FakeVideo-FakeAudio,0.9999947547912598,0.8256905999999999,0.792245,0.8591362,0.8262008276557922,0.8246507790660857,0.0005102276557922281,-0.0010398209339141928,-0.001550048589706421
00052_id00234_M3g5KRLJB60_faceswap_id00365_wavtolip.mp4,1,FakeVideo-FakeAudio,0.6609877347946167,0.824914125,0.79222715,0.8576011,0.8261919026557922,0.8259922568981171,0.0012777776557921783,0.0010781318981170074,-0.0001996457576751709
00052_id00234_M3g5KRLJB60_faceswap_id00806_wavtolip.mp4,1,FakeVideo-FakeAudio,0.9999815225601196,0.82571365,0.7924743,0.858953,0.8263154776557922,0.8260738404258727,0.0006018276557921975,0.00036019042587276395,-0.0002416372299194336
00052_id00234_M3g5KRLJB60_faceswap_id01018_wavtolip.mp4,1,FakeVideo-FakeAudio,0.999998927116394,0.82604508,0.7924706,0.85961956,0.8263136276557923,0.8260549434974671,0.0002685476557923172,9.863497467121896e-06,-0.0002586841583251953
00046_id00330_zCFFgGSIZ_s_faceswap_id00325_wavtolip.mp4,1,FakeVideo-FakeAudio,0.9984561204910278,0.8184867,0.7777561,0.8592173,0.8189563776557922,0.8186933423583984,0.0004696776557922,0.00020664235839840117,-0.00026303529739379883
00046_id00330_zCFFgGSIZ_s_faceswap_id00403_wavtolip.mp4,1,FakeVideo-FakeAudio,0.9999415874481201,0.818757145,0.77793735,0.85957694,0.8190470026557922,0.8175558434551239,0.0002898576557922583,-0.0012013015448760767,-0.001491159200668335
00046_id00330_zCFFgGSIZ_s_faceswap_id00633_wavtolip.mp4,1,FakeVideo-FakeAudio,0.9987815022468567,0.81801515,0.7779675,0.8580628,0.8190620776557922,0.8188264008903503,0.0010469276557921736,0.0008112508903502791,-0.00023567676544189453
00046_id00330_zCFFgGSIZ_s_faceswap_id00806_wavtolip.mp4,1,FakeVideo-FakeAudio,0.9999957084655762,0.81747277,0.7776998,0.85724574,0.8189282276557923,0.8185762026237489,0.0014554576557923582,0.0011034326237489012,-0.00035202503204345703
00046_id00330_zCFFgGSIZ_s_faceswap_id00823_wavtolip.mp4,1,FakeVideo-FakeAudio,0.9998807907104492,0.81862485,0.777819,0.8594307,0.8189878276557923,0.8184835723609925,0.0003629776557922959,-0.00014127763900750878,-0.0005042552947998047
00202_id03844_AEAEN1Lns2c_faceswap_id00395_wavtolip.mp4,1,FakeVideo-FakeAudio,0.9673581719398499,0.823035915,0.78629273,0.8597791,0.8232246926557922,0.8197715571653748,0.00018877765579228267,-0.003264357834625198,-0.0034531354904174805
00202_id03844_AEAEN1Lns2c_faceswap_id00484_wavtolip.mp4,1,FakeVideo-FakeAudio,0.9999970197677612,0.822839705,0.78624266,0.85943675,0.8231996576557923,0.8228059391747284,0.00035995265579225055,-3.376582527159222e-05,-0.0003937184810638428
00202_id03844_AEAEN1Lns2c_faceswap_id00826_wavtolip.mp4,1,FakeVideo-FakeAudio,0.9999991655349731,0.8228723,0.786292,0.8594526,0.8232243276557922,0.8230813063106537,0.00035202765579223083,0.00020900631065368103,-0.0001430213451385498
00202_id03844_AEAEN1Lns2c_faceswap_id01002_wavtolip.mp4,1,FakeVideo-FakeAudio,0.9999384880065918,0.8226978199999999,0.7862475,0.85914814,0.8232020776557922,0.8229604404258728,0.0005042576557923173,0.0002626204258728837,-0.0002416372299194336
00122_id00633_UXrTMta1EDM_faceswap_id00569_wavtolip.mp4,1,FakeVideo-FakeAudio,0.9998891353607178,0.82547655,0.7913334,0.8596197,0.8257450276557923,0.8254863434974671,0.00026847765579229854,9.79349746710323e-06,-0.0002586841583251953
00122_id00633_UXrTMta1EDM_faceswap_id01002_wavtolip.mp4,1,FakeVideo-FakeAudio,0.9999395608901978,0.8252995,0.79145086,0.85914814,0.8258037576557922,0.8253780016781616,0.0005042576557922063,7.850167816159104e-05,-0.00042575597763061523
00122_id00633_UXrTMta1EDM_faceswap_id03620_wavtolip.mp4,1,FakeVideo-FakeAudio,0.9999967813491821,0.8254983,0.7914477,0.8595489,0.8258021776557922,0.8225227301002502,0.00030387765579220627,-0.002975569899749786,-0.003279447555541992
00122_id00633_UXrTMta1EDM_faceswap_id03716_wavtolip.mp4,1,FakeVideo-FakeAudio,0.9999967813491821,0.82550973,0.79144806,0.8595714,0.8258023576557922,0.8255858139813232,0.0002926276557921881,7.608398132319394e-05,-0.00021654367446899414
00122_id00633_UXrTMta1EDM_faceswap_id03941_wavtolip.mp4,1,FakeVideo-FakeAudio,0.9921707510948181,0.8253784449999999,0.79143214,0.85932475,0.8257943976557922,0.8245166230834198,0.00041595265579230656,-0.00086182191658013,-0.0012777745723724365
00027_id00395_wM5kGJfTtEM_faceswap_id00271_wavtolip.mp4,1,FakeVideo-FakeAudio,0.989639163017273,0.80480353,0.75053686,0.8590702,0.8053467576557922,0.8049308066422272,0.0005432276557921778,0.00012727664222711432,-0.0004159510135650635
00027_id00395_wM5kGJfTtEM_faceswap_id00330_wavtolip.mp4,1,FakeVideo-FakeAudio,0.9999674558639526,0.8051336499999999,0.750605,0.8596623,0.8053808276557922,0.8051129643821716,0.00024717765579229667,-2.06856178283088e-05,-0.00026786327362060547
00027_id00395_wM5kGJfTtEM_faceswap_id00496_wavtolip.mp4,1,FakeVideo-FakeAudio,0.9999446868896484,0.8045893900000001,0.75058603,0.85859275,0.8053713426557922,0.8046531364885712,0.000781952655792173,6.374648857110365e-05,-0.0007182061672210693
00027_id00395_wM5kGJfTtEM_faceswap_id03649_wavtolip.mp4,1,FakeVideo-FakeAudio,0.9999979734420776,0.805021085,0.75038207,0.8596601,0.8052693626557923,0.805154415098343,0.0002482776557922728,0.00013333009834293197,-0.00011494755744934082
00027_id00395_wM5kGJfTtEM_faceswap_id03651_wavtolip.mp4,1,FakeVideo-FakeAudio,0.9999980926513672,0.8050305200000001,0.75042224,0.8596388,0.8052894476557922,0.8049722019339752,0.0002589276557921627,-5.83180660248539e-05,-0.0003172457218170166
00015_id00262_3p7sRWAAh1Q_faceswap_id00188_wavtolip.mp4,1,FakeVideo-FakeAudio,0.999619722366333,0.822577575,0.7854615,0.85969365,0.8228090776557923,0.8166430069561005,0.0002315026557923039,-0.005934568043899469,-0.0061660706996917725
00015_id00262_3p7sRWAAh1Q_faceswap_id00234_wavtolip.mp4,1,FakeVideo-FakeAudio,0.9977424144744873,0.822222505,0.78556234,0.85888267,0.8228594976557922,0.822562606920166,0.0006369926557922012,0.0003401019201659805,-0.0002968907356262207
00015_id00262_3p7sRWAAh1Q_faceswap_id00374_wavtolip.mp4,1,FakeVideo-FakeAudio,0.5760728716850281,0.8222754,0.78554213,0.85900867,0.8228493926557923,0.8224973676237488,0.000573992655792277,0.00022196762374881995,-0.00035202503204345703
00239_0_id00330_wavtolip.mp4,1,FakeVideo-FakeAudio,0.9999549388885498,0.8246804750000001,0.7897492,0.85961175,0.8249529276557923,0.8247214828201295,0.00027245265579223243,4.100782012939064e-05,-0.0002314448356628418
00239_0_id00491_wavtolip.mp4,1,FakeVideo-FakeAudio,0.999982476234436,0.82452877,0.7897524,0.85930514,0.8249545276557922,0.8245116949474335,0.0004257576557922249,-1.707505256653974e-05,-0.00044283270835876465
00239_0_id03589_wavtolip.mp4,1,FakeVideo-FakeAudio,0.9999966621398926,0.82441795,0.7897507,0.8590852,0.8249536776557922,0.8242923641220092,0.0005357276557922397,-0.0001255858779907193,-0.000661313533782959
00239_0_id03816_wavtolip.mp4,1,FakeVideo-FakeAudio,0.9999988079071045,0.82479017,0.78974634,0.859834,0.8249514976557922,0.8245121220168304,0.00016132765579224273,-0.00027804798316954926,-0.000439375638961792
00239_0_id03941_wavtolip.mp4,1,FakeVideo-FakeAudio,0.9919214248657227,0.82449865,0.78967255,0.85932475,0.8249146026557923,0.824544755834961,0.00041595265579230656,4.610583496100773e-05,-0.00036984682083129883
00239_1_id00262_wavtolip.mp4,1,FakeVideo-FakeAudio,0.999994158744812,0.82182768,0.78549576,0.8581596,0.8228262076557922,0.8227575133026885,0.0009985276557922251,0.0009298333026885874,-6.86943531036377e-05
00239_1_id00735_wavtolip.mp4,1,FakeVideo-FakeAudio,0.999147891998291,0.822704015,0.7855373,0.85987073,0.8228469776557923,0.8226304339813233,0.00014296265579227807,-7.358101867671607e-05,-0.00021654367446899414
00239_1_id01002_wavtolip.mp4,1,FakeVideo-FakeAudio,0.9999386072158813,0.82234182,0.7855355,0.85914814,0.8228460776557922,0.8222090828170776,0.0005042576557922063,-0.00013273718292239334,-0.0006369948387145996
00239_1_id03649_wavtolip.mp4,1,FakeVideo-FakeAudio,0.9953048229217529,0.82248495,0.7852943,0.8596756,0.8227254776557922,0.8202131418785095,0.0002405276557921887,-0.002271808121490526,-0.002512335777282715
00239_1_id03716_wavtolip.mp4,1,FakeVideo-FakeAudio,0.9999969005584717,0.82212878,0.78548646,0.8587711,0.8228215576557922,0.8215160371212769,0.0006927776557922316,-0.0006127428787231493,-0.0013055205345153809
00239_2_id00287_wavtolip.mp4,1,FakeVideo-FakeAudio,0.999925971031189,0.825347,0.7910341,0.8596599,0.8255953776557923,0.8230814325531006,0.00024837765579222015,-0.0022655674468994302,-0.0025139451026916504
00239_2_id00332_wavtolip.mp4,1,FakeVideo-FakeAudio,0.9916669726371765,0.825316285,0.79107827,0.8595543,0.8256174626557922,0.8249971273152923,0.00030117765579218414,-0.0003191576847076938,-0.0006203353404998779
00239_2_id00633_wavtolip.mp4,1,FakeVideo-FakeAudio,0.9986526966094971,0.8246030200000001,0.79114324,0.8580628,0.8256499476557922,0.8254320330744934,0.0010469276557921736,0.0008290130744933455,-0.00021791458129882812
00239_2_id00735_wavtolip.mp4,1,FakeVideo-FakeAudio,0.9991092085838318,0.82546264,0.79105455,0.85987073,0.8256056026557923,0.8223440960983277,0.00014296265579227807,-0.0031185439016723215,-0.0032615065574645996
00239_2_id03371_wavtolip.mp4,1,FakeVideo-FakeAudio,0.9990678429603577,0.824710695,0.79111755,0.85830384,0.8256371026557923,0.8253054028076172,0.0009264076557922163,0.0005947078076171675,-0.00033169984817504883
00010_id03371_truKMXt8Dak_faceswap_id00271_wavtolip.mp4,1,FakeVideo-FakeAudio,0.9901651740074158,0.824344585,0.78961897,0.8590702,0.8248878126557923,0.8230174487050629,0.0005432276557922888,-0.0013271362949370813,-0.0018703639507293701
00010_id03371_truKMXt8Dak_faceswap_id00330_wavtolip.mp4,1,FakeVideo-FakeAudio,0.9861378073692322,0.8243372449999999,0.78972334,0.85895115,0.8249399976557923,0.8243967609233094,0.000602752655792349,5.951592330943889e-05,-0.0005432367324829102
00010_id03371_truKMXt8Dak_faceswap_id00496_wavtolip.mp4,1,FakeVideo-FakeAudio,0.9999325275421143,0.8223475,0.789802,0.854893,0.8249793276557922,0.824376575685501,0.002631827655792174,0.002029075685501036,-0.0006027519702911377
00010_id03371_truKMXt8Dak_faceswap_id01018_wavtolip.mp4,1,FakeVideo-FakeAudio,0.9999991655349731,0.8244084700000001,0.78974354,0.8590734,0.8249500976557922,0.8234639750476074,0.0005416276557921318,-0.0009444949523926827,-0.0014861226081848145
00130_id00634_z5t9oJizDQg_faceswap_id00071_wavtolip.mp4,1,FakeVideo-FakeAudio,0.999880313873291,0.825031565,0.7902073,0.85985583,0.8251819776557923,0.8250251578353882,0.000150412655792298,-6.407164611754723e-06,-0.00015681982040405273
00130_id00634_z5t9oJizDQg_faceswap_id00325_wavtolip.mp4,1,FakeVideo-FakeAudio,0.9999986886978149,0.8247789000000001,0.7902624,0.8592954,0.8252095276557923,0.8237183684551239,0.00043062765579215956,-0.0010605315448761754,-0.001491159200668335
00130_id00634_z5t9oJizDQg_faceswap_id00395_wavtolip.mp4,1,FakeVideo-FakeAudio,0.9714013338088989,0.8250296500000001,0.7902802,0.8597791,0.8252184276557922,0.8249039535499573,0.00018877765579217165,-0.0001256964500427893,-0.00031447410583496094
00130_id00634_z5t9oJizDQg_faceswap_id00591_wavtolip.mp4,1,FakeVideo-FakeAudio,0.9988223910331726,0.82499585,0.7902709,0.8597208,0.8252137776557922,0.8250599678699493,0.00021792765579220497,6.411786994930946e-05,-0.0001538097858428955
00130_id00634_z5t9oJizDQg_faceswap_id00823_wavtolip.mp4,1,FakeVideo-FakeAudio,0.999875545501709,0.82485975,0.7902888,0.8594307,0.8252227276557922,0.8238767057651519,0.0003629776557921849,-0.000983044234848074,-0.0013460218906402588
00001_id00897_0ayFw8JhoyI_faceswap_id00262_wavtolip.mp4,1,FakeVideo-FakeAudio,0.9999854564666748,0.8233338,0.78719896,0.85946864,0.8236778076557922,0.8222194608120728,0.00034400765579223336,-0.001114339187927249,-0.0014583468437194824
00001_id00897_0ayFw8JhoyI_faceswap_id00633_wavtolip.mp4,1,FakeVideo-FakeAudio,0.9999936819076538,0.82332077,0.7871974,0.85944414,0.8236770276557923,0.8234691564571381,0.0003562576557922803,0.0001483864571381055,-0.0002078711986541748
00001_id00897_0ayFw8JhoyI_faceswap_id03371_wavtolip.mp4,1,FakeVideo-FakeAudio,0.999997615814209,0.82340065,0.7871974,0.8596039,0.8236770276557923,0.8231337909233094,0.0002763776557923592,-0.000266859076690551,-0.0005432367324829102
00088_id01002_eQTviHjyISo_faceswap_id00232_wavtolip.mp4,1,FakeVideo-FakeAudio,0.9985101819038391,0.8250377799999999,0.79083496,0.8592406,0.8254958076557922,0.8239391429505157,0.00045802765579228133,-0.001098637049484208,-0.0015566647052764893
00088_id01002_eQTviHjyISo_faceswap_id00270_wavtolip.mp4,1,FakeVideo-FakeAudio,0.9208944439888,0.825347075,0.790796,0.85989815,0.8254763276557923,0.8253198356609345,0.00012925265579222245,-2.7239339065565638e-05,-0.00015649199485778809
00088_id01002_eQTviHjyISo_faceswap_id00735_wavtolip.mp4,1,FakeVideo-FakeAudio,0.999060332775116,0.8253348149999999,0.7907989,0.85987073,0.8254777776557922,0.8252896355945587,0.00014296265579227807,-4.517940544124244e-05,-0.0001881420612335205
00088_id01002_eQTviHjyISo_faceswap_id03620_wavtolip.mp4,1,FakeVideo-FakeAudio,0.9999972581863403,0.8243872,0.7909273,0.8578471,0.8255419776557922,0.8250811741470336,0.001154777655792194,0.0006939741470336491,-0.0004608035087585449
00078_id03649_389qfFqUddI_faceswap_id00188_wavtolip.mp4,1,FakeVideo-FakeAudio,0.9996097683906555,0.8248633249999999,0.790033,0.85969365,0.8250948276557922,0.8224668886699676,0.0002315026557923039,-0.002396436330032281,-0.002627938985824585
00078_id03649_389qfFqUddI_faceswap_id00569_wavtolip.mp4,1,FakeVideo-FakeAudio,0.9863207936286926,0.82482562,0.79002064,0.8596306,0.8250886476557923,0.8246949291747284,0.0002630276557922251,-0.00013069082527161768,-0.0003937184810638428
00078_id03649_389qfFqUddI_faceswap_id00581_wavtolip.mp4,1,FakeVideo-FakeAudio,0.9999980926513672,0.824303535,0.79010653,0.85850054,0.8251315926557923,0.8247753058916474,0.0008280576557923025,0.00047177089164740504,-0.00035628676414489746
00078_id03649_389qfFqUddI_faceswap_id01002_wavtolip.mp4,1,FakeVideo-FakeAudio,0.999937891960144,0.824613835,0.79007953,0.85914814,0.8251180926557922,0.8245946446653747,0.0005042576557922063,-1.9190334625274197e-05,-0.0005234479904174805
00078_id03649_389qfFqUddI_faceswap_id03941_wavtolip.mp4,1,FakeVideo-FakeAudio,0.9920177459716797,0.824694525,0.7900643,0.85932475,0.8251104776557923,0.8250545983013153,0.00041595265579230656,0.00036007330131537785,-5.587935447692871e-05
00037_id03844_AEAEN1Lns2c_faceswap_id00234_wavtolip.mp4,1,FakeVideo-FakeAudio,0.9999978542327881,0.8186031,0.7778198,0.8593864,0.8189882276557923,0.8186079798244477,0.00038512765579223895,4.879824447634462e-06,-0.0003802478313446045
00037_id03844_AEAEN1Lns2c_faceswap_id00328_wavtolip.mp4,1,FakeVideo-FakeAudio,0.9983674883842468,0.8185210549999999,0.77761066,0.85943145,0.8188836576557923,0.8173572721100617,0.0003626026557923545,-0.0011637828899382363,-0.0015263855457305908
00037_id03844_AEAEN1Lns2c_faceswap_id00332_wavtolip.mp4,1,FakeVideo-FakeAudio,0.9999974966049194,0.818632625,0.7777627,0.85950255,0.8189596776557923,0.8165034596515656,0.0003270526557922482,-0.0021291653484344364,-0.0024562180042266846
00037_id03844_AEAEN1Lns2c_faceswap_id00373_wavtolip.mp4,1,FakeVideo-FakeAudio,0.999997615814209,0.81745276,0.77784896,0.85705656,0.8190028076557923,0.816541165628891,0.0015500476557922527,-0.0009115943711089924,-0.002461642026901245
00037_id03844_AEAEN1Lns2c_faceswap_id00569_wavtolip.mp4,1,FakeVideo-FakeAudio,0.9857446551322937,0.81840875,0.7771869,0.8596306,0.8186717776557922,0.8176248518726349,0.0002630276557922251,-0.0007838981273651235,-0.0010469257831573486
00005_id00379_fgkgYHCuk4g_faceswap_id00188_wavtolip.mp4,1,FakeVideo-FakeAudio,0.9996305704116821,0.814027325,0.768361,0.85969365,0.8142588276557923,0.8108794529132843,0.0002315026557923039,-0.0031478720867156307,-0.0033793747425079346
00005_id00379_fgkgYHCuk4g_faceswap_id00232_wavtolip.mp4,1,FakeVideo-FakeAudio,0.9985985159873962,0.81370295,0.7681653,0.8592406,0.8141609776557923,0.8136567223609925,0.00045802765579228133,-4.622763900752336e-05,-0.0005042552947998047
00005_id00379_fgkgYHCuk4g_faceswap_id00403_wavtolip.mp4,1,FakeVideo-FakeAudio,0.9999369382858276,0.81405315,0.76852936,0.85957694,0.8143430076557923,0.813673826308899,0.0002898576557922583,-0.00037932369110105224,-0.0006691813468933105
00005_id00379_fgkgYHCuk4g_faceswap_id00569_wavtolip.mp4,1,FakeVideo-FakeAudio,0.98777174949646,0.8140672,0.7685038,0.8596306,0.8143302276557922,0.81364882735672,0.0002630276557922251,-0.00041837264328004053,-0.0006814002990722656
00169_id00897_0ayFw8JhoyI_faceswap_id00234_wavtolip.mp4,1,FakeVideo-FakeAudio,0.997724711894989,0.824429235,0.7899758,0.85888267,0.8250662276557923,0.8247949669174195,0.0006369926557923122,0.0003657319174195095,-0.00027126073837280273
00169_id00897_0ayFw8JhoyI_faceswap_id00271_wavtolip.mp4,1,FakeVideo-FakeAudio,0.9893640279769897,0.8244495199999999,0.78982884,0.8590702,0.8249927476557922,0.8216133729132843,0.0005432276557922888,-0.0028361470867156457,-0.0033793747425079346
00169_id00897_0ayFw8JhoyI_faceswap_id00634_wavtolip.mp4,1,FakeVideo-FakeAudio,0.9995232820510864,0.824665135,0.78997207,0.8593582,0.8250643626557923,0.8248949364530183,0.00039922765579225583,0.00022980145301820798,-0.00016942620277404785
00169_id00897_0ayFw8JhoyI_faceswap_id03716_wavtolip.mp4,1,FakeVideo-FakeAudio,0.9999977350234985,0.8239237749999999,0.78989565,0.8579519,0.8250261526557923,0.8241459112617493,0.0011023776557923526,0.00022213626174938383,-0.0008802413940429688
00169_id00897_0ayFw8JhoyI_faceswap_id03844_wavtolip.mp4,1,FakeVideo-FakeAudio,0.9989012479782104,0.824463125,0.78982705,0.8590992,0.8249918526557922,0.8234723216442108,0.0005287276557922604,-0.0009908033557891605,-0.001519531011581421
00125_id00395_wM5kGJfTtEM_faceswap_id00332_wavtolip.mp4,1,FakeVideo-FakeAudio,0.9999871253967285,0.8155393,0.77118033,0.85989827,0.8156684926557922,0.8152525416422272,0.00012919265579225403,-0.00028675835777280945,-0.0004159510135650635
00125_id00395_wM5kGJfTtEM_faceswap_id00379_wavtolip.mp4,1,FakeVideo-FakeAudio,0.9999974966049194,0.81540915,0.7711789,0.8596394,0.8156677776557922,0.8154644662124634,0.0002586276557922096,5.5316212463352166e-05,-0.00020331144332885742
00125_id00395_wM5kGJfTtEM_faceswap_id03651_wavtolip.mp4,1,FakeVideo-FakeAudio,0.9997523427009583,0.81718406,0.77464455,0.85972357,0.8174006026557923,0.8168728929332734,0.0002165426557922956,-0.0003111670667266253,-0.0005277097225189209
00125_id00395_wM5kGJfTtEM_faceswap_id03858_wavtolip.mp4,1,FakeVideo-FakeAudio,0.9999958276748657,0.8155115,0.7712189,0.8598041,0.8156877776557923,0.8115607520515442,0.0001762776557923118,-0.003950747948455735,-0.004127025604248047
00125_id00395_wM5kGJfTtEM_faceswap_id03941_wavtolip.mp4,1,FakeVideo-FakeAudio,0.9929428100585938,0.815248625,0.7711725,0.85932475,0.8156645776557923,0.8141784550476074,0.00041595265579230656,-0.001070169952392508,-0.0014861226081848145
00065_id00581_7AxvP19LGKg_faceswap_id00071_wavtolip.mp4,1,FakeVideo-FakeAudio,0.9998836517333984,0.826085715,0.7923156,0.85985583,0.8262361276557922,0.8260195839813232,0.000150412655792187,-6.613101867680715e-05,-0.00021654367446899414
00065_id00581_7AxvP19LGKg_faceswap_id00188_wavtolip.mp4,1,FakeVideo-FakeAudio,0.9996272325515747,0.82596961,0.79224557,0.85969365,0.8262011126557922,0.8236871675531006,0.00023150265579219287,-0.0022824424468994575,-0.0025139451026916504
00065_id00581_7AxvP19LGKg_faceswap_id00806_wavtolip.mp4,1,FakeVideo-FakeAudio,0.9999620914459229,0.82586425,0.7923344,0.8593941,0.8262455276557923,0.8259486369201661,0.00038127765579232253,8.438692016610183e-05,-0.0002968907356262207
00065_id00581_7AxvP19LGKg_faceswap_id00823_wavtolip.mp4,1,FakeVideo-FakeAudio,0.9998751878738403,0.82586692,0.79230314,0.8594307,0.8262298976557922,0.8259691571372223,0.0003629776557922959,0.00010223713722234962,-0.0002607405185699463
00065_id00581_7AxvP19LGKg_faceswap_id01018_wavtolip.mp4,1,FakeVideo-FakeAudio,0.9999985694885254,0.8261245,0.7923337,0.8599153,0.8262451776557922,0.8243748137050628,0.00012067765579215628,-0.0017496862949372138,-0.0018703639507293701
00005_id00591_1Jo8xElXQMs_faceswap_id00188_wavtolip.mp4,1,FakeVideo-FakeAudio,0.9996277093887329,0.8214739600000001,0.78325427,0.85969365,0.8217054626557923,0.8213753721330261,0.00023150265579219287,-9.858786697392041e-05,-0.0003300905227661133
00005_id00591_1Jo8xElXQMs_faceswap_id00332_wavtolip.mp4,1,FakeVideo-FakeAudio,0.9921032786369324,0.82144285,0.7833314,0.8595543,0.8217440276557922,0.8212205796653748,0.00030117765579229516,-0.0002222703346251853,-0.0005234479904174805
00005_id00591_1Jo8xElXQMs_faceswap_id00735_wavtolip.mp4,1,FakeVideo-FakeAudio,0.9991472959518433,0.821654965,0.7834392,0.85987073,0.8217979276557923,0.8209614956756592,0.00014296265579227807,-0.0006934693243407786,-0.0008364319801330566
00005_id00591_1Jo8xElXQMs_faceswap_id00897_wavtolip.mp4,1,FakeVideo-FakeAudio,0.9999985694885254,0.82064078,0.7827455,0.85853606,0.8214510776557922,0.8177763022937774,0.0008102976557922137,-0.002864477706222557,-0.0036747753620147705
00005_id00591_1Jo8xElXQMs_faceswap_id03858_wavtolip.mp4,1,FakeVideo-FakeAudio,0.9998548030853271,0.821431625,0.7833697,0.85949355,0.8217631776557922,0.8192303080783844,0.00033155265579221105,-0.002201316921615626,-0.002532869577407837
00086_id00633_UXrTMta1EDM_faceswap_id00330_wavtolip.mp4,1,FakeVideo-FakeAudio,0.9999607801437378,0.82413577,0.78894264,0.8593289,0.8245496476557923,0.8203223968413544,0.00041387765579226077,-0.0038133731586456054,-0.004227250814437866
00086_id00633_UXrTMta1EDM_faceswap_id00395_wavtolip.mp4,1,FakeVideo-FakeAudio,0.9685560464859009,0.82455305,0.789327,0.8597791,0.8247418276557923,0.8242666594276429,0.00018877765579228267,-0.0002863905723571314,-0.00047516822814941406
00086_id00633_UXrTMta1EDM_faceswap_id00495_wavtolip.mp4,1,FakeVideo-FakeAudio,0.9983144998550415,0.8247037349999999,0.7893882,0.86001927,0.8247724276557922,0.8206454020515441,6.869265579223516e-05,-0.004058332948455812,-0.004127025604248047
00086_id00633_UXrTMta1EDM_faceswap_id00897_wavtolip.mp4,1,FakeVideo-FakeAudio,0.9999978542327881,0.824411155,0.78893656,0.85988575,0.8245466076557922,0.8243307494347382,0.0001354526557922897,-8.040556526178744e-05,-0.00021585822105407715
00086_id00633_UXrTMta1EDM_faceswap_id03651_wavtolip.mp4,1,FakeVideo-FakeAudio,0.9997225403785706,0.824622065,0.78952056,0.85972357,0.8248386076557923,0.8243330708611298,0.0002165426557922956,-0.00028899413887018,-0.0005055367946624756
00043_id00633_UXrTMta1EDM_faceswap_id00042_wavtolip.mp4,1,FakeVideo-FakeAudio,0.9999973773956299,0.82434675,0.7898654,0.8588281,0.8250110276557923,0.821316999993515,0.0006642776557922447,-0.003029750006484977,-0.0036940276622772217
00043_id00633_UXrTMta1EDM_faceswap_id00365_wavtolip.mp4,1,FakeVideo-FakeAudio,0.9999972581863403,0.82386068,0.7899421,0.85777926,0.8250493776557922,0.8247176778076172,0.0011886976557922146,0.0008569978076171658,-0.00033169984817504883
00043_id00633_UXrTMta1EDM_faceswap_id00897_wavtolip.mp4,1,FakeVideo-FakeAudio,0.9999977350234985,0.824971415,0.78993773,0.8600051,0.8250471926557923,0.8209201670515442,7.577765579225293e-05,-0.004051247948455794,-0.004127025604248047
00043_id00633_UXrTMta1EDM_faceswap_id03620_wavtolip.mp4,1,FakeVideo-FakeAudio,0.9999966621398926,0.82476387,0.7899412,0.85958654,0.8250489276557922,0.8242209595352172,0.0002850576557922313,-0.0005429104647827199,-0.0008279681205749512
00072_id00569_gSynmpwioV4_faceswap_id00232_wavtolip.mp4,1,FakeVideo-FakeAudio,0.9986453652381897,0.8216282,0.7840158,0.8592406,0.8220862276557923,0.8215575046543122,0.00045802765579228133,-7.069534568782121e-05,-0.0005287230014801025
00072_id00569_gSynmpwioV4_faceswap_id00262_wavtolip.mp4,1,FakeVideo-FakeAudio,0.9999948740005493,0.81987457,0.78384274,0.8559064,0.8219996976557922,0.82163670536911,0.0021251276557922028,0.0017621353691100738,-0.0003629922866821289
00072_id00569_gSynmpwioV4_faceswap_id00270_wavtolip.mp4,1,FakeVideo-FakeAudio,0.9174532294273376,0.822193475,0.7844888,0.85989815,0.8223227276557923,0.8197252168411255,0.00012925265579233347,-0.0024682581588744146,-0.002597510814666748
00072_id00569_gSynmpwioV4_faceswap_id00330_wavtolip.mp4,1,FakeVideo-FakeAudio,0.9860928654670715,0.82138756,0.78382397,0.85895115,0.8219903126557923,0.8213690832456207,0.000602752655792238,-1.8476754379270766e-05,-0.0006212294101715088
00430_id00581_7AxvP19LGKg_faceswap_id00234_wavtolip.mp4,1,FakeVideo-FakeAudio,0.9978396892547607,0.825132635,0.7913826,0.85888267,0.8257696276557922,0.8253873830688476,0.0006369926557922012,0.00025474806884762113,-0.0003822445869445801
00430_id00581_7AxvP19LGKg_faceswap_id00823_wavtolip.mp4,1,FakeVideo-FakeAudio,0.9998751878738403,0.825450165,0.79146963,0.8594307,0.8258131426557922,0.8255358916506195,0.0003629776557921849,8.572665061945539e-05,-0.0002772510051727295
00430_id00581_7AxvP19LGKg_faceswap_id00897_wavtolip.mp4,1,FakeVideo-FakeAudio,0.9999986886978149,0.82523062,0.7913097,0.85915154,0.8257331776557922,0.8253922986923218,0.0005025576557922129,0.00016167869232175391,-0.000340878963470459
00430_id00581_7AxvP19LGKg_faceswap_id03371_wavtolip.mp4,1,FakeVideo-FakeAudio,0.9999986886978149,0.82475135,0.79130614,0.85819656,0.8257313976557923,0.8248336921008301,0.0009800476557922932,8.234210083013505e-05,-0.0008977055549621582
00002_id00495_E46aiMUC4A0_faceswap_id00271_wavtolip.mp4,1,FakeVideo-FakeAudio,0.989841639995575,0.82533587,0.79160154,0.8590702,0.8258790976557923,0.8253953463587952,0.0005432276557922888,5.947635879521851e-05,-0.0004837512969970703
00002_id00495_E46aiMUC4A0_faceswap_id00328_wavtolip.mp4,1,FakeVideo-FakeAudio,0.9984461665153503,0.825489975,0.7915485,0.85943145,0.8258525776557922,0.8226061808757782,0.0003626026557922435,-0.0028837941242217946,-0.003246396780014038
00002_id00495_E46aiMUC4A0_faceswap_id00434_wavtolip.mp4,1,FakeVideo-FakeAudio,0.9999977350234985,0.82505015,0.7916622,0.8584381,0.8259094276557922,0.821981332553482,0.00085927765579219,-0.0030688174465179907,-0.003928095102310181
00002_id00495_E46aiMUC4A0_faceswap_id01002_wavtolip.mp4,1,FakeVideo-FakeAudio,0.9999426603317261,0.8253783699999999,0.7916086,0.85914814,0.8258826276557922,0.8256283542411804,0.0005042576557923173,0.0002499842411805009,-0.0002542734146118164
00081_id00496_SImaDcXQnh8_faceswap_id00234_wavtolip.mp4,1,FakeVideo-FakeAudio,0.9976315498352051,0.824145685,0.7894087,0.85888267,0.8247826776557923,0.8245511732154847,0.0006369926557923122,0.00040548821548469505,-0.0002315044403076172
00081_id00496_SImaDcXQnh8_faceswap_id00332_wavtolip.mp4,1,FakeVideo-FakeAudio,0.9914029240608215,0.82447505,0.7893958,0.8595543,0.8247762276557922,0.8242719723609924,0.00030117765579218414,-0.00020307763900762055,-0.0005042552947998047
00081_id00496_SImaDcXQnh8_faceswap_id03589_wavtolip.mp4,1,FakeVideo-FakeAudio,0.9999513626098633,0.82347725,0.7894089,0.8575456,0.8247827776557922,0.8246323653347015,0.0013055276557921713,0.001155115334701473,-0.00015041232109069824
00081_id00496_SImaDcXQnh8_faceswap_id03649_wavtolip.mp4,1,FakeVideo-FakeAudio,0.9946898221969604,0.8246096,0.7895436,0.8596756,0.8248501276557922,0.8222533320968628,0.0002405276557921887,-0.0023562679031372546,-0.0025967955589294434
00001_id00634_z5t9oJizDQg_faceswap_id00325_wavtolip.mp4,1,FakeVideo-FakeAudio,0.9999978542327881,0.82469505,0.78966856,0.85972154,0.8249126076557922,0.8243098556855011,0.00021755765579223318,-0.0003851943144989045,-0.0006027519702911377
00001_id00634_z5t9oJizDQg_faceswap_id00495_wavtolip.mp4,1,FakeVideo-FakeAudio,0.9982520937919617,0.824884535,0.7897498,0.86001927,0.8249532276557923,0.8240801984237671,6.869265579223516e-05,-0.0008043365762329113,-0.0008730292320251465
00001_id00634_z5t9oJizDQg_faceswap_id03844_wavtolip.mp4,1,FakeVideo-FakeAudio,0.9989296793937683,0.8244115,0.7897238,0.8590992,0.8249402276557922,0.8245409957450867,0.0005287276557922604,0.00012949574508669404,-0.0003992319107055664
00092_id03716_s-lxbGafZQA_faceswap_id00403_wavtolip.mp4,1,FakeVideo-FakeAudio,0.9999985694885254,0.8260687,0.7922041,0.8599333,0.8261803776557922,0.8253473729427337,0.00011167765579223055,-0.0007213270572662411,-0.0008330047130584717
00092_id03716_s-lxbGafZQA_faceswap_id00434_wavtolip.mp4,1,FakeVideo-FakeAudio,0.9999963045120239,0.82593396,0.79220396,0.85966396,0.8261803076557923,0.8162484751038361,0.00024634765579234497,-0.009685484896163832,-0.009931832551956177
00092_id03716_s-lxbGafZQA_faceswap_id00813_wavtolip.mp4,1,FakeVideo-FakeAudio,0.9999936819076538,0.825764985,0.79219973,0.85933024,0.8261781926557923,0.8229166860983277,0.00041320765579233587,-0.0028482989016722637,-0.0032615065574645996
00092_id03716_s-lxbGafZQA_faceswap_id01018_wavtolip.mp4,1,FakeVideo-FakeAudio,0.9999980926513672,0.82616359,0.79220104,0.86012614,0.8261788476557923,0.8258576978297425,1.5257655792355607e-05,-0.0003058921702574491,-0.0003211498260498047
00092_id03716_s-lxbGafZQA_faceswap_id03858_wavtolip.mp4,1,FakeVideo-FakeAudio,0.9999948740005493,0.8260142500000001,0.7921982,0.8598303,0.8261774276557923,0.8236766849819184,0.00016317765579221266,-0.0023375650180816887,-0.0025007426738739014
00040_id03651_EjcoRkL6loI_faceswap_id00234_wavtolip.mp4,1,FakeVideo-FakeAudio,0.997480571269989,0.824746685,0.7906107,0.85888267,0.8253836776557922,0.8248794223609924,0.0006369926557922012,0.00013273736099239652,-0.0005042552947998047
00040_id03651_EjcoRkL6loI_faceswap_id00403_wavtolip.mp4,1,FakeVideo-FakeAudio,0.9999287128448486,0.82503237,0.7904878,0.85957694,0.8253222276557922,0.8251910080303192,0.0002898576557922583,0.00015863803031923585,-0.00013121962547302246
00040_id03651_EjcoRkL6loI_faceswap_id00735_wavtolip.mp4,1,FakeVideo-FakeAudio,0.9989867806434631,0.8252376299999999,0.79060453,0.85987073,0.8253805926557922,0.8250488928076172,0.00014296265579227807,-0.00018873719238277076,-0.00033169984817504883
00040_id03651_EjcoRkL6loI_faceswap_id01002_wavtolip.mp4,1,FakeVideo-FakeAudio,0.9999306201934814,0.82486532,0.7905825,0.85914814,0.8253695776557922,0.8244258275127411,0.0005042576557922063,-0.0004394924872589412,-0.0009437501430511475
00040_id03651_EjcoRkL6loI_faceswap_id03844_wavtolip.mp4,1,FakeVideo-FakeAudio,0.9987597465515137,0.8248350499999999,0.7905709,0.8590992,0.8253637776557923,0.8248924241249085,0.0005287276557923715,5.73741249085824e-05,-0.00047135353088378906
00093_id03941_SsYtP8Ze88Q_faceswap_id00287_wavtolip.mp4,1,FakeVideo-FakeAudio,0.9999297857284546,0.8226271199999999,0.78559434,0.8596599,0.8228754976557922,0.8227412083911132,0.00024837765579222015,0.00011408839111326508,-0.00013428926467895508
00093_id03941_SsYtP8Ze88Q_faceswap_id00325_wavtolip.mp4,1,FakeVideo-FakeAudio,0.9999979734420776,0.8225147,0.7853263,0.8597031,0.8227414776557922,0.8224276293987274,0.00022677765579215414,-8.70706012726652e-05,-0.00031384825706481934
00093_id03941_SsYtP8Ze88Q_faceswap_id00813_wavtolip.mp4,1,FakeVideo-FakeAudio,0.9999959468841553,0.822178815,0.78533477,0.85902286,0.8227457126557922,0.8225040754258728,0.000566897655792209,0.00032526042587277537,-0.0002416372299194336
00093_id03941_SsYtP8Ze88Q_faceswap_id00826_wavtolip.mp4,1,FakeVideo-FakeAudio,0.9999991655349731,0.82253995,0.7856273,0.8594526,0.8228919776557923,0.8196304710983277,0.00035202765579223083,-0.0029094789016723688,-0.0032615065574645996
00093_id03941_SsYtP8Ze88Q_faceswap_id03716_wavtolip.mp4,1,FakeVideo-FakeAudio,0.9999964237213135,0.822365625,0.7853463,0.85938495,0.8227514776557923,0.820367470678711,0.0003858526557922737,-0.001998154321289025,-0.002384006977081299
00028_id00484_u7YTz8eFZv0_faceswap_id00374_wavtolip.mp4,1,FakeVideo-FakeAudio,0.9999845027923584,0.824754445,0.79002565,0.85948324,0.8250911526557922,0.8243039541122437,0.000336707655792301,-0.000450490887756283,-0.000787198543548584
00028_id00484_u7YTz8eFZv0_faceswap_id00591_wavtolip.mp4,1,FakeVideo-FakeAudio,0.9988033771514893,0.824839,0.7899572,0.8597208,0.8250569276557922,0.8247820906387329,0.00021792765579220497,-5.6909361267121206e-05,-0.00027483701705932617
00028_id00484_u7YTz8eFZv0_faceswap_id00735_wavtolip.mp4,1,FakeVideo-FakeAudio,0.9999988079071045,0.824877415,0.78997433,0.8597805,0.8250654926557922,0.8246996393461609,0.00018807765579220703,-0.00017777565383914062,-0.00036585330963134766
00028_id00484_u7YTz8eFZv0_faceswap_id03620_wavtolip.mp4,1,FakeVideo-FakeAudio,0.9999971389770508,0.824750575,0.79002625,0.8594749,0.8250914526557922,0.8247798395729065,0.00034087765579216,2.926457290641782e-05,-0.0003116130828857422
00092_id00395_wM5kGJfTtEM_faceswap_id00262_wavtolip.mp4,1,FakeVideo-FakeAudio,0.9999945163726807,0.823057535,0.7881648,0.85795027,0.8241607276557923,0.8142288951038361,0.0011031926557922844,-0.008828639896163892,-0.009931832551956177
00092_id00395_wM5kGJfTtEM_faceswap_id00365_wavtolip.mp4,1,FakeVideo-FakeAudio,0.6769935488700867,0.82285538,0.78810966,0.8576011,0.8241331576557922,0.8235598801823425,0.0012777776557921783,0.0007045001823424712,-0.000573277473449707
00092_id00395_wM5kGJfTtEM_faceswap_id00374_wavtolip.mp4,1,FakeVideo-FakeAudio,0.5812158584594727,0.823604765,0.78820086,0.85900867,0.8241787576557922,0.823784860360794,0.000573992655792166,0.00018009536079399702,-0.00039389729499816895
00092_id00395_wM5kGJfTtEM_faceswap_id00496_wavtolip.mp4,1,FakeVideo-FakeAudio,0.9999717473983765,0.822611065,0.78815913,0.857063,0.8241578926557922,0.8229396929258728,0.0015468276557921712,0.0003286279258727376,-0.0012181997299194336
00092_id00395_wM5kGJfTtEM_faceswap_id01018_wavtolip.mp4,1,FakeVideo-FakeAudio,0.9999990463256836,0.823872175,0.7881512,0.85959315,0.8241539276557923,0.822991547675705,0.00028175265579233333,-0.0008806273242949469,-0.0011623799800872803
00021_id03816_XXD0yTNei50_faceswap_id00328_wavtolip.mp4,1,FakeVideo-FakeAudio,0.9999980926513672,0.8077907849999999,0.75587964,0.85970193,0.8080181476557922,0.8073038455928039,0.00022736265579226256,-0.0004869394071960187,-0.0007143020629882812
00021_id03816_XXD0yTNei50_faceswap_id00379_wavtolip.mp4,1,FakeVideo-FakeAudio,0.9999971389770508,0.8076059,0.7555724,0.8596394,0.8078645276557923,0.8075718986522675,0.0002586276557923206,-3.4001347732459664e-05,-0.0002926290035247803
00021_id03816_XXD0yTNei50_faceswap_id00484_wavtolip.mp4,1,FakeVideo-FakeAudio,0.9999972581863403,0.80770268,0.7558469,0.85955846,0.8080017776557922,0.8073411495754241,0.00029909765579216874,-0.00036153042457587325,-0.000660628080368042
00021_id03816_XXD0yTNei50_faceswap_id00591_wavtolip.mp4,1,FakeVideo-FakeAudio,0.9987554550170898,0.80850315,0.7572855,0.8597208,0.8087210776557923,0.8084438266506195,0.000217927655792316,-5.9323349380413504e-05,-0.0002772510051727295
00021_id03816_XXD0yTNei50_faceswap_id03649_wavtolip.mp4,1,FakeVideo-FakeAudio,0.9999977350234985,0.80831558,0.75697106,0.8596601,0.8085638576557923,0.8080437177231599,0.0002482776557922728,-0.0002718622768401735,-0.0005201399326324463
00028_id00287_2NpfYjyMsPM.mp4,1,FakeVideo-RealAudio,0.5082544684410095,0.82416982,0.7905087,0.85783094,0.8253326776557922,0.8247894409233093,0.00116285765579216,0.0006196209233092498,-0.0005432367324829102
00028_id00325_4vJtbNe0L98.mp4,1,FakeVideo-RealAudio,0.5153096318244934,0.81325582,0.77138287,0.85512877,0.8157697626557923,0.815116495749054,0.0025139426557923006,0.0018606757490540193,-0.0006532669067382812
00028_id00330_zCFFgGSIZ_s.mp4,1,FakeVideo-RealAudio,0.4954986572265625,0.82219577,0.7856713,0.85872024,0.8229139776557922,0.8227330775588989,0.0007182076557922246,0.000537307558898914,-0.00018090009689331055
00028_id00374_w1qI7y9AGTc.mp4,1,FakeVideo-RealAudio,0.5747071504592896,0.8222011,0.7907824,0.8536198,0.8254695276557922,0.8250042537986755,0.003268427655792161,0.0028031537986754618,-0.0004652738571166992
00028_id00569_gSynmpwioV4.mp4,1,FakeVideo-RealAudio,0.576501190662384,0.8222125,0.7908052,0.8536198,0.8254809276557922,0.8240091995693206,0.003268427655792161,0.0017966995693206034,-0.0014717280864715576
00028_id01002_eQTviHjyISo.mp4,1,FakeVideo-RealAudio,0.507843017578125,0.811923885,0.768719,0.85512877,0.8144378276557922,0.8128227503986358,0.0025139426557921896,0.0008988653986358175,-0.001615077257156372
00028_id03589_9NxOQlwpMys.mp4,1,FakeVideo-RealAudio,0.5175347924232483,0.813165665,0.77120256,0.85512877,0.8156796076557922,0.8154390731118011,0.0025139426557921896,0.0022734081118011007,-0.00024053454399108887
00028_id03620_YkXM5A8w07E.mp4,1,FakeVideo-RealAudio,0.5087212324142456,0.811846705,0.76856464,0.85512877,0.8143606476557923,0.8134804062617493,0.0025139426557923006,0.0016337012617493318,-0.0008802413940429688
00028_id03649_389qfFqUddI.mp4,1,FakeVideo-RealAudio,0.5187361836433411,0.813054285,0.7709798,0.85512877,0.8155682276557923,0.8123218308757783,0.0025139426557923006,-0.0007324541242217375,-0.003246396780014038
00028_id03651_EjcoRkL6loI.mp4,1,FakeVideo-RealAudio,0.5154421329498291,0.8130334349999999,0.7709381,0.85512877,0.8155473776557922,0.8145537384250641,0.0025139426557923006,0.0015203034250641512,-0.0009936392307281494
00004_id00232_kL0cCveU1zg.mp4,1,FakeVideo-RealAudio,0.5187196731567383,0.78889025,0.7320742,0.8457063,0.7961154276557922,0.7957499319740295,0.007225177655792225,0.00685968197402953,-0.0003654956817626953
00004_id00365_XV-imLNJvfk.mp4,1,FakeVideo-RealAudio,0.5146734714508057,0.79022545,0.7347446,0.8457063,0.7974506276557922,0.7971211331794739,0.007225177655792225,0.006895683179473866,-0.0003294944763183594
00004_id00395_wM5kGJfTtEM.mp4,1,FakeVideo-RealAudio,0.5140253305435181,0.78729665,0.728887,0.8457063,0.7945218276557922,0.7943788063106536,0.007225177655792114,0.0070821563106535645,-0.0001430213451385498
00004_id00484_u7YTz8eFZv0.mp4,1,FakeVideo-RealAudio,0.5179842114448547,0.78982145,0.7339366,0.8457063,0.7970466276557923,0.7929345926197052,0.007225177655792225,0.0031131426197051892,-0.004112035036087036
00004_id00495_E46aiMUC4A0.mp4,1,FakeVideo-RealAudio,0.5190939903259277,0.78956852,0.73343074,0.8457063,0.7967936976557922,0.7962894423609924,0.007225177655792225,0.006720922360992421,-0.0005042552947998047
00004_id00581_7AxvP19LGKg.mp4,1,FakeVideo-RealAudio,0.5157402753829956,0.7880541750000001,0.73040205,0.8457063,0.7952793526557922,0.7879375207332611,0.007225177655792114,-0.00011665426673901358,-0.007341831922531128
00004_id00826_MYagwzy91Yk.mp4,1,FakeVideo-RealAudio,0.5140327215194702,0.7897515500000001,0.7337968,0.8457063,0.7969767276557922,0.7964027349266052,0.007225177655792114,0.006651184926605103,-0.0005739927291870117
00004_id03371_truKMXt8Dak.mp4,1,FakeVideo-RealAudio,0.519936740398407,0.7900416,0.7343769,0.8457063,0.7972667776557922,0.7968675457450867,0.007225177655792225,0.006825945745086659,-0.0003992319107055664
00004_id03589_9NxOQlwpMys.mp4,1,FakeVideo-RealAudio,0.5228515267372131,0.79052085,0.7353354,0.8457063,0.7977460276557922,0.7962599050476074,0.007225177655792114,0.0057390550476073,-0.0014861226081848145
00004_id03844_AEAEN1Lns2c.mp4,1,FakeVideo-RealAudio,0.5178172588348389,0.79291135,0.7401164,0.8457063,0.8001365276557922,0.7999671014530182,0.007225177655792225,0.0070557514530181775,-0.00016942620277404785
00014_id00188_e-vm5FB3idA.mp4,1,FakeVideo-RealAudio,0.5352986454963684,0.82574258,0.7919919,0.85949326,0.8260742776557922,0.825364743964386,0.000331697655792218,-0.000377836035614032,-0.00070953369140625
00014_id00232_kL0cCveU1zg.mp4,1,FakeVideo-RealAudio,0.5371391773223877,0.8256286100000001,0.79176396,0.85949326,0.8259603076557922,0.8254170709233093,0.00033169765579210697,-0.00021153907669080318,-0.0005432367324829102
00014_id00262_3p7sRWAAh1Q.mp4,1,FakeVideo-RealAudio,0.528836727142334,0.8253934300000001,0.7912936,0.85949326,0.8257251276557922,0.8256692483013153,0.00033169765579210697,0.00027581830131517826,-5.587935447692871e-05
00014_id00270_hoEQ70-sDME.mp4,1,FakeVideo-RealAudio,0.5235355496406555,0.82512578,0.7907583,0.85949326,0.8254574776557922,0.8248234630493164,0.000331697655792218,-0.0003023169506836121,-0.0006340146064758301
00014_id00379_fgkgYHCuk4g.mp4,1,FakeVideo-RealAudio,0.5295424461364746,0.82554488,0.7915965,0.85949326,0.8258765776557923,0.8251583714885712,0.000331697655792218,-0.00038650851142885134,-0.0007182061672210693
00014_id00581_7AxvP19LGKg.mp4,1,FakeVideo-RealAudio,0.5357807874679565,0.82552068,0.7915481,0.85949326,0.8258523776557922,0.8255253269699097,0.000331697655792218,4.646969909649634e-06,-0.00032705068588256836
00014_id00735_ivJSkq5hGOQ.mp4,1,FakeVideo-RealAudio,0.5317875742912292,0.8256517050000001,0.79181015,0.85949326,0.8259834026557922,0.8254546796543121,0.00033169765579210697,-0.00019702534568799557,-0.0005287230014801025
00014_id00897_0ayFw8JhoyI.mp4,1,FakeVideo-RealAudio,0.5305681824684143,0.82546098,0.7914287,0.85949326,0.8257926776557922,0.8251277580410004,0.000331697655792218,-0.0003332219589996521,-0.0006649196147918701
00014_id03371_truKMXt8Dak.mp4,1,FakeVideo-RealAudio,0.5344097018241882,0.825549245,0.79160523,0.85949326,0.8258809426557923,0.8256222584974671,0.000331697655792218,7.301349746702268e-05,-0.0002586841583251953
00014_id03816_XXD0yTNei50.mp4,1,FakeVideo-RealAudio,0.5278098583221436,0.82530311,0.79111296,0.85949326,0.8256348076557922,0.8254460397457886,0.000331697655792218,0.00014292974578855588,-0.0001887679100036621
00020_id00270_hoEQ70-sDME.mp4,1,FakeVideo-RealAudio,0.5134772658348083,0.82111365,0.7836182,0.8586091,0.8218874276557923,0.8212846756855011,0.0007737776557922293,0.00017102568550109165,-0.0006027519702911377
00020_id00373_5NXv3Dxkd6E.mp4,1,FakeVideo-RealAudio,0.5233175754547119,0.8220591349999999,0.78550917,0.8586091,0.8228329126557923,0.8223423366269684,0.0007737776557923404,0.00028320162696848783,-0.0004905760288238525
00020_id00374_w1qI7y9AGTc.mp4,1,FakeVideo-RealAudio,0.5194458365440369,0.8219997,0.7853903,0.8586091,0.8227734776557922,0.8221364828170776,0.0007737776557922293,0.00013678281707762974,-0.0006369948387145996
00020_id00379_fgkgYHCuk4g.mp4,1,FakeVideo-RealAudio,0.5172016024589539,0.82200582,0.78540254,0.8586091,0.8227795976557922,0.8221830445685577,0.0007737776557922293,0.00017722456855773228,-0.0005965530872344971
00020_id00491_ShjiTWoOtM4.mp4,1,FakeVideo-RealAudio,0.5103593468666077,0.82115545,0.7837018,0.8586091,0.8219292276557922,0.8216703050788879,0.0007737776557922293,0.0005148550788879325,-0.0002589225769042969
00020_id00569_gSynmpwioV4.mp4,1,FakeVideo-RealAudio,0.5175336599349976,0.82217535,0.7857416,0.8586091,0.8229491276557923,0.8224166495616914,0.0007737776557923404,0.00024129956169138822,-0.0005324780941009521
00020_id00633_UXrTMta1EDM.mp4,1,FakeVideo-RealAudio,0.5152597427368164,0.8217450500000001,0.784881,0.8586091,0.8225188276557922,0.8199213168411255,0.0007737776557921183,-0.0018237331588746297,-0.002597510814666748
00020_id00897_0ayFw8JhoyI.mp4,1,FakeVideo-RealAudio,0.5191394090652466,0.8220823500000001,0.7855556,0.8586091,0.8228561276557922,0.8194767529132843,0.0007737776557921183,-0.0026055970867158162,-0.0033793747425079346
00020_id01018_VNPt_GB5QiE.mp4,1,FakeVideo-RealAudio,0.5194222331047058,0.82216228,0.78571546,0.8586091,0.8229360576557923,0.8224844928669739,0.0007737776557922293,0.00032221286697386997,-0.0004515647888183594
00020_id03649_389qfFqUddI.mp4,1,FakeVideo-RealAudio,0.5198753476142883,0.8224282,0.7862473,0.8586091,0.8232019776557922,0.8229861194347381,0.0007737776557921183,0.0005579194347380412,-0.00021585822105407715
00025_id00068_A7uFnQw--bY.mp4,1,FakeVideo-RealAudio,0.5173039436340332,0.8201338499999999,0.7850343,0.8552334,0.8225954776557922,0.8224524563106537,0.0024616276557922756,0.002318606310653726,-0.0001430213451385498
00025_id00287_2NpfYjyMsPM.mp4,1,FakeVideo-RealAudio,0.5211329460144043,0.820396765,0.78556013,0.8552334,0.8228583926557922,0.8227553958296203,0.0024616276557921646,0.0023586308296202896,-0.000102996826171875
00025_id00332__zNddcZV1EU.mp4,1,FakeVideo-RealAudio,0.5134915113449097,0.819433165,0.78363293,0.8552334,0.8218947926557922,0.821359066108551,0.0024616276557922756,0.0019259011085510647,-0.0005357265472412109
00025_id00365_XV-imLNJvfk.mp4,1,FakeVideo-RealAudio,0.5090793371200562,0.81998355,0.7847337,0.8552334,0.8224451776557922,0.8214254911952972,0.0024616276557921646,0.0014419411952971695,-0.0010196864604949951
00025_id00484_u7YTz8eFZv0.mp4,1,FakeVideo-RealAudio,0.5160221457481384,0.8201073000000001,0.7849812,0.8552334,0.8225689276557923,0.8222053691249848,0.0024616276557921646,0.0020980691249846695,-0.0003635585308074951
00025_id00495_E46aiMUC4A0.mp4,1,FakeVideo-RealAudio,0.5156375169754028,0.81981753,0.78440166,0.8552334,0.8222791576557922,0.8198662722283172,0.0024616276557921646,4.8742228317188996e-05,-0.0024128854274749756
00025_id00897_0ayFw8JhoyI.mp4,1,FakeVideo-RealAudio,0.5133316516876221,0.819845185,0.78445697,0.8552334,0.8223068126557922,0.8213238426564788,0.0024616276557921646,0.00147865765647881,-0.0009829699993133545
00025_id01018_VNPt_GB5QiE.mp4,1,FakeVideo-RealAudio,0.5186137557029724,0.8198829000000001,0.7845324,0.8552334,0.8223445276557922,0.8218012909233093,0.0024616276557921646,0.0019183909233092544,-0.0005432367324829102
00025_id03844_AEAEN1Lns2c.mp4,1,FakeVideo-RealAudio,0.5201634764671326,0.82064715,0.7860609,0.8552334,0.8231087776557922,0.8189817520515441,0.0024616276557921646,-0.0016653979484558823,-0.004127025604248047
00025_id03858_uKVqPfRf-ac.mp4,1,FakeVideo-RealAudio,0.5139657258987427,0.8198179999999999,0.7844026,0.8552334,0.8222796276557922,0.8219137743461609,0.0024616276557922756,0.002095774346160928,-0.00036585330963134766
00063_id00188_e-vm5FB3idA.mp4,1,FakeVideo-RealAudio,0.5457309484481812,0.822634635,0.79163563,0.85363364,0.8258961426557923,0.8225167679132843,0.0032615076557922507,-0.00011786708671568391,-0.0033793747425079346
00063_id00271_je6JSLqEEcw.mp4,1,FakeVideo-RealAudio,0.5355251431465149,0.82277304,0.79191244,0.85363364,0.8260345476557922,0.8241325932433319,0.0032615076557922507,0.0013595532433319235,-0.0019019544124603271
00063_id00330_zCFFgGSIZ_s.mp4,1,FakeVideo-RealAudio,0.5325464606285095,0.822832405,0.79203117,0.85363364,0.8260939126557922,0.8188687568254089,0.0032615076557922507,-0.00396364817459105,-0.007225155830383301
00063_id00332__zNddcZV1EU.mp4,1,FakeVideo-RealAudio,0.5420845746994019,0.82279052,0.7919474,0.85363364,0.8260520276557922,0.8256104764472961,0.0032615076557922507,0.002819956447296157,-0.00044155120849609375
00063_id00403_n4LSCxzFr6o.mp4,1,FakeVideo-RealAudio,0.5398017764091492,0.82260087,0.7915681,0.85363364,0.8258623776557923,0.8255020377758027,0.0032615076557922507,0.0029011677758026266,-0.000360339879989624
00063_id00434_HPXkk-HGXVI.mp4,1,FakeVideo-RealAudio,0.5448461174964905,0.82256907,0.7915045,0.85363364,0.8258305776557923,0.8249941456756592,0.0032615076557922507,0.002425075675659194,-0.0008364319801330566
00063_id00491_ShjiTWoOtM4.mp4,1,FakeVideo-RealAudio,0.5322182774543762,0.82274662,0.7918596,0.85363364,0.8260081276557922,0.8257032200954437,0.0032615076557922507,0.00295660009544374,-0.00030490756034851074
00063_id00897_0ayFw8JhoyI.mp4,1,FakeVideo-RealAudio,0.5436972379684448,0.8226796949999999,0.79172575,0.85363364,0.8259412026557922,0.8257847106609344,0.0032615076557922507,0.0031050156609344626,-0.00015649199485778809
00063_id01002_eQTviHjyISo.mp4,1,FakeVideo-RealAudio,0.5302892923355103,0.8227360699999999,0.7918385,0.85363364,0.8259975776557922,0.825585769165039,0.0032615076557922507,0.002849699165039077,-0.00041180849075317383
00063_id03371_truKMXt8Dak.mp4,1,FakeVideo-RealAudio,0.5424643754959106,0.82275232,0.791871,0.85363364,0.8260138276557922,0.8256145957450867,0.0032615076557922507,0.0028622757450866843,-0.0003992319107055664
00028_id00071_JU1cVINUTZA.mp4,1,FakeVideo-RealAudio,0.5408906936645508,0.816321435,0.7921564,0.84048647,0.8261565276557923,0.8245812663013459,0.009835092655792299,0.008259831301345888,-0.0015752613544464111
00028_id00270_hoEQ70-sDME.mp4,1,FakeVideo-RealAudio,0.5303163528442383,0.816544535,0.7926026,0.84048647,0.8263796276557922,0.8261390931118011,0.009835092655792188,0.0095945581118011,-0.00024053454399108887
00028_id00287_2NpfYjyMsPM.mp4,1,FakeVideo-RealAudio,0.5082544684410095,0.82416982,0.7905087,0.85783094,0.8253326776557922,0.8191666069561004,0.00116285765579216,-0.0050032130438996125,-0.0061660706996917725
00028_id00395_wM5kGJfTtEM.mp4,1,FakeVideo-RealAudio,0.5094509124755859,0.82413297,0.790435,0.85783094,0.8252958276557922,0.8250643232154846,0.001162857655792271,0.0009313532154846538,-0.0002315044403076172
00028_id00495_E46aiMUC4A0.mp4,1,FakeVideo-RealAudio,0.4976702332496643,0.8234276700000001,0.7881351,0.85872024,0.8241458776557922,0.8239143732154846,0.0007182076557921135,0.00048670321548449635,-0.0002315044403076172
00028_id00496_SImaDcXQnh8.mp4,1,FakeVideo-RealAudio,0.4981987774372101,0.82354317,0.7883661,0.85872024,0.8242613776557922,0.823924671017456,0.0007182076557922246,0.0003815010174560429,-0.00033670663833618164
00028_id00633_UXrTMta1EDM.mp4,1,FakeVideo-RealAudio,0.507832944393158,0.82410297,0.790375,0.85783094,0.8252658276557923,0.8246955900192261,0.001162857655792271,0.0005926200192261089,-0.0005702376365661621
00028_id00813_dKs9CWJIkSI.mp4,1,FakeVideo-RealAudio,0.5388399362564087,0.816203835,0.7919212,0.84048647,0.8260389276557922,0.8258466132694244,0.009835092655792188,0.00964277826942439,-0.00019231438636779785
00028_id03816_XXD0yTNei50.mp4,1,FakeVideo-RealAudio,0.5340650081634521,0.816518335,0.7925502,0.84048647,0.8263534276557922,0.8260418145729065,0.009835092655792188,0.009523479572906446,-0.0003116130828857422
00028_id03941_SsYtP8Ze88Q.mp4,1,FakeVideo-RealAudio,0.547616720199585,0.8162428349999999,0.7919992,0.84048647,0.8260779276557922,0.8255736723609924,0.009835092655792299,0.009330837360992494,-0.0005042552947998047
00088_id00188_e-vm5FB3idA.mp4,1,FakeVideo-RealAudio,0.6114507913589478,0.8237783249999999,0.79057115,0.8569855,0.8253639026557922,0.8249980493461608,0.0015855776557922585,0.0012197243461609109,-0.00036585330963134766
00088_id00262_3p7sRWAAh1Q.mp4,1,FakeVideo-RealAudio,0.6051649451255798,0.8238673,0.7907491,0.8569855,0.8254528776557922,0.821758849993515,0.0015855776557922585,-0.002108450006484963,-0.0036940276622772217
00088_id00287_2NpfYjyMsPM.mp4,1,FakeVideo-RealAudio,0.5125460624694824,0.82313165,0.78925717,0.85700613,0.8247069126557922,0.8245181447457886,0.00157526265579222,0.001386494745788558,-0.0001887679100036621
00088_id00332__zNddcZV1EU.mp4,1,FakeVideo-RealAudio,0.6052822470664978,0.82380835,0.7906312,0.8569855,0.8253939276557922,0.8250932520252228,0.0015855776557922585,0.0012849020252228005,-0.000300675630569458
00088_id00379_fgkgYHCuk4g.mp4,1,FakeVideo-RealAudio,0.607638955116272,0.82384985,0.7907142,0.8569855,0.8254354276557923,0.8250775911708832,0.0015855776557922585,0.001227741170883201,-0.0003578364849090576
00088_id00395_wM5kGJfTtEM.mp4,1,FakeVideo-RealAudio,0.5109259486198425,0.822881965,0.7887578,0.85700613,0.8244572276557922,0.8226521009887695,0.00157526265579222,-0.00022986401123048505,-0.001805126667022705
00088_id00569_gSynmpwioV4.mp4,1,FakeVideo-RealAudio,0.6087197661399841,0.8238635299999999,0.79074156,0.8569855,0.8254491076557922,0.8252609655945586,0.0015855776557922585,0.001397435594558738,-0.0001881420612335205
00088_id00591_1Jo8xElXQMs.mp4,1,FakeVideo-RealAudio,0.5069770216941833,0.8227632149999999,0.7885203,0.85700613,0.8243384776557923,0.8238076386894226,0.001575262655792331,0.0010444236894227021,-0.0005308389663696289
00088_id00633_UXrTMta1EDM.mp4,1,FakeVideo-RealAudio,0.5121630430221558,0.8230011150000001,0.7889961,0.85700613,0.8245763776557922,0.8241823611515045,0.001575262655792109,0.0011812461515043893,-0.0003940165042877197
00088_id03858_uKVqPfRf-ac.mp4,1,FakeVideo-RealAudio,0.5145596861839294,0.82304534,0.78908455,0.85700613,0.8246206026557923,0.8242685776237488,0.001575262655792331,0.001223237623748874,-0.00035202503204345703
00028_id00287_2NpfYjyMsPM.mp4,1,FakeVideo-RealAudio,0.5082544684410095,0.82416982,0.7905087,0.85783094,0.8253326776557922,0.8246955934101105,0.00116285765579216,0.0005257734101103972,-0.0006370842456817627
00028_id00330_zCFFgGSIZ_s.mp4,1,FakeVideo-RealAudio,0.4954986572265625,0.82219577,0.7856713,0.85872024,0.8229139776557922,0.8224724264472961,0.0007182076557922246,0.0002766564472961308,-0.00044155120849609375
00028_id00365_XV-imLNJvfk.mp4,1,FakeVideo-RealAudio,0.4959753155708313,0.8235039399999999,0.78828764,0.85872024,0.8242221476557923,0.8240333797457886,0.0007182076557923356,0.0005294397457886735,-0.0001887679100036621
00028_id00395_wM5kGJfTtEM.mp4,1,FakeVideo-RealAudio,0.5094509124755859,0.82413297,0.790435,0.85783094,0.8252958276557922,0.8222278871822357,0.001162857655792271,-0.0019050828177642476,-0.0030679404735565186
00028_id00484_u7YTz8eFZv0.mp4,1,FakeVideo-RealAudio,0.5026936531066895,0.82373792,0.7887556,0.85872024,0.8244561276557922,0.823802860749054,0.0007182076557922246,6.494074905394331e-05,-0.0006532669067382812
00028_id00495_E46aiMUC4A0.mp4,1,FakeVideo-RealAudio,0.4976702332496643,0.8234276700000001,0.7881351,0.85872024,0.8241458776557922,0.8238975945079803,0.0007182076557921135,0.0004699245079802239,-0.00024828314781188965
00028_id00633_UXrTMta1EDM.mp4,1,FakeVideo-RealAudio,0.507832944393158,0.82410297,0.790375,0.85783094,0.8252658276557923,0.8251217036247254,0.001162857655792271,0.0010187336247253764,-0.00014412403106689453
00028_id00634_z5t9oJizDQg.mp4,1,FakeVideo-RealAudio,0.5080998539924622,0.82418752,0.7905441,0.85783094,0.8253503776557922,0.82515126833992,0.001162857655792271,0.0009637483399200786,-0.00019910931587219238
00028_id00826_MYagwzy91Yk.mp4,1,FakeVideo-RealAudio,0.5089523196220398,0.824119535,0.79040813,0.85783094,0.8252823926557922,0.8246181286920928,0.00116285765579216,0.0004985936920928191,-0.0006642639636993408
00028_id03844_AEAEN1Lns2c.mp4,1,FakeVideo-RealAudio,0.5101436376571655,0.82407302,0.7903151,0.85783094,0.8252358776557922,0.8247316223609924,0.00116285765579216,0.0006586023609923553,-0.0005042552947998047
00005_id00262_3p7sRWAAh1Q.mp4,1,FakeVideo-RealAudio,0.5196981430053711,0.824432115,0.78974783,0.8591164,0.8249522426557923,0.8216838219595337,0.0005201276557922352,-0.0027482930404663097,-0.003268420696258545
00005_id00270_hoEQ70-sDME.mp4,1,FakeVideo-RealAudio,0.5148796439170837,0.8242299,0.7893434,0.8591164,0.8247500276557922,0.8222199892990112,0.0005201276557922352,-0.0020099107009887707,-0.002530038356781006
00005_id00271_je6JSLqEEcw.mp4,1,FakeVideo-RealAudio,0.51731938123703,0.82436858,0.78962076,0.8591164,0.8248887076557923,0.8246256723583985,0.0005201276557922352,0.00025709235839843636,-0.00026303529739379883
00005_id00325_4vJtbNe0L98.mp4,1,FakeVideo-RealAudio,0.5235423445701599,0.8243741,0.7896318,0.8591164,0.8248942276557922,0.8219235917648315,0.0005201276557922352,-0.002450508235168458,-0.0029706358909606934
00005_id00379_fgkgYHCuk4g.mp4,1,FakeVideo-RealAudio,0.5154107809066772,0.812204335,0.7692535,0.85515517,0.8147050776557923,0.8127470054702759,0.002500742655792254,0.0005426704702758967,-0.0019580721855163574
00005_id00403_n4LSCxzFr6o.mp4,1,FakeVideo-RealAudio,0.5192957520484924,0.8242063,0.7892962,0.8591164,0.8247264276557922,0.8240082214885711,0.0005201276557922352,-0.00019807851142883415,-0.0007182061672210693
00005_id00496_SImaDcXQnh8.mp4,1,FakeVideo-RealAudio,0.5526581406593323,0.82022712,0.78259224,0.857862,0.8213744476557923,0.8210473969699097,0.0011473276557922851,0.0008202769699097168,-0.00032705068588256836
00005_id01002_eQTviHjyISo.mp4,1,FakeVideo-RealAudio,0.51665860414505,0.8118158600000001,0.76847655,0.85515517,0.8143166026557922,0.8139945289577484,0.002500742655792143,0.00217866895774832,-0.00032207369804382324
00005_id03589_9NxOQlwpMys.mp4,1,FakeVideo-RealAudio,0.5223628282546997,0.82441415,0.7897119,0.8591164,0.8249342776557922,0.8227143622657775,0.0005201276557922352,-0.0016997877342224132,-0.0022199153900146484
00005_id03620_YkXM5A8w07E.mp4,1,FakeVideo-RealAudio,0.5127490758895874,0.8241994500000001,0.7892825,0.8591164,0.8247195776557923,0.8235527869319916,0.0005201276557922352,-0.000646663068008424,-0.0011667907238006592
00015_id00042_4yuJSkaZwn0.mp4,1,FakeVideo-RealAudio,0.5434839725494385,0.8202653,0.7821344,0.8583962,0.8211455276557922,0.8210162749835967,0.0008802276557922095,0.000750974983596775,-0.00012925267219543457
00015_id00287_2NpfYjyMsPM.mp4,1,FakeVideo-RealAudio,0.5370620489120483,0.81892577,0.78508294,0.8527686,0.8226197976557923,0.8216033596484376,0.003694027655792298,0.0026775896484375616,-0.0010164380073547363
00015_id00365_XV-imLNJvfk.mp4,1,FakeVideo-RealAudio,0.542622447013855,0.81931968,0.78024316,0.8583962,0.8201999076557922,0.8197870262814331,0.0008802276557922095,0.00046734628143307866,-0.00041288137435913086
00015_id00591_1Jo8xElXQMs.mp4,1,FakeVideo-RealAudio,0.5404974222183228,0.817710535,0.77702487,0.8583962,0.8185907626557922,0.8182583773542023,0.0008802276557922095,0.0005478423542022437,-0.0003323853015899658
00015_id00633_UXrTMta1EDM.mp4,1,FakeVideo-RealAudio,0.539598286151886,0.81838657,0.77837694,0.8583962,0.8192667976557922,0.8190152958571625,0.0008802276557922095,0.0006287258571624488,-0.00025150179862976074
00015_id00897_0ayFw8JhoyI.mp4,1,FakeVideo-RealAudio,0.5333491563796997,0.818932115,0.78509563,0.8527686,0.8226261426557923,0.8212157179464722,0.003694027655792298,0.0022836029464722296,-0.0014104247093200684
00015_id01002_eQTviHjyISo.mp4,1,FakeVideo-RealAudio,0.5372000932693481,0.8185621350000001,0.77872807,0.8583962,0.8194423626557923,0.8184288154737092,0.0008802276557922095,-0.00013331952629092036,-0.0010135471820831299
00015_id03620_YkXM5A8w07E.mp4,1,FakeVideo-RealAudio,0.5293174386024475,0.81937057,0.78597254,0.8527686,0.8230645976557922,0.8186170778765869,0.003694027655792187,-0.0007534921234131353,-0.004447519779205322
00015_id03649_389qfFqUddI.mp4,1,FakeVideo-RealAudio,0.5457580089569092,0.8197052300000001,0.78101426,0.8583962,0.8205854576557923,0.8196145575970459,0.0008802276557922095,-9.067240295412837e-05,-0.0009709000587463379
00015_id03651_EjcoRkL6loI.mp4,1,FakeVideo-RealAudio,0.5475215315818787,0.81909825,0.7798003,0.8583962,0.8199784776557922,0.8197605630744934,0.0008802276557922095,0.0006623130744933814,-0.00021791458129882812
00092_id00188_e-vm5FB3idA.mp4,1,FakeVideo-RealAudio,0.5418776869773865,0.825889725,0.79241025,0.8593692,0.8262834526557923,0.8225481785793305,0.0003937276557922642,-0.003341546420669528,-0.003735274076461792
00092_id00232_kL0cCveU1zg.mp4,1,FakeVideo-RealAudio,0.5410623550415039,0.8258698,0.7923704,0.8593692,0.8262635276557923,0.825101147675705,0.0003937276557922642,-0.0007686523242950161,-0.0011623799800872803
00092_id00373_5NXv3Dxkd6E.mp4,1,FakeVideo-RealAudio,0.5387606024742126,0.8258298500000001,0.7922905,0.8593692,0.8262235776557922,0.8256734267845154,0.0003937276557921532,-0.00015642321548470228,-0.0005501508712768555
00092_id00403_n4LSCxzFr6o.mp4,1,FakeVideo-RealAudio,0.539632260799408,0.825819425,0.79226965,0.8593692,0.8262131526557923,0.8248446598140717,0.0003937276557922642,-0.0009747651859283168,-0.001368492841720581
00092_id00484_u7YTz8eFZv0.mp4,1,FakeVideo-RealAudio,0.5198937058448792,0.8235092749999999,0.7878946,0.85912395,0.8240256276557922,0.8231525984237671,0.000516352655792307,-0.00035667657623283944,-0.0008730292320251465
00092_id00495_E46aiMUC4A0.mp4,1,FakeVideo-RealAudio,0.523512601852417,0.8235940049999999,0.78806406,0.85912395,0.8241103576557922,0.823892800702362,0.000516352655792307,0.00029879570236213127,-0.00021755695343017578
00092_id03371_truKMXt8Dak.mp4,1,FakeVideo-RealAudio,0.5215505361557007,0.8235735,0.78802305,0.85912395,0.8240898526557923,0.8238111115345002,0.000516352655792307,0.0002376115345001928,-0.00027874112129211426
00092_id03620_YkXM5A8w07E.mp4,1,FakeVideo-RealAudio,0.5127195119857788,0.825737175,0.7918207,0.85965365,0.8259886776557923,0.8255184566131593,0.0002515026557923239,-0.00021871838684073275,-0.00047022104263305664
00092_id03844_AEAEN1Lns2c.mp4,1,FakeVideo-RealAudio,0.5225598216056824,0.82380605,0.78848815,0.85912395,0.8243224026557923,0.8240451516506195,0.000516352655792307,0.00023910165061957755,-0.0002772510051727295
00092_id03858_uKVqPfRf-ac.mp4,1,FakeVideo-RealAudio,0.5188793540000916,0.825872975,0.7920923,0.85965365,0.8261244776557922,0.8257614853691101,0.00025150265579221287,-0.00011148963088991604,-0.0003629922866821289
00118_id00332__zNddcZV1EU.mp4,1,FakeVideo-RealAudio,0.5201798677444458,0.818685735,0.78954697,0.8478245,0.8248518126557922,0.8243821280549621,0.006166077655792246,0.005696393054962168,-0.0004696846008300781
00118_id00365_XV-imLNJvfk.mp4,1,FakeVideo-RealAudio,0.5166944861412048,0.8188073499999999,0.7897902,0.8478245,0.8249734276557923,0.8248293036247254,0.006166077655792357,0.006021953624725462,-0.00014412403106689453
00118_id00374_w1qI7y9AGTc.mp4,1,FakeVideo-RealAudio,0.5205901265144348,0.81866195,0.7894994,0.8478245,0.8248280276557922,0.8245507766506195,0.006166077655792246,0.005888826650619516,-0.0002772510051727295
00118_id00434_HPXkk-HGXVI.mp4,1,FakeVideo-RealAudio,0.5247988104820251,0.8191585,0.7904925,0.8478245,0.8253245776557923,0.8247979706192017,0.006166077655792246,0.00563947061920167,-0.0005266070365905762
00118_id00491_ShjiTWoOtM4.mp4,1,FakeVideo-RealAudio,0.5167507529258728,0.8181415750000001,0.78845865,0.8478245,0.8243076526557922,0.8233367525970459,0.006166077655792135,0.005195177597045797,-0.0009709000587463379
00118_id00581_7AxvP19LGKg.mp4,1,FakeVideo-RealAudio,0.5215307474136353,0.8185193749999999,0.78921425,0.8478245,0.8246854526557923,0.8238266093292237,0.006166077655792357,0.005307234329223753,-0.0008588433265686035
00118_id00823_KgExwCvgrUk.mp4,1,FakeVideo-RealAudio,0.5144047141075134,0.8183259,0.7888273,0.8478245,0.8244919776557922,0.823618948423767,0.006166077655792135,0.005293048423766988,-0.0008730292320251465
00118_id00897_0ayFw8JhoyI.mp4,1,FakeVideo-RealAudio,0.5219640731811523,0.8187758,0.7897271,0.8478245,0.8249418776557922,0.8233775537536621,0.006166077655792135,0.004601753753662008,-0.001564323902130127
00118_id03371_truKMXt8Dak.mp4,1,FakeVideo-RealAudio,0.5234469175338745,0.81870115,0.7895778,0.8478245,0.8248672276557922,0.8244198649944305,0.006166077655792246,0.0057187149944305515,-0.00044736266136169434
00118_id03844_AEAEN1Lns2c.mp4,1,FakeVideo-RealAudio,0.5244660377502441,0.819087915,0.79035133,0.8478245,0.8252539926557922,0.8243737512617493,0.006166077655792246,0.005285836261749277,-0.0008802413940429688
00293_id00234_M3g5KRLJB60.mp4,1,FakeVideo-RealAudio,0.5323797464370728,0.82221047,0.78550494,0.858916,0.8228307976557923,0.820823611242981,0.0006203276557922299,-0.0013868587570190494,-0.0020071864128112793
00293_id00270_hoEQ70-sDME.mp4,1,FakeVideo-RealAudio,0.521409809589386,0.8214255,0.783935,0.858916,0.8220458276557923,0.8195189781475067,0.0006203276557922299,-0.0019065218524932925,-0.0025268495082855225
00293_id00330_zCFFgGSIZ_s.mp4,1,FakeVideo-RealAudio,0.5201693773269653,0.820690135,0.78246427,0.858916,0.8213104626557922,0.8209556064031219,0.0006203276557922299,0.00026547140312194184,-0.0003548562526702881
00293_id00434_HPXkk-HGXVI.mp4,1,FakeVideo-RealAudio,0.5287848114967346,0.822553375,0.78619075,0.858916,0.8231737026557923,0.8197950431690216,0.0006203276557922299,-0.0027583318309784,-0.00337865948677063
00293_id00591_1Jo8xElXQMs.mp4,1,FakeVideo-RealAudio,0.5264758467674255,0.8212478249999999,0.78357965,0.858916,0.8218681526557923,0.8214689207450867,0.000620327655792341,0.00022109574508677454,-0.0003992319107055664
00293_id00633_UXrTMta1EDM.mp4,1,FakeVideo-RealAudio,0.5295526385307312,0.8220305800000001,0.78514516,0.858916,0.8226509076557922,0.8224564176998901,0.0006203276557921189,0.0004258376998900193,-0.0001944899559020996
00293_id00897_0ayFw8JhoyI.mp4,1,FakeVideo-RealAudio,0.5251284837722778,0.822108785,0.78530157,0.858916,0.8227291126557923,0.8221087773152924,0.000620327655792341,-7.68470753698125e-09,-0.0006203353404998779
00293_id03858_uKVqPfRf-ac.mp4,1,FakeVideo-RealAudio,0.5352675318717957,0.8224447500000001,0.7859735,0.858916,0.8230650776557922,0.822938686006546,0.0006203276557921189,0.0004939360065459031,-0.00012639164924621582
00078_id00068_A7uFnQw--bY.mp4,1,FakeVideo-RealAudio,0.5470589995384216,0.82561675,0.792,0.8592335,0.8260783276557923,0.8209298870563507,0.00046157765579224463,-0.004686862943649284,-0.005148440599441528
00078_id00232_kL0cCveU1zg.mp4,1,FakeVideo-RealAudio,0.5454288125038147,0.82565315,0.7920728,0.8592335,0.8261147276557923,0.8257029191650391,0.00046157765579235566,4.976916503918183e-05,-0.00041180849075317383
00078_id00287_2NpfYjyMsPM.mp4,1,FakeVideo-RealAudio,0.5474091172218323,0.8256056,0.7919777,0.8592335,0.8260671776557922,0.8246117216373443,0.0004615776557921336,-0.0009938783626557424,-0.001455456018447876
00078_id00484_u7YTz8eFZv0.mp4,1,FakeVideo-RealAudio,0.5585331320762634,0.824656335,0.789815,0.85949767,0.8249858276557922,0.8246203319740295,0.0003294926557921851,-3.6003025970510194e-05,-0.0003654956817626953
00078_id00495_E46aiMUC4A0.mp4,1,FakeVideo-RealAudio,0.5609753131866455,0.824756985,0.7900163,0.85949767,0.8250864776557922,0.8244155677742004,0.0003294926557921851,-0.00034141722579961176,-0.0006709098815917969
00078_id00813_dKs9CWJIkSI.mp4,1,FakeVideo-RealAudio,0.548147439956665,0.8255675499999999,0.7919016,0.8592335,0.8260291276557923,0.8245430050476075,0.00046157765579235566,-0.0010245449523924588,-0.0014861226081848145
00078_id03858_uKVqPfRf-ac.mp4,1,FakeVideo-RealAudio,0.5479010343551636,0.8255565,0.7918795,0.8592335,0.8260180776557922,0.8255600457630157,0.0004615776557921336,3.5457630156443543e-06,-0.00045803189277648926
00028_id00188_e-vm5FB3idA.mp4,1,FakeVideo-RealAudio,0.5778251886367798,0.82210728,0.79059476,0.8536198,0.8253757076557922,0.8251351433094787,0.003268427655792161,0.0030278633094786844,-0.00024056434631347656
00028_id00328_ytKnCbJSEcU.mp4,1,FakeVideo-RealAudio,0.5782777667045593,0.82220333,0.79078686,0.8536198,0.8254717576557922,0.8200244593674468,0.003268427655792161,-0.002178870632553176,-0.005447298288345337
00028_id00330_zCFFgGSIZ_s.mp4,1,FakeVideo-RealAudio,0.4954986572265625,0.82219577,0.7856713,0.85872024,0.8229139776557922,0.8225484819740295,0.0007182076557922246,0.00035271197402952925,-0.0003654956817626953
00028_id00374_w1qI7y9AGTc.mp4,1,FakeVideo-RealAudio,0.5747071504592896,0.8222011,0.7907824,0.8536198,0.8254695276557922,0.8252191881477355,0.003268427655792161,0.0030180881477355204,-0.0002503395080566406
00028_id00484_u7YTz8eFZv0.mp4,1,FakeVideo-RealAudio,0.5026936531066895,0.82373792,0.7887556,0.85872024,0.8244561276557922,0.8229078970077515,0.0007182076557922246,-0.0008300229922485469,-0.0015482306480407715
00028_id00495_E46aiMUC4A0.mp4,1,FakeVideo-RealAudio,0.4976702332496643,0.8234276700000001,0.7881351,0.85872024,0.8241458776557922,0.8237455430591583,0.0007182076557921135,0.0003178730591582024,-0.00040033459663391113
00028_id00569_gSynmpwioV4.mp4,1,FakeVideo-RealAudio,0.576501190662384,0.8222125,0.7908052,0.8536198,0.8254809276557922,0.8239308790660858,0.003268427655792161,0.00171837906608574,-0.001550048589706421
00028_id00589_uOzKwYEVR6s.mp4,1,FakeVideo-RealAudio,0.5678709745407104,0.8222169500000001,0.7908141,0.8536198,0.8254853776557922,0.8249811223609924,0.003268427655792161,0.0027641723609923563,-0.0005042552947998047
00028_id00823_KgExwCvgrUk.mp4,1,FakeVideo-RealAudio,0.5682674050331116,0.8221967,0.7907736,0.8536198,0.8254651276557923,0.8233704118221283,0.003268427655792272,0.0011737118221283316,-0.0020947158336639404
00028_id00897_0ayFw8JhoyI.mp4,1,FakeVideo-RealAudio,0.5710570216178894,0.82216775,0.7907157,0.8536198,0.8254361776557922,0.8248974112716675,0.003268427655792272,0.002729661271667516,-0.0005387663841247559
00311_id00188_e-vm5FB3idA.mp4,1,FakeVideo-RealAudio,0.5861449241638184,0.824021575,0.79097575,0.8570674,0.8255662026557922,0.8254157903347015,0.001544627655792219,0.0013942153347015207,-0.00015041232109069824
00311_id00262_3p7sRWAAh1Q.mp4,1,FakeVideo-RealAudio,0.5791160464286804,0.8237994500000001,0.7905315,0.8570674,0.8253440776557923,0.824181697675705,0.001544627655792219,0.00038224767570493867,-0.0011623799800872803
00311_id00330_zCFFgGSIZ_s.mp4,1,FakeVideo-RealAudio,0.5671735405921936,0.82370065,0.7903339,0.8570674,0.8252452776557923,0.8249628708488465,0.001544627655792219,0.0012622208488464182,-0.0002824068069458008
00311_id00373_5NXv3Dxkd6E.mp4,1,FakeVideo-RealAudio,0.5802178382873535,0.82401,0.7909526,0.8570674,0.8255546276557922,0.8252026026237488,0.001544627655792219,0.001192602623748762,-0.00035202503204345703
00311_id00434_HPXkk-HGXVI.mp4,1,FakeVideo-RealAudio,0.5878307223320007,0.82396808,0.79086876,0.8570674,0.8255127076557922,0.8228746656826782,0.001544627655792219,-0.0010934143173217947,-0.0026380419731140137
00311_id00633_UXrTMta1EDM.mp4,1,FakeVideo-RealAudio,0.5798063278198242,0.8238268,0.7905862,0.8570674,0.8253714276557922,0.824548287511444,0.001544627655792219,0.0007214875114440744,-0.0008231401443481445
00311_id00826_MYagwzy91Yk.mp4,1,FakeVideo-RealAudio,0.5799447894096375,0.8239733,0.7908792,0.8570674,0.8255179276557922,0.8237128009887695,0.001544627655792219,-0.00026049901123048613,-0.001805126667022705
00311_id00897_0ayFw8JhoyI.mp4,1,FakeVideo-RealAudio,0.5781852602958679,0.8238718,0.7906762,0.8570674,0.8254164276557923,0.8228189168411255,0.001544627655792219,-0.001052883158874529,-0.002597510814666748
00311_id03620_YkXM5A8w07E.mp4,1,FakeVideo-RealAudio,0.5687443017959595,0.8235595200000001,0.79005164,0.8570674,0.8251041476557923,0.8213166897128297,0.001544627655792219,-0.0022428302871704275,-0.0037874579429626465
00043_id00188_e-vm5FB3idA.mp4,1,FakeVideo-RealAudio,0.5129360556602478,0.8216720200000001,0.7896803,0.85366374,0.8249184776557923,0.8229604054702759,0.0032464576557922342,0.0012883854702758768,-0.0019580721855163574
00043_id00262_3p7sRWAAh1Q.mp4,1,FakeVideo-RealAudio,0.5382109880447388,0.822267205,0.78609526,0.85843915,0.8231259576557922,0.8227739326237488,0.000858752655792272,0.000506727623748815,-0.00035202503204345703
00043_id00270_hoEQ70-sDME.mp4,1,FakeVideo-RealAudio,0.5328525304794312,0.822507775,0.7865764,0.85843915,0.8233665276557922,0.8228463877231598,0.000858752655792161,0.0003386127231597147,-0.0005201399326324463
00043_id00287_2NpfYjyMsPM.mp4,1,FakeVideo-RealAudio,0.5103438496589661,0.8217088699999999,0.789754,0.85366374,0.8249553276557922,0.824683888103485,0.0032464576557922342,0.0029750181034851053,-0.0002714395523071289
00043_id00496_SImaDcXQnh8.mp4,1,FakeVideo-RealAudio,0.5359817743301392,0.822272425,0.7861057,0.85843915,0.8231311776557922,0.8198696710983276,0.000858752655792272,-0.0024027539016723276,-0.0032615065574645996
00043_id00633_UXrTMta1EDM.mp4,1,FakeVideo-RealAudio,0.5071477890014648,0.82168962,0.7897155,0.85366374,0.8249360776557922,0.8245757377758026,0.0032464576557922342,0.00288611777580261,-0.000360339879989624
00043_id00806_0sk9s9lFIAk.mp4,1,FakeVideo-RealAudio,0.5293462872505188,0.822576075,0.786713,0.85843915,0.8234348276557922,0.8228915909233093,0.000858752655792272,0.00031551592330936185,-0.0005432367324829102
00043_id00897_0ayFw8JhoyI.mp4,1,FakeVideo-RealAudio,0.5343731045722961,0.822015795,0.78559244,0.85843915,0.8228745476557922,0.8227241353347015,0.000858752655792161,0.0007083403347014627,-0.00015041232109069824
00043_id03716_s-lxbGafZQA.mp4,1,FakeVideo-RealAudio,0.5389177799224854,0.822372945,0.78630674,0.85843915,0.8232316976557923,0.8227610593806458,0.000858752655792272,0.0003881143806457876,-0.0004706382751464844
00420_id00068_A7uFnQw--bY.mp4,1,FakeVideo-RealAudio,0.563067615032196,0.82418703,0.78981626,0.8585578,0.8249864576557923,0.8223453758457947,0.0007994276557922175,-0.001841654154205341,-0.0026410818099975586
00420_id00262_3p7sRWAAh1Q.mp4,1,FakeVideo-RealAudio,0.5597808361053467,0.824195075,0.78983235,0.8585578,0.8249945026557922,0.8217329960983276,0.0007994276557922175,-0.002462078901672382,-0.0032615065574645996
00420_id00495_E46aiMUC4A0.mp4,1,FakeVideo-RealAudio,0.5612179636955261,0.824209,0.7898602,0.8585578,0.8250084276557923,0.8234441037536622,0.0007994276557923286,-0.0007648962463377984,-0.001564323902130127
00420_id00581_7AxvP19LGKg.mp4,1,FakeVideo-RealAudio,0.5593031048774719,0.8242432500000001,0.7899287,0.8585578,0.8250426776557922,0.8239402897506714,0.0007994276557921065,-0.0003029602493287431,-0.0011023879051208496
00420_id00634_z5t9oJizDQg.mp4,1,FakeVideo-RealAudio,0.559465765953064,0.8242048500000001,0.7898519,0.8585578,0.8250042776557922,0.8246725778076172,0.0007994276557921065,0.0004677278076170577,-0.00033169984817504883
00420_id00813_dKs9CWJIkSI.mp4,1,FakeVideo-RealAudio,0.5570647716522217,0.8240897,0.7896216,0.8585578,0.8248891276557923,0.8245298010547638,0.0007994276557922175,0.00044010105476377515,-0.0003593266010284424
00420_id00823_KgExwCvgrUk.mp4,1,FakeVideo-RealAudio,0.5516238212585449,0.8241402,0.7897226,0.8585578,0.8249396276557923,0.8245766353691102,0.0007994276557923286,0.00043643536911019964,-0.0003629922866821289
00420_id03716_s-lxbGafZQA.mp4,1,FakeVideo-RealAudio,0.5564311742782593,0.8242545,0.7899512,0.8585578,0.8250539276557922,0.8241833422142029,0.0007994276557922175,-7.115778579713794e-05,-0.0008705854415893555
00420_id03816_XXD0yTNei50.mp4,1,FakeVideo-RealAudio,0.5562406778335571,0.82402458,0.78949136,0.8585578,0.8248240076557922,0.823921146299057,0.0007994276557922175,-0.00010343370094301196,-0.0009028613567352295
00420_id03858_uKVqPfRf-ac.mp4,1,FakeVideo-RealAudio,0.5586772561073303,0.824159375,0.78976095,0.8585578,0.8249588026557922,0.8223612918411255,0.0007994276557922175,-0.0017980831588745305,-0.002597510814666748
00052_id00071_JU1cVINUTZA.mp4,1,FakeVideo-RealAudio,0.5145887136459351,0.822822575,0.7922473,0.85339785,0.8262019776557923,0.8256587409233094,0.003379402655792285,0.002836165923309375,-0.0005432367324829102
00052_id00188_e-vm5FB3idA.mp4,1,FakeVideo-RealAudio,0.5193385481834412,0.822876175,0.7923545,0.85339785,0.8262555776557923,0.8257268546543122,0.003379402655792285,0.0028506796543121826,-0.0005287230014801025
00052_id00234_M3g5KRLJB60.mp4,1,FakeVideo-RealAudio,0.5116292238235474,0.8228216500000001,0.79224545,0.85339785,0.8262010526557922,0.8259527695079804,0.003379402655792174,0.0031311195079802845,-0.00024828314781188965
00052_id00271_je6JSLqEEcw.mp4,1,FakeVideo-RealAudio,0.5124821662902832,0.822763425,0.792129,0.85339785,0.8261428276557923,0.8255058328170777,0.003379402655792285,0.0027424078170776856,-0.0006369948387145996
00052_id00287_2NpfYjyMsPM.mp4,1,FakeVideo-RealAudio,0.5158014893531799,0.82285035,0.79230285,0.85339785,0.8262297526557922,0.8246544913013458,0.003379402655792285,0.001804141301345874,-0.0015752613544464111
00052_id00373_5NXv3Dxkd6E.mp4,1,FakeVideo-RealAudio,0.5132361054420471,0.822803875,0.7922099,0.85339785,0.8261832776557922,0.8259221795093536,0.003379402655792285,0.0031183045093536865,-0.00026109814643859863
00052_id00374_w1qI7y9AGTc.mp4,1,FakeVideo-RealAudio,0.5136192440986633,0.822760275,0.7921227,0.85339785,0.8261396776557922,0.8257073055625915,0.003379402655792174,0.0029470305625914905,-0.0004323720932006836
00052_id00484_u7YTz8eFZv0.mp4,1,FakeVideo-RealAudio,0.5149414539337158,0.8228066,0.79221535,0.85339785,0.8261860026557922,0.8256834460933685,0.003379402655792174,0.002876846093368468,-0.0005025565624237061
00052_id00897_0ayFw8JhoyI.mp4,1,FakeVideo-RealAudio,0.5140251517295837,0.82280946,0.79222107,0.85339785,0.8261888626557923,0.825026482675705,0.003379402655792285,0.002217022675705005,-0.0011623799800872803
00052_id03649_389qfFqUddI.mp4,1,FakeVideo-RealAudio,0.5138481855392456,0.822787495,0.79217714,0.85339785,0.8261668976557922,0.8256446417582702,0.003379402655792174,0.0028571467582702015,-0.0005222558975219727
00046_id00068_A7uFnQw--bY.mp4,1,FakeVideo-RealAudio,0.5118791460990906,0.81589345,0.7766902,0.8550967,0.8184234276557922,0.8179191723609924,0.002529977655792215,0.00202572236099241,-0.0005042552947998047
00046_id00234_M3g5KRLJB60.mp4,1,FakeVideo-RealAudio,0.5083244442939758,0.815072565,0.77504843,0.8550967,0.8176025426557922,0.8174875950983429,0.002529977655792215,0.002415030098342874,-0.00011494755744934082
00046_id00330_zCFFgGSIZ_s.mp4,1,FakeVideo-RealAudio,0.5037055611610413,0.8134184799999999,0.77174026,0.8550967,0.8159484576557923,0.813564450678711,0.002529977655792326,0.0001459706787110271,-0.002384006977081299
00046_id00332__zNddcZV1EU.mp4,1,FakeVideo-RealAudio,0.5077041983604431,0.8148196000000001,0.7745425,0.8550967,0.8173495776557922,0.8130215353870391,0.002529977655792104,-0.0017980646129609479,-0.004328042268753052
00046_id00374_w1qI7y9AGTc.mp4,1,FakeVideo-RealAudio,0.5125300288200378,0.81490317,0.77470964,0.8550967,0.8174331476557922,0.8160227229464722,0.002529977655792215,0.0011195529464721465,-0.0014104247093200684
00046_id00569_gSynmpwioV4.mp4,1,FakeVideo-RealAudio,0.5096980333328247,0.815425785,0.77575487,0.8550967,0.8179557626557923,0.8174125259233094,0.002529977655792326,0.0019867409233094158,-0.0005432367324829102
00046_id00591_1Jo8xElXQMs.mp4,1,FakeVideo-RealAudio,0.506121814250946,0.813574075,0.77205145,0.8550967,0.8161040526557922,0.8088788968254089,0.002529977655792215,-0.004695178174591086,-0.007225155830383301
00046_id00633_UXrTMta1EDM.mp4,1,FakeVideo-RealAudio,0.5072899460792542,0.81458527,0.77407384,0.8550967,0.8171152476557922,0.8148878518828583,0.002529977655792215,0.00030258188285825494,-0.00222739577293396
00046_id00897_0ayFw8JhoyI.mp4,1,FakeVideo-RealAudio,0.511285126209259,0.815545175,0.77599365,0.8550967,0.8180751526557922,0.8171640956604004,0.002529977655792215,0.0016189206604003692,-0.0009110569953918457
00046_id03371_truKMXt8Dak.mp4,1,FakeVideo-RealAudio,0.5130504965782166,0.81550327,0.77590984,0.8550967,0.8180332476557922,0.8166288132132721,0.002529977655792215,0.0011255432132720733,-0.0014044344425201416
00202_id00068_A7uFnQw--bY.mp4,1,FakeVideo-RealAudio,0.5172637701034546,0.821200575,0.78616065,0.8562405,0.8231586526557922,0.8212005804702759,0.0019580776557922563,5.470275898922239e-09,-0.0019580721855163574
00202_id00271_je6JSLqEEcw.mp4,1,FakeVideo-RealAudio,0.5131354331970215,0.8212828999999999,0.7863253,0.8562405,0.8232409776557923,0.8228940488208771,0.0019580776557923674,0.0016111488208772062,-0.00034692883491516113
00202_id00328_ytKnCbJSEcU.mp4,1,FakeVideo-RealAudio,0.5158520340919495,0.8212746,0.7863087,0.8562405,0.8232326776557922,0.8223962456756592,0.0019580776557922563,0.0011216456756591997,-0.0008364319801330566
00202_id00373_5NXv3Dxkd6E.mp4,1,FakeVideo-RealAudio,0.5174915790557861,0.8213174999999999,0.7863945,0.8562405,0.8232755776557923,0.822622310749054,0.0019580776557923674,0.0013048107490540861,-0.0006532669067382812
00202_id00495_E46aiMUC4A0.mp4,1,FakeVideo-RealAudio,0.5188924670219421,0.8212542,0.7862679,0.8562405,0.8232122776557922,0.8221653518726348,0.0019580776557921453,0.0009111518726347967,-0.0010469257831573486
00202_id00569_gSynmpwioV4.mp4,1,FakeVideo-RealAudio,0.521152913570404,0.821082825,0.78592515,0.8562405,0.8230409026557922,0.822823345702362,0.0019580776557922563,0.0017405207023620806,-0.00021755695343017578
00202_id00581_7AxvP19LGKg.mp4,1,FakeVideo-RealAudio,0.5188134908676147,0.8212817,0.7863229,0.8562405,0.8232397776557923,0.8228564601852417,0.0019580776557922563,0.0015747601852417192,-0.0003833174705505371
00202_id00826_MYagwzy91Yk.mp4,1,FakeVideo-RealAudio,0.5162831544876099,0.821097575,0.78595465,0.8562405,0.8230556526557922,0.8225124159233093,0.0019580776557921453,0.0014148409233092352,-0.0005432367324829102
00202_id03844_AEAEN1Lns2c.mp4,1,FakeVideo-RealAudio,0.5178238749504089,0.8211185999999999,0.7859967,0.8562405,0.8230766776557923,0.8221249106880189,0.0019580776557923674,0.0010063106880189299,-0.0009517669677734375
00202_id03858_uKVqPfRf-ac.mp4,1,FakeVideo-RealAudio,0.5160257816314697,0.82121032,0.78618014,0.8562405,0.8231683976557922,0.8227103657630157,0.0019580776557921453,0.001500045763015656,-0.00045803189277648926
00122_id00188_e-vm5FB3idA.mp4,1,FakeVideo-RealAudio,0.5041490197181702,0.82396607,0.79151624,0.8564159,0.8258364476557922,0.8255537428256225,0.0018703776557922325,0.0015876728256225547,-0.00028270483016967773
00122_id00234_M3g5KRLJB60.mp4,1,FakeVideo-RealAudio,0.5043568015098572,0.8239129000000001,0.7914099,0.8564159,0.8257832776557923,0.8254206727993012,0.0018703776557922325,0.0015077727993011436,-0.00036260485649108887
00122_id00330_zCFFgGSIZ_s.mp4,1,FakeVideo-RealAudio,0.5002613663673401,0.823588,0.7907601,0.8564159,0.8254583776557922,0.8250953853691101,0.0018703776557922325,0.0015073853691101036,-0.0003629922866821289
00122_id00569_gSynmpwioV4.mp4,1,FakeVideo-RealAudio,0.5023248195648193,0.8239520650000001,0.79148823,0.8564159,0.8258224426557923,0.8254594503691102,0.0018703776557922325,0.0015073853691101036,-0.0003629922866821289
00122_id00591_1Jo8xElXQMs.mp4,1,FakeVideo-RealAudio,0.5026323795318604,0.823644625,0.79087335,0.8564159,0.8255150026557923,0.8249717659233093,0.0018703776557922325,0.0013271409233093223,-0.0005432367324829102
00122_id00633_UXrTMta1EDM.mp4,1,FakeVideo-RealAudio,0.5013939738273621,0.8238478149999999,0.79127973,0.8564159,0.8257181926557922,0.825306384165039,0.0018703776557922325,0.0014585691650390586,-0.00041180849075317383
00122_id01002_eQTviHjyISo.mp4,1,FakeVideo-RealAudio,0.5006539821624756,0.82375875,0.7911016,0.8564159,0.8256291276557922,0.8253976232154846,0.0018703776557922325,0.0016388732154846153,-0.0002315044403076172
00122_id01018_VNPt_GB5QiE.mp4,1,FakeVideo-RealAudio,0.506443977355957,0.82391362,0.79141134,0.8564159,0.8257839976557922,0.8254185019740296,0.0018703776557922325,0.0015048819740295372,-0.0003654956817626953
00122_id03371_truKMXt8Dak.mp4,1,FakeVideo-RealAudio,0.5042930841445923,0.82389725,0.7913786,0.8564159,0.8257676276557923,0.8254560145729065,0.0018703776557922325,0.0015587645729064903,-0.0003116130828857422
00122_id03858_uKVqPfRf-ac.mp4,1,FakeVideo-RealAudio,0.5044929385185242,0.8238522500000001,0.7912886,0.8564159,0.8257226276557923,0.8245415020149232,0.0018703776557922325,0.0006892520149230918,-0.0011811256408691406
00027_id00068_A7uFnQw--bY.mp4,1,FakeVideo-RealAudio,0.5038240551948547,0.80532775,0.7513776,0.8592779,0.8057671276557923,0.8052238909233094,0.0004393776557922724,-0.00010385907669063776,-0.0005432367324829102
00027_id00262_3p7sRWAAh1Q.mp4,1,FakeVideo-RealAudio,0.5043593049049377,0.8024910000000001,0.7457041,0.8592779,0.8029303776557922,0.80030845873909,0.00043937765579216137,-0.002182541260910109,-0.0026219189167022705
00027_id00271_je6JSLqEEcw.mp4,1,FakeVideo-RealAudio,0.5000114440917969,0.802384585,0.74549127,0.8592779,0.8028239626557923,0.7976755220563507,0.0004393776557922724,-0.004709062943649256,-0.005148440599441528
00027_id00395_wM5kGJfTtEM.mp4,1,FakeVideo-RealAudio,0.49999332427978516,0.80221733,0.74515676,0.8592779,0.8026567076557922,0.8020539556855011,0.0004393776557922724,-0.0001633743144988653,-0.0006027519702911377
00027_id00484_u7YTz8eFZv0.mp4,1,FakeVideo-RealAudio,0.5061777234077454,0.80489115,0.7505044,0.8592779,0.8053305276557923,0.8046123214885712,0.0004393776557922724,-0.00027882851142879694,-0.0007182061672210693
00027_id00581_7AxvP19LGKg.mp4,1,FakeVideo-RealAudio,0.5033828616142273,0.80282053,0.74636316,0.8592779,0.8032599076557922,0.8029243335057068,0.0004393776557922724,0.00010380350570682317,-0.0003355741500854492
00027_id00634_z5t9oJizDQg.mp4,1,FakeVideo-RealAudio,0.5028844475746155,0.80341917,0.74756044,0.8592779,0.8038585476557922,0.8036169104258728,0.0004393776557922724,0.0001977404258728388,-0.0002416372299194336
00027_id03589_9NxOQlwpMys.mp4,1,FakeVideo-RealAudio,0.5048006176948547,0.8047457,0.7502135,0.8592779,0.8051850776557923,0.804463623035431,0.0004393776557922724,-0.00028207696456905573,-0.0007214546203613281
00027_id03858_uKVqPfRf-ac.mp4,1,FakeVideo-RealAudio,0.5069246888160706,0.80377188,0.74826586,0.8592779,0.8042112576557923,0.8036825346543122,0.0004393776557922724,-8.934534568783015e-05,-0.0005287230014801025
00027_id03941_SsYtP8Ze88Q.mp4,1,FakeVideo-RealAudio,0.5089737772941589,0.80543375,0.7515896,0.8592779,0.8058731276557922,0.8058044333026886,0.0004393776557922724,0.0003706833026886347,-6.86943531036377e-05
00015_id00262_3p7sRWAAh1Q.mp4,1,FakeVideo-RealAudio,0.534198522567749,0.819271835,0.78577507,0.8527686,0.8229658626557923,0.8203278206826783,0.003694027655792298,0.0010559856826782843,-0.0026380419731140137
00015_id00287_2NpfYjyMsPM.mp4,1,FakeVideo-RealAudio,0.5370620489120483,0.81892577,0.78508294,0.8527686,0.8226197976557923,0.8215174097506714,0.003694027655792298,0.0025916397506714484,-0.0011023879051208496
00015_id00373_5NXv3Dxkd6E.mp4,1,FakeVideo-RealAudio,0.5353417992591858,0.819244,0.7857194,0.8527686,0.8229380276557923,0.8221508291122437,0.003694027655792298,0.002906829112243714,-0.000787198543548584
00015_id00569_gSynmpwioV4.mp4,1,FakeVideo-RealAudio,0.5355219841003418,0.819007425,0.78524625,0.8527686,0.8227014526557923,0.8222855016422272,0.003694027655792298,0.0032780766422272345,-0.0004159510135650635
00015_id00813_dKs9CWJIkSI.mp4,1,FakeVideo-RealAudio,0.5330399870872498,0.8189321,0.7850956,0.8527686,0.8226261276557922,0.8221219021633148,0.003694027655792187,0.00318980216331477,-0.000504225492477417
00015_id00897_0ayFw8JhoyI.mp4,1,FakeVideo-RealAudio,0.5333491563796997,0.818932115,0.78509563,0.8527686,0.8226261426557923,0.8223654021372223,0.003694027655792298,0.0034332871372223517,-0.0002607405185699463
00015_id03589_9NxOQlwpMys.mp4,1,FakeVideo-RealAudio,0.5360142588615417,0.8187653699999999,0.78476214,0.8527686,0.8224593976557922,0.821113375765152,0.003694027655792298,0.002348005765152039,-0.0013460218906402588
00015_id03620_YkXM5A8w07E.mp4,1,FakeVideo-RealAudio,0.5293174386024475,0.81937057,0.78597254,0.8527686,0.8230645976557922,0.8227434478297424,0.003694027655792187,0.0033728778297423823,-0.0003211498260498047
00015_id03858_uKVqPfRf-ac.mp4,1,FakeVideo-RealAudio,0.5328724980354309,0.819202185,0.78563577,0.8527686,0.8228962126557922,0.8222592178170776,0.003694027655792187,0.0030570328170775873,-0.0006369948387145996
00239_id00188_e-vm5FB3idA.mp4,1,FakeVideo-RealAudio,0.5795376896858215,0.823814005,0.78851825,0.85910976,0.8243374526557923,0.8241493105945588,0.000523447655792264,0.00033530559455874354,-0.0001881420612335205
00239_id00270_hoEQ70-sDME.mp4,1,FakeVideo-RealAudio,0.5701649188995361,0.82443248,0.7897552,0.85910976,0.8249559276557923,0.8244516723609925,0.000523447655792264,1.9192360992459356e-05,-0.0005042552947998047
00239_id00373_5NXv3Dxkd6E.mp4,1,FakeVideo-RealAudio,0.57783043384552,0.8241742299999999,0.7892387,0.85910976,0.8246976776557922,0.8187995894390105,0.000523447655792264,-0.005374640560989352,-0.005898088216781616
00239_id00484_u7YTz8eFZv0.mp4,1,FakeVideo-RealAudio,0.5779034495353699,0.82407168,0.7890336,0.85910976,0.8245951276557922,0.8240908723609924,0.000523447655792264,1.9192360992459356e-05,-0.0005042552947998047
00239_id00491_ShjiTWoOtM4.mp4,1,FakeVideo-RealAudio,0.5664235353469849,0.824397445,0.78968513,0.85910976,0.8249208926557923,0.8244628607630158,0.000523447655792264,6.541576301577479e-05,-0.00045803189277648926
00239_id00633_UXrTMta1EDM.mp4,1,FakeVideo-RealAudio,0.5733655691146851,0.82429686,0.78948396,0.85910976,0.8248203076557923,0.8245888032154847,0.000523447655792264,0.00029194321548464686,-0.0002315044403076172
00239_id00897_0ayFw8JhoyI.mp4,1,FakeVideo-RealAudio,0.5782765746116638,0.82410823,0.7891067,0.85910976,0.8246316776557923,0.8237586484237671,0.000523447655792264,-0.00034958157623288244,-0.0008730292320251465
00239_id01002_eQTviHjyISo.mp4,1,FakeVideo-RealAudio,0.5672451257705688,0.8242100299999999,0.7893103,0.85910976,0.8247334776557922,0.8237024663127899,0.000523447655792264,-0.0005075636872100553,-0.0010310113430023193
00239_id01018_VNPt_GB5QiE.mp4,1,FakeVideo-RealAudio,0.5792948007583618,0.8240436,0.78897744,0.85910976,0.8245670476557923,0.8215697982909393,0.000523447655792264,-0.0024738017090606412,-0.0029972493648529053
00239_id03371_truKMXt8Dak.mp4,1,FakeVideo-RealAudio,0.5823578834533691,0.82401823,0.7889267,0.85910976,0.8245416776557922,0.8241618768592834,0.000523447655792264,0.00014364685928347498,-0.00037980079650878906
00010_id00068_A7uFnQw--bY.mp4,1,FakeVideo-RealAudio,0.5396931767463684,0.8231360999999999,0.7892442,0.857028,0.8247004276557922,0.8241717046543121,0.0015643276557922858,0.0010356046543121833,-0.0005287230014801025
00010_id00330_zCFFgGSIZ_s.mp4,1,FakeVideo-RealAudio,0.5298014283180237,0.8237609,0.7904938,0.857028,0.8253252276557923,0.8251086839813233,0.0015643276557922858,0.0013477839813232917,-0.00021654367446899414
00010_id00395_wM5kGJfTtEM.mp4,1,FakeVideo-RealAudio,0.5330555438995361,0.8236001500000001,0.7901723,0.857028,0.8251644776557923,0.8228221045230866,0.0015643276557921748,-0.0007780454769135137,-0.0023423731327056885
00010_id00495_E46aiMUC4A0.mp4,1,FakeVideo-RealAudio,0.5387685894966125,0.8232818,0.7895356,0.857028,0.8248461276557922,0.8222409278419495,0.0015643276557922858,-0.0010408721580504876,-0.0026051998138427734
00010_id00591_1Jo8xElXQMs.mp4,1,FakeVideo-RealAudio,0.5292447209358215,0.82361195,0.7901959,0.857028,0.8251762776557923,0.8237848966304779,0.0015643276557922858,0.00017294663047795478,-0.001391381025314331
00010_id00826_MYagwzy91Yk.mp4,1,FakeVideo-RealAudio,0.5337510704994202,0.82307958,0.78913116,0.857028,0.8246439076557923,0.823791084398346,0.0015643276557922858,0.0007115043983459968,-0.0008528232574462891
00010_id03371_truKMXt8Dak.mp4,1,FakeVideo-RealAudio,0.5375716686248779,0.82333745,0.7896469,0.857028,0.8249017776557923,0.824531930834961,0.0015643276557922858,0.001194480834960987,-0.00036984682083129883
00010_id03858_uKVqPfRf-ac.mp4,1,FakeVideo-RealAudio,0.5289076566696167,0.823360825,0.78969365,0.857028,0.8249251526557922,0.8245028537475586,0.0015643276557922858,0.0011420287475586433,-0.0004222989082336426
00130_id00271_je6JSLqEEcw.mp4,1,FakeVideo-RealAudio,0.5299050211906433,0.8225487,0.7902229,0.8548745,0.8251897776557922,0.8248638594581603,0.0026410776557921345,0.0023151594581602986,-0.00032591819763183594
00130_id00373_5NXv3Dxkd6E.mp4,1,FakeVideo-RealAudio,0.5313475728034973,0.8225397,0.7902049,0.8548745,0.8251807776557922,0.8250464883911133,0.0026410776557922455,0.0025067883911132904,-0.00013428926467895508
00130_id00495_E46aiMUC4A0.mp4,1,FakeVideo-RealAudio,0.5276234745979309,0.8224987500000001,0.790123,0.8548745,0.8251398276557922,0.8245965909233093,0.0026410776557921345,0.0020978409233092243,-0.0005432367324829102
00130_id00591_1Jo8xElXQMs.mp4,1,FakeVideo-RealAudio,0.5247385501861572,0.8226573500000001,0.7904402,0.8548745,0.8252984276557922,0.8248824766422271,0.0026410776557921345,0.002225126642227071,-0.0004159510135650635
00130_id00634_z5t9oJizDQg.mp4,1,FakeVideo-RealAudio,0.5303817391395569,0.8224841700000001,0.79009384,0.8548745,0.8251252476557922,0.8235499863013458,0.0026410776557921345,0.0010658163013457234,-0.0015752613544464111
00130_id00897_0ayFw8JhoyI.mp4,1,FakeVideo-RealAudio,0.5289003849029541,0.8223605199999999,0.78984654,0.8548745,0.8250015976557923,0.8217552008757782,0.0026410776557923565,-0.0006053191242216815,-0.003246396780014038
00130_id03589_9NxOQlwpMys.mp4,1,FakeVideo-RealAudio,0.5323055386543274,0.8223868649999999,0.78989923,0.8548745,0.8250279426557923,0.8244777917845154,0.0026410776557923565,0.002090926784515501,-0.0005501508712768555
00130_id03620_YkXM5A8w07E.mp4,1,FakeVideo-RealAudio,0.5279931426048279,0.8224395,0.7900045,0.8548745,0.8250805776557922,0.8235053163013458,0.0026410776557922455,0.0010658163013458344,-0.0015752613544464111
00130_id03649_389qfFqUddI.mp4,1,FakeVideo-RealAudio,0.5305643081665039,0.82242865,0.7899828,0.8548745,0.8250697276557922,0.8247071227993011,0.0026410776557922455,0.0022784727993011566,-0.00036260485649108887
00130_id03858_uKVqPfRf-ac.mp4,1,FakeVideo-RealAudio,0.5288558602333069,0.82241615,0.7899578,0.8548745,0.8250572276557923,0.8248969209636688,0.0026410776557922455,0.0024807709636688324,-0.00016030669212341309
00001_id00188_e-vm5FB3idA.mp4,1,FakeVideo-RealAudio,0.5123695135116577,0.82332667,0.789479,0.85717434,0.8248178276557923,0.8215714308757782,0.001491157655792219,-0.001755239124221819,-0.003246396780014038
00001_id00270_hoEQ70-sDME.mp4,1,FakeVideo-RealAudio,0.5714230537414551,0.822293285,0.78575987,0.8588267,0.8229582626557923,0.8224419076181031,0.0006649776557923204,0.0001486226181031114,-0.000516355037689209
00001_id00374_w1qI7y9AGTc.mp4,1,FakeVideo-RealAudio,0.5757783651351929,0.822944585,0.78706247,0.8588267,0.8236095626557922,0.8233916480744934,0.0006649776557922094,0.00044706307449338123,-0.00021791458129882812
00001_id00581_7AxvP19LGKg.mp4,1,FakeVideo-RealAudio,0.5823094844818115,0.82288623,0.78694576,0.8588267,0.8235512076557923,0.8230664728821564,0.0006649776557922094,0.0001802428821563451,-0.00048473477363586426
00001_id00633_UXrTMta1EDM.mp4,1,FakeVideo-RealAudio,0.5071703195571899,0.82274929,0.78832424,0.85717434,0.8242404476557923,0.823730231896515,0.00149115765579233,0.0009809418965149863,-0.0005102157592773438
00001_id00634_z5t9oJizDQg.mp4,1,FakeVideo-RealAudio,0.5097130537033081,0.8230145,0.78885466,0.85717434,0.8245056576557923,0.8239185519047547,0.00149115765579233,0.0009040519047547324,-0.0005871057510375977
00001_id00897_0ayFw8JhoyI.mp4,1,FakeVideo-RealAudio,0.5801480412483215,0.823137525,0.78744835,0.8588267,0.8238025026557922,0.8222556727169037,0.0006649776557922094,-0.0008818522830963405,-0.0015468299388885498
00001_id03649_389qfFqUddI.mp4,1,FakeVideo-RealAudio,0.5805197358131409,0.8233394,0.7878521,0.8588267,0.8240043776557923,0.8215914922283173,0.0006649776557922094,-0.0017479077716827662,-0.0024128854274749756
00001_id03716_s-lxbGafZQA.mp4,1,FakeVideo-RealAudio,0.5808550119400024,0.82311663,0.78740656,0.8588267,0.8237816076557922,0.8234689514916229,0.0006649776557922094,0.00035232149162289783,-0.0003126561641693115
00001_id03844_AEAEN1Lns2c.mp4,1,FakeVideo-RealAudio,0.5769497156143188,0.8235449800000001,0.78826326,0.8588267,0.8242099576557922,0.8240218155945587,0.0006649776557920983,0.0004768355945585778,-0.0001881420612335205
00088_id00188_e-vm5FB3idA.mp4,1,FakeVideo-RealAudio,0.6114507913589478,0.8237783249999999,0.79057115,0.8569855,0.8253639026557922,0.825067011920166,0.0015855776557922585,0.0012886869201660378,-0.0002968907356262207
00088_id00262_3p7sRWAAh1Q.mp4,1,FakeVideo-RealAudio,0.6051649451255798,0.8238673,0.7907491,0.8569855,0.8254528776557922,0.8212256268413544,0.0015855776557922585,-0.0026416731586456077,-0.004227250814437866
00088_id00270_hoEQ70-sDME.mp4,1,FakeVideo-RealAudio,0.5961742997169495,0.82374912,0.79051274,0.8569855,0.8253346976557923,0.8250863251010132,0.0015855776557922585,0.0013372051010132058,-0.00024837255477905273
00088_id00332__zNddcZV1EU.mp4,1,FakeVideo-RealAudio,0.6052822470664978,0.82380835,0.7906312,0.8569855,0.8253939276557922,0.8216398185115814,0.0015855776557922585,-0.002168531488418557,-0.0037541091442108154
00088_id00379_fgkgYHCuk4g.mp4,1,FakeVideo-RealAudio,0.607638955116272,0.82384985,0.7907142,0.8569855,0.8254354276557923,0.823428241242981,0.0015855776557922585,-0.0004216087570190208,-0.0020071864128112793
00088_id00491_ShjiTWoOtM4.mp4,1,FakeVideo-RealAudio,0.5958605408668518,0.82379605,0.7906066,0.8569855,0.8253816276557923,0.8245013862617493,0.0015855776557922585,0.0007053362617492898,-0.0008802413940429688
00088_id00569_gSynmpwioV4.mp4,1,FakeVideo-RealAudio,0.6087197661399841,0.8238635299999999,0.79074156,0.8569855,0.8254491076557922,0.8253060863106536,0.0015855776557922585,0.0014425563106537087,-0.0001430213451385498
00088_id00581_7AxvP19LGKg.mp4,1,FakeVideo-RealAudio,0.6050125360488892,0.82391185,0.7908382,0.8569855,0.8254974276557923,0.8250001163021088,0.0015855776557922585,0.0010882663021087868,-0.0004973113536834717
00088_id01001_dHJc8dh9X8c.mp4,1,FakeVideo-RealAudio,0.6052599549293518,0.8237732499999999,0.790561,0.8569855,0.8253588276557922,0.8247055607490539,0.0015855776557922585,0.0009323107490539773,-0.0006532669067382812
00088_id01002_eQTviHjyISo.mp4,1,FakeVideo-RealAudio,0.6054072976112366,0.82376453,0.79054356,0.8569855,0.8253501076557923,0.8249688167431641,0.0015855776557922585,0.0012042867431640847,-0.00038129091262817383
00078_id00395_wM5kGJfTtEM.mp4,1,FakeVideo-RealAudio,0.556663453578949,0.8248051350000001,0.7901126,0.85949767,0.8251346276557923,0.8246144877231598,0.0003294926557921851,-0.00019064727684026117,-0.0005201399326324463
00078_id00484_u7YTz8eFZv0.mp4,1,FakeVideo-RealAudio,0.5585331320762634,0.824656335,0.789815,0.85949767,0.8249858276557922,0.8247976855945587,0.0003294926557921851,0.0001413505945586646,-0.0001881420612335205
00078_id00495_E46aiMUC4A0.mp4,1,FakeVideo-RealAudio,0.5609753131866455,0.824756985,0.7900163,0.85949767,0.8250864776557922,0.8225725325531006,0.0003294926557921851,-0.0021844524468994653,-0.0025139451026916504
00078_id00581_7AxvP19LGKg.mp4,1,FakeVideo-RealAudio,0.5583465695381165,0.824881035,0.7902644,0.85949767,0.8252105276557922,0.8236084740135192,0.0003294926557921851,-0.001272560986480764,-0.0016020536422729492
00078_id00589_uOzKwYEVR6s.mp4,1,FakeVideo-RealAudio,0.5499836802482605,0.82468,0.78986233,0.85949767,0.8250094926557923,0.8249407983026886,0.00032949265579229614,0.00026079830268865845,-6.86943531036377e-05
00078_id00591_1Jo8xElXQMs.mp4,1,FakeVideo-RealAudio,0.5525837540626526,0.8248197150000001,0.79014176,0.85949767,0.8251492076557922,0.8245752149266052,0.0003294926557921851,-0.0002445000733948266,-0.0005739927291870117
00078_id00823_KgExwCvgrUk.mp4,1,FakeVideo-RealAudio,0.5497230887413025,0.8247745049999999,0.79005134,0.85949767,0.8251039976557922,0.8246994013270569,0.00032949265579229614,-7.510367294305542e-05,-0.00040459632873535156
00078_id00826_MYagwzy91Yk.mp4,1,FakeVideo-RealAudio,0.5583146214485168,0.824547185,0.7895967,0.85949767,0.8248766776557923,0.824506830834961,0.00032949265579229614,-4.035416503900269e-05,-0.00036984682083129883
00078_id03589_9NxOQlwpMys.mp4,1,FakeVideo-RealAudio,0.5600119829177856,0.824591285,0.7896849,0.85949767,0.8249207776557923,0.8245322149765015,0.00032949265579229614,-5.9070023498475344e-05,-0.0003885626792907715
00078_id03649_389qfFqUddI.mp4,1,FakeVideo-RealAudio,0.5552974939346313,0.8246304849999999,0.7897633,0.85949767,0.8249599776557922,0.8247996709636688,0.00032949265579229614,0.00016918596366888305,-0.00016030669212341309
00037_id00068_A7uFnQw--bY.mp4,1,FakeVideo-RealAudio,0.5366161465644836,0.8169244250000001,0.77536505,0.8584838,0.8177608526557922,0.817283240637207,0.0008364276557921713,0.0003588156372069662,-0.0004776120185852051
00037_id00188_e-vm5FB3idA.mp4,1,FakeVideo-RealAudio,0.534248948097229,0.81810472,0.77772564,0.8584838,0.8189411476557922,0.8187006131118011,0.0008364276557921713,0.0005958931118010824,-0.00024053454399108887
00037_id00262_3p7sRWAAh1Q.mp4,1,FakeVideo-RealAudio,0.5363194942474365,0.81608302,0.77368224,0.8584838,0.8169194476557922,0.8163907246543121,0.0008364276557921713,0.0003077046543120687,-0.0005287230014801025
00037_id00373_5NXv3Dxkd6E.mp4,1,FakeVideo-RealAudio,0.5320481657981873,0.81639058,0.77429736,0.8584838,0.8172270076557923,0.814765365628891,0.0008364276557922823,-0.0016252143711089628,-0.002461642026901245
00037_id00495_E46aiMUC4A0.mp4,1,FakeVideo-RealAudio,0.5364539623260498,0.8169273800000001,0.77537096,0.8584838,0.8177638076557923,0.8172205709233094,0.0008364276557921713,0.0002931909233092611,-0.0005432367324829102
00037_id00826_MYagwzy91Yk.mp4,1,FakeVideo-RealAudio,0.5356272459030151,0.8169662,0.7754486,0.8584838,0.8178026276557923,0.8176081376998902,0.0008364276557922823,0.0006419376998901827,-0.0001944899559020996
00037_id03371_truKMXt8Dak.mp4,1,FakeVideo-RealAudio,0.540068507194519,0.81742795,0.7763721,0.8584838,0.8182643776557923,0.8180129354618073,0.0008364276557922823,0.0005849854618072969,-0.00025144219398498535
00037_id03844_AEAEN1Lns2c.mp4,1,FakeVideo-RealAudio,0.5317683219909668,0.8180662000000001,0.7776486,0.8584838,0.8189026276557922,0.8183983723609924,0.0008364276557921713,0.0003321723609923666,-0.0005042552947998047
00037_id03941_SsYtP8Ze88Q.mp4,1,FakeVideo-RealAudio,0.5378531217575073,0.8173790000000001,0.7762742,0.8584838,0.8182154276557922,0.8177111723609924,0.0008364276557921713,0.0003321723609923666,-0.0005042552947998047
00005_id00365_XV-imLNJvfk.mp4,1,FakeVideo-RealAudio,0.516170084476471,0.812369135,0.7695831,0.85515517,0.8148698776557922,0.8129118054702759,0.002500742655792254,0.0005426704702758967,-0.0019580721855163574
00005_id00373_5NXv3Dxkd6E.mp4,1,FakeVideo-RealAudio,0.5539702773094177,0.8203259,0.7827898,0.857862,0.8214732276557922,0.8189431892990112,0.001147327655792174,-0.0013827107009888318,-0.002530038356781006
00005_id00379_fgkgYHCuk4g.mp4,1,FakeVideo-RealAudio,0.5154107809066772,0.812204335,0.7692535,0.85515517,0.8147050776557923,0.8141310849266052,0.002500742655792254,0.0019267499266052424,-0.0005739927291870117
00005_id00569_gSynmpwioV4.mp4,1,FakeVideo-RealAudio,0.5551369190216064,0.82039885,0.7829357,0.857862,0.8215461776557922,0.8213296339813232,0.001147327655792174,0.00093078398132318,-0.00021654367446899414
00005_id00813_dKs9CWJIkSI.mp4,1,FakeVideo-RealAudio,0.5531461834907532,0.820451085,0.78304017,0.857862,0.8215984126557923,0.8213825544347382,0.0011473276557922851,0.000931469434738208,-0.00021585822105407715
00005_id01002_eQTviHjyISo.mp4,1,FakeVideo-RealAudio,0.51665860414505,0.8118158600000001,0.76847655,0.85515517,0.8143166026557922,0.8044815084423065,0.002500742655792143,-0.007334351557693575,-0.009835094213485718
00005_id03858_uKVqPfRf-ac.mp4,1,FakeVideo-RealAudio,0.5171530842781067,0.812133935,0.7691127,0.85515517,0.8146346776557922,0.8144080011917114,0.002500742655792254,0.0022740661917114435,-0.00022667646408081055
00169_id00262_3p7sRWAAh1Q.mp4,1,FakeVideo-RealAudio,0.5314916968345642,0.82054275,0.78938335,0.85170215,0.8247700026557923,0.8245534589813233,0.0042272526557922685,0.004010708981323274,-0.00021654367446899414
00169_id00330_zCFFgGSIZ_s.mp4,1,FakeVideo-RealAudio,0.5288482308387756,0.820045325,0.7883885,0.85170215,0.8242725776557922,0.8240242051010132,0.0042272526557921575,0.003978880101013105,-0.00024837255477905273
00169_id00365_XV-imLNJvfk.mp4,1,FakeVideo-RealAudio,0.5327247977256775,0.820598005,0.78949386,0.85170215,0.8248252576557922,0.8238543575970458,0.0042272526557921575,0.0032563525970458196,-0.0009709000587463379
00169_id00395_wM5kGJfTtEM.mp4,1,FakeVideo-RealAudio,0.5331767797470093,0.820411175,0.7891202,0.85170215,0.8246384276557923,0.8245041383911134,0.0042272526557922685,0.004092963391113313,-0.00013428926467895508
00169_id00496_SImaDcXQnh8.mp4,1,FakeVideo-RealAudio,0.5321519374847412,0.820504245,0.78930634,0.85170215,0.8247314976557922,0.8245130764350128,0.0042272526557922685,0.0040088314350128496,-0.00021842122077941895
00169_id00806_0sk9s9lFIAk.mp4,1,FakeVideo-RealAudio,0.5308559536933899,0.820159825,0.7886175,0.85170215,0.8243870776557922,0.8241895180606842,0.0042272526557922685,0.004029693060684236,-0.00019755959510803223
00169_id00823_KgExwCvgrUk.mp4,1,FakeVideo-RealAudio,0.5302702188491821,0.8203280550000001,0.78895396,0.85170215,0.8245553076557922,0.824389249115448,0.0042272526557921575,0.004061194115447919,-0.00016605854034423828
00169_id00897_0ayFw8JhoyI.mp4,1,FakeVideo-RealAudio,0.5334523916244507,0.820534555,0.78936696,0.85170215,0.8247618076557922,0.8244845566506195,0.0042272526557921575,0.003950001650619428,-0.0002772510051727295
00169_id03589_9NxOQlwpMys.mp4,1,FakeVideo-RealAudio,0.5382166504859924,0.820709125,0.7897161,0.85170215,0.8249363776557923,0.8246716734283448,0.0042272526557922685,0.003962548428344759,-0.00026470422744750977
00169_id03858_uKVqPfRf-ac.mp4,1,FakeVideo-RealAudio,0.5324528813362122,0.820570225,0.7894383,0.85170215,0.8247974776557923,0.8246093355945587,0.0042272526557922685,0.004039110594558748,-0.0001881420612335205
00125_id00262_3p7sRWAAh1Q.mp4,1,FakeVideo-RealAudio,0.5141894817352295,0.81018303,0.77050626,0.8498598,0.8153314576557922,0.8082372830323028,0.005148427655792154,-0.001945746967697226,-0.00709417462348938
00125_id00330_zCFFgGSIZ_s.mp4,1,FakeVideo-RealAudio,0.5049390196800232,0.808000965,0.76614213,0.8498598,0.8131493926557922,0.8116632700476074,0.005148427655792265,0.0036623050476074503,-0.0014861226081848145
00125_id00373_5NXv3Dxkd6E.mp4,1,FakeVideo-RealAudio,0.5137515068054199,0.81030555,0.7707513,0.8498598,0.8154539776557923,0.8152360630744935,0.005148427655792265,0.004930513074493437,-0.00021791458129882812
00125_id00395_wM5kGJfTtEM.mp4,1,FakeVideo-RealAudio,0.5135486125946045,0.8098496500000001,0.7698395,0.8498598,0.8149980776557922,0.814612942243576,0.005148427655792154,0.004763292243575967,-0.0003851354122161865
00125_id00495_E46aiMUC4A0.mp4,1,FakeVideo-RealAudio,0.5143579244613647,0.81069305,0.7715263,0.8498598,0.8158414776557923,0.8154021020168305,0.005148427655792265,0.004709052016830473,-0.000439375638961792
00125_id00581_7AxvP19LGKg.mp4,1,FakeVideo-RealAudio,0.5152108073234558,0.80997215,0.7700845,0.8498598,0.8151205776557922,0.8148135541305541,0.005148427655792154,0.004841404130554117,-0.0003070235252380371
00125_id00634_z5t9oJizDQg.mp4,1,FakeVideo-RealAudio,0.5148376822471619,0.81063552,0.77141124,0.8498598,0.8157839476557922,0.8154544531794738,0.005148427655792154,0.004818933179473794,-0.0003294944763183594
00125_id00813_dKs9CWJIkSI.mp4,1,FakeVideo-RealAudio,0.5165697336196899,0.811553225,0.77324665,0.8498598,0.8167016526557922,0.8165135105945587,0.005148427655792154,0.004960285594558633,-0.0001881420612335205
00125_id03589_9NxOQlwpMys.mp4,1,FakeVideo-RealAudio,0.5177140235900879,0.81153743,0.77321506,0.8498598,0.8166858576557923,0.8163846753857422,0.005148427655792265,0.004847245385742216,-0.00030118227005004883
00125_id03858_uKVqPfRf-ac.mp4,1,FakeVideo-RealAudio,0.5169073939323425,0.81065345,0.7714471,0.8498598,0.8158018776557923,0.8153625020168305,0.005148427655792265,0.004709052016830473,-0.000439375638961792
00065_id00068_A7uFnQw--bY.mp4,1,FakeVideo-RealAudio,0.5633006691932678,0.826058,0.79227996,0.85983604,0.8262183076557923,0.8253211087403107,0.00016030765579233552,-0.0007368912596892319,-0.0008971989154815674
00065_id00271_je6JSLqEEcw.mp4,1,FakeVideo-RealAudio,0.5579344630241394,0.825864495,0.79189295,0.85983604,0.8260248026557923,0.8252938410945893,0.0001603076557922245,-0.0005706539054107784,-0.0007309615612030029
00065_id00374_w1qI7y9AGTc.mp4,1,FakeVideo-RealAudio,0.5593223571777344,0.82582259,0.79180914,0.85983604,0.8259828976557922,0.8258486083911133,0.0001603076557922245,2.6018391113269423e-05,-0.00013428926467895508
00065_id00484_u7YTz8eFZv0.mp4,1,FakeVideo-RealAudio,0.5654691457748413,0.82591537,0.7919947,0.85983604,0.8260756776557923,0.8258577630744934,0.0001603076557922245,-5.7606925506603623e-05,-0.00021791458129882812
00065_id00495_E46aiMUC4A0.mp4,1,FakeVideo-RealAudio,0.5598019957542419,0.8259579699999999,0.7920799,0.85983604,0.8261182776557923,0.8257369867431641,0.00016030765579233552,-0.0002209832568358383,-0.00038129091262817383
00065_id00581_7AxvP19LGKg.mp4,1,FakeVideo-RealAudio,0.5580427646636963,0.82585112,0.7918662,0.85983604,0.8260114276557922,0.8244543159156799,0.00016030765579211348,-0.0013968040843201912,-0.0015571117401123047
00065_id00634_z5t9oJizDQg.mp4,1,FakeVideo-RealAudio,0.5597919821739197,0.82588702,0.791938,0.85983604,0.8260473276557923,0.8257700766506195,0.0001603076557922245,-0.00011694334938050499,-0.0002772510051727295
00065_id00735_ivJSkq5hGOQ.mp4,1,FakeVideo-RealAudio,0.5610458850860596,0.82606197,0.7922879,0.85983604,0.8262222776557923,0.8256195256855011,0.0001603076557922245,-0.0004424443144989132,-0.0006027519702911377
00065_id03371_truKMXt8Dak.mp4,1,FakeVideo-RealAudio,0.5608111619949341,0.8258608700000001,0.7918857,0.85983604,0.8260211776557922,0.8255631457630157,0.00016030765579211348,-0.0002977242369843758,-0.00045803189277648926
00065_id03649_389qfFqUddI.mp4,1,FakeVideo-RealAudio,0.5590053796768188,0.825955835,0.79207563,0.85983604,0.8261161426557923,0.8248106221212769,0.0001603076557922245,-0.0011452128787231564,-0.0013055205345153809
00005_id00188_e-vm5FB3idA.mp4,1,FakeVideo-RealAudio,0.5579058527946472,0.8206841,0.7835062,0.857862,0.8218314276557923,0.8215831445079804,0.0011473276557922851,0.0008990445079803955,-0.00024828314781188965
00005_id00234_M3g5KRLJB60.mp4,1,FakeVideo-RealAudio,0.5559473037719727,0.820353035,0.78284407,0.857862,0.8215003626557922,0.8210306780549621,0.001147327655792174,0.000677643054962096,-0.0004696846008300781
00005_id00330_zCFFgGSIZ_s.mp4,1,FakeVideo-RealAudio,0.5477493405342102,0.8198871,0.7819122,0.857862,0.8210344276557922,0.8208165130744933,0.001147327655792174,0.000929413074493346,-0.00021791458129882812
00005_id00332__zNddcZV1EU.mp4,1,FakeVideo-RealAudio,0.5538753867149353,0.82028325,0.7827045,0.857862,0.8214305776557922,0.8188330668411254,0.001147327655792174,-0.001450183158874574,-0.002597510814666748
00005_id00373_5NXv3Dxkd6E.mp4,1,FakeVideo-RealAudio,0.5539702773094177,0.8203259,0.7827898,0.857862,0.8214732276557922,0.8210316764472961,0.001147327655792174,0.0007057764472960804,-0.00044155120849609375
00005_id00496_SImaDcXQnh8.mp4,1,FakeVideo-RealAudio,0.5526581406593323,0.82022712,0.78259224,0.857862,0.8213744476557923,0.8181129410983277,0.0011473276557922851,-0.0021141789016723145,-0.0032615065574645996
00005_id00569_gSynmpwioV4.mp4,1,FakeVideo-RealAudio,0.5551369190216064,0.82039885,0.7829357,0.857862,0.8215461776557922,0.8213574097457885,0.001147327655792174,0.000958559745788512,-0.0001887679100036621
00005_id00591_1Jo8xElXQMs.mp4,1,FakeVideo-RealAudio,0.5515125393867493,0.820118,0.782374,0.857862,0.8212653276557922,0.8207328495616912,0.001147327655792174,0.000614849561691222,-0.0005324780941009521
00005_id00813_dKs9CWJIkSI.mp4,1,FakeVideo-RealAudio,0.5531461834907532,0.820451085,0.78304017,0.857862,0.8215984126557923,0.8182190379132843,0.0011473276557922851,-0.0022320470867156494,-0.0033793747425079346
00005_id03371_truKMXt8Dak.mp4,1,FakeVideo-RealAudio,0.5570493936538696,0.8203678999999999,0.7828738,0.857862,0.8215152276557922,0.8211012137931823,0.0011473276557922851,0.0007333137931824218,-0.0004140138626098633
00086_id00188_e-vm5FB3idA.mp4,1,FakeVideo-RealAudio,0.5445764660835266,0.82386123,0.7891402,0.85858226,0.8246484276557922,0.8237896737361907,0.0007871976557921601,-7.155626380928037e-05,-0.0008587539196014404
00086_id00262_3p7sRWAAh1Q.mp4,1,FakeVideo-RealAudio,0.5390658974647522,0.82307463,0.787567,0.85858226,0.8238618276557923,0.823602905078888,0.0007871976557922711,0.0005282750788879742,-0.0002589225769042969
00086_id00332__zNddcZV1EU.mp4,1,FakeVideo-RealAudio,0.5387324690818787,0.82318238,0.7877825,0.85858226,0.8239695776557923,0.8236069727993012,0.0007871976557922711,0.0004245927993011822,-0.00036260485649108887
00086_id00374_w1qI7y9AGTc.mp4,1,FakeVideo-RealAudio,0.538912832736969,0.823177845,0.78777343,0.85858226,0.8239650426557923,0.8213239608457947,0.0007871976557922711,-0.0018538841542052875,-0.0026410818099975586
00086_id00569_gSynmpwioV4.mp4,1,FakeVideo-RealAudio,0.5412294268608093,0.82357806,0.78857386,0.85858226,0.8243652576557923,0.8231151396385956,0.0007871976557922711,-0.0004629203614043842,-0.0012501180171966553
00086_id00633_UXrTMta1EDM.mp4,1,FakeVideo-RealAudio,0.5373966097831726,0.82320741,0.78783256,0.85858226,0.8239946076557922,0.8236934253857422,0.0007871976557922711,0.00048601538574222225,-0.00030118227005004883
00086_id00735_ivJSkq5hGOQ.mp4,1,FakeVideo-RealAudio,0.5409671068191528,0.82364763,0.788713,0.85858226,0.8244348276557922,0.823725293964386,0.0007871976557922711,7.766396438602108e-05,-0.00070953369140625
00086_id01002_eQTviHjyISo.mp4,1,FakeVideo-RealAudio,0.5376277565956116,0.82297913,0.787376,0.85858226,0.8237663276557923,0.8232461877231598,0.0007871976557922711,0.0002670577231598248,-0.0005201399326324463
00086_id03816_XXD0yTNei50.mp4,1,FakeVideo-RealAudio,0.5394889712333679,0.8229025000000001,0.78722274,0.85858226,0.8236896976557923,0.8231854423609924,0.0007871976557921601,0.00028294236099235537,-0.0005042552947998047
00043_id00188_e-vm5FB3idA.mp4,1,FakeVideo-RealAudio,0.5129360556602478,0.8216720200000001,0.7896803,0.85366374,0.8249184776557923,0.8238210369361878,0.0032464576557922342,0.002149016936187742,-0.0010974407196044922
00043_id00287_2NpfYjyMsPM.mp4,1,FakeVideo-RealAudio,0.5103438496589661,0.8217088699999999,0.789754,0.85366374,0.8249553276557922,0.8233402503986358,0.0032464576557922342,0.0016313803986358622,-0.001615077257156372
00043_id00325_4vJtbNe0L98.mp4,1,FakeVideo-RealAudio,0.5121338367462158,0.8217954700000001,0.7899272,0.85366374,0.8250419276557923,0.8244986909233094,0.0032464576557922342,0.002703220923309324,-0.0005432367324829102
00043_id00491_ShjiTWoOtM4.mp4,1,FakeVideo-RealAudio,0.5054083466529846,0.82129344,0.78892314,0.85366374,0.8245398976557923,0.8239029028170777,0.0032464576557922342,0.0026094628170776346,-0.0006369948387145996
00043_id00569_gSynmpwioV4.mp4,1,FakeVideo-RealAudio,0.5068138241767883,0.82171382,0.7897639,0.85366374,0.8249602776557923,0.8247119945079804,0.0032464576557922342,0.0029981745079803446,-0.00024828314781188965
00043_id00581_7AxvP19LGKg.mp4,1,FakeVideo-RealAudio,0.5119574666023254,0.82176414,0.78986454,0.85366374,0.8250105976557922,0.8245946466422271,0.0032464576557922342,0.0028305066422271707,-0.0004159510135650635
00043_id00633_UXrTMta1EDM.mp4,1,FakeVideo-RealAudio,0.5071477890014648,0.82168962,0.7897155,0.85366374,0.8249360776557922,0.8238103843345642,0.0032464576557922342,0.002120764334564207,-0.0011256933212280273
00043_id01001_dHJc8dh9X8c.mp4,1,FakeVideo-RealAudio,0.5075961351394653,0.82168057,0.7896974,0.85366374,0.8249270276557923,0.8240989701282502,0.0032464576557922342,0.00241840012825012,-0.0008280575275421143
00043_id03371_truKMXt8Dak.mp4,1,FakeVideo-RealAudio,0.5129949450492859,0.821740955,0.78981817,0.85366374,0.8249874126557922,0.8244597029332733,0.0032464576557922342,0.0027187479332733133,-0.0005277097225189209
00043_id03651_EjcoRkL6loI.mp4,1,FakeVideo-RealAudio,0.5104653835296631,0.82176242,0.7898611,0.85366374,0.8250088776557922,0.8231723095386505,0.0032464576557922342,0.0014098895386505106,-0.0018365681171417236
00072_id00232_kL0cCveU1zg.mp4,1,FakeVideo-RealAudio,0.5087531208992004,0.8194931000000001,0.7836553,0.8553309,0.8219059776557922,0.8216232728256225,0.0024128776557921228,0.002130172825622445,-0.00028270483016967773
00072_id00287_2NpfYjyMsPM.mp4,1,FakeVideo-RealAudio,0.5093647241592407,0.8196440700000001,0.78395724,0.8553309,0.8220569476557922,0.8218404039813232,0.0024128776557921228,0.0021963339813231286,-0.00021654367446899414
00072_id00491_ShjiTWoOtM4.mp4,1,FakeVideo-RealAudio,0.5027244687080383,0.81834925,0.7813676,0.8553309,0.8207621276557923,0.8204028010547638,0.002412877655792234,0.0020535510547637914,-0.0003593266010284424
00072_id00569_gSynmpwioV4.mp4,1,FakeVideo-RealAudio,0.504783570766449,0.819453215,0.78357553,0.8553309,0.8218660926557922,0.8212290978170776,0.002412877655792234,0.0017758828170776342,-0.0006369948387145996
00072_id00591_1Jo8xElXQMs.mp4,1,FakeVideo-RealAudio,0.5029019117355347,0.81871677,0.78210264,0.8553309,0.8211296476557922,0.8206009246543121,0.002412877655792234,0.0018841546543121312,-0.0005287230014801025
00072_id03620_YkXM5A8w07E.mp4,1,FakeVideo-RealAudio,0.500863790512085,0.8185906199999999,0.78185034,0.8553309,0.8210034976557923,0.8187237392024231,0.002412877655792345,0.00013311920242320419,-0.0022797584533691406
00072_id03649_389qfFqUddI.mp4,1,FakeVideo-RealAudio,0.5073584318161011,0.8197308249999999,0.78413075,0.8553309,0.8221437026557923,0.821374743133545,0.002412877655792345,0.0016439181335450304,-0.0007689595222473145
00072_id03651_EjcoRkL6loI.mp4,1,FakeVideo-RealAudio,0.5088664293289185,0.81920625,0.7830816,0.8553309,0.8216191276557923,0.8189810856826782,0.002412877655792234,-0.00022516431732177988,-0.0026380419731140137
00430_id00068_A7uFnQw--bY.mp4,1,FakeVideo-RealAudio,0.5338005423545837,0.82438918,0.7910581,0.85772026,0.8256073776557922,0.8252778831794738,0.0012181976557921192,0.0008887031794737599,-0.0003294944763183594
00430_id00330_zCFFgGSIZ_s.mp4,1,FakeVideo-RealAudio,0.5254948139190674,0.8247886799999999,0.7918571,0.85772026,0.8260068776557923,0.8254781546543122,0.0012181976557923413,0.0006894746543122388,-0.0005287230014801025
00430_id00491_ShjiTWoOtM4.mp4,1,FakeVideo-RealAudio,0.5235601663589478,0.82474068,0.7917611,0.85772026,0.8259588776557922,0.8255697785346985,0.0012181976557922303,0.0008290985346984803,-0.00038909912109375
00430_id00569_gSynmpwioV4.mp4,1,FakeVideo-RealAudio,0.5301589965820312,0.824444355,0.79116845,0.85772026,0.8256625526557922,0.8250285380493164,0.0012181976557922303,0.0005841830493164002,-0.0006340146064758301
00430_id00581_7AxvP19LGKg.mp4,1,FakeVideo-RealAudio,0.5305973887443542,0.8247002800000001,0.7916803,0.85772026,0.8259184776557922,0.8256681381477355,0.0012181976557921192,0.0009678581477354786,-0.0002503395080566406
00430_id00806_0sk9s9lFIAk.mp4,1,FakeVideo-RealAudio,0.526728093624115,0.82469698,0.7916737,0.85772026,0.8259151776557923,0.8216879268413544,0.0012181976557922303,-0.003009053158645636,-0.004227250814437866
00430_id03858_uKVqPfRf-ac.mp4,1,FakeVideo-RealAudio,0.5251163840293884,0.82460328,0.7914863,0.85772026,0.8258214776557922,0.8256773536247253,0.0012181976557921192,0.0010740736247252247,-0.00014412403106689453
00002_id00068_A7uFnQw--bY.mp4,1,FakeVideo-RealAudio,0.5080223083496094,0.823324065,0.7916865,0.85496163,0.8259215776557922,0.8256701354618072,0.0025975126557922223,0.002346070461807237,-0.00025144219398498535
00002_id00262_3p7sRWAAh1Q.mp4,1,FakeVideo-RealAudio,0.5059181451797485,0.823278865,0.7915961,0.85496163,0.8258763776557922,0.8252736256855011,0.0025975126557922223,0.0019947606855010847,-0.0006027519702911377
00002_id00287_2NpfYjyMsPM.mp4,1,FakeVideo-RealAudio,0.5066126585006714,0.823305865,0.7916501,0.85496163,0.8259033776557922,0.8250468887126923,0.0025975126557922223,0.0017410237126922468,-0.0008564889430999756
00002_id00395_wM5kGJfTtEM.mp4,1,FakeVideo-RealAudio,0.5072560906410217,0.823166635,0.79137164,0.85496163,0.8257641476557922,0.824743060486145,0.0025975126557922223,0.0015764254861450056,-0.0010210871696472168
00002_id00495_E46aiMUC4A0.mp4,1,FakeVideo-RealAudio,0.5094783306121826,0.82330489,0.79164815,0.85496163,0.8259024026557922,0.8254371287986755,0.0025975126557922223,0.002132238798675523,-0.0004652738571166992
00002_id00496_SImaDcXQnh8.mp4,1,FakeVideo-RealAudio,0.5040298700332642,0.82322529,0.79148895,0.85496163,0.8258228026557922,0.8256786786247253,0.0025975126557922223,0.002453388624725328,-0.00014412403106689453
00002_id00589_uOzKwYEVR6s.mp4,1,FakeVideo-RealAudio,0.5039733648300171,0.8231633,0.79136497,0.85496163,0.8257608126557923,0.8250965486920929,0.0025975126557922223,0.0019332486920928815,-0.0006642639636993408
00002_id00634_z5t9oJizDQg.mp4,1,FakeVideo-RealAudio,0.5060791969299316,0.823306015,0.7916504,0.85496163,0.8259035276557922,0.8186783718254089,0.0025975126557922223,-0.0046276431745910784,-0.007225155830383301
00002_id03649_389qfFqUddI.mp4,1,FakeVideo-RealAudio,0.505611002445221,0.823257385,0.79155314,0.85496163,0.8258548976557922,0.822160869993515,0.0025975126557922223,-0.0010965150064849993,-0.0036940276622772217
00002_id03858_uKVqPfRf-ac.mp4,1,FakeVideo-RealAudio,0.5072311162948608,0.823195015,0.7914284,0.85496163,0.8257925276557923,0.8244604532520294,0.0025975126557922223,0.001265438252029405,-0.0013320744037628174
00081_id00188_e-vm5FB3idA.mp4,1,FakeVideo-RealAudio,0.5585388541221619,0.8165910000000001,0.7885419,0.8446401,0.8243492776557922,0.8202222520515442,0.007758277655792178,0.0036312520515441316,-0.004127025604248047
00081_id00287_2NpfYjyMsPM.mp4,1,FakeVideo-RealAudio,0.5589649081230164,0.81670765,0.7887752,0.8446401,0.8244659276557922,0.824395117337799,0.007758277655792178,0.007687467337799014,-7.081031799316406e-05
00081_id00325_4vJtbNe0L98.mp4,1,FakeVideo-RealAudio,0.5581071376800537,0.81670518,0.78877026,0.8446401,0.8244634576557922,0.8238607056855011,0.007758277655792178,0.007155525685501041,-0.0006027519702911377
00081_id00365_XV-imLNJvfk.mp4,1,FakeVideo-RealAudio,0.5562259554862976,0.816748275,0.78885645,0.8446401,0.8245065526557922,0.8190592543674469,0.007758277655792178,0.0023109793674468415,-0.005447298288345337
00081_id00373_5NXv3Dxkd6E.mp4,1,FakeVideo-RealAudio,0.5546408295631409,0.81690432,0.78916854,0.8446401,0.8246625976557922,0.8236926214690399,0.007758277655792178,0.006788301469039859,-0.0009699761867523193
00081_id00374_w1qI7y9AGTc.mp4,1,FakeVideo-RealAudio,0.5551496744155884,0.8168313,0.7890225,0.8446401,0.8245895776557922,0.8242991838264465,0.007758277655792178,0.007467883826446475,-0.0002903938293457031
00081_id00496_SImaDcXQnh8.mp4,1,FakeVideo-RealAudio,0.5555856227874756,0.8168167,0.7889933,0.8446401,0.8245749776557922,0.8241169457630158,0.0077582776557922895,0.0073002457630158,-0.00045803189277648926
00081_id01018_VNPt_GB5QiE.mp4,1,FakeVideo-RealAudio,0.5577466487884521,0.816857975,0.78907585,0.8446401,0.8246162526557923,0.8242847316215516,0.0077582776557922895,0.007426756621551567,-0.00033152103424072266
00081_id03651_EjcoRkL6loI.mp4,1,FakeVideo-RealAudio,0.557175874710083,0.81677417,0.78890824,0.8446401,0.8245324476557923,0.8242551966506195,0.0077582776557922895,0.00748102665061956,-0.0002772510051727295
00081_id03844_AEAEN1Lns2c.mp4,1,FakeVideo-RealAudio,0.5584640502929688,0.816768865,0.78889763,0.8446401,0.8245271426557923,0.8241268080591584,0.0077582776557922895,0.007357943059158378,-0.00040033459663391113
00001_id00068_A7uFnQw--bY.mp4,1,FakeVideo-RealAudio,0.5113598108291626,0.8233356700000001,0.789497,0.85717434,0.8248268276557922,0.8244973927841186,0.001491157655792108,0.001161722784118524,-0.000329434871673584
00001_id00188_e-vm5FB3idA.mp4,1,FakeVideo-RealAudio,0.5123695135116577,0.82332667,0.789479,0.85717434,0.8248178276557923,0.8215563210983277,0.001491157655792219,-0.0017703489016723806,-0.0032615065574645996
00001_id00325_4vJtbNe0L98.mp4,1,FakeVideo-RealAudio,0.5109044313430786,0.823189735,0.78920513,0.85717434,0.8246808926557923,0.8231326620077515,0.001491157655792219,-5.7072992248552445e-05,-0.0015482306480407715
00001_id00569_gSynmpwioV4.mp4,1,FakeVideo-RealAudio,0.5077316761016846,0.82304332,0.7889123,0.85717434,0.8245344776557922,0.8235492426799774,0.001491157655792219,0.0005059226799773997,-0.0009852349758148193
00001_id00589_uOzKwYEVR6s.mp4,1,FakeVideo-RealAudio,0.5079981684684753,0.8227627,0.78835106,0.85717434,0.8242538576557923,0.8217270081475068,0.00149115765579233,-0.0010356918524931924,-0.0025268495082855225
00001_id00591_1Jo8xElXQMs.mp4,1,FakeVideo-RealAudio,0.5019399523735046,0.822351785,0.78752923,0.85717434,0.8238429426557923,0.8237136899835968,0.00149115765579233,0.0013619049835968955,-0.00012925267219543457
00001_id00633_UXrTMta1EDM.mp4,1,FakeVideo-RealAudio,0.5071703195571899,0.82274929,0.78832424,0.85717434,0.8242404476557923,0.8239901081477357,0.00149115765579233,0.0012408181477356894,-0.0002503395080566406
00001_id00634_z5t9oJizDQg.mp4,1,FakeVideo-RealAudio,0.5097130537033081,0.8230145,0.78885466,0.85717434,0.8245056576557923,0.8231567747422028,0.00149115765579233,0.00014227474220285252,-0.0013488829135894775
00001_id00826_MYagwzy91Yk.mp4,1,FakeVideo-RealAudio,0.510195791721344,0.82312502,0.7890757,0.85717434,0.8246161776557923,0.8242002266422273,0.00149115765579233,0.0010752066422272666,-0.0004159510135650635
00001_id03589_9NxOQlwpMys.mp4,1,FakeVideo-RealAudio,0.5089268088340759,0.8231584700000001,0.7891426,0.85717434,0.8246496276557922,0.8235022978485107,0.001491157655792108,0.0003438278485106139,-0.0011473298072814941
00092_id00325_4vJtbNe0L98.mp4,1,FakeVideo-RealAudio,0.5197332501411438,0.8258559750000001,0.7920583,0.85965365,0.8261074776557922,0.8258171434310912,0.00025150265579210185,-3.8831568908825886e-05,-0.00029033422470092773
00092_id00395_wM5kGJfTtEM.mp4,1,FakeVideo-RealAudio,0.5165490508079529,0.823326425,0.7875289,0.85912395,0.8238427776557922,0.8235959250194549,0.000516352655792196,0.00026950001945491575,-0.0002468526363372803
00092_id00897_0ayFw8JhoyI.mp4,1,FakeVideo-RealAudio,0.5173928141593933,0.8257865600000001,0.79191947,0.85965365,0.8260380626557922,0.8254948259233093,0.00025150265579210185,-0.0002917340766908083,-0.0005432367324829102
00092_id01002_eQTviHjyISo.mp4,1,FakeVideo-RealAudio,0.5187370181083679,0.8257916750000001,0.7919297,0.85965365,0.8260431776557922,0.8248598764453887,0.00025150265579210185,-0.0009317985546113405,-0.0011833012104034424
00092_id01018_VNPt_GB5QiE.mp4,1,FakeVideo-RealAudio,0.520592451095581,0.825898625,0.7921436,0.85965365,0.8261501276557922,0.825488098866272,0.00025150265579221287,-0.0004105261337280508,-0.0006620287895202637
00092_id03371_truKMXt8Dak.mp4,1,FakeVideo-RealAudio,0.5215505361557007,0.8235735,0.78802305,0.85912395,0.8240898526557923,0.8225986934551239,0.000516352655792307,-0.0009748065448760279,-0.001491159200668335
00092_id03620_YkXM5A8w07E.mp4,1,FakeVideo-RealAudio,0.5127195119857788,0.825737175,0.7918207,0.85965365,0.8259886776557923,0.825206724320984,0.0002515026557923239,-0.0005304506790160257,-0.0007819533348083496
00092_id03649_389qfFqUddI.mp4,1,FakeVideo-RealAudio,0.517937958240509,0.825926625,0.7921996,0.85965365,0.8261781276557922,0.8259364904258728,0.00025150265579221287,9.865425872779277e-06,-0.0002416372299194336
00092_id03716_s-lxbGafZQA.mp4,1,FakeVideo-RealAudio,0.5129250288009644,0.8233672999999999,0.78761065,0.85912395,0.8238836526557922,0.8234899341747284,0.000516352655792307,0.00012263417472846427,-0.0003937184810638428
00092_id03858_uKVqPfRf-ac.mp4,1,FakeVideo-RealAudio,0.5188793540000916,0.825872975,0.7920923,0.85965365,0.8261244776557922,0.8254874828170776,0.00025150265579221287,-0.00038549218292238674,-0.0006369948387145996
00040_id00332__zNddcZV1EU.mp4,1,FakeVideo-RealAudio,0.5078274011611938,0.8183176999999999,0.7906671,0.8459683,0.8254118776557922,0.8250420308349609,0.007094177655792233,0.006724330834960934,-0.00036984682083129883
00040_id00365_XV-imLNJvfk.mp4,1,FakeVideo-RealAudio,0.5065290331840515,0.81849712,0.79102594,0.8459683,0.8255912976557922,0.8251753466422271,0.007094177655792233,0.00667822664222717,-0.0004159510135650635
00040_id00379_fgkgYHCuk4g.mp4,1,FakeVideo-RealAudio,0.5120887756347656,0.8184493500000001,0.7909304,0.8459683,0.8255435276557923,0.8239682663013459,0.007094177655792233,0.005518916301345822,-0.0015752613544464111
00040_id00395_wM5kGJfTtEM.mp4,1,FakeVideo-RealAudio,0.5069331526756287,0.818306115,0.79064393,0.8459683,0.8254002926557922,0.8248736856192016,0.007094177655792233,0.006567570619201657,-0.0005266070365905762
00040_id00591_1Jo8xElXQMs.mp4,1,FakeVideo-RealAudio,0.5071067214012146,0.8179729,0.7899775,0.8459683,0.8250670776557922,0.8249521300983429,0.007094177655792233,0.006979230098342892,-0.00011494755744934082
00040_id00633_UXrTMta1EDM.mp4,1,FakeVideo-RealAudio,0.5090531706809998,0.81835525,0.7907422,0.8459683,0.8254494276557922,0.8250100520168304,0.007094177655792233,0.006654802016830441,-0.000439375638961792
00040_id00897_0ayFw8JhoyI.mp4,1,FakeVideo-RealAudio,0.5083323121070862,0.8184183,0.7908683,0.8459683,0.8255124776557923,0.8253133683399201,0.007094177655792233,0.006895068339920041,-0.00019910931587219238
00040_id03651_EjcoRkL6loI.mp4,1,FakeVideo-RealAudio,0.5106514692306519,0.8184576299999999,0.79094696,0.8459683,0.8255518076557922,0.8253244457382964,0.007094177655792233,0.006866815738296506,-0.00022736191749572754
00040_id03816_XXD0yTNei50.mp4,1,FakeVideo-RealAudio,0.5049911737442017,0.818243,0.7905177,0.8459683,0.8253371776557923,0.8228256763435364,0.007094177655792233,0.004582676343536374,-0.0025115013122558594
00040_id03858_uKVqPfRf-ac.mp4,1,FakeVideo-RealAudio,0.5095739364624023,0.818443025,0.79091775,0.8459683,0.8255372026557922,0.8252889195079803,0.007094177655792233,0.0068458945079803435,-0.00024828314781188965
00093_id00071_JU1cVINUTZA.mp4,1,FakeVideo-RealAudio,0.5145570635795593,0.82158142,0.78597844,0.8571844,0.8230675476557923,0.8228730576998902,0.0014861276557922576,0.001291637699890158,-0.0001944899559020996
00093_id00262_3p7sRWAAh1Q.mp4,1,FakeVideo-RealAudio,0.5124080777168274,0.82130375,0.7854231,0.8571844,0.8227898776557923,0.8222856223609925,0.0014861276557922576,0.000981872360992453,-0.0005042552947998047
00093_id00287_2NpfYjyMsPM.mp4,1,FakeVideo-RealAudio,0.5166197419166565,0.8217004,0.7862164,0.8571844,0.8231865276557923,0.8226540495616913,0.0014861276557922576,0.0009536495616913054,-0.0005324780941009521
00093_id00379_fgkgYHCuk4g.mp4,1,FakeVideo-RealAudio,0.5126580595970154,0.821526,0.7858676,0.8571844,0.8230121276557922,0.820550485628891,0.0014861276557922576,-0.0009755143711089875,-0.002461642026901245
00093_id00395_wM5kGJfTtEM.mp4,1,FakeVideo-RealAudio,0.5117425322532654,0.821395275,0.78560615,0.8571844,0.8228814026557922,0.8226582726680756,0.0014861276557922576,0.0012629976680755828,-0.0002231299877166748
00093_id00495_E46aiMUC4A0.mp4,1,FakeVideo-RealAudio,0.5168713331222534,0.821610175,0.78603595,0.8571844,0.8230963026557923,0.8132612084423065,0.0014861276557922576,-0.00834896655769346,-0.009835094213485718
00093_id00633_UXrTMta1EDM.mp4,1,FakeVideo-RealAudio,0.5124881267547607,0.8213486,0.7855128,0.8571844,0.8228347276557922,0.8208766554702759,0.0014861276557922576,-0.00047194452972409984,-0.0019580721855163574
00093_id00897_0ayFw8JhoyI.mp4,1,FakeVideo-RealAudio,0.5208706855773926,0.8215125999999999,0.7858408,0.8571844,0.8229987276557922,0.8224554909233093,0.0014861276557922576,0.0009428909233093474,-0.0005432367324829102
00093_id01018_VNPt_GB5QiE.mp4,1,FakeVideo-RealAudio,0.516795814037323,0.8216473,0.7861102,0.8571844,0.8231334276557922,0.8226025886894226,0.0014861276557922576,0.0009552886894226287,-0.0005308389663696289
00093_id03941_SsYtP8Ze88Q.mp4,1,FakeVideo-RealAudio,0.5200819373130798,0.82171347,0.78624254,0.8571844,0.8231995976557922,0.8230703449835968,0.0014861276557922576,0.001356874983596823,-0.00012925267219543457
00028_id00068_A7uFnQw--bY.mp4,1,FakeVideo-RealAudio,0.49857038259506226,0.823697,0.78867376,0.85872024,0.8244152076557922,0.8242721863106537,0.0007182076557922246,0.0005751863106536748,-0.0001430213451385498
00028_id00330_zCFFgGSIZ_s.mp4,1,FakeVideo-RealAudio,0.4954986572265625,0.82219577,0.7856713,0.85872024,0.8229139776557922,0.8225843937725067,0.0007182076557922246,0.0003886237725067021,-0.00032958388328552246
00028_id00332__zNddcZV1EU.mp4,1,FakeVideo-RealAudio,0.49789541959762573,0.82335392,0.7879876,0.85872024,0.8240721276557923,0.823706274346161,0.0007182076557923356,0.00035235434616098793,-0.00036585330963134766
00028_id00365_XV-imLNJvfk.mp4,1,FakeVideo-RealAudio,0.4959753155708313,0.8235039399999999,0.78828764,0.85872024,0.8242221476557923,0.8227360548499298,0.0007182076557923356,-0.0007678851500700912,-0.0014860928058624268
00028_id00484_u7YTz8eFZv0.mp4,1,FakeVideo-RealAudio,0.5026936531066895,0.82373792,0.7887556,0.85872024,0.8244561276557922,0.8240443191650391,0.0007182076557922246,0.00030639916503905074,-0.00041180849075317383
00028_id00495_E46aiMUC4A0.mp4,1,FakeVideo-RealAudio,0.4976702332496643,0.8234276700000001,0.7881351,0.85872024,0.8241458776557922,0.8239954653347015,0.0007182076557921135,0.0005677953347014153,-0.00015041232109069824
00028_id00496_SImaDcXQnh8.mp4,1,FakeVideo-RealAudio,0.4981987774372101,0.82354317,0.7883661,0.85872024,0.8242613776557922,0.8241365655296325,0.0007182076557922246,0.0005933955296325566,-0.00012481212615966797
00028_id00735_ivJSkq5hGOQ.mp4,1,FakeVideo-RealAudio,0.4990616738796234,0.82371697,0.7887137,0.85872024,0.8244351776557922,0.8236357601600647,0.0007182076557922246,-8.12098399353145e-05,-0.0007994174957275391
00028_id03858_uKVqPfRf-ac.mp4,1,FakeVideo-RealAudio,0.49957913160324097,0.82345307,0.7881859,0.85872024,0.8241712776557922,0.8215816346542358,0.0007182076557922246,-0.001871435345764172,-0.0025896430015563965
00092_id00270_hoEQ70-sDME.mp4,1,FakeVideo-RealAudio,0.5132384896278381,0.8230000449999999,0.78687614,0.85912395,0.8235163976557922,0.8227291991122436,0.000516352655792307,-0.00027084588775627694,-0.000787198543548584
00092_id00365_XV-imLNJvfk.mp4,1,FakeVideo-RealAudio,0.5155361890792847,0.823573445,0.78802294,0.85912395,0.8240897976557922,0.8239467763106536,0.000516352655792196,0.0003733313106536462,-0.0001430213451385498
00092_id00395_wM5kGJfTtEM.mp4,1,FakeVideo-RealAudio,0.5165490508079529,0.823326425,0.7875289,0.85912395,0.8238427776557922,0.8233811992866515,0.000516352655792196,5.4774286651571025e-05,-0.000461578369140625
00092_id00484_u7YTz8eFZv0.mp4,1,FakeVideo-RealAudio,0.5198937058448792,0.8235092749999999,0.7878946,0.85912395,0.8240256276557922,0.8237217631767273,0.000516352655792307,0.00021248817672736564,-0.0003038644790649414
00092_id00495_E46aiMUC4A0.mp4,1,FakeVideo-RealAudio,0.523512601852417,0.8235940049999999,0.78806406,0.85912395,0.8241103576557922,0.8240416633026886,0.000516352655792307,0.00044765830268866935,-6.86943531036377e-05
00092_id00581_7AxvP19LGKg.mp4,1,FakeVideo-RealAudio,0.522891104221344,0.8235423,0.78796065,0.85912395,0.8240586526557923,0.8237365789577484,0.000516352655792307,0.0001942789577484838,-0.00032207369804382324
00092_id00823_KgExwCvgrUk.mp4,1,FakeVideo-RealAudio,0.5192583203315735,0.823301875,0.7874798,0.85912395,0.8238182276557922,0.821322074539566,0.000516352655792196,-0.0019798004604340003,-0.0024961531162261963
00092_id03371_truKMXt8Dak.mp4,1,FakeVideo-RealAudio,0.5215505361557007,0.8235735,0.78802305,0.85912395,0.8240898526557923,0.8221487081893921,0.000516352655792307,-0.0014247918106078394,-0.0019411444664001465
00092_id03716_s-lxbGafZQA.mp4,1,FakeVideo-RealAudio,0.5129250288009644,0.8233672999999999,0.78761065,0.85912395,0.8238836526557922,0.8238128423377991,0.000516352655792307,0.000445542337799143,-7.081031799316406e-05
00092_id03844_AEAEN1Lns2c.mp4,1,FakeVideo-RealAudio,0.5225598216056824,0.82380605,0.78848815,0.85912395,0.8243224026557923,0.8234252037403107,0.000516352655792307,-0.00038084625968926034,-0.0008971989154815674
00021_id00068_A7uFnQw--bY.mp4,1,FakeVideo-RealAudio,0.57280433177948,0.80693103,0.75442606,0.859436,0.8072913576557923,0.8068333257630158,0.00036032765579230297,-9.770423698418629e-05,-0.00045803189277648926
00021_id00262_3p7sRWAAh1Q.mp4,1,FakeVideo-RealAudio,0.5703304409980774,0.8057754749999999,0.75211495,0.859436,0.8061358026557922,0.8057758502059936,0.00036032765579230297,3.7520599371898555e-07,-0.000359952449798584
00021_id00287_2NpfYjyMsPM.mp4,1,FakeVideo-RealAudio,0.5806450247764587,0.8071434,0.7548508,0.859436,0.8075037276557923,0.8072722232154846,0.00036032765579230297,0.00012882321548468578,-0.0002315044403076172
00021_id00332__zNddcZV1EU.mp4,1,FakeVideo-RealAudio,0.5681321620941162,0.8059305999999999,0.7524252,0.859436,0.8062909276557922,0.8029115529132843,0.00036032765579230297,-0.0030190470867156316,-0.0033793747425079346
00021_id00365_XV-imLNJvfk.mp4,1,FakeVideo-RealAudio,0.5674541592597961,0.8064638,0.7534916,0.859436,0.8068241276557923,0.8065757551010132,0.00036032765579230297,0.00011195510101325024,-0.00024837255477905273
00021_id00495_E46aiMUC4A0.mp4,1,FakeVideo-RealAudio,0.5713720321655273,0.806047125,0.75265825,0.859436,0.8064074526557923,0.8060717592964173,0.00036032765579230297,2.463429641730297e-05,-0.000335693359375
00021_id00735_ivJSkq5hGOQ.mp4,1,FakeVideo-RealAudio,0.5648424029350281,0.8068516649999999,0.75426733,0.859436,0.8072119926557922,0.8069940780744934,0.00036032765579230297,0.00014241307449347484,-0.00021791458129882812
00021_id00806_0sk9s9lFIAk.mp4,1,FakeVideo-RealAudio,0.5587694048881531,0.80367048,0.74790496,0.859436,0.8040308076557923,0.8039424437699128,0.00036032765579230297,0.00027196376991278637,-8.83638858795166e-05
00021_id01001_dHJc8dh9X8c.mp4,1,FakeVideo-RealAudio,0.5712574124336243,0.8068042,0.7541724,0.859436,0.8071645276557922,0.8061646895420074,0.00036032765579219195,-0.0006395104579925981,-0.00099983811378479
00021_id03816_XXD0yTNei50.mp4,1,FakeVideo-RealAudio,0.5717947483062744,0.8054205999999999,0.7514052,0.859436,0.8057809276557922,0.8055927855945587,0.00036032765579230297,0.00017218559455878246,-0.0001881420612335205
00028_id00287_2NpfYjyMsPM_id00262_wavtolip.mp4,1,FakeVideo-FakeAudio,0.9999885559082031,0.8161832950000001,0.77339935,0.85896724,0.8167780026557923,0.8167093083026886,0.0005947076557921704,0.0005260133026885327,-6.86943531036377e-05
00028_id00325_4vJtbNe0L98_id00823_wavtolip.mp4,1,FakeVideo-FakeAudio,0.9998719692230225,0.8165684200000001,0.77370614,0.8594307,0.8169313976557923,0.8164901742728424,0.0003629776557921849,-7.824572715764422e-05,-0.0004412233829498291
00028_id00330_zCFFgGSIZ_s_id00484_wavtolip.mp4,1,FakeVideo-FakeAudio,0.9995417594909668,0.8138553500000001,0.76810867,0.85960203,0.8141326626557923,0.8131129761952973,0.00027731265579222786,-0.0007423738047027673,-0.0010196864604949951
00028_id00569_gSynmpwioV4_id00806_wavtolip.mp4,1,FakeVideo-FakeAudio,0.999937891960144,0.81691795,0.7742881,0.8595478,0.8172223776557923,0.8136157900074006,0.00030442765579230535,-0.0033021599925994183,-0.0036065876483917236
00028_id01002_eQTviHjyISo_id00270_wavtolip.mp4,1,FakeVideo-FakeAudio,0.9999954700469971,0.81533758,0.77078706,0.8598881,0.8154718576557922,0.8143245278485107,0.0001342776557922143,-0.0010130521514892799,-0.0011473298072814941
00028_id03620_YkXM5A8w07E_id03844_wavtolip.mp4,1,FakeVideo-FakeAudio,0.9988631010055542,0.81489985,0.7707005,0.8590992,0.8154285776557922,0.8152578103485107,0.0005287276557922604,0.0003579603485107663,-0.00017076730728149414
00028_id03649_389qfFqUddI_id00374_wavtolip.mp4,1,FakeVideo-FakeAudio,0.9999823570251465,0.8165145,0.7738128,0.8592162,0.8169847276557922,0.8140140917648315,0.00047022765579218806,-0.0025004082351685053,-0.0029706358909606934
00028_id03651_EjcoRkL6loI_id00262_wavtolip.mp4,1,FakeVideo-FakeAudio,0.9999884366989136,0.81637027,0.7737733,0.85896724,0.8169649776557922,0.8164952930549622,0.0005947076557922815,0.00012502305496220334,-0.0004696846008300781
00004_id00232_kL0cCveU1zg_id00806_wavtolip.mp4,1,FakeVideo-FakeAudio,0.9999812841415405,0.79891265,0.7388583,0.858967,0.7995074776557922,0.7969022778419494,0.0005948276557922183,-0.002010372158050555,-0.0026051998138427734
00004_id00395_wM5kGJfTtEM_id00634_wavtolip.mp4,1,FakeVideo-FakeAudio,0.9999983310699463,0.797227865,0.73526853,0.8591872,0.7977125926557922,0.7974676771704101,0.00048472765579221644,0.00023981217041013636,-0.0002449154853820801
00004_id00484_u7YTz8eFZv0_id00188_wavtolip.mp4,1,FakeVideo-FakeAudio,0.9996416568756104,0.800078675,0.7404637,0.85969365,0.8003101776557922,0.799718959184265,0.00023150265579219287,-0.00035971581573490674,-0.0005912184715270996
00004_id00495_E46aiMUC4A0_id00496_wavtolip.mp4,1,FakeVideo-FakeAudio,0.9999724626541138,0.79866612,0.74014777,0.85718447,0.8001522126557923,0.7994804385068512,0.0014860926557922483,0.0008143185068512082,-0.00067177414894104
00004_id00581_7AxvP19LGKg_id00581_wavtolip.mp4,1,FakeVideo-FakeAudio,0.9999910593032837,0.79801488,0.73699546,0.8590343,0.7985760576557923,0.7970193929505158,0.0005611776557923331,-0.0009954870494841561,-0.0015566647052764893
00004_id00826_MYagwzy91Yk_id00403_wavtolip.mp4,1,FakeVideo-FakeAudio,0.999998927116394,0.7997993999999999,0.7401578,0.859441,0.8001572276557922,0.7990300442184448,0.0003578276557922866,-0.0007693557815551255,-0.0011271834373474121
00004_id03371_truKMXt8Dak_id00823_wavtolip.mp4,1,FakeVideo-FakeAudio,0.9998843669891357,0.79999478,0.74055886,0.8594307,0.8003577576557923,0.798399685470276,0.0003629776557922959,-0.0015950945297240615,-0.0019580721855163574
00004_id03589_9NxOQlwpMys_id00735_wavtolip.mp4,1,FakeVideo-FakeAudio,0.9992165565490723,0.801533115,0.7431955,0.85987073,0.8016760776557923,0.8014266918220521,0.00014296265579227807,-0.0001064231779479563,-0.0002493858337402344
00004_id03844_AEAEN1Lns2c_id00633_wavtolip.mp4,1,FakeVideo-FakeAudio,0.9999943971633911,0.802236195,0.74611115,0.85836124,0.8031339026557922,0.8022372401821136,0.0008977076557922237,1.0451821136348016e-06,-0.0008966624736785889
00014_id00188_e-vm5FB3idA_id03651_wavtolip.mp4,1,FakeVideo-FakeAudio,0.9996877908706665,0.825939635,0.7921557,0.85972357,0.8261561776557922,0.8256360377231597,0.00021654265579218457,-0.0003035972768402617,-0.0005201399326324463
00014_id00232_kL0cCveU1zg_id00806_wavtolip.mp4,1,FakeVideo-FakeAudio,0.9998869895935059,0.8259041,0.7920459,0.8597623,0.8261012776557922,0.8246207876865387,0.00019717765579219115,-0.0012833123134613489,-0.00148048996925354
00014_id00262_3p7sRWAAh1Q_id00270_wavtolip.mp4,1,FakeVideo-FakeAudio,0.9999949932098389,0.8257983,0.7917085,0.8598881,0.8259325776557922,0.8245221529464721,0.0001342776557922143,-0.001276147053527854,-0.0014104247093200684
00014_id00270_hoEQ70-sDME_id00591_wavtolip.mp4,1,FakeVideo-FakeAudio,0.998643696308136,0.82548188,0.79124296,0.8597208,0.8256998076557922,0.8241529777169037,0.00021792765579220497,-0.0013289022830963448,-0.0015468299388885498
00014_id00379_fgkgYHCuk4g_id03620_wavtolip.mp4,1,FakeVideo-FakeAudio,0.9999963045120239,0.82574287,0.7918939,0.85959184,0.8260252776557923,0.8247818353588104,0.00028240765579223837,-0.0009610346411895732,-0.0012434422969818115
00014_id00581_7AxvP19LGKg_id00232_wavtolip.mp4,1,FakeVideo-FakeAudio,0.9999909400939941,0.82582187,0.7918943,0.85974944,0.8260254776557923,0.8249222552856446,0.0002036076557923039,-0.0008996147143554012,-0.001103222370147705
00014_id00735_ivJSkq5hGOQ_id03589_wavtolip.mp4,1,FakeVideo-FakeAudio,0.999996542930603,0.82557495,0.7920582,0.8590917,0.8261074276557923,0.8257026525131226,0.0005324776557922295,0.00012770251312255176,-0.00040477514266967773
00014_id00897_0ayFw8JhoyI_id00496_wavtolip.mp4,1,FakeVideo-FakeAudio,0.9999258518218994,0.8251143400000001,0.79171884,0.85850984,0.8259377476557923,0.8255751427993012,0.0008234076557922521,0.0004608027993011632,-0.00036260485649108887
00014_id03371_truKMXt8Dak_id00071_wavtolip.mp4,1,FakeVideo-FakeAudio,0.9999809265136719,0.82583675,0.7919015,0.859772,0.8260290776557923,0.8242182885475159,0.00019232765579224598,-0.0016184614524841212,-0.0018107891082763672
00014_id03816_XXD0yTNei50_id00271_wavtolip.mp4,1,FakeVideo-FakeAudio,0.9898667335510254,0.82530915,0.7915481,0.8590702,0.8258523776557922,0.8249936237361908,0.0005432276557921778,-0.00031552626380926263,-0.0008587539196014404
00020_id00270_hoEQ70-sDME_id03651_wavtolip.mp4,1,FakeVideo-FakeAudio,0.9996989965438843,0.8225641349999999,0.7854047,0.85972357,0.8227806776557922,0.8225338250194549,0.0002165426557922956,-3.0309980544984683e-05,-0.0002468526363372803
00020_id00373_5NXv3Dxkd6E_id00826_wavtolip.mp4,1,FakeVideo-FakeAudio,0.9999991655349731,0.8231621,0.7868716,0.8594526,0.8235141276557922,0.8216437637050629,0.00035202765579223083,-0.0015183362949371393,-0.0018703639507293701
00020_id00374_w1qI7y9AGTc_id00806_wavtolip.mp4,1,FakeVideo-FakeAudio,0.9999145269393921,0.823169855,0.78668606,0.85965365,0.8234213576557923,0.8231729851010132,0.0002515026557923239,3.130101013271158e-06,-0.00024837255477905273
00020_id00379_fgkgYHCuk4g_id00634_wavtolip.mp4,1,FakeVideo-FakeAudio,0.9999985694885254,0.823233635,0.78671837,0.8597489,0.8234375126557922,0.8226525194841003,0.00020387765579221728,-0.0005811155158996772,-0.0007849931716918945
00020_id00491_ShjiTWoOtM4_id00330_wavtolip.mp4,1,FakeVideo-FakeAudio,0.9999582767486572,0.8223654499999999,0.7851986,0.8595323,0.8226776276557922,0.8224894855945587,0.0003121776557922784,0.0001240355945587579,-0.0001881420612335205
00020_id00569_gSynmpwioV4_id00262_wavtolip.mp4,1,FakeVideo-FakeAudio,0.999988317489624,0.8230551749999999,0.7869271,0.85918325,0.8235418776557922,0.8231533149765015,0.00048670265579231486,9.813997650154338e-05,-0.0003885626792907715
00020_id00897_0ayFw8JhoyI_id03649_wavtolip.mp4,1,FakeVideo-FakeAudio,0.9999978542327881,0.82332722,0.78699434,0.8596601,0.8235754976557923,0.8232786069201661,0.0002482776557922728,-4.8613079833947914e-05,-0.0002968907356262207
00020_id01018_VNPt_GB5QiE_id00735_wavtolip.mp4,1,FakeVideo-FakeAudio,0.9999985694885254,0.82340425,0.787028,0.8597805,0.8235923276557922,0.8233292923583984,0.00018807765579220703,-7.49576416015918e-05,-0.00026303529739379883
00020_id03649_389qfFqUddI_id03620_wavtolip.mp4,1,FakeVideo-FakeAudio,0.9999969005584717,0.8234378,0.7874007,0.8594749,0.8237786776557923,0.8228216356769562,0.00034087765579227103,-0.0006161643230437885,-0.0009570419788360596
00025_id00068_A7uFnQw--bY_id00496_wavtolip.mp4,1,FakeVideo-FakeAudio,0.9999585151672363,0.8216117700000001,0.78649354,0.85673,0.8233250976557922,0.8221871257777404,0.0017133276557921295,0.0005753557777403717,-0.0011379718780517578
00025_id00332__zNddcZV1EU_id03651_wavtolip.mp4,1,FakeVideo-FakeAudio,0.9997068047523499,0.822908015,0.78609246,0.85972357,0.8231245576557922,0.8224925696072387,0.00021654265579218457,-0.00041544539276128223,-0.0006319880485534668
00025_id00365_XV-imLNJvfk_id00897_wavtolip.mp4,1,FakeVideo-FakeAudio,0.9999983310699463,0.822827735,0.7862183,0.85943717,0.8231874776557923,0.8231446517185211,0.0003597426557923056,0.0003169167185211874,-4.2825937271118164e-05
00025_id00484_u7YTz8eFZv0_id00270_wavtolip.mp4,1,FakeVideo-FakeAudio,0.9209567308425903,0.823111505,0.78632486,0.85989815,0.8232407576557923,0.8201575285908509,0.00012925265579233347,-0.0029539764091490728,-0.0030832290649414062
00025_id00495_E46aiMUC4A0_id03844_wavtolip.mp4,1,FakeVideo-FakeAudio,0.9989076852798462,0.8225548,0.7860104,0.8590992,0.8230835276557922,0.8229834812595367,0.0005287276557921494,0.00042868125953665626,-0.00010004639625549316
00025_id03844_AEAEN1Lns2c_id00484_wavtolip.mp4,1,FakeVideo-FakeAudio,0.9995537400245667,0.8234565650000001,0.7873111,0.85960203,0.8237338776557923,0.823064696308899,0.00027731265579222786,-0.0003918686911010827,-0.0006691813468933105
00063_id00271_je6JSLqEEcw_id00897_wavtolip.mp4,1,FakeVideo-FakeAudio,0.9999985694885254,0.8255338999999999,0.7916728,0.859395,0.8259147276557922,0.8255547752059936,0.00038082765579228184,2.0875205993697854e-05,-0.000359952449798584
00063_id00330_zCFFgGSIZ_s_id00569_wavtolip.mp4,1,FakeVideo-FakeAudio,0.9872658252716064,0.82583327,0.79203594,0.8596306,0.8260962976557922,0.8257304443461608,0.0002630276557922251,-0.00010282565383912257,-0.00036585330963134766
00063_id00332__zNddcZV1EU_id00071_wavtolip.mp4,1,FakeVideo-FakeAudio,0.999887228012085,0.8258398650000001,0.7918239,0.85985583,0.8259902776557922,0.8256272853691101,0.000150412655792187,-0.00021257963088994192,-0.0003629922866821289
00063_id00403_n4LSCxzFr6o_id00826_wavtolip.mp4,1,FakeVideo-FakeAudio,0.9999853372573853,0.82546383,0.7914133,0.85951436,0.8257849776557922,0.8255968355945587,0.0003211476557921644,0.00013300559455864391,-0.0001881420612335205
00063_id00434_HPXkk-HGXVI_id00188_wavtolip.mp4,1,FakeVideo-FakeAudio,0.999651312828064,0.825424045,0.79115444,0.85969365,0.8256555476557923,0.8251975157630158,0.0002315026557923039,-0.00022652923698418537,-0.00045803189277648926
00063_id00491_ShjiTWoOtM4_id03941_wavtolip.mp4,1,FakeVideo-FakeAudio,0.9927811026573181,0.825571725,0.7918187,0.85932475,0.8259876776557922,0.8216764438968658,0.00041595265579219554,-0.003895281103134196,-0.004311233758926392
00063_id00897_0ayFw8JhoyI_id00373_wavtolip.mp4,1,FakeVideo-FakeAudio,0.9999983310699463,0.8234367,0.7913732,0.8555002,0.8257649276557922,0.8253790769878387,0.0023282276557922144,0.0019423769878387231,-0.0003858506679534912
00063_id01002_eQTviHjyISo_id03620_wavtolip.mp4,1,FakeVideo-FakeAudio,0.9999980926513672,0.8248613199999999,0.79166204,0.8580606,0.8259093476557922,0.8243625177169036,0.0010480276557922608,-0.000498802283096289,-0.0015468299388885498
00063_id03371_truKMXt8Dak_id00569_wavtolip.mp4,1,FakeVideo-FakeAudio,0.9877743124961853,0.82562565,0.7916207,0.8596306,0.8258886776557922,0.8257445536247253,0.0002630276557922251,0.00011890362472533056,-0.00014412403106689453
00028_id00071_JU1cVINUTZA_id00484_wavtolip.mp4,1,FakeVideo-FakeAudio,0.9995850920677185,0.8256854650000001,0.7917689,0.85960203,0.8259627776557923,0.8233216958457947,0.00027731265579222786,-0.0023637691542053307,-0.0026410818099975586
00028_id00270_hoEQ70-sDME_id03651_wavtolip.mp4,1,FakeVideo-FakeAudio,0.9997164607048035,0.826091635,0.7924597,0.85972357,0.8263081776557922,0.8250026571212769,0.00021654265579218457,-0.0010889778787231963,-0.0013055205345153809
00028_id00395_wM5kGJfTtEM_id03371_wavtolip.mp4,1,FakeVideo-FakeAudio,0.9991182684898376,0.8252253700000001,0.7921469,0.85830384,0.8261517776557923,0.8256251706192017,0.0009264076557922163,0.0003998006192016401,-0.0005266070365905762
00028_id00495_E46aiMUC4A0_id00591_wavtolip.mp4,1,FakeVideo-FakeAudio,0.9988172650337219,0.82581197,0.79190314,0.8597208,0.8260298976557923,0.8258737334864807,0.000217927655792316,6.176348648079255e-05,-0.00015616416931152344
00028_id00496_SImaDcXQnh8_id00271_wavtolip.mp4,1,FakeVideo-FakeAudio,0.9909070730209351,0.8255607300000001,0.79205126,0.8590702,0.8261039576557923,0.8207364103821564,0.0005432276557921778,-0.0048243196178436865,-0.005367547273635864
00028_id00633_UXrTMta1EDM_id00806_wavtolip.mp4,1,FakeVideo-FakeAudio,0.9671180844306946,0.82461248,0.7920303,0.85719466,0.8260934776557922,0.8258909708751678,0.0014809976557922377,0.001278490875167848,-0.00020250678062438965
00028_id00813_dKs9CWJIkSI_id00434_wavtolip.mp4,1,FakeVideo-FakeAudio,0.9955464601516724,0.82434507,0.7914503,0.85723984,0.8258034776557923,0.8257347833026887,0.0014584076557923042,0.0013897133026886666,-6.86943531036377e-05
00028_id03816_XXD0yTNei50_id03716_wavtolip.mp4,1,FakeVideo-FakeAudio,0.9976320266723633,0.82522425,0.7922623,0.8581862,0.8262094776557922,0.8249087254928589,0.0009852276557922313,-0.00031552450714111835,-0.0013007521629333496
00028_id03941_SsYtP8Ze88Q_id00325_wavtolip.mp4,1,FakeVideo-FakeAudio,0.9983518123626709,0.825390675,0.79156405,0.8592173,0.8258603526557922,0.8252429081405639,0.0004696776557922,-0.00014776685943607148,-0.0006174445152282715
00088_id00188_e-vm5FB3idA_id00403_wavtolip.mp4,1,FakeVideo-FakeAudio,0.9999990463256836,0.82438375,0.7893265,0.859441,0.8247415776557923,0.8245258982486725,0.0003578276557922866,0.00014214824867253562,-0.00021567940711975098
00088_id00262_3p7sRWAAh1Q_id00484_wavtolip.mp4,1,FakeVideo-FakeAudio,0.9995885491371155,0.8242892900000001,0.78897655,0.85960203,0.8245666026557923,0.8237671851600648,0.00027731265579222786,-0.0005221048399353112,-0.0007994174957275391
00088_id00287_2NpfYjyMsPM_id00042_wavtolip.mp4,1,FakeVideo-FakeAudio,0.9749886393547058,0.8240643999999999,0.7892787,0.8588501,0.8247176776557923,0.8244862328201294,0.0006532776557923725,0.0004218328201295307,-0.0002314448356628418
00088_id00332__zNddcZV1EU_id00042_wavtolip.mp4,1,FakeVideo-FakeAudio,0.9752990007400513,0.82390115,0.7889522,0.8588501,0.8245544276557922,0.8243229232154846,0.0006532776557922615,0.0004217732154846443,-0.0002315044403076172
00088_id00379_fgkgYHCuk4g_id03858_wavtolip.mp4,1,FakeVideo-FakeAudio,0.9999978542327881,0.824320945,0.78921694,0.85942495,0.8246867976557922,0.8238856218230438,0.0003658526557922537,-0.0004353231769561594,-0.0008011758327484131
00088_id00395_wM5kGJfTtEM_id03371_wavtolip.mp4,1,FakeVideo-FakeAudio,0.9999982118606567,0.8239339,0.78890425,0.85896355,0.8245304526557922,0.8203032018413543,0.0005965526557921708,-0.0036306981586456955,-0.004227250814437866
00088_id00569_gSynmpwioV4_id00897_wavtolip.mp4,1,FakeVideo-FakeAudio,0.9999982118606567,0.824512385,0.7893009,0.85972387,0.8247287776557922,0.8240638580410004,0.000216392655792208,-0.0004485269589996621,-0.0006649196147918701
00088_id00591_1Jo8xElXQMs_id00330_wavtolip.mp4,1,FakeVideo-FakeAudio,0.9999974966049194,0.823719225,0.7886381,0.85880035,0.8243973776557922,0.8240678831794739,0.0006781526557921858,0.0003486581794738264,-0.0003294944763183594
00088_id00633_UXrTMta1EDM_id03649_wavtolip.mp4,1,FakeVideo-FakeAudio,0.9948765635490417,0.8242308,0.788786,0.8596756,0.8244713276557922,0.8240132957630157,0.0002405276557921887,-0.00021750423698430055,-0.00045803189277648926
00088_id03858_uKVqPfRf-ac_id00042_wavtolip.mp4,1,FakeVideo-FakeAudio,0.9753085374832153,0.8239962,0.7891423,0.8588501,0.8246494776557922,0.8205224520515442,0.0006532776557922615,-0.0034737479484557854,-0.004127025604248047
00028_id00287_2NpfYjyMsPM_id03589_wavtolip.mp4,1,FakeVideo-FakeAudio,0.9999973773956299,0.824792295,0.79030526,0.85927933,0.8252309576557922,0.8249297753857422,0.0004386626557922879,0.00013748038574223909,-0.00030118227005004883
00028_id00330_zCFFgGSIZ_s_id00826_wavtolip.mp4,1,FakeVideo-FakeAudio,0.9999991655349731,0.8248781700000001,0.79025984,0.8594965,0.8252082476557923,0.8248452553691101,0.0003300776557921825,-3.2914630889946395e-05,-0.0003629922866821289
00028_id00365_XV-imLNJvfk_id00826_wavtolip.mp4,1,FakeVideo-FakeAudio,0.9999991655349731,0.82495195,0.7904074,0.8594965,0.8252820276557922,0.8244232737361907,0.0003300776557921825,-0.0005286762638092579,-0.0008587539196014404
00028_id00395_wM5kGJfTtEM_id00484_wavtolip.mp4,1,FakeVideo-FakeAudio,0.999992847442627,0.82516777,0.79035264,0.8599829,0.8252546476557923,0.8250367330744934,8.687765579229456e-05,-0.00013103692550653356,-0.00021791458129882812
00028_id00484_u7YTz8eFZv0_id00591_wavtolip.mp4,1,FakeVideo-FakeAudio,0.9999974966049194,0.82492085,0.7901857,0.859656,0.8251711776557922,0.82460386064682,0.00025032765579213745,-0.0003169893531800305,-0.000567317008972168
00028_id00495_E46aiMUC4A0_id00569_wavtolip.mp4,1,FakeVideo-FakeAudio,0.9998964071273804,0.825030575,0.79044145,0.8596197,0.8252990526557922,0.8251109105945587,0.0002684776557921875,8.033559455866701e-05,-0.0001881420612335205
00028_id00633_UXrTMta1EDM_id01018_wavtolip.mp4,1,FakeVideo-FakeAudio,0.9999983310699463,0.82519108,0.79024786,0.8601343,0.8252022576557922,0.8251335633026886,1.1177655792282692e-05,-5.7516697311355e-05,-6.86943531036377e-05
00028_id00634_z5t9oJizDQg_id00328_wavtolip.mp4,1,FakeVideo-FakeAudio,0.9999984502792358,0.8251375750000001,0.79042155,0.8598536,0.8252891026557923,0.8248917780937195,0.00015152765579218297,-0.00024579690628057094,-0.0003973245620727539
00028_id00826_MYagwzy91Yk_id00271_wavtolip.mp4,1,FakeVideo-FakeAudio,0.9999972581863403,0.824621,0.79022,0.859022,0.8251883276557923,0.8219088801002503,0.0005673276557922602,-0.002712119899749732,-0.003279447555541992
00028_id03844_AEAEN1Lns2c_id00633_wavtolip.mp4,1,FakeVideo-FakeAudio,0.9999949932098389,0.82476235,0.7900516,0.8594731,0.8251041276557922,0.8245013756855011,0.0003417776557922414,-0.0002609743144988963,-0.0006027519702911377
00005_id00262_3p7sRWAAh1Q_id00826_wavtolip.mp4,1,FakeVideo-FakeAudio,0.9999991655349731,0.82458495,0.7897173,0.8594526,0.8249369776557922,0.8243342256855011,0.00035202765579223083,-0.00025072431449890686,-0.0006027519702911377
00005_id00271_je6JSLqEEcw_id00232_wavtolip.mp4,1,FakeVideo-FakeAudio,0.9999902248382568,0.82469705,0.789579,0.8598151,0.8248678276557923,0.8247226605434418,0.00017077765579220916,2.5610543441745293e-05,-0.00014516711235046387
00005_id00325_4vJtbNe0L98_id00826_wavtolip.mp4,1,FakeVideo-FakeAudio,0.9999991655349731,0.82444718,0.78944176,0.8594526,0.8247992076557922,0.8243598320168304,0.00035202765579223083,-8.734798316956116e-05,-0.000439375638961792
00005_id00379_fgkgYHCuk4g_id00484_wavtolip.mp4,1,FakeVideo-FakeAudio,0.9999935626983643,0.82475478,0.7895828,0.85992676,0.8248697276557923,0.8247267063106537,0.00011494765579223021,-2.8073689346319597e-05,-0.0001430213451385498
00005_id00496_SImaDcXQnh8_id00373_wavtolip.mp4,1,FakeVideo-FakeAudio,0.9999970197677612,0.82401702,0.78969777,0.85833627,0.8249272126557923,0.8248713333013153,0.0009101926557922857,0.000854313301315357,-5.587935447692871e-05
00005_id03589_9NxOQlwpMys_id00287_wavtolip.mp4,1,FakeVideo-FakeAudio,0.9999990463256836,0.824533815,0.78952503,0.8595426,0.8248408426557923,0.8243694891249085,0.0003070276557922691,-0.00016432587509151997,-0.00047135353088378906
00005_id03620_YkXM5A8w07E_id03858_wavtolip.mp4,1,FakeVideo-FakeAudio,0.9999951124191284,0.8245904,0.7893371,0.8598437,0.8247468776557922,0.8246176249835968,0.00015647765579229755,2.7224983596862984e-05,-0.00012925267219543457
00015_id00042_4yuJSkaZwn0_id00826_wavtolip.mp4,1,FakeVideo-FakeAudio,0.9999849796295166,0.82164278,0.7837712,0.85951436,0.8219639276557922,0.8214509998851776,0.0003211476557921644,-0.0001917801148224596,-0.000512927770614624
00015_id00287_2NpfYjyMsPM_id03371_wavtolip.mp4,1,FakeVideo-FakeAudio,0.9999983310699463,0.8212474000000001,0.78379405,0.85870075,0.8219753526557922,0.8216123603691101,0.0007279526557921745,0.0003649603691100456,-0.0003629922866821289
00015_id00365_XV-imLNJvfk_id00332_wavtolip.mp4,1,FakeVideo-FakeAudio,0.9921831488609314,0.82105497,0.78255564,0.8595543,0.8213561476557922,0.8209935427993011,0.00030117765579218414,-6.142720069890473e-05,-0.00036260485649108887
00015_id00897_0ayFw8JhoyI_id00484_wavtolip.mp4,1,FakeVideo-FakeAudio,0.9995772242546082,0.82117039,0.78273875,0.85960203,0.8214477026557923,0.8192465031242371,0.00027731265579222786,-0.001923886875762948,-0.0022011995315551758
00015_id01002_eQTviHjyISo_id00325_wavtolip.mp4,1,FakeVideo-FakeAudio,0.9999988079071045,0.81992515,0.7807021,0.8591482,0.8204293776557923,0.8178318668411255,0.0005042276557922776,-0.0020932831588744705,-0.002597510814666748
00015_id03620_YkXM5A8w07E_id03844_wavtolip.mp4,1,FakeVideo-FakeAudio,0.9989050626754761,0.81919325,0.7792873,0.8590992,0.8197219776557922,0.8194570052074432,0.0005287276557922604,0.0002637552074432614,-0.000264972448348999
00015_id03649_389qfFqUddI_id00330_wavtolip.mp4,1,FakeVideo-FakeAudio,0.9867776036262512,0.820846875,0.7827426,0.85895115,0.8214496276557922,0.8212023577869415,0.000602752655792238,0.00035548278694153,-0.000247269868850708
00015_id03651_EjcoRkL6loI_id00806_wavtolip.mp4,1,FakeVideo-FakeAudio,0.9999834299087524,0.820514855,0.78214955,0.85888016,0.8211531026557922,0.8139279468254089,0.0006382476557922345,-0.006586908174591066,-0.007225155830383301
00092_id00188_e-vm5FB3idA_id00271_wavtolip.mp4,1,FakeVideo-FakeAudio,0.9894776940345764,0.8257015750000001,0.79233295,0.8590702,0.8262448026557923,0.8259944631477356,0.0005432276557921778,0.0002928881477355372,-0.0002503395080566406
00092_id00232_kL0cCveU1zg_id03716_wavtolip.mp4,1,FakeVideo-FakeAudio,0.9999961853027344,0.825830675,0.7922764,0.85938495,0.8262165276557922,0.8253476111442566,0.0003858526557922737,-0.00048306385574337085,-0.0008689165115356445
00092_id00373_5NXv3Dxkd6E_id03844_wavtolip.mp4,1,FakeVideo-FakeAudio,0.9988598823547363,0.8256635,0.7922278,0.8590992,0.8261922276557923,0.8248762763084412,0.0005287276557922604,-0.0007872236915588138,-0.0013159513473510742
00092_id00403_n4LSCxzFr6o_id00806_wavtolip.mp4,1,FakeVideo-FakeAudio,0.9999203681945801,0.825885185,0.7921824,0.85958797,0.8261695276557922,0.8259289931118011,0.0002843426557922468,4.3808111801157956e-05,-0.00024053454399108887
00092_id00484_u7YTz8eFZv0_id00496_wavtolip.mp4,1,FakeVideo-FakeAudio,0.9998939037322998,0.8251531400000001,0.79221165,0.85809463,0.8261841526557923,0.8259254684974671,0.0010310126557921961,0.0007723284974670008,-0.0002586841583251953
00092_id00495_E46aiMUC4A0_id03844_wavtolip.mp4,1,FakeVideo-FakeAudio,0.9988692402839661,0.825697565,0.79229593,0.8590992,0.8262262926557922,0.8216574178198242,0.0005287276557921494,-0.004040147180175868,-0.004568874835968018
00092_id03371_truKMXt8Dak_id00328_wavtolip.mp4,1,FakeVideo-FakeAudio,0.999998927116394,0.82576445,0.79219586,0.85933304,0.8261762576557923,0.8227231221653748,0.0004118076557922956,-0.003041327834625185,-0.0034531354904174805
00092_id03620_YkXM5A8w07E_id03858_wavtolip.mp4,1,FakeVideo-FakeAudio,0.9999973773956299,0.8257096749999999,0.7919944,0.85942495,0.8260755276557923,0.8254384434101105,0.0003658526557923647,-0.000271231589889398,-0.0006370842456817627
00092_id03858_uKVqPfRf-ac_id00634_wavtolip.mp4,1,FakeVideo-FakeAudio,0.9999984502792358,0.825873335,0.7920529,0.85969377,0.8261047776557922,0.8217891331531524,0.00023144265579211343,-0.004084201846847657,-0.0043156445026397705
00118_id00332__zNddcZV1EU_id00328_wavtolip.mp4,1,FakeVideo-FakeAudio,0.9982724189758301,0.824656625,0.7898818,0.85943145,0.8250192276557922,0.8244759909233093,0.00036260265579213247,-0.0001806340766907777,-0.0005432367324829102
00118_id00374_w1qI7y9AGTc_id00735_wavtolip.mp4,1,FakeVideo-FakeAudio,0.9990801811218262,0.824773415,0.7896761,0.85987073,0.8249163776557922,0.824313625685501,0.00014296265579216705,-0.00045978931449897065,-0.0006027519702911377
00118_id00434_HPXkk-HGXVI_id03371_wavtolip.mp4,1,FakeVideo-FakeAudio,0.9999983310699463,0.82486422,0.79087794,0.8588505,0.8255172976557923,0.8250130423609925,0.0006530776557922557,0.00014882236099245105,-0.0005042552947998047
00118_id00581_7AxvP19LGKg_id00271_wavtolip.mp4,1,FakeVideo-FakeAudio,0.9889923930168152,0.8242496500000001,0.7894291,0.8590702,0.8247928776557922,0.8244717278297424,0.0005432276557921778,0.0002220778297423731,-0.0003211498260498047
00118_id03371_truKMXt8Dak_id00328_wavtolip.mp4,1,FakeVideo-FakeAudio,0.998272180557251,0.824647695,0.78986394,0.85943145,0.8250102976557923,0.8240594843623352,0.0003626026557922435,-0.0005882106376647878,-0.0009508132934570312
00118_id03844_AEAEN1Lns2c_id00395_wavtolip.mp4,1,FakeVideo-FakeAudio,0.9624217748641968,0.82510845,0.7904378,0.8597791,0.8252972276557922,0.8247024925102233,0.00018877765579217165,-0.000405957489776676,-0.0005947351455688477
00293_id00270_hoEQ70-sDME_id00042_wavtolip.mp4,1,FakeVideo-FakeAudio,0.9772399067878723,0.822013,0.7851759,0.8588501,0.8226662776557923,0.8218790791122437,0.0006532776557922615,-0.0001339208877563225,-0.000787198543548584
00293_id00330_zCFFgGSIZ_s_id03844_wavtolip.mp4,1,FakeVideo-FakeAudio,0.9989305138587952,0.82147375,0.7838483,0.8590992,0.8220024776557923,0.8194192123512268,0.0005287276557922604,-0.0020545376487731692,-0.0025832653045654297
00293_id00434_HPXkk-HGXVI_id00735_wavtolip.mp4,1,FakeVideo-FakeAudio,0.9991740584373474,0.823486915,0.7871031,0.85987073,0.8236298776557922,0.8231682992866516,0.00014296265579216705,-0.00031861571334845795,-0.000461578369140625
00293_id00591_1Jo8xElXQMs_id00325_wavtolip.mp4,1,FakeVideo-FakeAudio,0.9999988079071045,0.82199685,0.7848455,0.8591482,0.8225010776557922,0.8219968223609924,0.0005042276557921666,-2.7639007638136093e-08,-0.0005042552947998047
00293_id00633_UXrTMta1EDM_id00826_wavtolip.mp4,1,FakeVideo-FakeAudio,0.999984860420227,0.822974445,0.78643453,0.85951436,0.8232955926557922,0.8208393746515655,0.0003211476557921644,-0.00213507034843452,-0.0024562180042266846
00293_id00897_0ayFw8JhoyI_id00373_wavtolip.mp4,1,FakeVideo-FakeAudio,0.9999979734420776,0.8214467750000001,0.78634715,0.8565464,0.8232519026557923,0.8231518562595368,0.0018051276557922158,0.0017050812595367226,-0.00010004639625549316
00293_id03858_uKVqPfRf-ac_id00569_wavtolip.mp4,1,FakeVideo-FakeAudio,0.9891208410263062,0.8232466,0.7868626,0.8596306,0.8235096276557923,0.8233655036247254,0.0002630276557922251,0.00011890362472533056,-0.00014412403106689453
00078_id00068_A7uFnQw--bY_id01002_wavtolip.mp4,1,FakeVideo-FakeAudio,0.9999427795410156,0.825614005,0.79207987,0.85914814,0.8261182626557922,0.8241049965692139,0.0005042576557922063,-0.0015090084307861629,-0.002013266086578369
00078_id00232_kL0cCveU1zg_id00071_wavtolip.mp4,1,FakeVideo-FakeAudio,0.9998886585235596,0.82598445,0.79211307,0.85985583,0.8261348626557923,0.8220078370515442,0.000150412655792298,-0.003976612948455749,-0.004127025604248047
00078_id00287_2NpfYjyMsPM_id00581_wavtolip.mp4,1,FakeVideo-FakeAudio,0.9999948740005493,0.8258598500000001,0.7919948,0.8597249,0.8260757276557922,0.8199096569561004,0.00021587765579211826,-0.005950193043899654,-0.0061660706996917725
00078_id00495_E46aiMUC4A0_id03716_wavtolip.mp4,1,FakeVideo-FakeAudio,0.9999964237213135,0.82576355,0.7920352,0.8594919,0.8260959276557922,0.8258108684421539,0.00033237765579219314,4.7318442153887474e-05,-0.00028505921363830566
00078_id00813_dKs9CWJIkSI_id00735_wavtolip.mp4,1,FakeVideo-FakeAudio,0.9999986886978149,0.825857375,0.79193425,0.8597805,0.8260454526557922,0.8247399321212768,0.00018807765579220703,-0.0011174428787231738,-0.0013055205345153809
00078_id03858_uKVqPfRf-ac_id00569_wavtolip.mp4,1,FakeVideo-FakeAudio,0.9877538084983826,0.825796375,0.79196215,0.8596306,0.8260594026557923,0.8258188383094788,0.0002630276557922251,2.2463309478748528e-05,-0.00024056434631347656
00028_id00188_e-vm5FB3idA_id00634_wavtolip.mp4,1,FakeVideo-FakeAudio,0.9995477795600891,0.8248335149999999,0.79030883,0.8593582,0.8252327426557922,0.8249031587725066,0.00039922765579225583,6.964377250673337e-05,-0.00032958388328552246
00028_id00328_ytKnCbJSEcU_id03716_wavtolip.mp4,1,FakeVideo-FakeAudio,0.9976123571395874,0.8244765199999999,0.79076684,0.8581862,0.8254617476557922,0.8246253156756591,0.0009852276557922313,0.00014879567565917462,-0.0008364319801330566
00028_id00330_zCFFgGSIZ_s_id03651_wavtolip.mp4,1,FakeVideo-FakeAudio,0.9997013211250305,0.8252395349999999,0.7907555,0.85972357,0.8254560776557922,0.817697758277893,0.0002165426557922956,-0.007541776722106874,-0.00775831937789917
00028_id00374_w1qI7y9AGTc_id00826_wavtolip.mp4,1,FakeVideo-FakeAudio,0.9999849796295166,0.825037155,0.79055995,0.85951436,0.8253583026557922,0.8191922319561005,0.00032114765579227544,-0.005844923043899497,-0.0061660706996917725
00028_id00484_u7YTz8eFZv0_id00823_wavtolip.mp4,1,FakeVideo-FakeAudio,0.9998750686645508,0.82493485,0.790439,0.8594307,0.8252978276557923,0.8247590612716675,0.0003629776557922959,-0.00017578872833245995,-0.0005387663841247559
00028_id00495_E46aiMUC4A0_id03651_wavtolip.mp4,1,FakeVideo-FakeAudio,0.9997076392173767,0.825174785,0.790626,0.85972357,0.8253913276557923,0.8251357429389954,0.0002165426557922956,-3.904206100457941e-05,-0.000255584716796875
00028_id00569_gSynmpwioV4_id00262_wavtolip.mp4,1,FakeVideo-FakeAudio,0.9999933242797852,0.82277645,0.7905628,0.8549901,0.8253597276557922,0.8251431839813232,0.0025832776557922488,0.0023667339813232546,-0.00021654367446899414
00028_id00589_uOzKwYEVR6s_id00330_wavtolip.mp4,1,FakeVideo-FakeAudio,0.9856566190719604,0.8248464449999999,0.79074174,0.85895115,0.8254491976557923,0.8249075702487183,0.000602752655792349,6.112524871837444e-05,-0.0005416274070739746
00028_id00823_KgExwCvgrUk_id00434_wavtolip.mp4,1,FakeVideo-FakeAudio,0.9952136278152466,0.8239945449999999,0.79074925,0.85723984,0.8254529526557922,0.8252214482154846,0.0014584076557923042,0.001226903215484687,-0.0002315044403076172
00028_id00897_0ayFw8JhoyI_id00271_wavtolip.mp4,1,FakeVideo-FakeAudio,0.9907259941101074,0.8247624499999999,0.7904547,0.8590702,0.8253056776557922,0.8237413537536621,0.0005432276557922888,-0.0010210962463378381,-0.001564323902130127
00311_id00188_e-vm5FB3idA_id00735_wavtolip.mp4,1,FakeVideo-FakeAudio,0.9991406202316284,0.8254008150000001,0.7909309,0.85987073,0.8255437776557922,0.8252650365345001,0.00014296265579216705,-0.0001357784654999472,-0.00027874112129211426
00311_id00262_3p7sRWAAh1Q_id00823_wavtolip.mp4,1,FakeVideo-FakeAudio,0.9998730421066284,0.82502733,0.79062396,0.8594307,0.8253903076557922,0.8250273153691101,0.0003629776557922959,-1.4630889833000538e-08,-0.0003629922866821289
00311_id00330_zCFFgGSIZ_s_id00071_wavtolip.mp4,1,FakeVideo-FakeAudio,0.9998776912689209,0.825231135,0.79060644,0.85985583,0.8253815476557922,0.8240760271212768,0.000150412655792187,-0.0011551078787231939,-0.0013055205345153809
00311_id00373_5NXv3Dxkd6E_id00234_wavtolip.mp4,1,FakeVideo-FakeAudio,0.999997615814209,0.825203575,0.79105115,0.859356,0.8256039026557922,0.8247450593292236,0.00040032765579223195,-0.00045851567077637156,-0.0008588433265686035
00311_id00434_HPXkk-HGXVI_id03649_wavtolip.mp4,1,FakeVideo-FakeAudio,0.9951151609420776,0.82523915,0.7908027,0.8596756,0.8254796776557922,0.8222181710983276,0.0002405276557921887,-0.003020978901672411,-0.0032615065574645996
00311_id00633_UXrTMta1EDM_id00071_wavtolip.mp4,1,FakeVideo-FakeAudio,0.9998835325241089,0.825283065,0.7907103,0.85985583,0.8254334776557922,0.8251491336978912,0.000150412655792187,-0.000133931302108814,-0.000284343957901001
00311_id00826_MYagwzy91Yk_id00813_wavtolip.mp4,1,FakeVideo-FakeAudio,0.9999949932098389,0.8247272999999999,0.7908744,0.8585802,0.8255155276557922,0.8244686018726348,0.0007882276557922285,-0.0002586981273651201,-0.0010469257831573486
00311_id03620_YkXM5A8w07E_id00495_wavtolip.mp4,1,FakeVideo-FakeAudio,0.9981822967529297,0.82513401,0.79024875,0.86001927,0.8252027026557922,0.8236581078910827,6.869265579223516e-05,-0.0014759021089172375,-0.0015445947647094727
00043_id00262_3p7sRWAAh1Q_id00188_wavtolip.mp4,1,FakeVideo-FakeAudio,0.999607503414154,0.8225005599999999,0.78530747,0.85969365,0.8227320626557922,0.8225155189813232,0.0002315026557923039,1.495898132330975e-05,-0.00021654367446899414
00043_id00270_hoEQ70-sDME_id03371_wavtolip.mp4,1,FakeVideo-FakeAudio,0.999997615814209,0.82271823,0.78608936,0.8593471,0.8231230076557923,0.8229233618981171,0.00040477765579227665,0.00020513189811710575,-0.0001996457576751709
00043_id00287_2NpfYjyMsPM_id00735_wavtolip.mp4,1,FakeVideo-FakeAudio,0.9999985694885254,0.82222375,0.784667,0.8597805,0.8224118276557922,0.8221562429389954,0.00018807765579220703,-6.750706100466797e-05,-0.000255584716796875
00043_id00496_SImaDcXQnh8_id00395_wavtolip.mp4,1,FakeVideo-FakeAudio,0.9663553237915039,0.822559465,0.78533983,0.8597791,0.8227482426557922,0.8224631834421539,0.00018877765579217165,-9.628155784613401e-05,-0.00028505921363830566
00043_id00633_UXrTMta1EDM_id00325_wavtolip.mp4,1,FakeVideo-FakeAudio,0.9999979734420776,0.82266075,0.7856599,0.8596616,0.8229082776557922,0.8213600470077514,0.00024752765579216796,-0.0013007029922486035,-0.0015482306480407715
00043_id00806_0sk9s9lFIAk_id00581_wavtolip.mp4,1,FakeVideo-FakeAudio,0.9999939203262329,0.8228984500000001,0.7861899,0.859607,0.8231732776557923,0.8194191685115815,0.00027482765579223134,-0.003479281488418584,-0.0037541091442108154
00043_id00897_0ayFw8JhoyI_id00271_wavtolip.mp4,1,FakeVideo-FakeAudio,0.9901289343833923,0.8219126999999999,0.7847552,0.8590702,0.8224559276557922,0.8222380130744934,0.0005432276557922888,0.0003253130744934607,-0.00021791458129882812
00043_id03716_s-lxbGafZQA_id03620_wavtolip.mp4,1,FakeVideo-FakeAudio,0.9999977350234985,0.8225119,0.7856618,0.859362,0.8229092276557922,0.8225462353691101,0.0003973276557922567,3.43353691101278e-05,-0.0003629922866821289
00420_id00068_A7uFnQw--bY_id03941_wavtolip.mp4,1,FakeVideo-FakeAudio,0.9929768443107605,0.824432525,0.7895403,0.85932475,0.8248484776557923,0.8236856208385468,0.00041595265579230656,-0.0007469041614531768,-0.0011628568172454834
00420_id00262_3p7sRWAAh1Q_id03844_wavtolip.mp4,1,FakeVideo-FakeAudio,0.9999945163726807,0.8243590000000001,0.78966165,0.85905635,0.8249091526557922,0.8244511207630157,0.0005501526557921688,9.212076301567951e-05,-0.00045803189277648926
00420_id00581_7AxvP19LGKg_id00591_wavtolip.mp4,1,FakeVideo-FakeAudio,0.9988293051719666,0.82475575,0.7897907,0.8597208,0.8249736776557922,0.8240027775970459,0.00021792765579220497,-0.0007529724029541329,-0.0009709000587463379
00420_id00813_dKs9CWJIkSI_id00071_wavtolip.mp4,1,FakeVideo-FakeAudio,0.999893069267273,0.824638395,0.78942096,0.85985583,0.8247888076557922,0.8243376899018097,0.000150412655792187,-0.00030070509819035696,-0.00045111775398254395
00420_id00823_KgExwCvgrUk_id03589_wavtolip.mp4,1,FakeVideo-FakeAudio,0.9999973773956299,0.82429955,0.7895688,0.8590303,0.8248627276557923,0.8235467763084412,0.0005631776557922796,-0.0007527736915587946,-0.0013159513473510742
00420_id03716_s-lxbGafZQA_id00328_wavtolip.mp4,1,FakeVideo-FakeAudio,0.9999990463256836,0.8245849000000001,0.7897798,0.85939,0.8249682276557923,0.8245859830688477,0.0003833276557921872,1.083068847607116e-06,-0.0003822445869445801
00420_id03816_XXD0yTNei50_id00188_wavtolip.mp4,1,FakeVideo-FakeAudio,0.9999970197677612,0.824533475,0.78946775,0.8595992,0.8248122026557922,0.8244805028076172,0.000278727655792288,-5.297219238276085e-05,-0.00033169984817504883
00420_id03858_uKVqPfRf-ac_id00826_wavtolip.mp4,1,FakeVideo-FakeAudio,0.9999992847442627,0.82450685,0.7895611,0.8594526,0.8248588776557922,0.8245010411708832,0.00035202765579223083,-5.808829116826786e-06,-0.0003578364849090576
00052_id00071_JU1cVINUTZA_id00806_wavtolip.mp4,1,FakeVideo-FakeAudio,0.9999808073043823,0.82555947,0.79216594,0.858953,0.8261612976557922,0.8259196604258727,0.0006018276557921975,0.00036019042587276395,-0.0002416372299194336
00052_id00188_e-vm5FB3idA_id03844_wavtolip.mp4,1,FakeVideo-FakeAudio,0.9989099502563477,0.8255715299999999,0.79204386,0.8590992,0.8261002576557923,0.8228208101002503,0.0005287276557923715,-0.0027507198997496207,-0.003279447555541992
00052_id00234_M3g5KRLJB60_id00434_wavtolip.mp4,1,FakeVideo-FakeAudio,0.9999974966049194,0.8253629650000001,0.79216933,0.8585566,0.8261629926557923,0.8259401010866547,0.0008000276557922348,0.0005771360866546615,-0.00022289156913757324
00052_id00271_je6JSLqEEcw_id00581_wavtolip.mp4,1,FakeVideo-FakeAudio,0.999990701675415,0.825567305,0.79212445,0.85901016,0.8261405526557922,0.8256558178821564,0.0005732476557922528,8.851288215638853e-05,-0.00048473477363586426
00052_id00287_2NpfYjyMsPM_id00379_wavtolip.mp4,1,FakeVideo-FakeAudio,0.876960813999176,0.8258119,0.7919504,0.8596734,0.8260535276557923,0.8258356130744935,0.00024162765579227585,2.3713074493447728e-05,-0.00021791458129882812
00052_id00374_w1qI7y9AGTc_id00271_wavtolip.mp4,1,FakeVideo-FakeAudio,0.9897750616073608,0.82545627,0.79184234,0.8590702,0.8259994976557923,0.825764714960022,0.0005432276557922888,0.00030844496002202515,-0.00023478269577026367
00052_id00484_u7YTz8eFZv0_id00188_wavtolip.mp4,1,FakeVideo-FakeAudio,0.9996150732040405,0.825753395,0.79181314,0.85969365,0.8259848976557922,0.823783698124237,0.00023150265579219287,-0.001969696875762983,-0.0022011995315551758
00052_id00897_0ayFw8JhoyI_id00403_wavtolip.mp4,1,FakeVideo-FakeAudio,0.999998927116394,0.82573255,0.7920241,0.859441,0.8260903776557922,0.8256251037986755,0.00035782765579217557,-0.00010744620132452365,-0.0004652738571166992
00052_id03649_389qfFqUddI_id00042_wavtolip.mp4,1,FakeVideo-FakeAudio,0.9751318693161011,0.82534747,0.79184484,0.8588501,0.8260007476557922,0.8227392410983276,0.0006532776557922615,-0.002608228901672338,-0.0032615065574645996
00046_id00068_A7uFnQw--bY_id03651_wavtolip.mp4,1,FakeVideo-FakeAudio,0.9997119307518005,0.81965387,0.77958417,0.85972357,0.8198704126557923,0.8166019919595338,0.0002165426557922956,-0.0030518780404662493,-0.003268420696258545
00046_id00330_zCFFgGSIZ_s_id03716_wavtolip.mp4,1,FakeVideo-FakeAudio,0.9999973773956299,0.8161058,0.7742597,0.8579519,0.8172081776557922,0.8169696398674011,0.0011023776557922416,0.0008638398674011283,-0.00023853778839111328
00046_id00332__zNddcZV1EU_id00806_wavtolip.mp4,1,FakeVideo-FakeAudio,0.9999954700469971,0.81718077,0.7771158,0.85724574,0.8186362276557922,0.8161238918785095,0.0014554576557922472,-0.0010568781214904677,-0.002512335777282715
00046_id00374_w1qI7y9AGTc_id00332_wavtolip.mp4,1,FakeVideo-FakeAudio,0.992112398147583,0.818278975,0.77700365,0.8595543,0.8185801526557923,0.8180758973609925,0.00030117765579229516,-0.00020307763900750953,-0.0005042552947998047
00046_id00569_gSynmpwioV4_id00071_wavtolip.mp4,1,FakeVideo-FakeAudio,0.9998844861984253,0.81909454,0.77833325,0.85985583,0.8192449526557922,0.8191167430648804,0.000150412655792187,2.2203064880321755e-05,-0.00012820959091186523
00046_id00591_1Jo8xElXQMs_id00569_wavtolip.mp4,1,FakeVideo-FakeAudio,0.986178994178772,0.8171973,0.774764,0.8596306,0.8174603276557922,0.8141988210983276,0.0002630276557922251,-0.0029984789016723745,-0.0032615065574645996
00046_id00633_UXrTMta1EDM_id00826_wavtolip.mp4,1,FakeVideo-FakeAudio,0.9999849796295166,0.8181252800000001,0.7767362,0.85951436,0.8184464276557922,0.8179177046543121,0.0003211476557921644,-0.00020757534568793812,-0.0005287230014801025
00046_id03371_truKMXt8Dak_id00262_wavtolip.mp4,1,FakeVideo-FakeAudio,0.9999949932098389,0.81709605,0.7784,0.8557921,0.8192783276557922,0.8189124743461609,0.002182277655792264,0.0018164243461609164,-0.00036585330963134766
00202_id00068_A7uFnQw--bY_id03589_wavtolip.mp4,1,FakeVideo-FakeAudio,0.9999973773956299,0.8223398749999999,0.7859368,0.85874295,0.8230467276557922,0.8220614926799774,0.0007068526557922894,-0.00027838232002252994,-0.0009852349758148193
00202_id00271_je6JSLqEEcw_id00330_wavtolip.mp4,1,FakeVideo-FakeAudio,0.9999561309814453,0.82284657,0.78624904,0.8594441,0.8232028476557922,0.8225825123152923,0.00035627765579215875,-0.0002640576847077192,-0.0006203353404998779
00202_id00328_ytKnCbJSEcU_id00374_wavtolip.mp4,1,FakeVideo-FakeAudio,0.999983549118042,0.82273245,0.7862105,0.8592544,0.8231835776557923,0.8206571751823426,0.00045112765579236047,-0.0020752748176573466,-0.002526402473449707
00202_id00373_5NXv3Dxkd6E_id01002_wavtolip.mp4,1,FakeVideo-FakeAudio,0.9999388456344604,0.8227029699999999,0.7862578,0.85914814,0.8232072276557922,0.8227849287475586,0.0005042576557923173,8.195874755867472e-05,-0.0004222989082336426
00202_id00569_gSynmpwioV4_id03716_wavtolip.mp4,1,FakeVideo-FakeAudio,0.9999964237213135,0.822563485,0.78573847,0.8593885,0.8229475626557923,0.8226962098687745,0.00038407765579229203,0.00013272486877446976,-0.00025135278701782227
00202_id00581_7AxvP19LGKg_id03371_wavtolip.mp4,1,FakeVideo-FakeAudio,0.999997615814209,0.822789165,0.78618383,0.8593945,0.8231702426557923,0.822505978692093,0.0003810776557923168,-0.00028318630790702404,-0.0006642639636993408
00202_id00826_MYagwzy91Yk_id00395_wavtolip.mp4,1,FakeVideo-FakeAudio,0.9694131016731262,0.822806825,0.78583455,0.8597791,0.8229956026557923,0.8221225734237672,0.00018877765579228267,-0.0006842515762328638,-0.0008730292320251465
00202_id03844_AEAEN1Lns2c_id00042_wavtolip.mp4,1,FakeVideo-FakeAudio,0.9999972581863403,0.82234355,0.785859,0.8588281,0.8230078276557922,0.8211374637050628,0.0006642776557921337,-0.0012060862949372364,-0.0018703639507293701
00202_id03858_uKVqPfRf-ac_id00826_wavtolip.mp4,1,FakeVideo-FakeAudio,0.9999990463256836,0.82279363,0.78613466,0.8594526,0.8231456576557923,0.8228235839577485,0.00035202765579223083,2.995395774840759e-05,-0.00032207369804382324
00122_id00188_e-vm5FB3idA_id00325_wavtolip.mp4,1,FakeVideo-FakeAudio,0.9999977350234985,0.825564465,0.7913333,0.85979563,0.8257449776557922,0.8255270630744934,0.00018051265579221987,-3.740192550660826e-05,-0.00021791458129882812
00122_id00234_M3g5KRLJB60_id00374_wavtolip.mp4,1,FakeVideo-FakeAudio,0.9999831914901733,0.82541395,0.7913002,0.8595277,0.8257284276557922,0.8246260397506714,0.00031447765579228903,-0.0007879102493285606,-0.0011023879051208496
00122_id00330_zCFFgGSIZ_s_id03649_wavtolip.mp4,1,FakeVideo-FakeAudio,0.9999978542327881,0.8252245250000001,0.79078895,0.8596601,0.8254728026557923,0.8252783126998902,0.00024827765579216177,5.378769989006216e-05,-0.0001944899559020996
00122_id00569_gSynmpwioV4_id00591_wavtolip.mp4,1,FakeVideo-FakeAudio,0.9987465143203735,0.8255127499999999,0.7913047,0.8597208,0.8257306776557922,0.8252019546543121,0.000217927655792316,-0.00031079534568778655,-0.0005287230014801025
00122_id00591_1Jo8xElXQMs_id00581_wavtolip.mp4,1,FakeVideo-FakeAudio,0.9999946355819702,0.82533055,0.7909089,0.8597522,0.8255327776557922,0.8229390517360687,0.0002022276557922531,-0.0023914982639312576,-0.0025937259197235107
00122_id00633_UXrTMta1EDM_id00735_wavtolip.mp4,1,FakeVideo-FakeAudio,0.9999986886978149,0.8254969,0.7912133,0.8597805,0.8256849776557922,0.8251627217582702,0.00018807765579220703,-0.0003341782417297656,-0.0005222558975219727
00122_id01002_eQTviHjyISo_id03371_wavtolip.mp4,1,FakeVideo-FakeAudio,0.999997615814209,0.825286505,0.79105085,0.85952216,0.8256037526557922,0.8252434127758026,0.0003172476557922188,-4.3092224197405216e-05,-0.000360339879989624
00122_id01018_VNPt_GB5QiE_id01002_wavtolip.mp4,1,FakeVideo-FakeAudio,0.9999387264251709,0.82524087,0.7913336,0.85914814,0.8257451276557922,0.8256858210342407,0.0005042576557922063,0.0004449510342406926,-5.930662155151367e-05
00122_id03371_truKMXt8Dak_id00633_wavtolip.mp4,1,FakeVideo-FakeAudio,0.9999951124191284,0.82530083,0.79127306,0.8593286,0.8257148576557922,0.8251892937004852,0.0004140276557922373,-0.00011153629951476951,-0.0005255639553070068
00122_id03858_uKVqPfRf-ac_id00395_wavtolip.mp4,1,FakeVideo-FakeAudio,0.965629518032074,0.82545125,0.7911234,0.8597791,0.8256400276557923,0.8252013672725678,0.00018877765579228267,-0.00024988272743220463,-0.0004386603832244873
00027_id00068_A7uFnQw--bY_id00634_wavtolip.mp4,1,FakeVideo-FakeAudio,0.9999986886978149,0.8078518,0.7558376,0.859866,0.8079971276557922,0.8072883390224457,0.00014532765579222673,-0.0005634609775543309,-0.0007087886333465576
00027_id00271_je6JSLqEEcw_id00591_wavtolip.mp4,1,FakeVideo-FakeAudio,0.9987325072288513,0.80447297,0.74922514,0.8597208,0.8046908976557923,0.8045027555945587,0.000217927655792316,2.978559455879548e-05,-0.0001881420612335205
00027_id00395_wM5kGJfTtEM_id03589_wavtolip.mp4,1,FakeVideo-FakeAudio,0.9999972581863403,0.8042104800000001,0.7492755,0.85914546,0.8047160776557922,0.8042570920886993,0.0005055976557921671,4.661208869927158e-05,-0.0004589855670928955
00027_id00484_u7YTz8eFZv0_id00496_wavtolip.mp4,1,FakeVideo-FakeAudio,0.9999386072158813,0.806592645,0.75459254,0.85859275,0.8073745976557922,0.8071858297457886,0.000781952655792173,0.0005931847457885109,-0.0001887679100036621
00027_id00581_7AxvP19LGKg_id00897_wavtolip.mp4,1,FakeVideo-FakeAudio,0.9999978542327881,0.8054001900000001,0.75078535,0.86001503,0.8054710026557923,0.8050294514472962,7.08126557922295e-05,-0.00037073855270386424,-0.00044155120849609375
00027_id00634_z5t9oJizDQg_id00262_wavtolip.mp4,1,FakeVideo-FakeAudio,0.9999881982803345,0.80567075,0.7519288,0.8594127,0.8060427276557922,0.8054994909233093,0.00037197765579222164,-0.00017125907669068852,-0.0005432367324829102
00027_id03589_9NxOQlwpMys_id00330_wavtolip.mp4,1,FakeVideo-FakeAudio,0.999967098236084,0.8070822,0.7545021,0.8596623,0.8073293776557922,0.8060373873756408,0.00024717765579218565,-0.0010448126243591815,-0.0012919902801513672
00027_id03858_uKVqPfRf-ac_id03589_wavtolip.mp4,1,FakeVideo-FakeAudio,0.9999973773956299,0.805895865,0.75264627,0.85914546,0.8064014626557923,0.8060356093461609,0.0005055976557922781,0.00013974434616093045,-0.00036585330963134766
00027_id03941_SsYtP8Ze88Q_id03371_wavtolip.mp4,1,FakeVideo-FakeAudio,0.9999977350234985,0.80794265,0.7563073,0.859578,0.8082319776557922,0.8074447791122437,0.0002893276557922597,-0.0004978708877563243,-0.000787198543548584
00015_id00262_3p7sRWAAh1Q_id00232_wavtolip.mp4,1,FakeVideo-FakeAudio,0.9985472559928894,0.8221727000000001,0.7851048,0.8592406,0.8226307276557923,0.8214678708385468,0.0004580276557921703,-0.0007048291614533131,-0.0011628568172454834
00015_id00287_2NpfYjyMsPM_id00332_wavtolip.mp4,1,FakeVideo-FakeAudio,0.9916263818740845,0.821927015,0.78429973,0.8595543,0.8222281926557922,0.8217701607630157,0.00030117765579218414,-0.00015685423698430512,-0.00045803189277648926
00015_id00373_5NXv3Dxkd6E_id00806_wavtolip.mp4,1,FakeVideo-FakeAudio,0.9999951124191284,0.82104686,0.78501785,0.85707587,0.8225872526557922,0.8222242603691101,0.0015403926557921999,0.001177400369110071,-0.0003629922866821289
00015_id00569_gSynmpwioV4_id00569_wavtolip.mp4,1,FakeVideo-FakeAudio,0.9868823885917664,0.82204715,0.7844637,0.8596306,0.8223101776557922,0.8215919714885711,0.0002630276557922251,-0.00045517851142884425,-0.0007182061672210693
00015_id00813_dKs9CWJIkSI_id00897_wavtolip.mp4,1,FakeVideo-FakeAudio,0.9999986886978149,0.82146305,0.78430736,0.85861874,0.8222320076557923,0.821130126390152,0.0007689576557923239,-0.0003329236098479349,-0.0011018812656402588
00015_id00897_0ayFw8JhoyI_id00735_wavtolip.mp4,1,FakeVideo-FakeAudio,0.9991670846939087,0.8221325150000001,0.7843943,0.85987073,0.8222754776557922,0.821797865637207,0.00014296265579216705,-0.00033464936279303803,-0.0004776120185852051
00015_id03620_YkXM5A8w07E_id00806_wavtolip.mp4,1,FakeVideo-FakeAudio,0.999995231628418,0.82121846,0.78536105,0.85707587,0.8227588526557923,0.8201309136699677,0.0015403926557923109,-0.001087546330032274,-0.002627938985824585
00015_id03858_uKVqPfRf-ac_id00633_wavtolip.mp4,1,FakeVideo-FakeAudio,0.9986690282821655,0.82145497,0.78484714,0.8580628,0.8225018976557923,0.8219731746543122,0.0010469276557922846,0.0005182046543121821,-0.0005287230014801025
00239_id00188_e-vm5FB3idA_id00373_wavtolip.mp4,1,FakeVideo-FakeAudio,0.9999974966049194,0.82280547,0.787942,0.85766894,0.8240493276557923,0.8235291877231599,0.0012438576557922687,0.0007237177231598224,-0.0005201399326324463
00239_id00373_5NXv3Dxkd6E_id03651_wavtolip.mp4,1,FakeVideo-FakeAudio,0.9997314810752869,0.824386485,0.7890494,0.85972357,0.8246030276557923,0.8243515258571625,0.0002165426557922956,-3.495914283746515e-05,-0.00025150179862976074
00239_id00484_u7YTz8eFZv0_id03716_wavtolip.mp4,1,FakeVideo-FakeAudio,0.9999966621398926,0.824029525,0.78855425,0.8595048,0.8243554526557922,0.8240034276237488,0.00032592765579220195,-2.6097376251255078e-05,-0.00035202503204345703
00239_id00491_ShjiTWoOtM4_id00232_wavtolip.mp4,1,FakeVideo-FakeAudio,0.9999957084655762,0.82443115,0.789307,0.8595553,0.8247318276557922,0.8176376530323028,0.0003006776557922253,-0.006793496967697155,-0.00709417462348938
00239_id00633_UXrTMta1EDM_id00735_wavtolip.mp4,1,FakeVideo-FakeAudio,0.9999985694885254,0.82442825,0.789076,0.8597805,0.8246163276557923,0.8240999726181031,0.00018807765579231805,-0.00032827738189689093,-0.000516355037689209
00239_id00897_0ayFw8JhoyI_id03649_wavtolip.mp4,1,FakeVideo-FakeAudio,0.9999978542327881,0.8241833199999999,0.78870654,0.8596601,0.8244315976557922,0.8229732508120727,0.0002482776557922728,-0.0012100691879272096,-0.0014583468437194824
00239_id01002_eQTviHjyISo_id00496_wavtolip.mp4,1,FakeVideo-FakeAudio,0.9999181032180786,0.823630155,0.78890777,0.85835254,0.8245322126557922,0.8235751706769562,0.00090205765579221,-5.498432304384959e-05,-0.0009570419788360596
00239_id01018_VNPt_GB5QiE_id03589_wavtolip.mp4,1,FakeVideo-FakeAudio,0.9999973773956299,0.82369605,0.7884422,0.8589499,0.8242994276557922,0.8209200529132843,0.0006033776557922144,-0.00277599708671572,-0.0033793747425079346
00239_id03371_truKMXt8Dak_id00271_wavtolip.mp4,1,FakeVideo-FakeAudio,0.9915645122528076,0.82375445,0.7884387,0.8590702,0.8242976776557922,0.8238926938968658,0.0005432276557921778,0.0001382438968657862,-0.0004049837589263916
00010_id00330_zCFFgGSIZ_s_id00188_wavtolip.mp4,1,FakeVideo-FakeAudio,0.9996040463447571,0.824634275,0.7895749,0.85969365,0.8248657776557922,0.8246776355945586,0.00023150265579219287,4.336059455867236e-05,-0.0001881420612335205
00010_id00395_wM5kGJfTtEM_id00325_wavtolip.mp4,1,FakeVideo-FakeAudio,0.9982207417488098,0.824292815,0.78936833,0.8592173,0.8247624926557922,0.8239630751600646,0.0004696776557922,-0.00032973983993533906,-0.0007994174957275391
00010_id00495_E46aiMUC4A0_id00806_wavtolip.mp4,1,FakeVideo-FakeAudio,0.9999927282333374,0.8233865499999999,0.78868836,0.85808474,0.8244225076557923,0.8240287891747284,0.0010359576557923411,0.0006422391747284983,-0.0003937184810638428
00010_id00591_1Jo8xElXQMs_id00735_wavtolip.mp4,1,FakeVideo-FakeAudio,0.9990823268890381,0.824589115,0.7893075,0.85987073,0.8247320776557923,0.8240678136920929,0.00014296265579227807,-0.0005213013079070627,-0.0006642639636993408
00010_id00826_MYagwzy91Yk_id00271_wavtolip.mp4,1,FakeVideo-FakeAudio,0.9904409646987915,0.82356975,0.7880693,0.8590702,0.8241129776557923,0.8215297123512268,0.0005432276557922888,-0.002040037648773141,-0.0025832653045654297
00010_id03371_truKMXt8Dak_id00287_wavtolip.mp4,1,FakeVideo-FakeAudio,0.9999279975891113,0.824120425,0.78858095,0.8596599,0.8243688026557923,0.8240393081794739,0.00024837765579222015,-8.111682052613922e-05,-0.0003294944763183594
00010_id03858_uKVqPfRf-ac_id00735_wavtolip.mp4,1,FakeVideo-FakeAudio,0.9991117119789124,0.824250715,0.7886307,0.85987073,0.8243936776557923,0.8236198901573182,0.00014296265579227807,-0.000630824842681843,-0.0007737874984741211
00130_id00271_je6JSLqEEcw_id00735_wavtolip.mp4,1,FakeVideo-FakeAudio,0.9991201758384705,0.824831065,0.7897914,0.85987073,0.8249740276557922,0.8246147010547638,0.00014296265579216705,-0.00021636394523627533,-0.0003593266010284424
00130_id00373_5NXv3Dxkd6E_id03371_wavtolip.mp4,1,FakeVideo-FakeAudio,0.9999979734420776,0.8243237,0.7897649,0.8588825,0.8249607776557922,0.8187947069561005,0.0006370776557922397,-0.005528993043899533,-0.0061660706996917725
00130_id00495_E46aiMUC4A0_id00325_wavtolip.mp4,1,FakeVideo-FakeAudio,0.9999986886978149,0.824478225,0.78966105,0.8592954,0.8249088526557922,0.8240234256576537,0.00043062765579215956,-0.0004547993423462682,-0.0008854269981384277
00130_id00591_1Jo8xElXQMs_id03620_wavtolip.mp4,1,FakeVideo-FakeAudio,0.999997615814209,0.8243711,0.79014146,0.85860074,0.8251490576557923,0.8249494118981171,0.0007779576557922496,0.0005783118981170787,-0.0001996457576751709
00130_id00634_z5t9oJizDQg_id00897_wavtolip.mp4,1,FakeVideo-FakeAudio,0.9999980926513672,0.824676365,0.78966427,0.85968846,0.8249104626557922,0.8247589476487731,0.000234097655792187,8.258264877314403e-05,-0.00015151500701904297
00130_id00897_0ayFw8JhoyI_id00379_wavtolip.mp4,1,FakeVideo-FakeAudio,0.8964951038360596,0.8245119000000001,0.7893504,0.8596734,0.8247535276557922,0.8232214200641632,0.00024162765579216483,-0.0012904799358368635,-0.0015321075916290283
00130_id03589_9NxOQlwpMys_id00897_wavtolip.mp4,1,FakeVideo-FakeAudio,0.9999980926513672,0.82455066,0.78941286,0.85968846,0.8247847576557923,0.8237167020260621,0.00023409765579229802,-0.0008339579739379266,-0.0010680556297302246
00130_id03620_YkXM5A8w07E_id03858_wavtolip.mp4,1,FakeVideo-FakeAudio,0.9999972581863403,0.824530075,0.7896352,0.85942495,0.8248959276557922,0.8245664331794739,0.0003658526557922537,3.63581794738943e-05,-0.0003294944763183594
00130_id03649_389qfFqUddI_id00495_wavtolip.mp4,1,FakeVideo-FakeAudio,0.998367965221405,0.824781135,0.789543,0.86001927,0.8248498276557923,0.8245325819339753,6.869265579223516e-05,-0.00024855306602478144,-0.0003172457218170166
00130_id03858_uKVqPfRf-ac_id00634_wavtolip.mp4,1,FakeVideo-FakeAudio,0.9999982118606567,0.8243186250000001,0.78945005,0.8591872,0.8248033526557923,0.8240896764415742,0.00048472765579221644,-0.0002289485584259232,-0.0007136762142181396
00001_id00188_e-vm5FB3idA_id03858_wavtolip.mp4,1,FakeVideo-FakeAudio,0.9999947547912598,0.82439475,0.7889458,0.8598437,0.8245512276557923,0.8236709862617493,0.00015647765579229755,-0.0007237637382506712,-0.0008802413940429688
00001_id00270_hoEQ70-sDME_id00270_wavtolip.mp4,1,FakeVideo-FakeAudio,0.9999953508377075,0.8233137850000001,0.78673947,0.8598881,0.8234480626557923,0.8230052299474335,0.0001342776557922143,-0.00030855505256655036,-0.00044283270835876465
00001_id00581_7AxvP19LGKg_id00735_wavtolip.mp4,1,FakeVideo-FakeAudio,0.9999984502792358,0.82378677,0.78779304,0.8597805,0.8239748476557922,0.8235700725131225,0.00018807765579220703,-0.0002166974868774707,-0.00040477514266967773
00001_id00633_UXrTMta1EDM_id00287_wavtolip.mp4,1,FakeVideo-FakeAudio,0.9999289512634277,0.82437443,0.78908896,0.8596599,0.8246228076557922,0.822161165628891,0.00024837765579222015,-0.002213264371109025,-0.002461642026901245
00001_id00634_z5t9oJizDQg_id03620_wavtolip.mp4,1,FakeVideo-FakeAudio,0.9999961853027344,0.823971875,0.78825665,0.8596871,0.8242066526557923,0.823627414717865,0.00023477765579227317,-0.00034446028213497293,-0.0005792379379272461
00001_id00897_0ayFw8JhoyI_id00373_wavtolip.mp4,1,FakeVideo-FakeAudio,0.9999970197677612,0.823276085,0.7882159,0.85833627,0.8241862776557922,0.8235492828170776,0.0009101926557921747,0.00027319781707757507,-0.0006369948387145996
00001_id03649_389qfFqUddI_id00591_wavtolip.mp4,1,FakeVideo-FakeAudio,0.9999971389770508,0.82406492,0.78847384,0.859656,0.8243152476557922,0.823904661060257,0.00025032765579224847,-0.00016025893974302985,-0.0004105865955352783
00001_id03844_AEAEN1Lns2c_id03589_wavtolip.mp4,1,FakeVideo-FakeAudio,0.9999966621398926,0.82407208,0.7889528,0.85919136,0.8245547276557923,0.8243602376998902,0.00048264765579231206,0.00028815769989021245,-0.0001944899559020996
00088_id00188_e-vm5FB3idA_id00188_wavtolip.mp4,1,FakeVideo-FakeAudio,0.9996204376220703,0.824872775,0.7900519,0.85969365,0.8251042776557922,0.8247416727993011,0.00023150265579219287,-0.000131102200698896,-0.00036260485649108887
00088_id00270_hoEQ70-sDME_id00823_wavtolip.mp4,1,FakeVideo-FakeAudio,0.9998635053634644,0.82487005,0.7903094,0.8594307,0.8252330276557922,0.8249013278076172,0.0003629776557921849,3.1277807617136055e-05,-0.00033169984817504883
00088_id00332__zNddcZV1EU_id00071_wavtolip.mp4,1,FakeVideo-FakeAudio,0.9998774528503418,0.8250569999999999,0.79025817,0.85985583,0.8252074126557922,0.8246572617845154,0.000150412655792298,-0.00039973821548455746,-0.0005501508712768555
00088_id00379_fgkgYHCuk4g_id00262_wavtolip.mp4,1,FakeVideo-FakeAudio,0.999994158744812,0.82383852,0.79040664,0.8572704,0.8252816476557923,0.8244157709811402,0.0014431276557922423,0.0005772509811401427,-0.0008658766746520996
00088_id00491_ShjiTWoOtM4_id03844_wavtolip.mp4,1,FakeVideo-FakeAudio,0.9988616704940796,0.82474325,0.7903873,0.8590992,0.8252719776557922,0.8250404732154846,0.0005287276557921494,0.00029722321548453223,-0.0002315044403076172
00088_id00569_gSynmpwioV4_id00287_wavtolip.mp4,1,FakeVideo-FakeAudio,0.9999251365661621,0.82498765,0.7903154,0.8596599,0.8252360276557922,0.8248625449516296,0.00024837765579222015,-0.0001251050483703775,-0.00037348270416259766
00088_id00581_7AxvP19LGKg_id00813_wavtolip.mp4,1,FakeVideo-FakeAudio,0.9999916553497314,0.824193875,0.7905766,0.85781115,0.8253666276557923,0.8248357886894226,0.0011727526557923085,0.0006419136894226796,-0.0005308389663696289
00088_id01001_dHJc8dh9X8c_id00330_wavtolip.mp4,1,FakeVideo-FakeAudio,0.9865620732307434,0.824574175,0.7901972,0.85895115,0.8251769276557923,0.8245399328170777,0.000602752655792349,-3.4242182922250564e-05,-0.0006369948387145996
00088_id01002_eQTviHjyISo_id00262_wavtolip.mp4,1,FakeVideo-FakeAudio,0.9999940395355225,0.82378665,0.7903029,0.8572704,0.8252297776557922,0.8247255223609924,0.0014431276557922423,0.0009388723609924376,-0.0005042552947998047
00078_id00395_wM5kGJfTtEM_id00379_wavtolip.mp4,1,FakeVideo-FakeAudio,0.8775949478149414,0.8245862500000001,0.7894991,0.8596734,0.8248278776557922,0.8240047375114441,0.00024162765579216483,-0.0005815124885559797,-0.0008231401443481445
00078_id00484_u7YTz8eFZv0_id00330_wavtolip.mp4,1,FakeVideo-FakeAudio,0.9859820604324341,0.824013025,0.7890749,0.85895115,0.8246157776557923,0.8243527423583985,0.000602752655792349,0.0003397173583985502,-0.00026303529739379883
00078_id00495_E46aiMUC4A0_id00328_wavtolip.mp4,1,FakeVideo-FakeAudio,0.9983910918235779,0.8243533249999999,0.7892752,0.85943145,0.8247159276557923,0.8243529353691101,0.0003626026557923545,-3.8963088977439497e-07,-0.0003629922866821289
00078_id00581_7AxvP19LGKg_id00434_wavtolip.mp4,1,FakeVideo-FakeAudio,0.9999977350234985,0.823646035,0.7897005,0.85759157,0.8249285776557922,0.8235496540012359,0.001282542655792196,-9.638099876407846e-05,-0.0013789236545562744
00078_id00589_uOzKwYEVR6s_id00330_wavtolip.mp4,1,FakeVideo-FakeAudio,0.9859053492546082,0.824104775,0.7892584,0.85895115,0.8247075276557922,0.8223912017528534,0.000602752655792238,-0.0017135732471466047,-0.0023163259029388428
00078_id00591_1Jo8xElXQMs_id00071_wavtolip.mp4,1,FakeVideo-FakeAudio,0.9998782873153687,0.8247326150000001,0.7896094,0.85985583,0.8248830276557922,0.8245513278076172,0.000150412655792187,-0.00018128719238286184,-0.00033169984817504883
00078_id00826_MYagwzy91Yk_id00806_wavtolip.mp4,1,FakeVideo-FakeAudio,0.9999877214431763,0.8238068249999999,0.7889371,0.85867655,0.8245468776557923,0.8244781833026886,0.0007400526557923559,0.0006713583026887182,-6.86943531036377e-05
00078_id03589_9NxOQlwpMys_id00569_wavtolip.mp4,1,FakeVideo-FakeAudio,0.9870460033416748,0.8242491000000001,0.7888676,0.8596306,0.8245121276557923,0.8244528210342408,0.0002630276557922251,0.00020372103424071142,-5.930662155151367e-05
00078_id03649_389qfFqUddI_id00232_wavtolip.mp4,1,FakeVideo-FakeAudio,0.9985941052436829,0.8241490499999999,0.7890575,0.8592406,0.8246070776557922,0.8236085508441925,0.00045802765579228133,-0.0005404991558074501,-0.0009985268115997314
00037_id00068_A7uFnQw--bY_id00374_wavtolip.mp4,1,FakeVideo-FakeAudio,0.9999814033508301,0.8184817200000001,0.777981,0.85898244,0.8190688276557923,0.8185645723609924,0.0005871076557921739,8.285236099236926e-05,-0.0005042552947998047
00037_id00188_e-vm5FB3idA_id03941_wavtolip.mp4,1,FakeVideo-FakeAudio,0.9920879006385803,0.819534975,0.7797452,0.85932475,0.8199509276557922,0.819241393964386,0.00041595265579219554,-0.00029358103561405446,-0.00070953369140625
00037_id00262_3p7sRWAAh1Q_id00271_wavtolip.mp4,1,FakeVideo-FakeAudio,0.9895540475845337,0.817426125,0.77578205,0.8590702,0.8179693526557923,0.8145899779132844,0.0005432276557922888,-0.0028361470867156457,-0.0033793747425079346
00037_id00373_5NXv3Dxkd6E_id00395_wavtolip.mp4,1,FakeVideo-FakeAudio,0.9639836549758911,0.8180458500000001,0.7763126,0.8597791,0.8182346276557922,0.8181482009208679,0.00018877765579217165,0.00010235092086785524,-8.64267349243164e-05
00037_id00495_E46aiMUC4A0_id03941_wavtolip.mp4,1,FakeVideo-FakeAudio,0.9920978546142578,0.818378025,0.7774313,0.85932475,0.8187939776557922,0.8182738377231598,0.00041595265579219554,-0.00010418727684025075,-0.0005201399326324463
00037_id00826_MYagwzy91Yk_id00495_wavtolip.mp4,1,FakeVideo-FakeAudio,0.9982762336730957,0.818639685,0.7772601,0.86001927,0.8187083776557922,0.8179304178321838,6.869265579223516e-05,-0.0007092671678161633,-0.0007779598236083984
00037_id03371_truKMXt8Dak_id01002_wavtolip.mp4,1,FakeVideo-FakeAudio,0.9999430179595947,0.8187809699999999,0.7784138,0.85914814,0.8192852276557923,0.8190537232154846,0.0005042576557923173,0.0002727532154847001,-0.0002315044403076172
00037_id03844_AEAEN1Lns2c_id00735_wavtolip.mp4,1,FakeVideo-FakeAudio,0.9999986886978149,0.819605115,0.77942973,0.8597805,0.8197931926557922,0.8171712737390899,0.00018807765579220703,-0.0024338412609100635,-0.0026219189167022705
00037_id03941_SsYtP8Ze88Q_id00633_wavtolip.mp4,1,FakeVideo-FakeAudio,0.9999964237213135,0.8189132,0.7789924,0.858834,0.8195745276557922,0.8182585763084411,0.0006613276557921877,-0.0006546236915588866,-0.0013159513473510742
00005_id00365_XV-imLNJvfk_id00496_wavtolip.mp4,1,FakeVideo-FakeAudio,0.6175004243850708,0.8134179500000001,0.7728151,0.8540208,0.8164858776557922,0.8157337564456939,0.003067927655792113,0.0023158064456938465,-0.0007521212100982666
00005_id00373_5NXv3Dxkd6E_id00496_wavtolip.mp4,1,FakeVideo-FakeAudio,0.6113846302032471,0.81319105,0.7723613,0.8540208,0.8162589776557923,0.8159817266506195,0.003067927655792224,0.0027906766506194947,-0.0002772510051727295
00005_id00379_fgkgYHCuk4g_id00496_wavtolip.mp4,1,FakeVideo-FakeAudio,0.6146959662437439,0.81320937,0.77239794,0.8540208,0.8162772976557922,0.8158549987475585,0.003067927655792113,0.0026456287475584706,-0.0004222989082336426
00005_id00569_gSynmpwioV4_id03858_wavtolip.mp4,1,FakeVideo-FakeAudio,0.999850869178772,0.816638925,0.7737843,0.85949355,0.8169704776557922,0.8168166678699493,0.00033155265579221105,0.00017774286994931554,-0.0001538097858428955
00005_id00813_dKs9CWJIkSI_id01002_wavtolip.mp4,1,FakeVideo-FakeAudio,0.9999406337738037,0.81591327,0.7726784,0.85914814,0.8164175276557922,0.8163230244915008,0.0005042576557922063,0.00040975449150082444,-9.450316429138184e-05
00005_id01002_eQTviHjyISo_id03620_wavtolip.mp4,1,FakeVideo-FakeAudio,0.9999951124191284,0.81390865,0.7717114,0.8561059,0.8159340276557923,0.8157458855945587,0.0020253776557922487,0.0018372355945587282,-0.0001881420612335205
00005_id03858_uKVqPfRf-ac_id03589_wavtolip.mp4,1,FakeVideo-FakeAudio,0.9999533891677856,0.81475758,0.77196956,0.8575456,0.8160631076557923,0.8128016010983277,0.0013055276557922824,-0.0019559789016723172,-0.0032615065574645996
00169_id00262_3p7sRWAAh1Q_id00634_wavtolip.mp4,1,FakeVideo-FakeAudio,0.9994975328445435,0.824447425,0.78953665,0.8593582,0.8248466526557923,0.8245879684974671,0.00039922765579225583,0.00014054349746706052,-0.0002586841583251953
00169_id00330_zCFFgGSIZ_s_id03371_wavtolip.mp4,1,FakeVideo-FakeAudio,0.9990488886833191,0.82341672,0.7885296,0.85830384,0.8243431276557922,0.823826772618103,0.0009264076557922163,0.0004100526181030073,-0.000516355037689209
00169_id00365_XV-imLNJvfk_id00823_wavtolip.mp4,1,FakeVideo-FakeAudio,0.9998775720596313,0.8244799199999999,0.78952914,0.8594307,0.8248428976557922,0.8244254863284302,0.0003629776557922959,-5.443367156976464e-05,-0.00041741132736206055
00169_id00496_SImaDcXQnh8_id00330_wavtolip.mp4,1,FakeVideo-FakeAudio,0.9839488863945007,0.82419765,0.78944415,0.85895115,0.8248004026557922,0.8245925314571381,0.000602752655792238,0.0003948814571380632,-0.0002078711986541748
00169_id00806_0sk9s9lFIAk_id00234_wavtolip.mp4,1,FakeVideo-FakeAudio,0.9975851774215698,0.8238649849999999,0.7888473,0.85888267,0.8245019776557923,0.8241422338222504,0.0006369926557923122,0.0002772488222504421,-0.0003597438335418701
00169_id00897_0ayFw8JhoyI_id00330_wavtolip.mp4,1,FakeVideo-FakeAudio,0.9847897887229919,0.824229075,0.789507,0.85895115,0.8248318276557922,0.8243889949474335,0.000602752655792238,0.00015991994743347338,-0.00044283270835876465
00169_id03589_9NxOQlwpMys_id00806_wavtolip.mp4,1,FakeVideo-FakeAudio,0.9999953508377075,0.8233896350000001,0.7897034,0.85707587,0.8249300276557923,0.824633136920166,0.0015403926557921999,0.0012435019201659792,-0.0002968907356262207
00169_id03858_uKVqPfRf-ac_id00332_wavtolip.mp4,1,FakeVideo-FakeAudio,0.9913012385368347,0.8245433,0.7895323,0.8595543,0.8248444776557922,0.8245233278297424,0.00030117765579218414,-1.9972170257620547e-05,-0.0003211498260498047
00125_id00262_3p7sRWAAh1Q_id00434_wavtolip.mp4,1,FakeVideo-FakeAudio,0.9999970197677612,0.81618992,0.77280384,0.859576,0.8164802476557922,0.8156355902346801,0.00029032765579217745,-0.0005543297653198831,-0.0008446574211120605
00125_id00330_zCFFgGSIZ_s_id03858_wavtolip.mp4,1,FakeVideo-FakeAudio,0.9999957084655762,0.81430483,0.76880556,0.8598041,0.8144811076557923,0.8140682262814332,0.0001762776557923118,-0.00023660371856681905,-0.00041288137435913086
00125_id00373_5NXv3Dxkd6E_id03858_wavtolip.mp4,1,FakeVideo-FakeAudio,0.9999954700469971,0.81655535,0.7733066,0.8598041,0.8167316276557922,0.8166199583538055,0.00017627765579220078,6.460835380550645e-05,-0.00011166930198669434
00125_id00395_wM5kGJfTtEM_id00328_wavtolip.mp4,1,FakeVideo-FakeAudio,0.9999985694885254,0.8158213299999999,0.77212816,0.8595145,0.8161424076557922,0.8157798027993011,0.0003210776557922568,-4.152720069883209e-05,-0.00036260485649108887
00125_id00495_E46aiMUC4A0_id03620_wavtolip.mp4,1,FakeVideo-FakeAudio,0.9999967813491821,0.81678429,0.77398723,0.85958135,0.8170719426557922,0.8163624089643859,0.00028765265579222543,-0.00042188103561402457,-0.00070953369140625
00125_id00581_7AxvP19LGKg_id00735_wavtolip.mp4,1,FakeVideo-FakeAudio,0.9999986886978149,0.81626905,0.7727576,0.8597805,0.8164571276557923,0.8160945227993012,0.00018807765579220703,-0.00017452720069888183,-0.00036260485649108887
00125_id00634_z5t9oJizDQg_id00633_wavtolip.mp4,1,FakeVideo-FakeAudio,0.999995231628418,0.81653883,0.7736992,0.85937846,0.8169279276557923,0.8163846909233093,0.00038909765579220323,-0.00015413907669070692,-0.0005432367324829102
00125_id00813_dKs9CWJIkSI_id00395_wavtolip.mp4,1,FakeVideo-FakeAudio,0.9999929666519165,0.81811324,0.77646804,0.85975844,0.8183123476557923,0.8180189139895631,0.00019910765579234102,-9.432601043690703e-05,-0.00029343366622924805
00125_id03589_9NxOQlwpMys_id00403_wavtolip.mp4,1,FakeVideo-FakeAudio,0.9999988079071045,0.8176085,0.7753031,0.8599139,0.8177298776557922,0.8157718054702758,0.00012137765579223192,-0.0018366945297241255,-0.0019580721855163574
00065_id00068_A7uFnQw--bY_id00806_wavtolip.mp4,1,FakeVideo-FakeAudio,0.999961256980896,0.82580555,0.792217,0.8593941,0.8261868276557922,0.8258698799571991,0.0003812776557922115,6.432995719907186e-05,-0.00031694769859313965
00065_id00271_je6JSLqEEcw_id00434_wavtolip.mp4,1,FakeVideo-FakeAudio,0.9999970197677612,0.8254628500000001,0.79198265,0.85894305,0.8260696526557922,0.8255999680549622,0.0006068026557921602,0.00013711805496208207,-0.0004696846008300781
00065_id00374_w1qI7y9AGTc_id00826_wavtolip.mp4,1,FakeVideo-FakeAudio,0.9999991655349731,0.8256487,0.7918448,0.8594526,0.8260007276557922,0.8253979756855011,0.00035202765579223083,-0.00025072431449890686,-0.0006027519702911377
00065_id00484_u7YTz8eFZv0_id03620_wavtolip.mp4,1,FakeVideo-FakeAudio,0.9999979734420776,0.825541775,0.79198855,0.859095,0.8260726026557923,0.8258963219188691,0.0005308276557922653,0.00035454691886904754,-0.00017628073692321777
00065_id00495_E46aiMUC4A0_id00806_wavtolip.mp4,1,FakeVideo-FakeAudio,0.9999613761901855,0.82574667,0.79209924,0.8593941,0.8261279476557922,0.8256236923609924,0.0003812776557922115,-0.00012297763900759318,-0.0005042552947998047
00065_id00581_7AxvP19LGKg_id00823_wavtolip.mp4,1,FakeVideo-FakeAudio,0.999874472618103,0.82566305,0.7918954,0.8594307,0.8260260276557922,0.8206481091739655,0.0003629776557922959,-0.005014940826034486,-0.005377918481826782
00065_id00634_z5t9oJizDQg_id03716_wavtolip.mp4,1,FakeVideo-FakeAudio,0.9999967813491821,0.825544895,0.79197985,0.85910994,0.8260682526557923,0.8257783952682496,0.0005233576557923669,0.00023350026824964232,-0.0002898573875427246
00065_id00735_ivJSkq5hGOQ_id03589_wavtolip.mp4,1,FakeVideo-FakeAudio,0.9999977350234985,0.825240135,0.79224163,0.85823864,0.8261991426557922,0.8238151356787109,0.0009590076557921545,-0.0014249993212891443,-0.002384006977081299
00065_id03371_truKMXt8Dak_id03858_wavtolip.mp4,1,FakeVideo-FakeAudio,0.9999974966049194,0.825658075,0.7918912,0.85942495,0.8260239276557922,0.8256302091747284,0.0003658526557922537,-2.7865825271589095e-05,-0.0003937184810638428
00065_id03649_389qfFqUddI_id00495_wavtolip.mp4,1,FakeVideo-FakeAudio,0.9983634352684021,0.8260437350000001,0.7920682,0.86001927,0.8261124276557923,0.8258493923583985,6.869265579223516e-05,-0.00019434264160156367,-0.00026303529739379883
00005_id00234_M3g5KRLJB60_id00328_wavtolip.mp4,1,FakeVideo-FakeAudio,0.9984512329101562,0.82182366,0.78421587,0.85943145,0.8221862626557923,0.8208541882520295,0.0003626026557923545,-0.0009694717479704629,-0.0013320744037628174
00005_id00330_zCFFgGSIZ_s_id00328_wavtolip.mp4,1,FakeVideo-FakeAudio,0.9983887672424316,0.821371795,0.78331214,0.85943145,0.8217343976557923,0.8205715408385468,0.0003626026557922435,-0.0008002541614532399,-0.0011628568172454834
00005_id00332__zNddcZV1EU_id00634_wavtolip.mp4,1,FakeVideo-FakeAudio,0.9995483756065369,0.8216711999999999,0.7839842,0.8593582,0.8220704276557922,0.8194652278419494,0.00039922765579225583,-0.0022059721580505176,-0.0026051998138427734
00005_id00496_SImaDcXQnh8_id00232_wavtolip.mp4,1,FakeVideo-FakeAudio,0.9986417889595032,0.82150435,0.7837681,0.8592406,0.8219623776557923,0.821665486920166,0.00045802765579228133,0.00016113692016606063,-0.0002968907356262207
00005_id00591_1Jo8xElXQMs_id00328_wavtolip.mp4,1,FakeVideo-FakeAudio,0.9984208345413208,0.821660325,0.7838892,0.85943145,0.8220229276557922,0.8210044332881927,0.0003626026557922435,-0.0006558917118072438,-0.0010184943675994873
00005_id00813_dKs9CWJIkSI_id00484_wavtolip.mp4,1,FakeVideo-FakeAudio,0.9995929598808289,0.822019485,0.78443694,0.85960203,0.8222967976557922,0.821819185637207,0.00027731265579222786,-0.00020029936279297722,-0.0004776120185852051
00005_id03371_truKMXt8Dak_id03589_wavtolip.mp4,1,FakeVideo-FakeAudio,0.999953031539917,0.820838475,0.78413135,0.8575456,0.8221440026557922,0.8215412506855011,0.0013055276557922824,0.0007027756855011447,-0.0006027519702911377
00086_id00188_e-vm5FB3idA_id00379_wavtolip.mp4,1,FakeVideo-FakeAudio,0.9999971389770508,0.8246114200000001,0.78958344,0.8596394,0.8248700476557922,0.8244120157630157,0.00025862765579209857,-0.0001994042369843907,-0.00045803189277648926
00086_id00262_3p7sRWAAh1Q_id03844_wavtolip.mp4,1,FakeVideo-FakeAudio,0.9989650249481201,0.82387035,0.7886415,0.8590992,0.8243990776557922,0.823236697675705,0.0005287276557922604,-0.0006336523242950198,-0.0011623799800872803
00086_id00332__zNddcZV1EU_id03649_wavtolip.mp4,1,FakeVideo-FakeAudio,0.994929850101471,0.82427592,0.78887624,0.8596756,0.8245164476557922,0.8220025025531006,0.0002405276557921887,-0.0022734174468994617,-0.0025139451026916504
00086_id00374_w1qI7y9AGTc_id03651_wavtolip.mp4,1,FakeVideo-FakeAudio,0.9997219443321228,0.824323335,0.7889231,0.85972357,0.8245398776557922,0.823937125685501,0.00021654265579218457,-0.0003862093144989531,-0.0006027519702911377
00086_id00569_gSynmpwioV4_id00806_wavtolip.mp4,1,FakeVideo-FakeAudio,0.9999402761459351,0.8242563,0.78898126,0.85953134,0.8245689576557922,0.8238507514885711,0.0003126576557921368,-0.00040554851142893256,-0.0007182061672210693
00086_id00633_UXrTMta1EDM_id00325_wavtolip.mp4,1,FakeVideo-FakeAudio,0.9999982118606567,0.8240002200000001,0.78833884,0.8596616,0.8242477476557922,0.8223773837050629,0.00024752765579216796,-0.0016228362949372022,-0.0018703639507293701
00086_id00735_ivJSkq5hGOQ_id00271_wavtolip.mp4,1,FakeVideo-FakeAudio,0.9906395673751831,0.8242857,0.7895012,0.8590702,0.8248289276557923,0.8245883931118012,0.0005432276557922888,0.00030269311180119995,-0.00024053454399108887
00086_id03816_XXD0yTNei50_id00287_wavtolip.mp4,1,FakeVideo-FakeAudio,0.9999306201934814,0.8238845,0.7881091,0.8596599,0.8241328776557922,0.8238504708488464,0.00024837765579222015,-3.402915115358063e-05,-0.0002824068069458008
00043_id00188_e-vm5FB3idA_id00232_wavtolip.mp4,1,FakeVideo-FakeAudio,0.999991774559021,0.82456642,0.7893713,0.85976154,0.8247639776557922,0.8244322778076172,0.00019755765579221318,-0.00013414219238283565,-0.00033169984817504883
00043_id00287_2NpfYjyMsPM_id03649_wavtolip.mp4,1,FakeVideo-FakeAudio,0.9999978542327881,0.8245522750000001,0.78944445,0.8596601,0.8248005526557922,0.8243577199474335,0.00024827765579216177,-0.00019455505256660288,-0.00044283270835876465
00043_id00325_4vJtbNe0L98_id00330_wavtolip.mp4,1,FakeVideo-FakeAudio,0.999954342842102,0.82464561,0.78967947,0.85961175,0.8249180626557923,0.8248043667958832,0.00027245265579223243,0.00015875679588317482,-0.00011369585990905762
00043_id00491_ShjiTWoOtM4_id00581_wavtolip.mp4,1,FakeVideo-FakeAudio,0.9999942779541016,0.8244209499999999,0.7890432,0.8597987,0.8245999276557923,0.8213384210983277,0.00017897765579233393,-0.0030825289016722657,-0.0032615065574645996
00043_id00581_7AxvP19LGKg_id00271_wavtolip.mp4,1,FakeVideo-FakeAudio,0.9896412491798401,0.82435117,0.78963214,0.8590702,0.8248943976557923,0.8246628932154847,0.0005432276557922888,0.00031172321548467163,-0.0002315044403076172
00043_id00633_UXrTMta1EDM_id00484_wavtolip.mp4,1,FakeVideo-FakeAudio,0.9999970197677612,0.82452154,0.78960633,0.85943675,0.8248814926557922,0.8246299908571625,0.00035995265579225055,0.00010845085716248981,-0.00025150179862976074
00043_id01001_dHJc8dh9X8c_id03844_wavtolip.mp4,1,FakeVideo-FakeAudio,0.9999942779541016,0.824232995,0.78940964,0.85905635,0.8247831476557923,0.8206561220515443,0.0005501526557922798,-0.003576872948455767,-0.004127025604248047
00043_id03371_truKMXt8Dak_id00373_wavtolip.mp4,1,FakeVideo-FakeAudio,0.9999973773956299,0.8238569,0.7896237,0.8580901,0.8248901776557922,0.8245308510547638,0.0010332776557921974,0.000673951054763755,-0.0003593266010284424
00072_id00232_kL0cCveU1zg_id00270_wavtolip.mp4,1,FakeVideo-FakeAudio,0.9157432317733765,0.822519675,0.7851412,0.85989815,0.8226489276557922,0.8222769648700714,0.00012925265579222245,-0.00024271012992860275,-0.0003719627857208252
00072_id00287_2NpfYjyMsPM_id03589_wavtolip.mp4,1,FakeVideo-FakeAudio,0.9999544620513916,0.8211596,0.7847736,0.8575456,0.8224651276557922,0.8219385206192016,0.0013055276557921713,0.0007789206192015952,-0.0005266070365905762
00072_id00491_ShjiTWoOtM4_id00496_wavtolip.mp4,1,FakeVideo-FakeAudio,0.9999606609344482,0.8186659000000001,0.7828484,0.8544834,0.8215025276557922,0.8172752768413544,0.002836627655792179,-0.0013906231586456874,-0.004227250814437866
00072_id00591_1Jo8xElXQMs_id00735_wavtolip.mp4,1,FakeVideo-FakeAudio,0.9991012811660767,0.821886835,0.78390294,0.85987073,0.8220297976557922,0.8218867763106537,0.00014296265579216705,-5.868934638275647e-08,-0.0001430213451385498
00072_id03620_YkXM5A8w07E_id00379_wavtolip.mp4,1,FakeVideo-FakeAudio,0.8678876757621765,0.82148205,0.7832907,0.8596734,0.8217236776557922,0.8216236312595367,0.00024162765579227585,0.0001415812595367827,-0.00010004639625549316
00072_id03649_389qfFqUddI_id00271_wavtolip.mp4,1,FakeVideo-FakeAudio,0.9900453686714172,0.8224644,0.7858586,0.8590702,0.8230076276557923,0.8226278268592835,0.0005432276557922888,0.00016342685928349976,-0.00037980079650878906
00072_id03651_EjcoRkL6loI_id00823_wavtolip.mp4,1,FakeVideo-FakeAudio,0.9998751878738403,0.8221347,0.7848387,0.8594307,0.8224976776557922,0.821075332017517,0.0003629776557921849,-0.0010593679824829616,-0.0014223456382751465
00430_id00068_A7uFnQw--bY_id00735_wavtolip.mp4,1,FakeVideo-FakeAudio,0.9991673231124878,0.825225165,0.7905796,0.85987073,0.8253681276557923,0.8248616669891358,0.00014296265579227807,-0.00036349801086421607,-0.0005064606666564941
00430_id00330_zCFFgGSIZ_s_id00434_wavtolip.mp4,1,FakeVideo-FakeAudio,0.9999985694885254,0.8243750000000001,0.7915965,0.8571535,0.8258765776557923,0.8216493268413544,0.0015015776557921745,-0.0027256731586456917,-0.004227250814437866
00430_id00491_ShjiTWoOtM4_id00495_wavtolip.mp4,1,FakeVideo-FakeAudio,0.9982666969299316,0.825772765,0.79152626,0.86001927,0.8258414576557922,0.8249827037361908,6.869265579223516e-05,-0.0007900612638092053,-0.0008587539196014404
00430_id00569_gSynmpwioV4_id00234_wavtolip.mp4,1,FakeVideo-FakeAudio,0.9979124665260315,0.8247725699999999,0.79066247,0.85888267,0.8254095626557922,0.8252150726998901,0.0006369926557923122,0.0004425026998902126,-0.0001944899559020996
00430_id00806_0sk9s9lFIAk_id00042_wavtolip.mp4,1,FakeVideo-FakeAudio,0.976540744304657,0.8251126499999999,0.7913752,0.8588501,0.8257659276557923,0.8254620631767273,0.0006532776557923725,0.0003494131767274311,-0.0003038644790649414
00430_id03858_uKVqPfRf-ac_id00496_wavtolip.mp4,1,FakeVideo-FakeAudio,0.9999393224716187,0.8233513800000001,0.7909485,0.85575426,0.8255525776557923,0.8240079828910828,0.0022011976557921864,0.0006566028910827137,-0.0015445947647094727
00002_id00068_A7uFnQw--bY_id00287_wavtolip.mp4,1,FakeVideo-FakeAudio,0.9999308586120605,0.8254932500000001,0.7913266,0.8596599,0.8257416276557923,0.8252808241470337,0.00024837765579222015,-0.00021242585296632477,-0.0004608035087585449
00002_id00262_3p7sRWAAh1Q_id03651_wavtolip.mp4,1,FakeVideo-FakeAudio,0.9997023940086365,0.825628135,0.7915327,0.85972357,0.8258446776557922,0.82548168536911,0.00021654265579218457,-0.00014644963088994434,-0.0003629922866821289
00002_id00287_2NpfYjyMsPM_id00071_wavtolip.mp4,1,FakeVideo-FakeAudio,0.9998878240585327,0.82557419,0.79129255,0.85985583,0.8257246026557923,0.8252469906372071,0.000150412655792298,-0.00032719936279290707,-0.0004776120185852051
00002_id00395_wM5kGJfTtEM_id00271_wavtolip.mp4,1,FakeVideo-FakeAudio,0.9898653626441956,0.825180925,0.79129165,0.8590702,0.8257241526557922,0.825207797618103,0.0005432276557922888,2.6872618103079837e-05,-0.000516355037689209
00002_id00495_E46aiMUC4A0_id00581_wavtolip.mp4,1,FakeVideo-FakeAudio,0.9999924898147583,0.82523835,0.7914958,0.8589809,0.8258262276557922,0.8256317376998901,0.0005878776557921572,0.0003933876998900576,-0.0001944899559020996
00002_id00496_SImaDcXQnh8_id00271_wavtolip.mp4,1,FakeVideo-FakeAudio,0.9897807836532593,0.825222175,0.79137415,0.8590702,0.8257654026557922,0.825468511920166,0.0005432276557922888,0.0002463369201660681,-0.0002968907356262207
00002_id00634_z5t9oJizDQg_id00374_wavtolip.mp4,1,FakeVideo-FakeAudio,0.5701116919517517,0.825245885,0.7914831,0.85900867,0.8258198776557922,0.8253975787475586,0.000573992655792277,0.0001516937475586344,-0.0004222989082336426
00002_id03649_389qfFqUddI_id00633_wavtolip.mp4,1,FakeVideo-FakeAudio,0.9999970197677612,0.82464965,0.7913375,0.8579618,0.8257470776557922,0.8255658199310303,0.001097427655792238,0.0009161699310302751,-0.0001812577247619629
00002_id03858_uKVqPfRf-ac_id01002_wavtolip.mp4,1,FakeVideo-FakeAudio,0.9999414682388306,0.82521957,0.791291,0.85914814,0.8257238276557922,0.8252844520168304,0.0005042576557922063,6.488201683041428e-05,-0.000439375638961792
00081_id00287_2NpfYjyMsPM_id00270_wavtolip.mp4,1,FakeVideo-FakeAudio,0.9195311069488525,0.8241801550000001,0.78846216,0.85989815,0.8243094076557922,0.8239545514031219,0.00012925265579211143,-0.00022560359687817666,-0.0003548562526702881
00081_id00325_4vJtbNe0L98_id00897_wavtolip.mp4,1,FakeVideo-FakeAudio,0.9999985694885254,0.82332863,0.7881212,0.85853606,0.8241389276557922,0.8236808957630157,0.0008102976557922137,0.00035226576301572443,-0.00045803189277648926
00081_id00365_XV-imLNJvfk_id00071_wavtolip.mp4,1,FakeVideo-FakeAudio,0.9998788833618164,0.824240315,0.7886248,0.85985583,0.8243907276557922,0.8190231803821564,0.000150412655792298,-0.005217134617843566,-0.005367547273635864
00081_id00373_5NXv3Dxkd6E_id00484_wavtolip.mp4,1,FakeVideo-FakeAudio,0.9995532631874084,0.824233165,0.7888643,0.85960203,0.8245104776557922,0.824251793497467,0.00027731265579222786,1.8628497467032545e-05,-0.0002586841583251953
00081_id00374_w1qI7y9AGTc_id00232_wavtolip.mp4,1,FakeVideo-FakeAudio,0.9985966086387634,0.824078325,0.78891605,0.8592406,0.8245363526557923,0.8244676583026886,0.00045802765579228133,0.00038933330268864363,-6.86943531036377e-05
00081_id00496_SImaDcXQnh8_id00332_wavtolip.mp4,1,FakeVideo-FakeAudio,0.9915178418159485,0.82414562,0.78873694,0.8595543,0.8244467976557923,0.822576433705063,0.00030117765579229516,-0.001569186294937075,-0.0018703639507293701
00081_id01018_VNPt_GB5QiE_id00484_wavtolip.mp4,1,FakeVideo-FakeAudio,0.99955815076828,0.824192665,0.7887833,0.85960203,0.8244699776557922,0.8240306020168304,0.00027731265579222786,-0.00016206298316956413,-0.000439375638961792
00081_id03844_AEAEN1Lns2c_id00373_wavtolip.mp4,1,FakeVideo-FakeAudio,0.999631404876709,0.8214002300000001,0.7886383,0.85416216,0.8243974776557923,0.8241262169174195,0.0029972476557922345,0.0027259869174194318,-0.00027126073837280273
00001_id00068_A7uFnQw--bY_id00270_wavtolip.mp4,1,FakeVideo-FakeAudio,0.9999954700469971,0.8249762,0.7900643,0.8598881,0.8251104776557923,0.8247834269699097,0.0001342776557922143,-0.00019277303009035407,-0.00032705068588256836
00001_id00188_e-vm5FB3idA_id01002_wavtolip.mp4,1,FakeVideo-FakeAudio,0.9999402761459351,0.82459539,0.79004264,0.85914814,0.8250996476557922,0.824496269836731,0.0005042576557922063,-9.912016326907302e-05,-0.0006033778190612793
00001_id00325_4vJtbNe0L98_id03941_wavtolip.mp4,1,FakeVideo-FakeAudio,0.9926018118858337,0.824563575,0.7898024,0.85932475,0.8249795276557923,0.8248739678298951,0.00041595265579230656,0.00031039282989508976,-0.0001055598258972168
00001_id00569_gSynmpwioV4_id00434_wavtolip.mp4,1,FakeVideo-FakeAudio,0.9999967813491821,0.8245226,0.7895599,0.8594853,0.8248582776557922,0.8245466645729065,0.0003356776557922325,2.4064572906490334e-05,-0.0003116130828857422
00001_id00589_uOzKwYEVR6s_id00373_wavtolip.mp4,1,FakeVideo-FakeAudio,0.9999972581863403,0.8233332,0.78901,0.8576564,0.8245833276557922,0.8243060766506195,0.0012501276557922436,0.0009728766506195141,-0.0002772510051727295
00001_id00591_1Jo8xElXQMs_id00287_wavtolip.mp4,1,FakeVideo-FakeAudio,0.9999270439147949,0.8240347,0.7884095,0.8596599,0.8242830776557922,0.8230997764453888,0.00024837765579222015,-0.0009349235546112222,-0.0011833012104034424
00001_id00633_UXrTMta1EDM_id00287_wavtolip.mp4,1,FakeVideo-FakeAudio,0.9999289512634277,0.82437443,0.78908896,0.8596599,0.8246228076557922,0.8237497784237671,0.00024837765579222015,-0.0006246515762329263,-0.0008730292320251465
00001_id00634_z5t9oJizDQg_id03941_wavtolip.mp4,1,FakeVideo-FakeAudio,0.9924629926681519,0.824393955,0.78946316,0.85932475,0.8248099076557922,0.8237739491272735,0.00041595265579219554,-0.0006200058727264812,-0.0010359585285186768
00001_id00826_MYagwzy91Yk_id00634_wavtolip.mp4,1,FakeVideo-FakeAudio,0.9999984502792358,0.824733855,0.78972477,0.85974294,0.8249407126557922,0.824424357618103,0.00020685765579220305,-0.00030949738189700593,-0.000516355037689209
00001_id03589_9NxOQlwpMys_id00434_wavtolip.mp4,1,FakeVideo-FakeAudio,0.9999969005584717,0.82462495,0.7897646,0.8594853,0.8249606276557923,0.8245976353691101,0.0003356776557922325,-2.7314630889896385e-05,-0.0003629922866821289
00092_id00325_4vJtbNe0L98_id00332_wavtolip.mp4,1,FakeVideo-FakeAudio,0.9999837875366211,0.825938165,0.79191977,0.85995656,0.8260382126557922,0.823576570628891,0.00010004765579230135,-0.0023615943711089438,-0.002461642026901245
00092_id00395_wM5kGJfTtEM_id00328_wavtolip.mp4,1,FakeVideo-FakeAudio,0.9999978542327881,0.82591203,0.7920292,0.85979486,0.8260929276557922,0.8260045637699127,0.0001808976557922115,9.253376991269491e-05,-8.83638858795166e-05
00092_id00897_0ayFw8JhoyI_id00826_wavtolip.mp4,1,FakeVideo-FakeAudio,0.9999991655349731,0.8256611,0.7918696,0.8594526,0.8260131276557923,0.8258437014530182,0.00035202765579223083,0.00018260145301818298,-0.00016942620277404785
00092_id01002_eQTviHjyISo_id03941_wavtolip.mp4,1,FakeVideo-FakeAudio,0.9999938011169434,0.8256307,0.7919378,0.8593236,0.8260472276557922,0.8252734401573181,0.0004165276557921427,-0.0003572598426819784,-0.0007737874984741211
00092_id01018_VNPt_GB5QiE_id00330_wavtolip.mp4,1,FakeVideo-FakeAudio,0.999962568283081,0.825854895,0.79204583,0.85966396,0.8261012426557922,0.8256852916422271,0.00024634765579223394,-0.00016960335777282953,-0.0004159510135650635
00092_id03371_truKMXt8Dak_id00325_wavtolip.mp4,1,FakeVideo-FakeAudio,0.9999973773956299,0.8259155149999999,0.7919606,0.85987043,0.8260586276557922,0.8251996353176116,0.00014311265579225463,-0.0007158796823882874,-0.000858992338180542
00092_id03649_389qfFqUddI_id03651_wavtolip.mp4,1,FakeVideo-FakeAudio,0.9999978542327881,0.825856325,0.79207385,0.8596388,0.8261152526557922,0.8258467635334015,0.0002589276557922737,-9.561466598473345e-06,-0.00026848912239074707
00092_id03716_s-lxbGafZQA_id00395_wavtolip.mp4,1,FakeVideo-FakeAudio,0.9999916553497314,0.8259182,0.79207796,0.85975844,0.8261173076557922,0.8259104497360992,0.00019910765579211898,-7.750263900874188e-06,-0.00020685791969299316
00092_id03858_uKVqPfRf-ac_id00813_wavtolip.mp4,1,FakeVideo-FakeAudio,0.9999936819076538,0.82566487,0.7919995,0.85933024,0.8260780776557922,0.8255807663021087,0.00041320765579222485,-8.410369789124683e-05,-0.0004973113536834717
00040_id00365_XV-imLNJvfk_id03716_wavtolip.mp4,1,FakeVideo-FakeAudio,0.9999972581863403,0.82477635,0.7916008,0.8579519,0.8258787276557922,0.8254085066131591,0.0011023776557921305,0.0006321566131590739,-0.00047022104263305664
00040_id00379_fgkgYHCuk4g_id00823_wavtolip.mp4,1,FakeVideo-FakeAudio,0.9998626708984375,0.825423375,0.79141605,0.8594307,0.8257863526557923,0.8239497845386505,0.0003629776557922959,-0.0014735904613494277,-0.0018365681171417236
00040_id00395_wM5kGJfTtEM_id00232_wavtolip.mp4,1,FakeVideo-FakeAudio,0.9984025359153748,0.825207325,0.79117405,0.8592406,0.8256653526557922,0.8249390700592041,0.0004580276557921703,-0.00026825494079596446,-0.0007262825965881348
00040_id00591_1Jo8xElXQMs_id00823_wavtolip.mp4,1,FakeVideo-FakeAudio,0.9998564720153809,0.82497335,0.790516,0.8594307,0.8253363276557922,0.8244396651821136,0.0003629776557921849,-0.000533684817886404,-0.0008966624736785889
00040_id00633_UXrTMta1EDM_id00826_wavtolip.mp4,1,FakeVideo-FakeAudio,0.9999825954437256,0.82542638,0.7913384,0.85951436,0.8257475276557922,0.8242563684551238,0.0003211476557921644,-0.0011700115448761705,-0.001491159200668335
00040_id00897_0ayFw8JhoyI_id00232_wavtolip.mp4,1,FakeVideo-FakeAudio,0.9984520673751831,0.82529645,0.7913523,0.8592406,0.8257544776557922,0.8256857833026886,0.00045802765579228133,0.00038933330268864363,-6.86943531036377e-05
00040_id03651_EjcoRkL6loI_id00328_wavtolip.mp4,1,FakeVideo-FakeAudio,0.9981787204742432,0.825421545,0.79141164,0.85943145,0.8257841476557922,0.8242980250476074,0.0003626026557922435,-0.001123519952392571,-0.0014861226081848145
00040_id03816_XXD0yTNei50_id00581_wavtolip.mp4,1,FakeVideo-FakeAudio,0.981812596321106,0.82488533,0.79111826,0.8586524,0.8256374576557922,0.8251758792866516,0.0007521276557922452,0.00029054928665162016,-0.000461578369140625
00093_id00071_JU1cVINUTZA_id00330_wavtolip.mp4,1,FakeVideo-FakeAudio,0.9999576807022095,0.82300858,0.78657866,0.8594385,0.8233676576557922,0.8229517066422272,0.00035907765579223927,-5.687335777282421e-05,-0.0004159510135650635
00093_id00262_3p7sRWAAh1Q_id00826_wavtolip.mp4,1,FakeVideo-FakeAudio,0.9999991655349731,0.822858,0.7862634,0.8594526,0.8232100276557922,0.823033746918869,0.00035202765579223083,0.00017574691886901306,-0.00017628073692321777
00093_id00287_2NpfYjyMsPM_id00270_wavtolip.mp4,1,FakeVideo-FakeAudio,0.9999955892562866,0.8234445,0.7870009,0.8598881,0.8235787776557922,0.8233558860866547,0.0001342776557922143,-8.861391334535895e-05,-0.00022289156913757324
00093_id00379_fgkgYHCuk4g_id00484_wavtolip.mp4,1,FakeVideo-FakeAudio,0.999583899974823,0.823118015,0.786634,0.85960203,0.8233953276557923,0.8218200663013459,0.00027731265579222786,-0.0012979486986541833,-0.0015752613544464111
00093_id00395_wM5kGJfTtEM_id00332_wavtolip.mp4,1,FakeVideo-FakeAudio,0.9999915361404419,0.82295195,0.7862186,0.8596853,0.8231876276557922,0.8222909651821136,0.00023567765579224353,-0.0006609848178863453,-0.0008966624736785889
00093_id00495_E46aiMUC4A0_id03651_wavtolip.mp4,1,FakeVideo-FakeAudio,0.9997119307518005,0.823390785,0.787058,0.85972357,0.8236073276557923,0.8221489808120728,0.0002165426557922956,-0.0012418041879271868,-0.0014583468437194824
00093_id00633_UXrTMta1EDM_id00484_wavtolip.mp4,1,FakeVideo-FakeAudio,0.999578058719635,0.82295623,0.78631043,0.85960203,0.8232335426557922,0.8228636958349609,0.00027731265579222786,-9.253416503907097e-05,-0.00036984682083129883
00093_id00897_0ayFw8JhoyI_id00270_wavtolip.mp4,1,FakeVideo-FakeAudio,0.9999955892562866,0.82326645,0.7866448,0.8598881,0.8234007276557922,0.8225642956756591,0.0001342776557922143,-0.0007021543243408424,-0.0008364319801330566
00093_id01018_VNPt_GB5QiE_id03651_wavtolip.mp4,1,FakeVideo-FakeAudio,0.999717652797699,0.823415335,0.7871071,0.85972357,0.8236318776557923,0.8232381591747284,0.0002165426557922956,-0.00017717582527154718,-0.0003937184810638428
00093_id03941_SsYtP8Ze88Q_id03649_wavtolip.mp4,1,FakeVideo-FakeAudio,0.9951366782188416,0.8233925,0.7871094,0.8596756,0.8236330276557922,0.8233915394374847,0.0002405276557921887,-9.605625153064068e-07,-0.00024148821830749512
00028_id00068_A7uFnQw--bY_id03844_wavtolip.mp4,1,FakeVideo-FakeAudio,0.9999948740005493,0.8243777750000001,0.7896992,0.85905635,0.8249279276557923,0.8247100130744934,0.0005501526557921688,0.00033223807449334064,-0.00021791458129882812
00028_id00330_zCFFgGSIZ_s_id00328_wavtolip.mp4,1,FakeVideo-FakeAudio,0.9999991655349731,0.82322602,0.787119,0.85933304,0.8236378276557923,0.8233166778297425,0.0004118076557922956,9.065782974249093e-05,-0.0003211498260498047
00028_id00365_XV-imLNJvfk_id00071_wavtolip.mp4,1,FakeVideo-FakeAudio,0.9998972415924072,0.824601665,0.7893475,0.85985583,0.8247520776557922,0.8241150828170776,0.000150412655792187,-0.0004865821829224126,-0.0006369948387145996
00028_id00484_u7YTz8eFZv0_id00379_wavtolip.mp4,1,FakeVideo-FakeAudio,0.9999973773956299,0.8246610000000001,0.7896826,0.8596394,0.8249196276557922,0.8246682748687744,0.00025862765579209857,7.2748687742763e-06,-0.00025135278701782227
00028_id00495_E46aiMUC4A0_id00374_wavtolip.mp4,1,FakeVideo-FakeAudio,0.9999841451644897,0.82437552,0.7892678,0.85948324,0.8247122276557922,0.8241382349266052,0.00033670765579219,-0.00023728507339482174,-0.0005739927291870117
00028_id00496_SImaDcXQnh8_id01018_wavtolip.mp4,1,FakeVideo-FakeAudio,0.9999985694885254,0.824766,0.789461,0.860071,0.8248088276557922,0.8244539714031219,4.2827655792221364e-05,-0.0003120285968780667,-0.0003548562526702881
00028_id00735_ivJSkq5hGOQ_id00634_wavtolip.mp4,1,FakeVideo-FakeAudio,0.9999986886978149,0.824762075,0.78977525,0.8597489,0.8249659526557922,0.8242117452831268,0.00020387765579221728,-0.000550329716873188,-0.0007542073726654053
00028_id03858_uKVqPfRf-ac_id00374_wavtolip.mp4,1,FakeVideo-FakeAudio,0.9999841451644897,0.8243821849999999,0.78928113,0.85948324,0.8247188926557922,0.8244072795729065,0.000336707655792301,2.509457290655881e-05,-0.0003116130828857422
00092_id00270_hoEQ70-sDME_id00287_wavtolip.mp4,1,FakeVideo-FakeAudio,0.9999346733093262,0.823335225,0.78701055,0.8596599,0.8235836026557922,0.8206329343208313,0.00024837765579222015,-0.0027022906791687173,-0.0029506683349609375
00092_id00395_wM5kGJfTtEM_id03620_wavtolip.mp4,1,FakeVideo-FakeAudio,0.9999979734420776,0.823255815,0.78816473,0.8583469,0.8241606926557923,0.8227562582132721,0.00090487765579228,-0.0004995567867278616,-0.0014044344425201416
00092_id00495_E46aiMUC4A0_id03649_wavtolip.mp4,1,FakeVideo-FakeAudio,0.9953798055648804,0.823905415,0.78813523,0.8596756,0.8241459426557922,0.8239280280744934,0.0002405276557921887,2.2613074493360585e-05,-0.00021791458129882812
00092_id00581_7AxvP19LGKg_id00581_wavtolip.mp4,1,FakeVideo-FakeAudio,0.999992847442627,0.8237488,0.7885234,0.8589742,0.8243400276557922,0.8239809394733428,0.0005912276557922258,0.00023213947334288498,-0.0003590881824493408
00092_id00823_KgExwCvgrUk_id03941_wavtolip.mp4,1,FakeVideo-FakeAudio,0.9929987192153931,0.8235585249999999,0.7877923,0.85932475,0.8239744776557922,0.8237649673294067,0.00041595265579230656,0.0002064423294068085,-0.00020951032638549805
00092_id03371_truKMXt8Dak_id00735_wavtolip.mp4,1,FakeVideo-FakeAudio,0.9992190599441528,0.8239781850000001,0.78808564,0.85987073,0.8241211476557923,0.8232481184237671,0.00014296265579216705,-0.0007300665762329794,-0.0008730292320251465
00092_id03716_s-lxbGafZQA_id00581_wavtolip.mp4,1,FakeVideo-FakeAudio,0.9999932050704956,0.8236109,0.7882476,0.8589742,0.8242021276557923,0.823492593964386,0.0005912276557922258,-0.0001183060356140242,-0.00070953369140625
00092_id03844_AEAEN1Lns2c_id00806_wavtolip.mp4,1,FakeVideo-FakeAudio,0.9999847412109375,0.82393472,0.7889432,0.85892624,0.8245499276557922,0.8243736469188689,0.0006152076557921493,0.00043892691886893154,-0.00017628073692321777
00021_id00068_A7uFnQw--bY_id00569_wavtolip.mp4,1,FakeVideo-FakeAudio,0.9998900890350342,0.8099493799999999,0.76027906,0.8596197,0.8102178576557922,0.8069563510983276,0.00026847765579229854,-0.002993028901672301,-0.0032615065574645996
00021_id00262_3p7sRWAAh1Q_id00395_wavtolip.mp4,1,FakeVideo-FakeAudio,0.9999920129776001,0.8088386350000001,0.75791883,0.85975844,0.8090377426557922,0.808328208964386,0.00019910765579211898,-0.000510426035614131,-0.00070953369140625
00021_id00287_2NpfYjyMsPM_id00434_wavtolip.mp4,1,FakeVideo-FakeAudio,0.9999970197677612,0.80938047,0.75917834,0.8595826,0.8096674976557923,0.8066050706118775,0.0002870276557922491,-0.002775399388122546,-0.003062427043914795
00021_id00332__zNddcZV1EU_id00271_wavtolip.mp4,1,FakeVideo-FakeAudio,0.9901303648948669,0.8082114,0.7573526,0.8590702,0.8087546276557922,0.8071772205341339,0.0005432276557921778,-0.0010341794658661474,-0.0015774071216583252
00021_id00365_XV-imLNJvfk_id00270_wavtolip.mp4,1,FakeVideo-FakeAudio,0.9999958276748657,0.8091458499999999,0.7584036,0.8598881,0.8092801276557922,0.8076945546977996,0.0001342776557922143,-0.0014512953022003394,-0.0015855729579925537
00021_id00495_E46aiMUC4A0_id01002_wavtolip.mp4,1,FakeVideo-FakeAudio,0.9999982118606567,0.8079943,0.756843,0.8591456,0.8084998276557922,0.8082834329929351,0.0005055276557921484,0.00028913299293509276,-0.00021639466285705566
00021_id00735_ivJSkq5hGOQ_id00379_wavtolip.mp4,1,FakeVideo-FakeAudio,0.9999972581863403,0.8089341000000001,0.7582288,0.8596394,0.8091927276557922,0.8089982376998901,0.00025862765579209857,6.413769988999896e-05,-0.0001944899559020996
00021_id00806_0sk9s9lFIAk_id00042_wavtolip.mp4,1,FakeVideo-FakeAudio,0.9999974966049194,0.805390585,0.75195307,0.8588281,0.8060548626557922,0.8057233416215515,0.0006642776557921337,0.00033275662155141106,-0.00033152103424072266
00021_id01001_dHJc8dh9X8c_id03589_wavtolip.mp4,1,FakeVideo-FakeAudio,0.9999970197677612,0.808714865,0.75833803,0.8590917,0.8092473426557922,0.8079315701223755,0.0005324776557922295,-0.0007832948776245185,-0.001315772533416748
00021_id03816_XXD0yTNei50_id01002_wavtolip.mp4,1,FakeVideo-FakeAudio,0.9999982118606567,0.80726827,0.75539094,0.8591456,0.8077737976557922,0.8005486418254089,0.0005055276557921484,-0.006719628174591152,-0.007225155830383301
00028_id00068_wavtolip.mp4,1,FakeVideo-RealAudio,0.999083399772644,0.82097452,0.79254824,0.8494008,0.8263524476557922,0.8253214363127899,0.005377927655792147,0.004346916312789828,-0.0010310113430023193
00028_id00271_wavtolip.mp4,1,FakeVideo-RealAudio,0.9896503686904907,0.82437525,0.7896803,0.8590702,0.8249184776557923,0.8239667106880189,0.0005432276557922888,-0.0004085393119811487,-0.0009517669677734375
00028_id00325_wavtolip.mp4,1,FakeVideo-RealAudio,0.9999953508377075,0.8164859,0.7733807,0.8595911,0.8167686776557923,0.811321379367447,0.00028277765579232117,-0.005164520632553016,-0.005447298288345337
00028_id00379_wavtolip.mp4,1,FakeVideo-RealAudio,0.8856503367424011,0.8261554,0.7926374,0.8596734,0.8263970276557923,0.8261804839813233,0.00024162765579227585,2.5083981323281712e-05,-0.00021654367446899414
00028_id00496_wavtolip.mp4,1,FakeVideo-RealAudio,0.6032924056053162,0.82325925,0.7924977,0.8540208,0.8263271776557922,0.8260508505226135,0.003067927655792224,0.002791600522613513,-0.00027632713317871094
00028_id00569_wavtolip.mp4,1,FakeVideo-RealAudio,0.9999033212661743,0.82463373,0.78964776,0.8596197,0.8249022076557923,0.8214490721653748,0.00026847765579229854,-0.003184657834625182,-0.0034531354904174805
00028_id01018_wavtolip.mp4,1,FakeVideo-RealAudio,0.9999743700027466,0.8252081250000001,0.7912485,0.85916775,0.8257025776557922,0.8255594669036865,0.0004944526557921769,0.000351341903686464,-0.0001431107521057129
00028_id03620_wavtolip.mp4,1,FakeVideo-RealAudio,0.9999972581863403,0.8245987,0.7897225,0.8594749,0.8249395776557922,0.8246927250194549,0.00034087765579216,9.402501945487973e-05,-0.0002468526363372803
00028_id03716_wavtolip.mp4,1,FakeVideo-RealAudio,0.9999967813491821,0.81633127,0.7733537,0.85930884,0.8167551776557922,0.8165236732154846,0.00042390765579214396,0.00019240321548452677,-0.0002315044403076172
00028_id03941_wavtolip.mp4,1,FakeVideo-RealAudio,0.9929913282394409,0.825981325,0.7926379,0.85932475,0.8263972776557922,0.825524248423767,0.00041595265579219554,-0.00045707657623295095,-0.0008730292320251465
00004_id00068_wavtolip.mp4,1,FakeVideo-RealAudio,0.9999949932098389,0.79274143,0.7360613,0.84942156,0.7981089776557923,0.7974440580410004,0.005367547655792282,0.004702628041000412,-0.0006649196147918701
00004_id00071_wavtolip.mp4,1,FakeVideo-RealAudio,0.9998853206634521,0.7983900150000001,0.7369242,0.85985583,0.7985404276557923,0.7979376756855011,0.000150412655792187,-0.0004523393144989507,-0.0006027519702911377
00004_id00234_wavtolip.mp4,1,FakeVideo-RealAudio,0.9999954700469971,0.79653997,0.7360781,0.85700184,0.7981173776557922,0.7978543423583984,0.0015774076557921735,0.0013143723583983746,-0.00026303529739379883
00004_id00262_wavtolip.mp4,1,FakeVideo-RealAudio,0.999984622001648,0.7955533699999999,0.73619384,0.8549129,0.7981752476557922,0.7957136056288909,0.0026218776557922485,0.0001602356288910034,-0.002461642026901245
00004_id00365_wavtolip.mp4,1,FakeVideo-RealAudio,0.9974328875541687,0.797655665,0.73591423,0.8593971,0.7980354426557923,0.797283321445694,0.0003797776557923349,-0.0003723435543059317,-0.0007521212100982666
00004_id00484_wavtolip.mp4,1,FakeVideo-RealAudio,0.7022638320922852,0.7972880499999999,0.7368218,0.8577543,0.7984892276557922,0.7982119766506195,0.001201177655792307,0.0009239266506195776,-0.0002772510051727295
00004_id00496_wavtolip.mp4,1,FakeVideo-RealAudio,0.999993085861206,0.7969542000000001,0.7360481,0.8578603,0.7981023776557923,0.7956894922283173,0.0011481776557922263,-0.0012647077716827493,-0.0024128854274749756
00004_id00591_wavtolip.mp4,1,FakeVideo-RealAudio,0.9998513460159302,0.79789368,0.7363704,0.85941696,0.7982635276557922,0.797985620999527,0.00036984765579217704,9.194099952691825e-05,-0.0002779066562652588
00004_id03589_wavtolip.mp4,1,FakeVideo-RealAudio,0.9999971389770508,0.79666735,0.7361215,0.8572132,0.7981390776557922,0.7955422820968627,0.0014717276557921766,-0.0011250679031372668,-0.0025967955589294434
00004_id03716_wavtolip.mp4,1,FakeVideo-RealAudio,0.9999574422836304,0.795843065,0.73600906,0.85567707,0.7980828576557922,0.7947034829132843,0.0022397926557922165,-0.001139582086715718,-0.0033793747425079346
00014_id00188_wavtolip.mp4,1,FakeVideo-RealAudio,0.999995231628418,0.8256822500000001,0.791689,0.8596755,0.8259228276557922,0.8254841672725677,0.00024057765579210688,-0.00019808272743238042,-0.0004386603832244873
00014_id00330_wavtolip.mp4,1,FakeVideo-RealAudio,0.9999932050704956,0.82372537,0.7917087,0.85574204,0.8259326776557923,0.8234187325531006,0.0022073076557922455,-0.00030663744689940486,-0.0025139451026916504
00014_id00589_wavtolip.mp4,1,FakeVideo-RealAudio,0.9999969005584717,0.82525447,0.7916941,0.85881484,0.8259253776557922,0.8251259601600647,0.0006709076557922522,-0.00012850983993528686,-0.0007994174957275391
00014_id00633_wavtolip.mp4,1,FakeVideo-RealAudio,0.9999912977218628,0.82570182,0.7917032,0.85970044,0.8259299276557923,0.8257120130744935,0.00022810765579228676,1.0193074493458631e-05,-0.00021791458129882812
00014_id00813_wavtolip.mp4,1,FakeVideo-RealAudio,0.9668708443641663,0.8254707349999999,0.79169357,0.8592479,0.8259251126557923,0.8233276018411255,0.00045437765579237066,-0.0021431331588743774,-0.002597510814666748
00014_id01001_wavtolip.mp4,1,FakeVideo-RealAudio,0.999997615814209,0.8257072999999999,0.7917037,0.8597109,0.8259301776557922,0.8256006831794739,0.00022287765579231955,-0.00010661682052603982,-0.0003294944763183594
00014_id01018_wavtolip.mp4,1,FakeVideo-RealAudio,0.9999361038208008,0.8256708349999999,0.79169357,0.8596481,0.8259251126557923,0.8239670404702759,0.0002542776557923343,-0.0017037945297240231,-0.0019580721855163574
00014_id03716_wavtolip.mp4,1,FakeVideo-RealAudio,0.9999963045120239,0.8256523149999999,0.7916905,0.85961413,0.8259235776557923,0.8248766518726349,0.0002712626557923592,-0.0007756631273649894,-0.0010469257831573486
00014_id03816_wavtolip.mp4,1,FakeVideo-RealAudio,0.9999969005584717,0.8252165,0.7916971,0.8587359,0.8259268776557922,0.8250904456756591,0.0007103776557921826,-0.00012605432434087405,-0.0008364319801330566
00014_id03844_wavtolip.mp4,1,FakeVideo-RealAudio,0.9999871253967285,0.8256570000000001,0.7917087,0.8596053,0.8259326776557923,0.8257983883911133,0.0002756776557921725,0.00014138839111321744,-0.00013428926467895508
00020_id00071_wavtolip.mp4,1,FakeVideo-RealAudio,0.7481129169464111,0.8234356949999999,0.78680575,0.86006564,0.8234812026557923,0.8230282967624665,4.550765579236504e-05,-0.0004073982375334406,-0.00045290589332580566
00020_id00188_wavtolip.mp4,1,FakeVideo-RealAudio,0.9999959468841553,0.82317607,0.7868171,0.85953504,0.8234868776557922,0.8232595157382965,0.00031080765579216685,8.344573829643931e-05,-0.00022736191749572754
00020_id00262_wavtolip.mp4,1,FakeVideo-RealAudio,0.9999885559082031,0.8229823249999999,0.7867814,0.85918325,0.8234690276557922,0.8230261949474335,0.00048670265579231486,4.3869947433550216e-05,-0.00044283270835876465
00020_id00365_wavtolip.mp4,1,FakeVideo-RealAudio,0.9999943971633911,0.82308793,0.78678286,0.859393,0.8234697576557922,0.8233193453347015,0.00038182765579219957,0.00023141533470150133,-0.00015041232109069824
00020_id00374_wavtolip.mp4,1,FakeVideo-RealAudio,0.9999830722808838,0.82313597,0.7867887,0.85948324,0.8234726776557922,0.8209426392990112,0.00033670765579219,-0.002193330700988816,-0.002530038356781006
00020_id00633_wavtolip.mp4,1,FakeVideo-RealAudio,0.9999926090240479,0.8231929250000001,0.7867921,0.85959375,0.8234743776557922,0.8230328264472961,0.00028145265579215817,-0.00016009855270393558,-0.00044155120849609375
00020_id03620_wavtolip.mp4,1,FakeVideo-RealAudio,0.9999953508377075,0.8226151500000001,0.7867794,0.8584509,0.8234680276557922,0.8232792597457885,0.0008528776557921169,0.0006641097457884548,-0.0001887679100036621
00020_id03716_wavtolip.mp4,1,FakeVideo-RealAudio,0.9998688697814941,0.82230425,0.7867854,0.8578231,0.8234710276557922,0.8224802792503356,0.001166777655792206,0.00017602925033566308,-0.000990748405456543
00020_id03816_wavtolip.mp4,1,FakeVideo-RealAudio,0.9999972581863403,0.822642,0.78679335,0.85849065,0.8234750026557922,0.8228409880493164,0.0008330026557922254,0.00019898804931639535,-0.0006340146064758301
00020_id03844_wavtolip.mp4,1,FakeVideo-RealAudio,0.9999945163726807,0.8229786450000001,0.78690094,0.85905635,0.8235287976557922,0.8233783853347015,0.0005501526557921688,0.0003997403347014705,-0.00015041232109069824
00025_id00330_wavtolip.mp4,1,FakeVideo-RealAudio,0.99996018409729,0.817812365,0.7848331,0.85079163,0.8224948776557922,0.8220642638996124,0.004682512655792226,0.004251898899612416,-0.00043061375617980957
00025_id00332_wavtolip.mp4,1,FakeVideo-RealAudio,0.754109263420105,0.821064915,0.78479403,0.8573358,0.8224753426557923,0.822264163399353,0.0014104276557922457,0.0011992483993530367,-0.00021117925643920898
00025_id00581_wavtolip.mp4,1,FakeVideo-RealAudio,0.9999967813491821,0.821982,0.7847577,0.8592063,0.8224571776557923,0.822087330834961,0.00047517765579230264,0.00010533083496100382,-0.00036984682083129883
00025_id00634_wavtolip.mp4,1,FakeVideo-RealAudio,0.9999982118606567,0.8214515,0.784746,0.858157,0.8224513276557923,0.8218485756855012,0.000999827655792318,0.00039707568550118033,-0.0006027519702911377
00025_id01002_wavtolip.mp4,1,FakeVideo-RealAudio,0.6040705442428589,0.81994387,0.7844991,0.85538864,0.8223278776557923,0.8218236223609925,0.002384007655792275,0.0018797523609924705,-0.0005042552947998047
00025_id03371_wavtolip.mp4,1,FakeVideo-RealAudio,0.9972905516624451,0.82139447,0.78476274,0.8580262,0.8224596976557923,0.822200775078888,0.0010652276557923113,0.0008063050788880144,-0.0002589225769042969
00025_id03649_wavtolip.mp4,1,FakeVideo-RealAudio,0.5334026217460632,0.82147755,0.7845446,0.8584105,0.8223506276557923,0.822224236006546,0.0008730776557922537,0.0007466860065460379,-0.00012639164924621582
00025_id03651_wavtolip.mp4,1,FakeVideo-RealAudio,0.9432814717292786,0.8221950499999999,0.7845217,0.8598684,0.8223391776557922,0.8217890267845154,0.00014412765579230324,-0.0004060232154845522,-0.0005501508712768555
00025_id03716_wavtolip.mp4,1,FakeVideo-RealAudio,0.9999973773956299,0.82164375,0.7847417,0.8585458,0.8224491776557923,0.8172837199302674,0.000805427655792279,-0.004360030069732623,-0.005165457725524902
00025_id03844_wavtolip.mp4,1,FakeVideo-RealAudio,0.9988652467727661,0.8218911,0.784683,0.8590992,0.8224198276557922,0.8219371790447235,0.0005287276557922604,4.6079044723534857e-05,-0.0004826486110687256
00063_id00071_wavtolip.mp4,1,FakeVideo-RealAudio,0.7327559590339661,0.8260493,0.79203296,0.86006564,0.8260948076557922,0.8256241693806458,4.550765579225402e-05,-0.00042513061935423035,-0.0004706382751464844
00063_id00328_wavtolip.mp4,1,FakeVideo-RealAudio,0.9979069232940674,0.8258323949999999,0.79200184,0.85966295,0.8260792476557922,0.8256800157450866,0.00024685265579227345,-0.00015237925491329296,-0.0003992319107055664
00063_id00484_wavtolip.mp4,1,FakeVideo-RealAudio,0.693747878074646,0.8248807,0.7920071,0.8577543,0.8260818776557922,0.8255402502487182,0.001201177655792196,0.0006595502487182214,-0.0005416274070739746
00063_id00569_wavtolip.mp4,1,FakeVideo-RealAudio,0.6293923258781433,0.8256664499999999,0.7920619,0.859271,0.8261092776557922,0.8258242184421539,0.00044282765579228833,0.00015776844215398267,-0.00028505921363830566
00063_id00581_wavtolip.mp4,1,FakeVideo-RealAudio,0.9999970197677612,0.8255742500000001,0.791973,0.8591755,0.8260648276557923,0.8255821790447235,0.0004905776557921904,7.929044723464784e-06,-0.0004826486110687256
00063_id00826_wavtolip.mp4,1,FakeVideo-RealAudio,0.9999855756759644,0.825810105,0.79210585,0.85951436,0.8261312526557922,0.8258500677440643,0.00032114765579227544,3.996274406437017e-05,-0.0002811849117279053
00063_id03371_wavtolip.mp4,1,FakeVideo-RealAudio,0.9984460473060608,0.824938775,0.79197055,0.857907,0.8260636026557923,0.8258153195079804,0.0011248276557922487,0.0008765445079803591,-0.00024828314781188965
00063_id03651_wavtolip.mp4,1,FakeVideo-RealAudio,0.9483509659767151,0.82597625,0.7920841,0.8598684,0.8261203776557922,0.8258592795093536,0.00014412765579219222,-0.00011697049064640641,-0.00026109814643859863
00063_id03816_wavtolip.mp4,1,FakeVideo-RealAudio,0.9807208776473999,0.825220275,0.7920017,0.85843885,0.8260791776557923,0.8258079169174195,0.0008589026557923596,0.0005876419174195568,-0.00027126073837280273
00063_id03844_wavtolip.mp4,1,FakeVideo-RealAudio,0.8686772584915161,0.82580795,0.7920825,0.8595334,0.8261195776557922,0.8249722478485108,0.00031162765579229035,-0.0008357021514892038,-0.0011473298072814941
00028_id00068_wavtolip.mp4,1,FakeVideo-RealAudio,0.999083399772644,0.82097452,0.79254824,0.8494008,0.8263524476557922,0.8258199695616912,0.005377927655792147,0.004845449561691195,-0.0005324780941009521
00028_id00270_wavtolip.mp4,1,FakeVideo-RealAudio,0.9247803688049316,0.8255327050000001,0.79116726,0.85989815,0.8256619576557922,0.8254304532154846,0.00012925265579211143,-0.00010225178451550576,-0.0002315044403076172
00028_id00271_wavtolip.mp4,1,FakeVideo-RealAudio,0.9896503686904907,0.82437525,0.7896803,0.8590702,0.8249184776557923,0.8248497833026887,0.0005432276557922888,0.0004745333026886511,-6.86943531036377e-05
00028_id00365_wavtolip.mp4,1,FakeVideo-RealAudio,0.9999951124191284,0.8245527749999999,0.78971255,0.859393,0.8249346026557922,0.8224045642990112,0.0003818276557923106,-0.0021482107009886953,-0.002530038356781006
00028_id00373_wavtolip.mp4,1,FakeVideo-RealAudio,0.9740159511566162,0.82087343,0.7924848,0.84926206,0.8263207276557922,0.826062043497467,0.005447297655792216,0.005188613497467021,-0.0002586841583251953
00028_id00496_wavtolip.mp4,1,FakeVideo-RealAudio,0.6032924056053162,0.82325925,0.7924977,0.8540208,0.8263271776557922,0.8261928883911133,0.003067927655792224,0.002933638391113269,-0.00013428926467895508
00028_id00633_wavtolip.mp4,1,FakeVideo-RealAudio,0.9999960660934448,0.8162172,0.7733289,0.8591055,0.8167427776557923,0.8142288325531006,0.0005255776557923086,-0.0019883674468993418,-0.0025139451026916504
00028_id00634_wavtolip.mp4,1,FakeVideo-RealAudio,0.9999505281448364,0.825283675,0.79253775,0.8580296,0.8263472026557923,0.8261402553291322,0.001063527655792318,0.0008565803291321616,-0.00020694732666015625
00028_id00826_wavtolip.mp4,1,FakeVideo-RealAudio,0.9468048810958862,0.8259842150000001,0.7925889,0.85937953,0.8263727776557923,0.8258440546543122,0.00038856265579223503,-0.0001401603456878675,-0.0005287230014801025
00028_id03816_wavtolip.mp4,1,FakeVideo-RealAudio,0.980541467666626,0.8255302250000001,0.7926216,0.85843885,0.8263891276557922,0.8261725839813232,0.0008589026557921375,0.0006423589813231434,-0.00021654367446899414
00088_id00188_wavtolip.mp4,1,FakeVideo-RealAudio,0.903610348701477,0.824003025,0.78844315,0.8595629,0.8242999026557922,0.8227143296977997,0.000296877655792227,-0.0012886953022003267,-0.0015855729579925537
00088_id00234_wavtolip.mp4,1,FakeVideo-RealAudio,0.9908231496810913,0.8237116849999999,0.79093987,0.8564835,0.8255482626557922,0.8222688151002502,0.0018365776557922597,-0.0014428698997497325,-0.003279447555541992
00088_id00328_wavtolip.mp4,1,FakeVideo-RealAudio,0.9978300929069519,0.82405001,0.78843707,0.85966295,0.8242968626557923,0.8237926073609925,0.00024685265579227345,-0.00025740263900753124,-0.0005042552947998047
00088_id00365_wavtolip.mp4,1,FakeVideo-RealAudio,0.9974919557571411,0.82393747,0.78847784,0.8593971,0.8243172476557923,0.8231915543345643,0.0003797776557923349,-0.0007459156654356924,-0.0011256933212280273
00088_id00373_wavtolip.mp4,1,FakeVideo-RealAudio,0.9999798536300659,0.821793925,0.7884235,0.85516435,0.8242900776557922,0.8240432250194549,0.002496152655792172,0.0022493000194548918,-0.0002468526363372803
00088_id00491_wavtolip.mp4,1,FakeVideo-RealAudio,0.5317801237106323,0.82312865,0.7884254,0.8578319,0.8242910276557922,0.8240744839813232,0.0011623776557921905,0.0009458339813231964,-0.00021654367446899414
00088_id00634_wavtolip.mp4,1,FakeVideo-RealAudio,0.9999988079071045,0.82357225,0.78843075,0.85871375,0.8242937026557922,0.8240520654258727,0.0007214526557921541,0.0004798154258727205,-0.0002416372299194336
00088_id00826_wavtolip.mp4,1,FakeVideo-RealAudio,0.9437592625617981,0.82389164,0.78840375,0.85937953,0.8242802026557923,0.8238408270168305,0.00038856265579223503,-5.081298316955696e-05,-0.000439375638961792
00088_id00897_wavtolip.mp4,1,FakeVideo-RealAudio,0.9999983310699463,0.824072635,0.7884214,0.85972387,0.8242890276557923,0.821005258763504,0.000216392655792208,-0.003067376236496,-0.003283768892288208
00088_id01002_wavtolip.mp4,1,FakeVideo-RealAudio,0.6164476275444031,0.82311647,0.7908443,0.85538864,0.8255004776557922,0.8239522470077514,0.002384007655792164,0.0008357770077513926,-0.0015482306480407715
00028_id00188_wavtolip.mp4,1,FakeVideo-RealAudio,0.9999972581863403,0.8246131649999999,0.78962713,0.8595992,0.8248918926557922,0.8244338607630157,0.000278727655792288,-0.00017930423698420128,-0.00045803189277648926
00028_id00270_wavtolip.mp4,1,FakeVideo-RealAudio,0.9247803688049316,0.8255327050000001,0.79116726,0.85989815,0.8256619576557922,0.8245071772679138,0.00012925265579211143,-0.0010255277320863065,-0.001154780387878418
00028_id00365_wavtolip.mp4,1,FakeVideo-RealAudio,0.9999951124191284,0.8245527749999999,0.78971255,0.859393,0.8249346026557922,0.82451456872406,0.0003818276557923106,-3.820627593986714e-05,-0.00042003393173217773
00028_id00491_wavtolip.mp4,1,FakeVideo-RealAudio,0.9999798536300659,0.82449675,0.79056,0.8584335,0.8253583276557923,0.824294801979065,0.0008615776557923116,-0.00020194802093498332,-0.001063525676727295
00028_id00633_wavtolip.mp4,1,FakeVideo-RealAudio,0.9999960660934448,0.8162172,0.7733289,0.8591055,0.8167427776557923,0.8160291014415741,0.0005255776557923086,-0.000188098558425831,-0.0007136762142181396
00028_id00806_wavtolip.mp4,1,FakeVideo-RealAudio,0.9999228715896606,0.824689325,0.789725,0.85965365,0.8249408276557922,0.8237396450519562,0.00025150265579221287,-0.0009496799480438467,-0.0012011826038360596
00028_id01001_wavtolip.mp4,1,FakeVideo-RealAudio,0.7096265554428101,0.82532222,0.7911975,0.85944694,0.8256770776557922,0.8255906509208679,0.00035485765579224005,0.00026843092086792364,-8.64267349243164e-05
00028_id01002_wavtolip.mp4,1,FakeVideo-RealAudio,0.9999470710754395,0.82442217,0.7896962,0.85914814,0.8249264276557922,0.8235943532520293,0.0005042576557922063,-0.0008278167479706111,-0.0013320744037628174
00028_id01018_wavtolip.mp4,1,FakeVideo-RealAudio,0.9999743700027466,0.8252081250000001,0.7912485,0.85916775,0.8257025776557922,0.8256338833026886,0.0004944526557921769,0.0004257583026885392,-6.86943531036377e-05
00028_id03844_wavtolip.mp4,1,FakeVideo-RealAudio,0.9989215135574341,0.8251446499999999,0.7911901,0.8590992,0.8256733776557923,0.8254788876998902,0.0005287276557923715,0.00033423769989027186,-0.0001944899559020996
00005_id00068_wavtolip.mp4,1,FakeVideo-RealAudio,0.9990434050559998,0.80818725,0.7669737,0.8494008,0.8135651776557922,0.8131492266422271,0.005377927655792147,0.004961976642227084,-0.0004159510135650635
00005_id00188_wavtolip.mp4,1,FakeVideo-RealAudio,0.9999954700469971,0.82468902,0.78959554,0.8597825,0.8248760976557923,0.8247256853347016,0.0001870776557922893,3.666533470159106e-05,-0.00015041232109069824
00005_id00270_wavtolip.mp4,1,FakeVideo-RealAudio,0.9999768733978271,0.8244734499999999,0.7896039,0.859343,0.8248802776557922,0.8223502392990112,0.00040682765579225233,-0.0021232107009887535,-0.002530038356781006
00005_id00328_wavtolip.mp4,1,FakeVideo-RealAudio,0.9983538389205933,0.813107075,0.7667827,0.85943145,0.8134696776557923,0.8133255536247254,0.0003626026557922435,0.00021847862472534896,-0.00014412403106689453
00005_id00365_wavtolip.mp4,1,FakeVideo-RealAudio,0.9999938011169434,0.8246069,0.7896046,0.8596092,0.8248806276557923,0.8245180227993012,0.0002737276557922552,-8.887720069883365e-05,-0.00036260485649108887
00005_id00581_wavtolip.mp4,1,FakeVideo-RealAudio,0.999993085861206,0.8247979750000001,0.78961605,0.8599799,0.8248863526557922,0.8233417578910828,8.837765579217116e-05,-0.0014562171089173015,-0.0015445947647094727
00005_id00826_wavtolip.mp4,1,FakeVideo-RealAudio,0.9998763799667358,0.82469685,0.7896099,0.8597838,0.8248832776557922,0.8245010330688476,0.00018642765579213183,-0.00019581693115244825,-0.0003822445869445801
00005_id03371_wavtolip.mp4,1,FakeVideo-RealAudio,0.6056719422340393,0.812294925,0.76719105,0.8573988,0.8136738526557923,0.8135307419036866,0.0013789276557922836,0.0012358169036865707,-0.0001431107521057129
00005_id03620_wavtolip.mp4,1,FakeVideo-RealAudio,0.9999964237213135,0.8246459,0.7896047,0.8596871,0.8248806776557922,0.8243054034267425,0.00023477765579216214,-0.0003404965732575205,-0.0005752742290496826
00005_id03816_wavtolip.mp4,1,FakeVideo-RealAudio,0.9794788956642151,0.8124773249999999,0.7665158,0.85843885,0.8133362276557923,0.8129425091747284,0.0008589026557923596,0.0004651841747285168,-0.0003937184810638428
00015_id00042_wavtolip.mp4,1,FakeVideo-RealAudio,0.9890576004981995,0.8184308,0.7799351,0.8569265,0.8200458776557922,0.819787193497467,0.0016150776557921631,0.0013563934974669678,-0.0002586841583251953
00015_id00188_wavtolip.mp4,1,FakeVideo-RealAudio,0.9996235370635986,0.81918216,0.77867067,0.85969365,0.8194136626557922,0.8189971453981018,0.00023150265579219287,-0.00018501460189823682,-0.0004165172576904297
00015_id00262_wavtolip.mp4,1,FakeVideo-RealAudio,0.9999810457229614,0.81713036,0.78019655,0.85406417,0.8201766026557922,0.8194627178253173,0.0030462426557922306,0.002332357825317377,-0.0007138848304748535
00015_id00569_wavtolip.mp4,1,FakeVideo-RealAudio,0.987419068813324,0.81917203,0.77871346,0.8596306,0.8194350576557923,0.8184780156769562,0.0002630276557922251,-0.0006940143230438345,-0.0009570419788360596
00015_id00581_wavtolip.mp4,1,FakeVideo-RealAudio,0.9999970197677612,0.819725865,0.78015983,0.8592919,0.8201582426557923,0.8192780012617493,0.00043237765579229315,-0.0004478637382506756,-0.0008802413940429688
00015_id00589_wavtolip.mp4,1,FakeVideo-RealAudio,0.9998557567596436,0.82147147,0.78589964,0.8570433,0.8230281476557922,0.8227669303000641,0.0015566776557922601,0.0012954603000641107,-0.0002612173557281494
00015_id00591_wavtolip.mp4,1,FakeVideo-RealAudio,0.9998452663421631,0.81943208,0.7794472,0.85941696,0.8198019276557922,0.8191649328170776,0.00036984765579217704,-0.00026714718292242257,-0.0006369948387145996
00015_id03371_wavtolip.mp4,1,FakeVideo-RealAudio,0.9972735047340393,0.81913355,0.7801526,0.8581145,0.8201546276557923,0.8185979629505158,0.0010210776557922907,-0.0005355870494841986,-0.0015566647052764893
00015_id03649_wavtolip.mp4,1,FakeVideo-RealAudio,0.54306960105896,0.81912292,0.77983534,0.8584105,0.8199959976557922,0.8194672746543121,0.0008730776557922537,0.0003443546543121512,-0.0005287230014801025
00015_id03858_wavtolip.mp4,1,FakeVideo-RealAudio,0.9938437938690186,0.81953728,0.7799437,0.85913086,0.8200501776557922,0.8198556876998901,0.0005128976557922105,0.00031840769989011086,-0.0001944899559020996
00092_id00068_wavtolip.mp4,1,FakeVideo-RealAudio,0.9999902248382568,0.82277548,0.79221743,0.85333353,0.8261870426557922,0.8231400532148743,0.003411562655792233,0.0003645732148742642,-0.0030469894409179688
00092_id00188_wavtolip.mp4,1,FakeVideo-RealAudio,0.9996587038040161,0.823452595,0.78721154,0.85969365,0.8236840976557922,0.8229753090224456,0.00023150265579219287,-0.00047728597755436475,-0.0007087886333465576
00092_id00271_wavtolip.mp4,1,FakeVideo-RealAudio,0.989238977432251,0.8256371499999999,0.7922041,0.8590702,0.8261803776557922,0.8260803312595367,0.0005432276557922888,0.00044318125953679566,-0.00010004639625549316
00092_id00328_wavtolip.mp4,1,FakeVideo-RealAudio,0.997920572757721,0.8237983,0.78793365,0.85966295,0.8240451526557923,0.8198179018413544,0.00024685265579227345,-0.003980398158645593,-0.004227250814437866
00092_id00395_wavtolip.mp4,1,FakeVideo-RealAudio,0.9999974966049194,0.8257545799999999,0.79218733,0.85932183,0.8261719926557922,0.825655637618103,0.00041741265579231523,-9.894238189689375e-05,-0.000516355037689209
00092_id00491_wavtolip.mp4,1,FakeVideo-RealAudio,0.5405007600784302,0.82498017,0.79212844,0.8578319,0.8261425476557922,0.8257481735236358,0.0011623776557921905,0.0007680035236358185,-0.00039437413215637207
00092_id00569_wavtolip.mp4,1,FakeVideo-RealAudio,0.9854016304016113,0.8259025,0.7921744,0.8596306,0.8261655276557922,0.8258874421855926,0.0002630276557922251,-1.505781440735987e-05,-0.00027808547019958496
00092_id00735_wavtolip.mp4,1,FakeVideo-RealAudio,0.9992115497589111,0.823513465,0.7871562,0.85987073,0.8236564276557923,0.8204100308757782,0.00014296265579227807,-0.00310343412422176,-0.003246396780014038
00092_id03651_wavtolip.mp4,1,FakeVideo-RealAudio,0.9480055570602417,0.8236866,0.7875048,0.8598684,0.8238307276557922,0.823626849968338,0.00014412765579219222,-5.975003166203141e-05,-0.00020387768745422363
00092_id03716_wavtolip.mp4,1,FakeVideo-RealAudio,0.9998818635940552,0.82476198,0.792212,0.85731196,0.8261843276557923,0.8229159069595338,0.0014223476557922998,-0.001846073040466245,-0.003268420696258545
00118_id00262_wavtolip.mp4,1,FakeVideo-RealAudio,0.9999948740005493,0.823167415,0.78815967,0.85817516,0.8241581626557922,0.8222877987050629,0.0009907476557922124,-0.0008796162949371578,-0.0018703639507293701
00118_id00395_wavtolip.mp4,1,FakeVideo-RealAudio,0.9988197684288025,0.8235955349999999,0.7877989,0.85939217,0.8239777776557922,0.8235471638996124,0.00038224265579223093,-4.8371100387578636e-05,-0.00043061375617980957
00118_id00491_wavtolip.mp4,1,FakeVideo-RealAudio,0.5250462889671326,0.8228154,0.7877989,0.8578319,0.8239777776557922,0.8237372431118011,0.0011623776557921905,0.0009218431118011017,-0.00024053454399108887
00118_id00591_wavtolip.mp4,1,FakeVideo-RealAudio,0.9987542629241943,0.8236778499999999,0.7876349,0.8597208,0.8238957776557922,0.823637093497467,0.000217927655792316,-4.0756502532879324e-05,-0.0002586841583251953
00118_id00633_wavtolip.mp4,1,FakeVideo-RealAudio,0.9999966621398926,0.8233000500000001,0.7881564,0.8584437,0.8241565276557923,0.8222153831893921,0.0008564776557922205,-0.001084666810607926,-0.0019411444664001465
00118_id00806_wavtolip.mp4,1,FakeVideo-RealAudio,0.9998688697814941,0.8232223750000001,0.7881896,0.85825515,0.8241731276557922,0.8238315632389068,0.000950752655792142,0.000609188238906766,-0.000341564416885376
00118_id01001_wavtolip.mp4,1,FakeVideo-RealAudio,0.6555807590484619,0.82373774,0.78802854,0.85944694,0.8240925976557922,0.8238313803000641,0.00035485765579224005,9.364030006409063e-05,-0.0002612173557281494
00118_id01002_wavtolip.mp4,1,FakeVideo-RealAudio,0.999941349029541,0.823465345,0.78778255,0.85914814,0.8239696026557922,0.8188041449302673,0.0005042576557922063,-0.004661200069732696,-0.005165457725524902
00118_id01018_wavtolip.mp4,1,FakeVideo-RealAudio,0.9999918937683105,0.82355815,0.7881631,0.8589532,0.8241598776557922,0.8231889775970459,0.0006017276557922502,-0.0003691724029540877,-0.0009709000587463379
00118_id03844_wavtolip.mp4,1,FakeVideo-RealAudio,0.9989100694656372,0.82335895,0.7876187,0.8590992,0.8238876776557922,0.8234939591747283,0.0005287276557921494,0.00013500917472830665,-0.0003937184810638428
00293_id00188_wavtolip.mp4,1,FakeVideo-RealAudio,0.9161009192466736,0.822350515,0.78513813,0.8595629,0.8226473926557922,0.8202633856787109,0.000296877655792227,-0.002087129321289072,-0.002384006977081299
00293_id00270_wavtolip.mp4,1,FakeVideo-RealAudio,0.8736510872840881,0.8216961199999999,0.7851775,0.85821474,0.8226670776557923,0.8207967137050629,0.0009709576557923594,-0.0008994062949370107,-0.0018703639507293701
00293_id00287_wavtolip.mp4,1,FakeVideo-RealAudio,0.9991430044174194,0.822379075,0.7851042,0.85965395,0.8226304276557923,0.8221069796653748,0.00025135265579234733,-0.00027209533462513313,-0.0005234479904174805
00293_id00365_wavtolip.mp4,1,FakeVideo-RealAudio,0.9975226521492004,0.82219995,0.7850028,0.8593971,0.8225797276557922,0.8183524768413544,0.0003797776557922239,-0.0038474731586456423,-0.004227250814437866
00293_id00496_wavtolip.mp4,1,FakeVideo-RealAudio,0.9999724626541138,0.821098655,0.78501284,0.85718447,0.8225847476557923,0.8199436658457947,0.0014860926557922483,-0.0011549891542053103,-0.0026410818099975586
00293_id00581_wavtolip.mp4,1,FakeVideo-RealAudio,0.9999972581863403,0.8222627,0.7850399,0.8594855,0.8225982776557923,0.8223319044982911,0.00033557765579228516,6.920449829106445e-05,-0.0002663731575012207
00293_id00591_wavtolip.mp4,1,FakeVideo-RealAudio,0.9998483657836914,0.8222706,0.78512424,0.85941696,0.8226404476557923,0.8223955321704102,0.00036984765579228807,0.000124932170410208,-0.0002449154853820801
00293_id00826_wavtolip.mp4,1,FakeVideo-RealAudio,0.9520453810691833,0.822249215,0.7851189,0.85937953,0.8226377776557923,0.8200325778419495,0.00038856265579223503,-0.0022166371580505384,-0.0026051998138427734
00293_id01018_wavtolip.mp4,1,FakeVideo-RealAudio,0.9999915361404419,0.8219684,0.7850339,0.8589029,0.8225952776557922,0.8221524449474334,0.0006268776557921685,0.00018404494743340383,-0.00044283270835876465
00293_id03371_wavtolip.mp4,1,FakeVideo-RealAudio,0.9999983310699463,0.82192715,0.7850412,0.8588131,0.8225989276557922,0.8223304385334015,0.0006717776557921828,0.0004032885334014358,-0.00026848912239074707
00078_id00325_wavtolip.mp4,1,FakeVideo-RealAudio,0.998950719833374,0.8247318800000001,0.7902854,0.85917836,0.8252210276557923,0.8247508066131592,0.0004891476557922214,1.8926613159164773e-05,-0.00047022104263305664
00078_id00365_wavtolip.mp4,1,FakeVideo-RealAudio,0.9999946355819702,0.825716525,0.79207325,0.8593598,0.8261149526557923,0.8254536391220093,0.0003984276557922328,-0.00026288587799072616,-0.000661313533782959
00078_id00379_wavtolip.mp4,1,FakeVideo-RealAudio,0.9999973773956299,0.8257241,0.7920575,0.8593907,0.8261070776557922,0.8258797157382964,0.0003829776557922049,0.00015561573829647735,-0.00022736191749572754
00078_id00395_wavtolip.mp4,1,FakeVideo-RealAudio,0.9676149487495422,0.8259542200000001,0.79212934,0.8597791,0.8261429976557922,0.8258657466506195,0.00018877765579217165,-8.847334938055784e-05,-0.0002772510051727295
00078_id00634_wavtolip.mp4,1,FakeVideo-RealAudio,0.9999986886978149,0.82569235,0.7920639,0.8593208,0.8261102776557923,0.824103091242981,0.00041792765579229396,-0.0015892587570189853,-0.0020071864128112793
00078_id00735_wavtolip.mp4,1,FakeVideo-RealAudio,0.999998927116394,0.825794825,0.7920691,0.85952055,0.8261128776557922,0.8257608526237488,0.0003180526557922114,-3.3972376251245606e-05,-0.00035202503204345703
00078_id00813_wavtolip.mp4,1,FakeVideo-RealAudio,0.9999943971633911,0.82404418,0.7902939,0.85779446,0.8252252776557922,0.8248732526237488,0.0011810976557922181,0.0008290726237487611,-0.00035202503204345703
00078_id00823_wavtolip.mp4,1,FakeVideo-RealAudio,0.5687757134437561,0.821995555,0.79208845,0.85190266,0.8261225526557923,0.8257599477993012,0.004126997655792275,0.003764392799301186,-0.00036260485649108887
00078_id01002_wavtolip.mp4,1,FakeVideo-RealAudio,0.607441246509552,0.8237361000000001,0.79208356,0.85538864,0.8261201076557922,0.8237072222283173,0.002384007655792164,-2.887777168281147e-05,-0.0024128854274749756
00078_id03941_wavtolip.mp4,1,FakeVideo-RealAudio,0.9998489618301392,0.82501188,0.7902664,0.85975736,0.8252115276557923,0.8210845020515443,0.00019964765579227883,-0.003927377948455768,-0.004127025604248047
00028_id00232_wavtolip.mp4,1,FakeVideo-RealAudio,0.9985800981521606,0.82523765,0.7912347,0.8592406,0.8256956776557922,0.8253258308349609,0.0004580276557921703,8.818083496087148e-05,-0.00036984682083129883
00028_id00379_wavtolip.mp4,1,FakeVideo-RealAudio,0.8856503367424011,0.8261554,0.7926374,0.8596734,0.8263970276557923,0.826270636006546,0.00024162765579227585,0.00011523600654606003,-0.00012639164924621582
00028_id00434_wavtolip.mp4,1,FakeVideo-RealAudio,0.9999971389770508,0.8251378,0.7905651,0.8597105,0.8253608776557922,0.8247581256855011,0.00022307765579221428,-0.0003796743144989234,-0.0006027519702911377
00028_id00484_wavtolip.mp4,1,FakeVideo-RealAudio,0.9999940395355225,0.823809805,0.78971434,0.85790527,0.8249354976557922,0.8245735186480713,0.0011256926557922098,0.0007637136480712625,-0.00036197900772094727
00028_id00495_wavtolip.mp4,1,FakeVideo-RealAudio,0.998322069644928,0.824813535,0.7896078,0.86001927,0.8248822276557922,0.8246338551010132,6.869265579223516e-05,-0.00017967989898681758,-0.00024837255477905273
00028_id00823_wavtolip.mp4,1,FakeVideo-RealAudio,0.9998713731765747,0.8160367,0.7726427,0.8594307,0.8163996776557922,0.8160476526237488,0.0003629776557922959,1.0952623748838874e-05,-0.00035202503204345703
00028_id01001_wavtolip.mp4,1,FakeVideo-RealAudio,0.7096265554428101,0.82532222,0.7911975,0.85944694,0.8256770776557922,0.8252342449474335,0.00035485765579224005,-8.79750525665246e-05,-0.00044283270835876465
00028_id03371_wavtolip.mp4,1,FakeVideo-RealAudio,0.9990721940994263,0.8247496700000001,0.7911955,0.85830384,0.8256760776557923,0.8251526296653748,0.0009264076557922163,0.0004029596653747358,-0.0005234479904174805
00028_id03620_wavtolip.mp4,1,FakeVideo-RealAudio,0.9999972581863403,0.8245987,0.7897225,0.8594749,0.8249395776557922,0.8223420668411254,0.00034087765579216,-0.002256633158874588,-0.002597510814666748
00028_id03941_wavtolip.mp4,1,FakeVideo-RealAudio,0.9929913282394409,0.825981325,0.7926379,0.85932475,0.8263972776557922,0.8231288569595336,0.00041595265579219554,-0.0028524680404663494,-0.003268420696258545
00311_id00188_wavtolip.mp4,1,FakeVideo-RealAudio,0.910414457321167,0.8252645000000001,0.7909661,0.8595629,0.8255613776557922,0.82519838536911,0.000296877655792116,-6.61146308900129e-05,-0.0003629922866821289
00311_id00232_wavtolip.mp4,1,FakeVideo-RealAudio,0.9999986886978149,0.824725935,0.79097927,0.8584726,0.8255679626557922,0.8254175503347015,0.0008420276557922213,0.000691615334701523,-0.00015041232109069824
00311_id00325_wavtolip.mp4,1,FakeVideo-RealAudio,0.999995231628418,0.8251520000000001,0.7909793,0.8593247,0.8255679776557923,0.8253092934974671,0.0004159776557921546,0.0001572934974669593,-0.0002586841583251953
00311_id00328_wavtolip.mp4,1,FakeVideo-RealAudio,0.9977940320968628,0.825301705,0.79094046,0.85966295,0.8255485576557922,0.8250594121384429,0.0002468526557921624,-0.00024229286155708074,-0.0004891455173492432
00311_id00495_wavtolip.mp4,1,FakeVideo-RealAudio,0.9073463082313538,0.825371375,0.79097515,0.8597676,0.8255659026557922,0.8230519575531006,0.00019452765579219822,-0.002319417446899452,-0.0025139451026916504
00311_id00496_wavtolip.mp4,1,FakeVideo-RealAudio,0.9999939203262329,0.82465302,0.7909715,0.85833454,0.8255640776557922,0.8241057308120727,0.0009110576557922467,-0.0005472891879272357,-0.0014583468437194824
00311_id00589_wavtolip.mp4,1,FakeVideo-RealAudio,0.9999980926513672,0.82413125,0.7909792,0.8572833,0.8255679276557922,0.8250477877231598,0.0014366776557922512,0.0009165377231598049,-0.0005201399326324463
00311_id00634_wavtolip.mp4,1,FakeVideo-RealAudio,0.9999986886978149,0.824862135,0.79098517,0.8587391,0.8255709126557922,0.8249095991220092,0.0007087776557921366,4.74641220091776e-05,-0.000661313533782959
00311_id00826_wavtolip.mp4,1,FakeVideo-RealAudio,0.9496666789054871,0.825186815,0.7909941,0.85937953,0.8255753776557923,0.8251761457450867,0.00038856265579223503,-1.0669254913331372e-05,-0.0003992319107055664
00311_id03716_wavtolip.mp4,1,FakeVideo-RealAudio,0.999907374382019,0.8236711999999999,0.7909792,0.8563632,0.8255679276557922,0.821873899993515,0.0018967276557922963,-0.0017973000064849254,-0.0036940276622772217
00043_id00071_wavtolip.mp4,1,FakeVideo-RealAudio,0.7328265905380249,0.8230727,0.78607976,0.86006564,0.8231182076557922,0.8226485230549622,4.550765579225402e-05,-0.0004241769450378241,-0.0004696846008300781
00043_id00328_wavtolip.mp4,1,FakeVideo-RealAudio,0.9977516531944275,0.822862525,0.7860621,0.85966295,0.8231093776557923,0.8228189540241242,0.00024685265579227345,-4.3570975875817375e-05,-0.0002904236316680908
00043_id00330_wavtolip.mp4,1,FakeVideo-RealAudio,0.9999914169311523,0.81985425,0.7861194,0.8535891,0.8231380276557922,0.8227754227993012,0.0032837776557922416,0.0029211727993011527,-0.00036260485649108887
00043_id00491_wavtolip.mp4,1,FakeVideo-RealAudio,0.5524439811706543,0.8219668499999999,0.7861018,0.8578319,0.8231292276557922,0.8197498529132843,0.0011623776557923016,-0.002216997086715633,-0.0033793747425079346
00043_id00569_wavtolip.mp4,1,FakeVideo-RealAudio,0.999893069267273,0.8245702500000001,0.7895208,0.8596197,0.8248387276557922,0.8244906961349487,0.0002684776557921875,-7.955386505131834e-05,-0.00034803152084350586
00043_id00581_wavtolip.mp4,1,FakeVideo-RealAudio,0.9999940395355225,0.822856465,0.78610593,0.859607,0.8231312926557922,0.8227683003691101,0.00027482765579223134,-8.816463088989757e-05,-0.0003629922866821289
00043_id00823_wavtolip.mp4,1,FakeVideo-RealAudio,0.9998742341995239,0.82271503,0.78599936,0.8594307,0.8230780076557922,0.8225168299252319,0.0003629776557921849,-0.00019820007476811785,-0.0005611777305603027
00043_id00897_wavtolip.mp4,1,FakeVideo-RealAudio,0.9999977350234985,0.824815,0.7896249,0.8600051,0.8248907776557922,0.8245786281311035,7.577765579225293e-05,-0.00023637186889646777,-0.0003121495246887207
00043_id03371_wavtolip.mp4,1,FakeVideo-RealAudio,0.9868887662887573,0.8224736500000001,0.7861025,0.8588448,0.8231295776557923,0.822851670999527,0.0006559276557922544,0.00037802099952699564,-0.0002779066562652588
00043_id03651_wavtolip.mp4,1,FakeVideo-RealAudio,0.9468613266944885,0.8229841250000001,0.78609985,0.8598684,0.8231282526557923,0.8226674491470337,0.00014412765579219222,-0.0003166758529663527,-0.0004608035087585449
00420_id00188_wavtolip.mp4,1,FakeVideo-RealAudio,0.9999959468841553,0.8248356649999999,0.79002583,0.8596455,0.8250912426557923,0.8247691689577484,0.00025557765579231617,-6.649604225150707e-05,-0.00032207369804382324
00420_id00234_wavtolip.mp4,1,FakeVideo-RealAudio,0.9999966621398926,0.82484905,0.790036,0.8596621,0.8250963276557922,0.8248546904258728,0.00024727765579224403,5.6404258728104395e-06,-0.0002416372299194336
00420_id00287_wavtolip.mp4,1,FakeVideo-RealAudio,0.9991414546966553,0.824847675,0.7900414,0.85965395,0.8250990276557922,0.8246561949474335,0.0002513526557922363,-0.00019148005256652834,-0.00044283270835876465
00420_id00328_wavtolip.mp4,1,FakeVideo-RealAudio,0.9999990463256836,0.8247096,0.7900292,0.85939,0.8250929276557922,0.8237874071212768,0.0003833276557921872,-0.0009221928787231937,-0.0013055205345153809
00420_id00332_wavtolip.mp4,1,FakeVideo-RealAudio,0.9999896287918091,0.8244289,0.7900348,0.858823,0.8250957276557922,0.822162106249237,0.0006668276557921793,-0.0022667937507629965,-0.0029336214065551758
00420_id00395_wavtolip.mp4,1,FakeVideo-RealAudio,0.999992847442627,0.8249264949999999,0.79009455,0.85975844,0.8251256026557923,0.8248850681118012,0.00019910765579234102,-4.1426888198747847e-05,-0.00024053454399108887
00420_id00569_wavtolip.mp4,1,FakeVideo-RealAudio,0.9999161958694458,0.82463085,0.790023,0.8592387,0.8250898276557923,0.8239626442184449,0.0004589776557922809,-0.0006682057815551312,-0.0011271834373474121
00420_id00581_wavtolip.mp4,1,FakeVideo-RealAudio,0.9999943971633911,0.82497811,0.79002696,0.85992926,0.8250918076557923,0.8247647569699097,0.00011369765579227753,-0.00021335303009029083,-0.00032705068588256836
00420_id00823_wavtolip.mp4,1,FakeVideo-RealAudio,0.5605853796005249,0.82096983,0.790037,0.85190266,0.8250968276557922,0.8244793831405639,0.004126997655792164,0.0035095531405638924,-0.0006174445152282715
00420_id01018_wavtolip.mp4,1,FakeVideo-RealAudio,0.9999576807022095,0.82483025,0.7900276,0.8596329,0.8250921276557923,0.8248885181892396,0.0002618776557923308,5.8268189239596424e-05,-0.00020360946655273438
00052_id00068_wavtolip.mp4,1,FakeVideo-RealAudio,0.9989960789680481,0.82079478,0.79218876,0.8494008,0.8261727076557923,0.8245747071293641,0.005377927655792369,0.0037799271293641468,-0.0015980005264282227
00052_id00270_wavtolip.mp4,1,FakeVideo-RealAudio,0.8470830917358398,0.8251747199999999,0.7921347,0.85821474,0.8261456776557923,0.8260026563106537,0.0009709576557923594,0.0008279363106538096,-0.0001430213451385498
00052_id00325_wavtolip.mp4,1,FakeVideo-RealAudio,0.999994158744812,0.825728875,0.79224235,0.8592154,0.8261995026557922,0.8259815880744934,0.00047062765579219956,0.00025271307449337144,-0.00021791458129882812
00052_id00365_wavtolip.mp4,1,FakeVideo-RealAudio,0.9972119927406311,0.82567985,0.7919626,0.8593971,0.8260596276557922,0.8256710649765014,0.0003797776557922239,-8.785023498547595e-06,-0.0003885626792907715
00052_id00434_wavtolip.mp4,1,FakeVideo-RealAudio,0.9999958276748657,0.8255180099999999,0.79224217,0.85879385,0.8261994126557922,0.8253999951600647,0.000681402655792307,-0.0001180148399352321,-0.0007994174957275391
00052_id00569_wavtolip.mp4,1,FakeVideo-RealAudio,0.6094807982444763,0.82562935,0.7919877,0.859271,0.8260721776557922,0.8228037569595337,0.0004428276557921773,-0.0028255930404663676,-0.003268420696258545
00052_id00591_wavtolip.mp4,1,FakeVideo-RealAudio,0.9987442493438721,0.8258255,0.7919302,0.8597208,0.8260434276557922,0.8259122080303192,0.00021792765579220497,8.67080303191825e-05,-0.00013121962547302246
00052_id01001_wavtolip.mp4,1,FakeVideo-RealAudio,0.692422091960907,0.8256994449999999,0.79195195,0.85944694,0.8260543026557923,0.8256550707450867,0.00035485765579235107,-4.437425491321534e-05,-0.0003992319107055664
00052_id01002_wavtolip.mp4,1,FakeVideo-RealAudio,0.5974649786949158,0.82365727,0.7919259,0.85538864,0.8260412776557922,0.8257782423583984,0.002384007655792164,0.0021209723583983653,-0.00026303529739379883
00052_id03858_wavtolip.mp4,1,FakeVideo-RealAudio,0.999994158744812,0.82567552,0.7922389,0.85911214,0.8261977776557923,0.8229293569595337,0.0005222576557922798,-0.002746163040466265,-0.003268420696258545
00046_id00262_wavtolip.mp4,1,FakeVideo-RealAudio,0.9999932050704956,0.8125443,0.7772532,0.8478354,0.8187049276557923,0.8183423227993012,0.0061606276557922834,0.005798022799301195,-0.00036260485649108887
00046_id00287_wavtolip.mp4,1,FakeVideo-RealAudio,0.9990971088409424,0.818350495,0.77704704,0.85965395,0.8186018476557922,0.8180586109233093,0.0002513526557922363,-0.00029188407669067384,-0.0005432367324829102
00046_id00325_wavtolip.mp4,1,FakeVideo-RealAudio,0.9990503191947937,0.81815573,0.7771331,0.85917836,0.8186448776557922,0.8166316115692138,0.0004891476557922214,-0.0015241184307861477,-0.002013266086578369
00046_id00395_wavtolip.mp4,1,FakeVideo-RealAudio,0.9989249110221863,0.818254335,0.7771165,0.85939217,0.8186365776557922,0.8185073249835968,0.00038224265579223093,0.00025298998359679636,-0.00012925267219543457
00046_id00569_wavtolip.mp4,1,FakeVideo-RealAudio,0.6267296075820923,0.818260675,0.77725035,0.859271,0.8187035026557923,0.8143754603870392,0.00044282765579228833,-0.0038852146129607634,-0.004328042268753052
00046_id00806_wavtolip.mp4,1,FakeVideo-RealAudio,0.9997342228889465,0.8166115199999999,0.77708364,0.8561394,0.8186201476557922,0.8184022330744933,0.002008627655792239,0.0017907130744934108,-0.00021791458129882812
00046_id00826_wavtolip.mp4,1,FakeVideo-RealAudio,0.948016345500946,0.818255465,0.7771314,0.85937953,0.8186440276557923,0.818127672618103,0.00038856265579223503,-0.00012779238189697395,-0.000516355037689209
00046_id00897_wavtolip.mp4,1,FakeVideo-RealAudio,0.9999988079071045,0.81786725,0.7770394,0.8586951,0.8185980276557923,0.8160679892990113,0.0007307776557922141,-0.0017992607009887918,-0.002530038356781006
00046_id01002_wavtolip.mp4,1,FakeVideo-RealAudio,0.6062747836112976,0.8162637699999999,0.7771389,0.85538864,0.8186477776557922,0.8175445552856445,0.002384007655792275,0.00128078528564457,-0.001103222370147705
00046_id03589_wavtolip.mp4,1,FakeVideo-RealAudio,0.9987277388572693,0.8170935500000001,0.7771269,0.8570602,0.8186417776557922,0.8185659903499602,0.0015482276557921004,0.0014724403499601912,-7.578730583190918e-05
00202_id00188_wavtolip.mp4,1,FakeVideo-RealAudio,0.9996141195297241,0.822936225,0.7861788,0.85969365,0.8231677276557923,0.8229732376998902,0.0002315026557923039,3.701269989020428e-05,-0.0001944899559020996
00202_id00232_wavtolip.mp4,1,FakeVideo-RealAudio,0.9999947547912598,0.8226110200000001,0.78608584,0.8591362,0.8231212476557923,0.8223474601573182,0.0005102276557922281,-0.00026355984268189303,-0.0007737874984741211
00202_id00234_wavtolip.mp4,1,FakeVideo-RealAudio,0.9999903440475464,0.822183755,0.78609025,0.85827726,0.8231234526557922,0.8225207006855011,0.0009396976557922709,0.00033694568550113324,-0.0006027519702911377
00202_id00330_wavtolip.mp4,1,FakeVideo-RealAudio,0.9999938011169434,0.8201859499999999,0.7860825,0.8542894,0.8231195776557922,0.8231084017848969,0.0029336276557923036,0.002922451784896918,-1.1175870895385742e-05
00202_id00379_wavtolip.mp4,1,FakeVideo-RealAudio,0.9999970197677612,0.82267775,0.7860728,0.8592827,0.8231147276557922,0.8216131376422882,0.0004369776557922034,-0.001064612357711825,-0.0015015900135040283
00202_id00434_wavtolip.mp4,1,FakeVideo-RealAudio,0.9999966621398926,0.8228191499999999,0.7860685,0.8595698,0.8231125776557922,0.8219497208385467,0.0002934276557922111,-0.0008694291614532723,-0.0011628568172454834
00202_id00806_wavtolip.mp4,1,FakeVideo-RealAudio,0.9999269247055054,0.82282859,0.78606665,0.85959053,0.8231116526557922,0.8228403919174194,0.0002830626557922544,1.180191741945169e-05,-0.00027126073837280273
00202_id03371_wavtolip.mp4,1,FakeVideo-RealAudio,0.9824795722961426,0.822496655,0.78607154,0.85892177,0.8231140976557922,0.8227723246226502,0.0006174426557922219,0.00027566962265013206,-0.00034177303314208984
00202_id03651_wavtolip.mp4,1,FakeVideo-RealAudio,0.9505629539489746,0.8230012499999999,0.7861341,0.8598684,0.8231453776557922,0.822848486920166,0.00014412765579230324,-0.00015276307983391746,-0.0002968907356262207
00202_id03816_wavtolip.mp4,1,FakeVideo-RealAudio,0.9999970197677612,0.82223872,0.78606194,0.8584155,0.8231092976557922,0.8228676604258728,0.0008705776557922373,0.0006289404258728037,-0.0002416372299194336
00122_id00262_wavtolip.mp4,1,FakeVideo-RealAudio,0.9999885559082031,0.8243939,0.7910732,0.8577146,0.8256149276557923,0.8243371530834198,0.0012210276557922395,-5.674691658019704e-05,-0.0012777745723724365
00122_id00373_wavtolip.mp4,1,FakeVideo-RealAudio,0.9999974966049194,0.824455825,0.79107535,0.8578363,0.8256160026557922,0.824842215157318,0.0011601776557921273,0.0003863901573180062,-0.0007737874984741211
00122_id00495_wavtolip.mp4,1,FakeVideo-RealAudio,0.894524097442627,0.8254070499999999,0.7910465,0.8597676,0.8256015776557922,0.8250973223609924,0.00019452765579230924,-0.00030972763900749545,-0.0005042552947998047
00122_id00496_wavtolip.mp4,1,FakeVideo-RealAudio,0.9999279975891113,0.82476258,0.79108226,0.8584429,0.8256194576557923,0.8253182753857422,0.000856877655792232,0.0005556953857421831,-0.00030118227005004883
00122_id00589_wavtolip.mp4,1,FakeVideo-RealAudio,0.999997615814209,0.8249021000000001,0.7910753,0.8587289,0.8256159776557923,0.8239542597640992,0.0007138776557922277,-0.0009478402359008875,-0.0016617178916931152
00122_id01002_wavtolip.mp4,1,FakeVideo-RealAudio,0.585521399974823,0.8232234700000001,0.7910583,0.85538864,0.8256074776557922,0.8251377930549622,0.002384007655792164,0.001914323054962086,-0.0004696846008300781
00122_id03371_wavtolip.mp4,1,FakeVideo-RealAudio,0.9710003733634949,0.8250636,0.7910795,0.8590477,0.8256180776557922,0.8250153256855011,0.000554477655792196,-4.8274314498941706e-05,-0.0006027519702911377
00122_id03589_wavtolip.mp4,1,FakeVideo-RealAudio,0.9999978542327881,0.8251734,0.7910726,0.8592742,0.8256146276557923,0.8247558737361909,0.00044122765579235335,-0.0004175262638090871,-0.0008587539196014404
00122_id03651_wavtolip.mp4,1,FakeVideo-RealAudio,0.9997108578681946,0.8253492149999999,0.79097486,0.85972357,0.8255657576557922,0.8249589525696563,0.0002165426557922956,-0.00039026243034356867,-0.0006068050861358643
00122_id03844_wavtolip.mp4,1,FakeVideo-RealAudio,0.9999943971633911,0.825012175,0.790968,0.85905635,0.8255623276557922,0.8253528173294067,0.0005501526557921688,0.0003406423294066707,-0.00020951032638549805
00027_id00232_wavtolip.mp4,1,FakeVideo-RealAudio,0.9999986886978149,0.804359345,0.74914324,0.85957545,0.8046499476557922,0.794718115103836,0.0002906026557922825,-0.009641229896163894,-0.009931832551956177
00027_id00328_wavtolip.mp4,1,FakeVideo-RealAudio,0.9999978542327881,0.804523775,0.7491668,0.85988075,0.8046617276557922,0.802277720678711,0.00013795265579219507,-0.0022460543212891038,-0.002384006977081299
00027_id00374_wavtolip.mp4,1,FakeVideo-RealAudio,0.5607118010520935,0.8041964,0.749267,0.8591258,0.8047118276557923,0.8039838761291505,0.0005154276557922666,-0.00021252387084957913,-0.0007279515266418457
00027_id00403_wavtolip.mp4,1,FakeVideo-RealAudio,0.9999988079071045,0.80461455,0.7493007,0.8599284,0.8047286776557923,0.8039830533519745,0.00011412765579221773,-0.0006314966480255313,-0.000745624303817749
00027_id00496_wavtolip.mp4,1,FakeVideo-RealAudio,0.9999921321868896,0.804356475,0.74928725,0.8594257,0.8047219526557923,0.8035746228485108,0.0003654776557923123,-0.0007818521514891819,-0.0011473298072814941
00027_id00569_wavtolip.mp4,1,FakeVideo-RealAudio,0.9998881816864014,0.8043051,0.7493194,0.8592908,0.8047380276557923,0.8043220766422272,0.0004329276557922812,1.697664222721773e-05,-0.0004159510135650635
00027_id00581_wavtolip.mp4,1,FakeVideo-RealAudio,0.9999933242797852,0.804593185,0.74923277,0.8599536,0.8046947126557922,0.8016267721822357,0.00010152765579218848,-0.00296641281776433,-0.0030679404735565186
00027_id00806_wavtolip.mp4,1,FakeVideo-RealAudio,0.9999243021011353,0.804338615,0.74928033,0.8593969,0.8047184926557922,0.804518846898117,0.00037987765579217125,0.00018023189811700036,-0.0001996457576751709
00027_id03620_wavtolip.mp4,1,FakeVideo-RealAudio,0.9999948740005493,0.804043125,0.74919355,0.8588927,0.8046751026557922,0.8032196466373444,0.0006319776557922596,-0.0008234783626556164,-0.001455456018447876
00027_id03858_wavtolip.mp4,1,FakeVideo-RealAudio,0.9999957084655762,0.8044578250000001,0.74924195,0.8596737,0.8046993026557923,0.8042945275131226,0.00024147765579218827,-0.00016329748687748946,-0.00040477514266967773
00015_id00270_wavtolip.mp4,1,FakeVideo-RealAudio,0.8525853753089905,0.82207097,0.7859272,0.85821474,0.8230419276557923,0.8225132046543122,0.0009709576557923594,0.00044223465431225684,-0.0005287230014801025
00015_id00287_wavtolip.mp4,1,FakeVideo-RealAudio,0.99906986951828,0.82272026,0.78578657,0.85965395,0.8229716126557922,0.8223688606855011,0.0002513526557922363,-0.0003513993144989014,-0.0006027519702911377
00015_id00434_wavtolip.mp4,1,FakeVideo-RealAudio,0.9951936602592468,0.82152777,0.7858157,0.85723984,0.8229861776557923,0.8210450331893921,0.0014584076557923042,-0.00048273681060784224,-0.0019411444664001465
00015_id00589_wavtolip.mp4,1,FakeVideo-RealAudio,0.9998557567596436,0.82147147,0.78589964,0.8570433,0.8230281476557922,0.8192406897128296,0.0015566776557922601,-0.0022307802871703863,-0.0037874579429626465
00015_id00633_wavtolip.mp4,1,FakeVideo-RealAudio,0.9999611377716064,0.82212262,0.78582644,0.8584188,0.8229915476557923,0.8227148330924225,0.0008689276557922732,0.0005922130924225222,-0.000276714563369751
00015_id00634_wavtolip.mp4,1,FakeVideo-RealAudio,0.9999498128890991,0.82194235,0.7858551,0.8580296,0.8230058776557923,0.8221493887126923,0.0010635276557922069,0.00020703871269223129,-0.0008564889430999756
00015_id00735_wavtolip.mp4,1,FakeVideo-RealAudio,0.999946117401123,0.82265097,0.78586924,0.8594327,0.8230129476557922,0.8227680321704102,0.00036197765579226715,0.00011706217041018707,-0.0002449154853820801
00015_id00806_wavtolip.mp4,1,FakeVideo-RealAudio,0.999983549118042,0.8195103100000001,0.78014046,0.85888016,0.8201485576557923,0.8185918929505158,0.0006382476557922345,-0.0009184170494842547,-0.0015566647052764893
00015_id00823_wavtolip.mp4,1,FakeVideo-RealAudio,0.9998742341995239,0.82261865,0.7858066,0.8594307,0.8229816276557922,0.8225188571937561,0.0003629776557921849,-9.979280624394793e-05,-0.0004627704620361328
00015_id00897_wavtolip.mp4,1,FakeVideo-RealAudio,0.9999964237213135,0.822220435,0.785812,0.85862887,0.8229843276557922,0.8227528232154846,0.0007638926557922421,0.0005323882154846249,-0.0002315044403076172
00239_id00068_wavtolip.mp4,1,FakeVideo-RealAudio,0.9999889135360718,0.82167865,0.7891419,0.8542154,0.8246492776557922,0.8240741524383545,0.0029706276557922573,0.002395502438354513,-0.0005751252174377441
00239_id00262_wavtolip.mp4,1,FakeVideo-RealAudio,0.9999880790710449,0.8233204000000001,0.7891483,0.8574925,0.8246524776557922,0.8242345596889495,0.0013320776557921299,0.0009141596889494785,-0.00041791796684265137
00239_id00328_wavtolip.mp4,1,FakeVideo-RealAudio,0.9999977350234985,0.82442317,0.7891456,0.85970074,0.8246511276557922,0.8236042018726348,0.00022795765579219918,-0.0008189681273651495,-0.0010469257831573486
00239_id00330_wavtolip.mp4,1,FakeVideo-RealAudio,0.9999946355819702,0.8220578700000001,0.78913844,0.8549773,0.8246475476557922,0.8243738431269836,0.0025896776557920997,0.002315973126983506,-0.00027370452880859375
00239_id00403_wavtolip.mp4,1,FakeVideo-RealAudio,0.9999793767929077,0.8236722249999999,0.78915375,0.8581907,0.8246552026557923,0.8243779516506196,0.0009829776557923608,0.0007057266506196314,-0.0002772510051727295
00239_id00491_wavtolip.mp4,1,FakeVideo-RealAudio,0.5610073804855347,0.8235346,0.7892373,0.8578319,0.8246969776557922,0.8221830325531005,0.0011623776557921905,-0.0013515674468994598,-0.0025139451026916504
00239_id00735_wavtolip.mp4,1,FakeVideo-RealAudio,0.999998927116394,0.8243640750000001,0.78913385,0.8595943,0.8246452526557922,0.8236454145420075,0.00028117765579216414,-0.0007186604579926259,-0.00099983811378479
00239_id00826_wavtolip.mp4,1,FakeVideo-RealAudio,0.9999327659606934,0.82438388,0.78914106,0.8596267,0.8246488576557922,0.8184827869561004,0.0002649776557922534,-0.005901093043899519,-0.0061660706996917725
00239_id01001_wavtolip.mp4,1,FakeVideo-RealAudio,0.9999979734420776,0.824379465,0.78915083,0.8596081,0.8246537426557923,0.8242878893461609,0.0002742776557922433,-9.157565383910438e-05,-0.00036585330963134766
00239_id01002_wavtolip.mp4,1,FakeVideo-RealAudio,0.9999438524246216,0.8241844199999999,0.7892207,0.85914814,0.8246886776557922,0.8237378643623352,0.0005042576557923173,-0.00044655563766471396,-0.0009508132934570312
00010_id00188_wavtolip.mp4,1,FakeVideo-RealAudio,0.9070947170257568,0.8247838000000001,0.7900047,0.8595629,0.8250806776557922,0.8248019365345001,0.000296877655792116,1.8136534500001744e-05,-0.00027874112129211426
00010_id00374_wavtolip.mp4,1,FakeVideo-RealAudio,0.5727518200874329,0.824078415,0.79003716,0.85811967,0.8250969076557922,0.8247083449765015,0.0010184926557922358,0.0006299299765014643,-0.0003885626792907715
00010_id00379_wavtolip.mp4,1,FakeVideo-RealAudio,0.9404441118240356,0.82466614,0.79005873,0.85927355,0.8251076926557923,0.824778198179474,0.00044155265579226555,0.00011205817947390617,-0.0003294944763183594
00010_id00434_wavtolip.mp4,1,FakeVideo-RealAudio,0.9999983310699463,0.8236346,0.7901157,0.8571535,0.8251361776557922,0.8249046732154846,0.0015015776557921745,0.0012700732154845573,-0.0002315044403076172
00010_id00484_wavtolip.mp4,1,FakeVideo-RealAudio,0.6935785412788391,0.823906425,0.79005855,0.8577543,0.8251076026557922,0.8247030063270568,0.001201177655792196,0.0007965813270568445,-0.00040459632873535156
00010_id00495_wavtolip.mp4,1,FakeVideo-RealAudio,0.998207688331604,0.824918065,0.78981686,0.86001927,0.8249867576557922,0.8198383170563507,6.869265579223516e-05,-0.005079747943649293,-0.005148440599441528
00010_id00589_wavtolip.mp4,1,FakeVideo-RealAudio,0.9998482465744019,0.8235643500000001,0.7900854,0.8570433,0.8251210276557923,0.8245006923152924,0.0015566776557922601,0.0009363423152923822,-0.0006203353404998779
00010_id00826_wavtolip.mp4,1,FakeVideo-RealAudio,0.9472217559814453,0.8247234800000001,0.79006743,0.85937953,0.8251120426557923,0.8248941280744935,0.00038856265579223503,0.0001706480744934069,-0.00021791458129882812
00010_id01018_wavtolip.mp4,1,FakeVideo-RealAudio,0.9999991655349731,0.8245818300000001,0.79009026,0.8590734,0.8251234576557922,0.8220555171822357,0.0005416276557921318,-0.0025263128177643868,-0.0030679404735565186
00010_id03589_wavtolip.mp4,1,FakeVideo-RealAudio,0.9999510049819946,0.8238252500000001,0.7901049,0.8575456,0.8251307776557922,0.8242341151821136,0.0013055276557921713,0.00040886518211358247,-0.0008966624736785889
00130_id00042_wavtolip.mp4,1,FakeVideo-RealAudio,0.9890506267547607,0.8236261300000001,0.79032576,0.8569265,0.8252412076557922,0.8251725133026886,0.0016150776557921631,0.0015463833026885254,-6.86943531036377e-05
00130_id00188_wavtolip.mp4,1,FakeVideo-RealAudio,0.9168930053710938,0.8249541650000001,0.79034543,0.8595629,0.8252510426557922,0.817492723277893,0.000296877655792116,-0.007461441722107054,-0.00775831937789917
00130_id00232_wavtolip.mp4,1,FakeVideo-RealAudio,0.9999986886978149,0.824205625,0.7903438,0.85806745,0.8252502276557923,0.8251815333026886,0.001044602655792204,0.0009759083026885662,-6.86943531036377e-05
00130_id00262_wavtolip.mp4,1,FakeVideo-RealAudio,0.9999780654907227,0.82272145,0.79033905,0.85510385,0.8252478526557923,0.8226503418411255,0.0025264026557922925,-7.110815887445554e-05,-0.002597510814666748
00130_id00270_wavtolip.mp4,1,FakeVideo-RealAudio,0.9290632009506226,0.8251014050000001,0.79030466,0.85989815,0.8252306576557922,0.8237111266442108,0.00012925265579211143,-0.0013902783557893095,-0.001519531011581421
00130_id00287_wavtolip.mp4,1,FakeVideo-RealAudio,0.9999270439147949,0.8249684500000001,0.790277,0.8596599,0.8252168276557923,0.8246666767845154,0.00024837765579222015,-0.0003017732154846353,-0.0005501508712768555
00130_id00735_wavtolip.mp4,1,FakeVideo-RealAudio,0.9999446868896484,0.82490695,0.7903812,0.8594327,0.8252689276557923,0.8251258169036866,0.00036197765579226715,0.00021886690368655426,-0.0001431107521057129
00130_id00813_wavtolip.mp4,1,FakeVideo-RealAudio,0.9999949932098389,0.82437572,0.79032654,0.8584249,0.8252415976557923,0.8246388456855012,0.0008658776557922687,0.000263125685501131,-0.0006027519702911377
00130_id01002_wavtolip.mp4,1,FakeVideo-RealAudio,0.6254536509513855,0.82286057,0.7903325,0.85538864,0.8252445776557922,0.8230822701549529,0.002384007655792164,0.00022170015495293072,-0.0021623075008392334
00130_id03589_wavtolip.mp4,1,FakeVideo-RealAudio,0.9999970197677612,0.823878635,0.7903376,0.85741967,0.8252471276557922,0.8237887808120727,0.0013684926557921973,-8.985418792728517e-05,-0.0014583468437194824
00001_id00270_wavtolip.mp4,1,FakeVideo-RealAudio,0.9999953508377075,0.823247625,0.78660715,0.8598881,0.8233819026557923,0.8231104631034851,0.0001342776557922143,-0.00013716189651491462,-0.0002714395523071289
00001_id00287_wavtolip.mp4,1,FakeVideo-RealAudio,0.9999977350234985,0.8231000749999999,0.78659695,0.8596032,0.8233768026557922,0.8233081083026885,0.00027672765579223046,0.00020803330268859277,-6.86943531036377e-05
00001_id00325_wavtolip.mp4,1,FakeVideo-RealAudio,0.9999978542327881,0.824603795,0.78948605,0.85972154,0.8248213526557923,0.8174795207332611,0.00021755765579223318,-0.007124274266738895,-0.007341831922531128
00001_id00374_wavtolip.mp4,1,FakeVideo-RealAudio,0.9999830722808838,0.8244287800000001,0.7894887,0.85936886,0.8248226776557923,0.8240354791122437,0.00039389765579223024,-0.00039330088775635375,-0.000787198543548584
00001_id00395_wavtolip.mp4,1,FakeVideo-RealAudio,0.9999974966049194,0.8229968299999999,0.7866344,0.85935926,0.8233955276557923,0.8230640066215515,0.00039869765579236827,6.717662155164561e-05,-0.00033152103424072266
00001_id00434_wavtolip.mp4,1,FakeVideo-RealAudio,0.9999969005584717,0.8244841,0.7894829,0.8594853,0.8248197776557922,0.8244018596889495,0.0003356776557921215,-8.224031105052987e-05,-0.00041791796684265137
00001_id00491_wavtolip.mp4,1,FakeVideo-RealAudio,0.5471646189689636,0.82364865,0.7894654,0.8578319,0.8248110276557923,0.8245397669174195,0.0011623776557923016,0.0008911169174194988,-0.00027126073837280273
00001_id00589_wavtolip.mp4,1,FakeVideo-RealAudio,0.9999963045120239,0.8228096,0.7866131,0.8590061,0.8233848776557922,0.8219744529464721,0.000575277655792128,-0.0008351470535279404,-0.0014104247093200684
00001_id01001_wavtolip.mp4,1,FakeVideo-RealAudio,0.9999973773956299,0.8232057500000001,0.7865873,0.8598242,0.8233719776557922,0.8232289563106536,0.00016622765579210608,2.3206310653556272e-05,-0.0001430213451385498
00001_id03716_wavtolip.mp4,1,FakeVideo-RealAudio,0.9997652173042297,0.82252061,0.78660166,0.85843956,0.8233791576557923,0.8228590177231598,0.0008585476557922966,0.00033840772315985035,-0.0005201399326324463
00088_id00232_wavtolip.mp4,1,FakeVideo-RealAudio,0.999967098236084,0.8242473,0.79093945,0.85755515,0.8255480526557922,0.8252861796489716,0.0013007526557922144,0.0010388796489715357,-0.0002618730068206787
00088_id00234_wavtolip.mp4,1,FakeVideo-RealAudio,0.9908231496810913,0.8237116849999999,0.79093987,0.8564835,0.8255482626557922,0.8248387289643859,0.0018365776557922597,0.0011270439643860097,-0.00070953369140625
00088_id00271_wavtolip.mp4,1,FakeVideo-RealAudio,0.5657023191452026,0.824795,0.7908524,0.8587376,0.8255045276557922,0.8238894503986358,0.0007095276557922414,-0.0009055496013641307,-0.001615077257156372
00088_id00633_wavtolip.mp4,1,FakeVideo-RealAudio,0.9999834299087524,0.82464563,0.79096186,0.8583294,0.8255592576557922,0.8251177064472961,0.0009136276557921708,0.000472076447296077,-0.00044155120849609375
00088_id00735_wavtolip.mp4,1,FakeVideo-RealAudio,0.9990835189819336,0.82535654,0.79084235,0.85987073,0.8254995026557923,0.8253050126998902,0.00014296265579227807,-5.152730010982154e-05,-0.0001944899559020996
00088_id01001_wavtolip.mp4,1,FakeVideo-RealAudio,0.7074609398841858,0.8251623699999999,0.7908778,0.85944694,0.8255172276557923,0.825220336920166,0.00035485765579235107,5.7966920166130365e-05,-0.0002968907356262207
00088_id01002_wavtolip.mp4,1,FakeVideo-RealAudio,0.6164476275444031,0.82311647,0.7908443,0.85538864,0.8255004776557922,0.8243531478485107,0.002384007655792164,0.00123667784851067,-0.0011473298072814941
00088_id01018_wavtolip.mp4,1,FakeVideo-RealAudio,0.9999943971633911,0.8246227500000001,0.79096454,0.85828096,0.8255605976557923,0.8253123145079804,0.00093784765579219,0.0006895645079803003,-0.00024828314781188965
00088_id03589_wavtolip.mp4,1,FakeVideo-RealAudio,0.9985652565956116,0.8239816,0.790903,0.8570602,0.8255298276557923,0.8240714808120728,0.0015482276557923225,8.988081207284004e-05,-0.0014583468437194824
00088_id03620_wavtolip.mp4,1,FakeVideo-RealAudio,0.9999922513961792,0.8230559500000001,0.790962,0.8551499,0.8255593276557922,0.8251003420886993,0.002503377655792116,0.0020443920886992206,-0.0004589855670928955
00078_id00234_wavtolip.mp4,1,FakeVideo-RealAudio,0.9999967813491821,0.8258402149999999,0.79206663,0.8596138,0.8261116426557922,0.8257596176237487,0.0002714276557922446,-8.059737625121244e-05,-0.00035202503204345703
00078_id00287_wavtolip.mp4,1,FakeVideo-RealAudio,0.9999285936355591,0.824952715,0.79024553,0.8596599,0.8252010926557922,0.8246955558611297,0.00024837765579222015,-0.00025715913887025543,-0.0005055367946624756
00078_id00325_wavtolip.mp4,1,FakeVideo-RealAudio,0.998950719833374,0.8247318800000001,0.7902854,0.85917836,0.8252210276557923,0.8247629957630158,0.0004891476557922214,3.1115763015732156e-05,-0.00045803189277648926
00078_id00373_wavtolip.mp4,1,FakeVideo-RealAudio,0.9999749660491943,0.8217761299999999,0.79030186,0.8532504,0.8252292576557922,0.8198513391739655,0.0034531276557923096,-0.0019247908260344726,-0.005377918481826782
00078_id00491_wavtolip.mp4,1,FakeVideo-RealAudio,0.5426920652389526,0.8240524499999999,0.790273,0.8578319,0.8252148276557922,0.8247567957630157,0.0011623776557923016,0.0007043457630158123,-0.00045803189277648926
00078_id00569_wavtolip.mp4,1,FakeVideo-RealAudio,0.9862094521522522,0.8249197500000001,0.7902089,0.8596306,0.8251827776557923,0.824812930834961,0.0002630276557922251,-0.00010681916503907374,-0.00036984682083129883
00078_id00633_wavtolip.mp4,1,FakeVideo-RealAudio,0.9999842643737793,0.824318415,0.7902859,0.85835093,0.8252212776557922,0.8209940268413544,0.0009028626557922026,-0.0033243881586456636,-0.004227250814437866
00078_id00897_wavtolip.mp4,1,FakeVideo-RealAudio,0.9999979734420776,0.82600903,0.7920674,0.85995066,0.8261120276557923,0.8256077723609925,0.0001029976557922474,-0.0004012576390075573,-0.0005042552947998047
00078_id01001_wavtolip.mp4,1,FakeVideo-RealAudio,0.6881564855575562,0.82484817,0.7902494,0.85944694,0.8252030276557922,0.8248404227993011,0.00035485765579224005,-7.747200698848822e-06,-0.00036260485649108887
00078_id03941_wavtolip.mp4,1,FakeVideo-RealAudio,0.9998489618301392,0.82501188,0.7902664,0.85975736,0.8252115276557923,0.824547263692093,0.00019964765579227883,-0.000464616307907062,-0.0006642639636993408
00037_id00188_wavtolip.mp4,1,FakeVideo-RealAudio,0.8904070854187012,0.8181975,0.7768321,0.8595629,0.8184943776557922,0.8159804325531006,0.000296877655792227,-0.0022170674468994234,-0.0025139451026916504
00037_id00232_wavtolip.mp4,1,FakeVideo-RealAudio,0.999998927116394,0.8177672,0.7768036,0.8587308,0.8184801276557923,0.8182486232154846,0.0007129276557922282,0.000481423215484611,-0.0002315044403076172
00037_id00234_wavtolip.mp4,1,FakeVideo-RealAudio,0.9999945163726807,0.8172178999999999,0.7768631,0.8575727,0.8185098776557922,0.8182869860866546,0.0012919776557922535,0.0010690860866546803,-0.00022289156913757324
00037_id00262_wavtolip.mp4,1,FakeVideo-RealAudio,0.9999856948852539,0.81642177,0.7770115,0.85583204,0.8185840776557922,0.8180553546543121,0.0021623076557921728,0.0016335846543120702,-0.0005287230014801025
00037_id00330_wavtolip.mp4,1,FakeVideo-RealAudio,0.9999947547912598,0.814605085,0.7769097,0.85230047,0.8185331776557923,0.8183988883911133,0.0039280926557923035,0.0037938033911133484,-0.00013428926467895508
00037_id00496_wavtolip.mp4,1,FakeVideo-RealAudio,0.9999635219573975,0.81724935,0.7769242,0.8575745,0.8185404276557922,0.8181745743461608,0.0012910776557921722,0.0009252243461608245,-0.00036585330963134766
00037_id00569_wavtolip.mp4,1,FakeVideo-RealAudio,0.5943102240562439,0.818019425,0.77676785,0.859271,0.8184622526557923,0.8175933361442567,0.00044282765579228833,-0.0004260888557433562,-0.0008689165115356445
00037_id00581_wavtolip.mp4,1,FakeVideo-RealAudio,0.9999973773956299,0.8182827500000001,0.7768447,0.8597208,0.8185006776557923,0.8158595958457947,0.00021792765579220497,-0.0024231541542053536,-0.0026410818099975586
00037_id00823_wavtolip.mp4,1,FakeVideo-RealAudio,0.9998834133148193,0.81787845,0.7763262,0.8594307,0.8182414276557922,0.8180099232154846,0.0003629776557921849,0.0001314732154845677,-0.0002315044403076172
00037_id03649_wavtolip.mp4,1,FakeVideo-RealAudio,0.5125317573547363,0.8176737000000001,0.7769369,0.8584105,0.8185467776557922,0.8181645330688476,0.0008730776557921427,0.0004908330688475626,-0.0003822445869445801
00005_id00042_wavtolip.mp4,1,FakeVideo-RealAudio,0.9774399995803833,0.82098575,0.7831214,0.8588501,0.8216390276557922,0.8212811911708832,0.0006532776557922615,0.0002954411708832039,-0.0003578364849090576
00005_id00068_wavtolip.mp4,1,FakeVideo-RealAudio,0.9990434050559998,0.80818725,0.7669737,0.8494008,0.8135651776557922,0.8128109702831268,0.005377927655792147,0.004623720283126742,-0.0007542073726654053
00005_id00373_wavtolip.mp4,1,FakeVideo-RealAudio,0.9996368885040283,0.81058428,0.7670064,0.85416216,0.8135815276557923,0.813226671403122,0.0029972476557922345,0.0026423914031219464,-0.0003548562526702881
00005_id00495_wavtolip.mp4,1,FakeVideo-RealAudio,0.9983305335044861,0.8213682849999999,0.7827173,0.86001927,0.8214369776557922,0.8202745976757049,6.869265579223516e-05,-0.0010936873242950451,-0.0011623799800872803
00005_id00591_wavtolip.mp4,1,FakeVideo-RealAudio,0.9987952709197998,0.81348565,0.7672505,0.8597208,0.8137035776557922,0.8130664934101104,0.00021792765579220497,-0.00041915658988955773,-0.0006370842456817627
00005_id00806_wavtolip.mp4,1,FakeVideo-RealAudio,0.7441750764846802,0.8189458000000001,0.7823676,0.855524,0.8212621276557923,0.8208628957450868,0.0023163276557922607,0.0019170957450866943,-0.0003992319107055664
00005_id01018_wavtolip.mp4,1,FakeVideo-RealAudio,0.9630804657936096,0.81230442,0.7671943,0.85741454,0.8136754776557922,0.8133742953857421,0.0013710576557921517,0.0010698753857421028,-0.00030118227005004883
00005_id03371_wavtolip.mp4,1,FakeVideo-RealAudio,0.6056719422340393,0.812294925,0.76719105,0.8573988,0.8136738526557923,0.8095618176197052,0.0013789276557922836,-0.0027331073802947525,-0.004112035036087036
00005_id03716_wavtolip.mp4,1,FakeVideo-RealAudio,0.9976168870925903,0.81280845,0.7674307,0.8581862,0.8137936776557922,0.8137481695095062,0.0009852276557922313,0.0009397195095062205,-4.550814628601074e-05
00005_id03816_wavtolip.mp4,1,FakeVideo-RealAudio,0.9794788956642151,0.8124773249999999,0.7665158,0.85843885,0.8133362276557923,0.8130878551010132,0.0008589026557923596,0.0006105301010133068,-0.00024837255477905273
00169_id00042_wavtolip.mp4,1,FakeVideo-RealAudio,0.9876042604446411,0.8233692,0.7898119,0.8569265,0.8249842776557923,0.8212902499935151,0.0016150776557922741,-0.0020789500064849475,-0.0036940276622772217
00169_id00325_wavtolip.mp4,1,FakeVideo-RealAudio,0.9982537627220154,0.8244416999999999,0.7896661,0.8592173,0.8249113776557923,0.8240882375114441,0.000469677655792311,-0.0003534624885558335,-0.0008231401443481445
00169_id00379_wavtolip.mp4,1,FakeVideo-RealAudio,0.9297386407852173,0.82453975,0.78980595,0.85927355,0.8249813026557922,0.8241225487361907,0.0004415526557921545,-0.0004172012638092859,-0.0008587539196014404
00169_id00395_wavtolip.mp4,1,FakeVideo-RealAudio,0.9629634022712708,0.8247417699999999,0.78970444,0.8597791,0.8249305476557922,0.8245607008349609,0.00018877765579228267,-0.00018106916503901616,-0.00036984682083129883
00169_id00806_wavtolip.mp4,1,FakeVideo-RealAudio,0.9996645450592041,0.8227818,0.7897359,0.8558277,0.8249462776557923,0.824342899836731,0.0021644776557923073,0.001561099836731028,-0.0006033778190612793
00169_id01001_wavtolip.mp4,1,FakeVideo-RealAudio,0.6686270236968994,0.824629395,0.78981185,0.85944694,0.8249842526557922,0.8244641127231598,0.00035485765579224005,-0.00016528227684020624,-0.0005201399326324463
00169_id03371_wavtolip.mp4,1,FakeVideo-RealAudio,0.5765206813812256,0.82357515,0.7897515,0.8573988,0.8249540776557922,0.8246642202682495,0.0013789276557921726,0.001089070268249448,-0.0002898573875427246
00169_id03589_wavtolip.mp4,1,FakeVideo-RealAudio,0.9999550580978394,0.823636465,0.78972733,0.8575456,0.8249419926557922,0.8242887257490539,0.0013055276557921713,0.0006522607490538901,-0.0006532669067382812
00169_id03649_wavtolip.mp4,1,FakeVideo-RealAudio,0.9944985508918762,0.82469345,0.7897113,0.8596756,0.8249339776557922,0.8246826248687744,0.0002405276557921887,-1.0825131225633555e-05,-0.00025135278701782227
00169_id03858_wavtolip.mp4,1,FakeVideo-RealAudio,0.9930617213249207,0.824424955,0.78971905,0.85913086,0.8249378526557922,0.8240267956604004,0.0005128976557922105,-0.00039815933959963523,-0.0009110569953918457
00125_id00234_wavtolip.mp4,1,FakeVideo-RealAudio,0.9999912977218628,0.814411115,0.77020293,0.8586193,0.8151797926557922,0.8122091567648315,0.0007686776557922492,-0.002201958235168444,-0.0029706358909606934
00125_id00271_wavtolip.mp4,1,FakeVideo-RealAudio,0.9907082319259644,0.81481095,0.7705517,0.8590702,0.8153541776557922,0.8119193407913208,0.0005432276557921778,-0.0028916092086792577,-0.0034348368644714355
00125_id00365_wavtolip.mp4,1,FakeVideo-RealAudio,0.9999946355819702,0.8148578200000001,0.77021414,0.8595015,0.8151853976557922,0.8132273254702759,0.00032757765579216613,-0.0016304945297241913,-0.0019580721855163574
00125_id00633_wavtolip.mp4,1,FakeVideo-RealAudio,0.9999954700469971,0.81482453,0.7702706,0.85937846,0.8152136276557922,0.8149423669174194,0.00038909765579220323,0.0001178369174194005,-0.00027126073837280273
00125_id00735_wavtolip.mp4,1,FakeVideo-RealAudio,0.9999990463256836,0.8149687999999999,0.7702375,0.8597001,0.8151970776557922,0.8149457248687744,0.0002282776557922528,-2.307513122556948e-05,-0.00025135278701782227
00125_id00823_wavtolip.mp4,1,FakeVideo-RealAudio,0.9999297857284546,0.8111034,0.7702742,0.8519326,0.8152154276557922,0.8132068107315064,0.004112027655792216,0.0021034107315063277,-0.0020086169242858887
00125_id01018_wavtolip.mp4,1,FakeVideo-RealAudio,0.9999562501907349,0.81494555,0.7702559,0.8596352,0.8152062776557922,0.8149747732154846,0.00026072765579221446,2.9223215484597276e-05,-0.0002315044403076172
00125_id03371_wavtolip.mp4,1,FakeVideo-RealAudio,0.9716593027114868,0.8146649850000001,0.7702304,0.85909957,0.8151935276557922,0.8146519002487183,0.0005285426557921635,-1.308475128181108e-05,-0.0005416274070739746
00125_id03651_wavtolip.mp4,1,FakeVideo-RealAudio,0.944711446762085,0.815051135,0.77023387,0.8598684,0.8151952626557922,0.8119268419595337,0.00014412765579219222,-0.0031242930404663527,-0.003268420696258545
00125_id03858_wavtolip.mp4,1,FakeVideo-RealAudio,0.9999959468841553,0.8149729,0.7703057,0.8596401,0.8152311776557922,0.8146879409233093,0.0002582776557922273,-0.0002849590766906829,-0.0005432367324829102
00065_id00068_wavtolip.mp4,1,FakeVideo-RealAudio,0.9999923706054688,0.821834475,0.79217255,0.8514964,0.8261646026557923,0.8257576817459107,0.004330127655792326,0.0039232067459107345,-0.0004069209098815918
00065_id00373_wavtolip.mp4,1,FakeVideo-RealAudio,0.9999796152114868,0.8239449750000001,0.79217315,0.8557168,0.8261649026557922,0.8248729123756409,0.0022199276557921532,0.000927937375640786,-0.0012919902801513672
00065_id00395_wavtolip.mp4,1,FakeVideo-RealAudio,0.9989064931869507,0.825759685,0.7921272,0.85939217,0.8261419276557922,0.8259253839813232,0.00038224265579223093,0.0001656989813232368,-0.00021654367446899414
00065_id00495_wavtolip.mp4,1,FakeVideo-RealAudio,0.99832683801651,0.8260701349999999,0.792121,0.86001927,0.8261388276557922,0.8259073232154845,6.869265579223516e-05,-0.00016281178451538203,-0.0002315044403076172
00065_id00633_wavtolip.mp4,1,FakeVideo-RealAudio,0.9999918937683105,0.8257002499999999,0.7921744,0.8592261,0.8261655276557922,0.8259489839813232,0.0004652776557922955,0.0002487339813233014,-0.00021654367446899414
00065_id00806_wavtolip.mp4,1,FakeVideo-RealAudio,0.999962329864502,0.8257866,0.7921791,0.8593941,0.8261678776557922,0.823706235628891,0.0003812776557922115,-0.0020803643711090336,-0.002461642026901245
00065_id01018_wavtolip.mp4,1,FakeVideo-RealAudio,0.9999830722808838,0.8257445999999999,0.79217255,0.85931665,0.8261646026557923,0.8188227707332612,0.00042000265579233975,-0.006921829266738788,-0.007341831922531128
00065_id03651_wavtolip.mp4,1,FakeVideo-RealAudio,0.9997159838676453,0.825944755,0.79216594,0.85972357,0.8261612976557922,0.8260009909636687,0.00021654265579218457,5.623596366877148e-05,-0.00016030669212341309
00065_id03716_wavtolip.mp4,1,FakeVideo-RealAudio,0.9999068975448608,0.8244606,0.7921635,0.8567577,0.8261600776557922,0.8258296593074799,0.0016994776557922586,0.0013690593074798807,-0.00033041834831237793
00065_id03816_wavtolip.mp4,1,FakeVideo-RealAudio,0.9812641143798828,0.8253037249999999,0.7921686,0.85843885,0.8261626276557923,0.8260334345882416,0.0008589026557923596,0.0007297095882417004,-0.00012919306755065918
00005_id00234_wavtolip.mp4,1,FakeVideo-RealAudio,0.9916431903839111,0.819755485,0.78302747,0.8564835,0.8215920626557922,0.8212034999765014,0.0018365776557922597,0.0014480149765014882,-0.0003885626792907715
00005_id00328_wavtolip.mp4,1,FakeVideo-RealAudio,0.9983538389205933,0.813107075,0.7667827,0.85943145,0.8134696776557923,0.8036345834423065,0.0003626026557922435,-0.009472491557693474,-0.009835094213485718
00005_id00374_wavtolip.mp4,1,FakeVideo-RealAudio,0.5730830430984497,0.82050282,0.78288597,0.85811967,0.8215213126557923,0.8211650258916474,0.0010184926557923468,0.0006622058916474494,-0.00035628676414489746
00005_id00491_wavtolip.mp4,1,FakeVideo-RealAudio,0.9998519420623779,0.821143115,0.7830848,0.85920143,0.8216207276557923,0.8213195453857423,0.00047761265579226997,0.00017643038574222114,-0.00030118227005004883
00005_id00496_wavtolip.mp4,1,FakeVideo-RealAudio,0.6020117998123169,0.8183166500000001,0.7826125,0.8540208,0.8213845776557922,0.8212341653347015,0.003067927655792113,0.002917515334701415,-0.00015041232109069824
00005_id00589_wavtolip.mp4,1,FakeVideo-RealAudio,0.9998608827590942,0.8200224,0.7830015,0.8570433,0.8215790776557923,0.8210627226181031,0.0015566776557922601,0.0010403226181030512,-0.000516355037689209
00005_id00591_wavtolip.mp4,1,FakeVideo-RealAudio,0.9987952709197998,0.81348565,0.7672505,0.8597208,0.8137035776557922,0.8106356371822356,0.00021792765579220497,-0.0028500128177643136,-0.0030679404735565186
00005_id00806_wavtolip.mp4,1,FakeVideo-RealAudio,0.7441750764846802,0.8189458000000001,0.7823676,0.855524,0.8212621276557923,0.820979065197754,0.0023163276557922607,0.0020332651977539307,-0.0002830624580383301
00005_id00823_wavtolip.mp4,1,FakeVideo-RealAudio,0.9999960660934448,0.824412535,0.78942627,0.8593988,0.8247914626557922,0.817033143277893,0.0003789276557921717,-0.007379391722106998,-0.00775831937789917
00005_id00897_wavtolip.mp4,1,FakeVideo-RealAudio,0.9999977350234985,0.82483255,0.789625,0.8600401,0.8248908276557922,0.8237279708385468,5.8277655792249305e-05,-0.001104579161453234,-0.0011628568172454834
00086_id00068_wavtolip.mp4,1,FakeVideo-RealAudio,0.9999881982803345,0.820552735,0.78829837,0.8528071,0.8242275126557923,0.8236071773152924,0.0036747776557922718,0.003054442315292394,-0.0006203353404998779
00086_id00234_wavtolip.mp4,1,FakeVideo-RealAudio,0.9999912977218628,0.82318095,0.7882814,0.8580805,0.8242190276557922,0.8237147723609924,0.0010380776557922244,0.0005338223609924198,-0.0005042552947998047
00086_id00262_wavtolip.mp4,1,FakeVideo-RealAudio,0.9999841451644897,0.822495835,0.7882953,0.85669637,0.8242259776557923,0.8236758267845155,0.0017301426557922994,0.001179991784515444,-0.0005501508712768555
00086_id00287_wavtolip.mp4,1,FakeVideo-RealAudio,0.9999293088912964,0.82409305,0.7885262,0.8596599,0.8243414276557922,0.8227558546977997,0.00024837765579222015,-0.0013371953022003336,-0.0015855729579925537
00086_id00403_wavtolip.mp4,1,FakeVideo-RealAudio,0.9999804496765137,0.82287765,0.7882964,0.8574589,0.8242265276557923,0.8238635353691102,0.00134887765579228,0.000985885369110151,-0.0003629922866821289
00086_id00434_wavtolip.mp4,1,FakeVideo-RealAudio,0.9999971389770508,0.8239156249999999,0.78828645,0.8595448,0.8242215526557922,0.8234112573123932,0.000305927655792293,-0.0005043676876067549,-0.0008102953433990479
00086_id00569_wavtolip.mp4,1,FakeVideo-RealAudio,0.6284762620925903,0.82381055,0.7883501,0.859271,0.8242533776557923,0.8240542683399201,0.00044282765579228833,0.00024371833992009595,-0.00019910931587219238
00086_id01018_wavtolip.mp4,1,FakeVideo-RealAudio,0.9999762773513794,0.82387935,0.7882834,0.8594753,0.8242200276557923,0.8226633629505158,0.0003406776557922653,-0.001215987049484224,-0.0015566647052764893
00086_id03649_wavtolip.mp4,1,FakeVideo-RealAudio,0.5360556840896606,0.8233878,0.7883651,0.8584105,0.8242608776557923,0.8241778483856201,0.0008730776557922537,0.0007900483856201346,-8.302927017211914e-05
00086_id03858_wavtolip.mp4,1,FakeVideo-RealAudio,0.9999949932098389,0.82385902,0.7882885,0.85942954,0.8242225776557922,0.8240795563106537,0.00036355765579221266,0.00022053631065366286,-0.0001430213451385498
00043_id00042_wavtolip.mp4,1,FakeVideo-RealAudio,0.9999862909317017,0.8237547000000001,0.7896318,0.8578776,0.8248942276557922,0.8247310599407196,0.0011395276557921719,0.00097635994071954,-0.00016316771507263184
00043_id00232_wavtolip.mp4,1,FakeVideo-RealAudio,0.9999947547912598,0.8226008,0.7860654,0.8591362,0.8231110276557922,0.8227219285346985,0.0005102276557922281,0.00012112853469847806,-0.00038909912109375
00043_id00270_wavtolip.mp4,1,FakeVideo-RealAudio,0.9999842643737793,0.824445275,0.7896406,0.85924995,0.8248986276557922,0.8247556063106537,0.0004533526557922718,0.000310331310653722,-0.0001430213451385498
00043_id00365_wavtolip.mp4,1,FakeVideo-RealAudio,0.9999942779541016,0.82455862,0.78961974,0.8594975,0.8248881976557922,0.8244488220168305,0.00032957765579222364,-0.00010979798316956835,-0.000439375638961792
00043_id00379_wavtolip.mp4,1,FakeVideo-RealAudio,0.9999969005584717,0.8228779,0.7861164,0.8596394,0.8231365276557923,0.8228070331794739,0.0002586276557922096,-7.086682052614979e-05,-0.0003294944763183594
00043_id00395_wavtolip.mp4,1,FakeVideo-RealAudio,0.9999979734420776,0.8244848149999999,0.7896388,0.85933083,0.8248977276557923,0.8244817468399048,0.00041291265579235237,-3.068160095098804e-06,-0.00041598081588745117
00043_id00633_wavtolip.mp4,1,FakeVideo-RealAudio,0.999992847442627,0.8246613,0.7896193,0.8597033,0.8248879776557922,0.824234710749054,0.00022667765579220678,-0.00042658925094607447,-0.0006532669067382812
00043_id00823_wavtolip.mp4,1,FakeVideo-RealAudio,0.9998742341995239,0.82271503,0.78599936,0.8594307,0.8230780076557922,0.8227956008488464,0.0003629776557921849,8.05708488463841e-05,-0.0002824068069458008
00043_id03620_wavtolip.mp4,1,FakeVideo-RealAudio,0.9999978542327881,0.8227447,0.7861274,0.859362,0.8231420276557923,0.8215667663013458,0.0003973276557922567,-0.0011779336986541544,-0.0015752613544464111
00043_id03941_wavtolip.mp4,1,FakeVideo-RealAudio,0.9920011758804321,0.8244342499999999,0.78954375,0.85932475,0.8248502026557922,0.8170918832778931,0.00041595265579230656,-0.007342366722106863,-0.00775831937789917
00072_id00234_wavtolip.mp4,1,FakeVideo-RealAudio,0.9978132247924805,0.820892085,0.7829015,0.85888267,0.8215290776557922,0.8182606569595336,0.0006369926557922012,-0.0026314280404663437,-0.003268420696258545
00072_id00270_wavtolip.mp4,1,FakeVideo-RealAudio,0.9183855652809143,0.822111545,0.78432494,0.85989815,0.8222407976557922,0.821910707133026,0.00012925265579211143,-0.00020083786697400186,-0.0003300905227661133
00072_id00271_wavtolip.mp4,1,FakeVideo-RealAudio,0.990376889705658,0.82169927,0.78432834,0.8590702,0.8222424976557923,0.8221082083911133,0.0005432276557922888,0.00040893839111333374,-0.00013428926467895508
00072_id00332_wavtolip.mp4,1,FakeVideo-RealAudio,0.9918560981750488,0.8215917500000001,0.7836292,0.8595543,0.8218929276557922,0.8215336010547638,0.00030117765579218414,-5.814894523625824e-05,-0.0003593266010284424
00072_id00434_wavtolip.mp4,1,FakeVideo-RealAudio,0.9999946355819702,0.82056203,0.7836129,0.85751116,0.8218847776557923,0.821587886920166,0.0013227476557922113,0.0010258569201659906,-0.0002968907356262207
00072_id00496_wavtolip.mp4,1,FakeVideo-RealAudio,0.9999922513961792,0.819430265,0.78362083,0.8552397,0.8218887426557923,0.8215089418592835,0.0024584776557922128,0.0020786768592834237,-0.00037980079650878906
00072_id00569_wavtolip.mp4,1,FakeVideo-RealAudio,0.6181206703186035,0.8216375,0.784004,0.859271,0.8220803276557922,0.8216329649944305,0.0004428276557921773,-4.5350055695170255e-06,-0.00044736266136169434
00072_id03589_wavtolip.mp4,1,FakeVideo-RealAudio,0.9987186193466187,0.82006175,0.7830633,0.8570602,0.8216099776557922,0.8212297298244476,0.0015482276557922114,0.001167979824447607,-0.0003802478313446045
00072_id03649_wavtolip.mp4,1,FakeVideo-RealAudio,0.5291112661361694,0.8211982,0.7839859,0.8584105,0.8220712776557922,0.8216775591747284,0.0008730776557922537,0.00047935917472841094,-0.0003937184810638428
00072_id03941_wavtolip.mp4,1,FakeVideo-RealAudio,0.9998624324798584,0.8219775300000001,0.7841977,0.85975736,0.8221771776557922,0.8217958867431641,0.0001996476557921678,-0.00018164325683600602,-0.00038129091262817383
00430_id00071_wavtolip.mp4,1,FakeVideo-RealAudio,0.7411295771598816,0.8257662699999999,0.7914669,0.86006564,0.8258117776557923,0.825725350920868,4.550765579236504e-05,-4.0919079131951364e-05,-8.64267349243164e-05
00430_id00188_wavtolip.mp4,1,FakeVideo-RealAudio,0.9996317625045776,0.82560316,0.79151267,0.85969365,0.8258346626557922,0.8256537625588989,0.00023150265579219287,5.060255889888232e-05,-0.00018090009689331055
00430_id00332_wavtolip.mp4,1,FakeVideo-RealAudio,0.7741119861602783,0.824377265,0.79141873,0.8573358,0.8257876926557922,0.8244957023756408,0.0014104276557922457,0.00011843737564087853,-0.0012919902801513672
00430_id00365_wavtolip.mp4,1,FakeVideo-RealAudio,0.9974170923233032,0.82546907,0.79154104,0.8593971,0.8258488476557923,0.8254442513270569,0.0003797776557922239,-2.4818672943127673e-05,-0.00040459632873535156
00430_id00434_wavtolip.mp4,1,FakeVideo-RealAudio,0.9999961853027344,0.8247808,0.7913922,0.8581694,0.8257744276557922,0.8254224026237488,0.0009936276557922508,0.0006416026237487937,-0.00035202503204345703
00430_id00484_wavtolip.mp4,1,FakeVideo-RealAudio,0.9995824694633484,0.82555884,0.79151565,0.85960203,0.8258361526557922,0.8232309528419495,0.00027731265579222786,-0.0023278871580505456,-0.0026051998138427734
00430_id00569_wavtolip.mp4,1,FakeVideo-RealAudio,0.6335103511810303,0.825393115,0.79151523,0.859271,0.8258359426557922,0.8249770993292236,0.0004428276557921773,-0.0004160156707764262,-0.0008588433265686035
00430_id00591_wavtolip.mp4,1,FakeVideo-RealAudio,0.9988059997558594,0.8256500849999999,0.79157937,0.8597208,0.8258680126557922,0.8257249913106537,0.000217927655792316,7.490631065376618e-05,-0.0001430213451385498
00430_id03589_wavtolip.mp4,1,FakeVideo-RealAudio,0.9987202882766724,0.82424963,0.79143906,0.8570602,0.8257978576557923,0.8252777177231598,0.0015482276557923225,0.0010280877231598762,-0.0005201399326324463
00430_id03651_wavtolip.mp4,1,FakeVideo-RealAudio,0.9481179118156433,0.8256943999999999,0.7915204,0.8598684,0.8258385276557922,0.825634649968338,0.00014412765579230324,-5.975003166192039e-05,-0.00020387768745422363
00002_id00071_wavtolip.mp4,1,FakeVideo-RealAudio,0.7005626559257507,0.8258669999999999,0.79166836,0.86006564,0.8259125076557923,0.8254082523609925,4.550765579236504e-05,-0.00045874763900743964,-0.0005042552947998047
00002_id00234_wavtolip.mp4,1,FakeVideo-RealAudio,0.9999960660934448,0.8242095,0.7916514,0.8567676,0.8259040276557923,0.8256033520252228,0.001694527655792255,0.001393852025222797,-0.000300675630569458
00002_id00270_wavtolip.mp4,1,FakeVideo-RealAudio,0.9148941040039062,0.825778455,0.79165876,0.85989815,0.8259077076557922,0.8248912696484375,0.00012925265579222245,-0.0008871853515625139,-0.0010164380073547363
00002_id00332_wavtolip.mp4,1,FakeVideo-RealAudio,0.745948076248169,0.8245003,0.7916648,0.8573358,0.8259107276557922,0.8253674909233093,0.0014104276557922457,0.0008671909233093356,-0.0005432367324829102
00002_id00374_wavtolip.mp4,1,FakeVideo-RealAudio,0.5570738315582275,0.8248927349999999,0.7916658,0.85811967,0.8259112276557923,0.8257789649490357,0.0010184926557923468,0.000886229949035755,-0.0001322627067565918
00002_id00495_wavtolip.mp4,1,FakeVideo-RealAudio,0.9982840418815613,0.82583356,0.79164785,0.86001927,0.8259022526557922,0.8250220112617492,6.869265579223516e-05,-0.0008115487382507336,-0.0008802413940429688
00002_id00589_wavtolip.mp4,1,FakeVideo-RealAudio,0.9998595714569092,0.82434173,0.79164016,0.8570433,0.8258984076557923,0.8256397234974671,0.0015566776557922601,0.0012979934974670648,-0.0002586841583251953
00002_id00633_wavtolip.mp4,1,FakeVideo-RealAudio,0.9999895095825195,0.825174515,0.79164726,0.85870177,0.8259019576557922,0.8207535170563507,0.0007274426557921654,-0.004420997943649363,-0.005148440599441528
00002_id03844_wavtolip.mp4,1,FakeVideo-RealAudio,0.8474504947662354,0.82555847,0.79158354,0.8595334,0.8258700976557922,0.8254763791747284,0.0003116276557921793,-8.209082527166345e-05,-0.0003937184810638428
00002_id03858_wavtolip.mp4,1,FakeVideo-RealAudio,0.9934030175209045,0.82540208,0.7916733,0.85913086,0.8259149776557922,0.8255351768592835,0.0005128976557922105,0.0001330968592834214,-0.00037980079650878906
00081_id00068_wavtolip.mp4,1,FakeVideo-RealAudio,0.9990003705024719,0.8194287,0.7894566,0.8494008,0.8248066276557922,0.8245582551010131,0.005377927655792147,0.005129555101013095,-0.00024837255477905273
00081_id00270_wavtolip.mp4,1,FakeVideo-RealAudio,0.9154165387153625,0.8246783900000001,0.78945863,0.85989815,0.8248076426557922,0.8246561276487732,0.00012925265579211143,-2.2262351226931543e-05,-0.00015151500701904297
00081_id00328_wavtolip.mp4,1,FakeVideo-RealAudio,0.9983219504356384,0.8244376499999999,0.78944385,0.85943145,0.8248002526557923,0.8242801127231598,0.0003626026557923545,-0.00015753727684009178,-0.0005201399326324463
00081_id00379_wavtolip.mp4,1,FakeVideo-RealAudio,0.9343665242195129,0.824370145,0.78946674,0.85927355,0.8248116976557922,0.8246903127967071,0.0004415526557921545,0.0003201677967070715,-0.00012138485908508301
00081_id00496_wavtolip.mp4,1,FakeVideo-RealAudio,0.9994096755981445,0.8220769299999999,0.7892076,0.85494626,0.8246821276557923,0.8227240554702759,0.0026051976557923684,0.000647125470276011,-0.0019580721855163574
00081_id00581_wavtolip.mp4,1,FakeVideo-RealAudio,0.9715163111686707,0.8240306,0.7893584,0.8587028,0.8247575276557922,0.8236600869361878,0.0007269276557922977,-0.0003705130638121945,-0.0010974407196044922
00081_id00589_wavtolip.mp4,1,FakeVideo-RealAudio,0.9998520612716675,0.82325625,0.7894692,0.8570433,0.8248129276557923,0.8232486037536622,0.0015566776557922601,-7.646246337866813e-06,-0.001564323902130127
00081_id00633_wavtolip.mp4,1,FakeVideo-RealAudio,0.9999595880508423,0.8239158,0.7894128,0.8584188,0.8247847276557922,0.8242612796653748,0.0008689276557922732,0.0003454796653747927,-0.0005234479904174805
00081_id00806_wavtolip.mp4,1,FakeVideo-RealAudio,0.724340558052063,0.8223073,0.7890906,0.855524,0.8246236276557922,0.8241566848686218,0.0023163276557922607,0.0018493848686218506,-0.00046694278717041016
00081_id03844_wavtolip.mp4,1,FakeVideo-RealAudio,0.8550018072128296,0.8244797500000001,0.7894261,0.8595334,0.8247913776557922,0.8242481409233093,0.0003116276557921793,-0.00023160907669073083,-0.0005432367324829102
00001_id00271_wavtolip.mp4,1,FakeVideo-RealAudio,0.9901941418647766,0.8242764499999999,0.7894827,0.8590702,0.8248196776557922,0.8242443736244202,0.0005432276557922888,-3.207637557978149e-05,-0.0005753040313720703
00001_id00325_wavtolip.mp4,1,FakeVideo-RealAudio,0.9999978542327881,0.824603795,0.78948605,0.85972154,0.8248213526557923,0.8244322535346985,0.00021755765579223318,-0.00017154146530151682,-0.00038909912109375
00001_id00330_wavtolip.mp4,1,FakeVideo-RealAudio,0.999993085861206,0.822159795,0.78949636,0.85482323,0.8248265076557922,0.8244105566422272,0.002666712655792214,0.0022507616422271504,-0.0004159510135650635
00001_id00373_wavtolip.mp4,1,FakeVideo-RealAudio,0.9999916553497314,0.8233023,0.7895007,0.8571039,0.8248286776557923,0.8243706457630158,0.0015263776557922215,0.0010683457630157323,-0.00045803189277648926
00001_id00374_wavtolip.mp4,1,FakeVideo-RealAudio,0.9999830722808838,0.8244287800000001,0.7894887,0.85936886,0.8248226776557923,0.8222394123512269,0.00039389765579223024,-0.0021893676487731994,-0.0025832653045654297
00001_id00403_wavtolip.mp4,1,FakeVideo-RealAudio,0.9999775886535645,0.82378315,0.789478,0.8580883,0.8248173276557922,0.8235991279258728,0.0010341776557921678,-0.0001840220741272658,-0.0012181997299194336
00001_id00491_wavtolip.mp4,1,FakeVideo-RealAudio,0.5471646189689636,0.82364865,0.7894654,0.8578319,0.8248110276557923,0.8245836657382966,0.0011623776557923016,0.000935015738296574,-0.00022736191749572754
00001_id00495_wavtolip.mp4,1,FakeVideo-RealAudio,0.9050567150115967,0.82461385,0.7894601,0.8597676,0.8248083776557922,0.8241712934101104,0.00019452765579219822,-0.0004425565898895645,-0.0006370842456817627
00001_id00581_wavtolip.mp4,1,FakeVideo-RealAudio,0.9999935626983643,0.8232543,0.7866323,0.8598763,0.8233944776557922,0.8228743377231598,0.00014017765579221741,-0.0003799622768402289,-0.0005201399326324463
00001_id00823_wavtolip.mp4,1,FakeVideo-RealAudio,0.5664606690406799,0.8206912550000001,0.78947985,0.85190266,0.8248182526557922,0.8246678403347015,0.004126997655792164,0.003976585334701466,-0.00015041232109069824
00092_id00188_wavtolip.mp4,1,FakeVideo-RealAudio,0.9996587038040161,0.823452595,0.78721154,0.85969365,0.8236840976557922,0.8225461257777404,0.00023150265579219287,-0.0009064692222595649,-0.0011379718780517578
00092_id00234_wavtolip.mp4,1,FakeVideo-RealAudio,0.9999884366989136,0.82548317,0.7921847,0.85878164,0.8261706776557922,0.8255336828170776,0.0006875076557921744,5.051281707757482e-05,-0.0006369948387145996
00092_id00325_wavtolip.mp4,1,FakeVideo-RealAudio,0.999993085861206,0.82600205,0.7921863,0.8598178,0.8261714776557922,0.8260422249835968,0.0001694276557921981,4.0174983596763525e-05,-0.00012925267219543457
00092_id00395_wavtolip.mp4,1,FakeVideo-RealAudio,0.9999974966049194,0.8257545799999999,0.79218733,0.85932183,0.8261719926557922,0.8255070730410003,0.00041741265579231523,-0.0002475069589995549,-0.0006649196147918701
00092_id00581_wavtolip.mp4,1,FakeVideo-RealAudio,0.9999924898147583,0.8260748099999999,0.79218185,0.85996777,0.8261692526557922,0.8242988887050628,9.444265579228173e-05,-0.0017759212949370884,-0.0018703639507293701
00092_id00591_wavtolip.mp4,1,FakeVideo-RealAudio,0.9998587369918823,0.82340168,0.7873864,0.85941696,0.8237715276557922,0.8221859546977996,0.00036984765579217704,-0.0012157253022003767,-0.0015855729579925537
00092_id00633_wavtolip.mp4,1,FakeVideo-RealAudio,0.9999957084655762,0.825685015,0.792208,0.85916203,0.8261823276557922,0.8207350293674469,0.0004973126557922258,-0.004949985632553111,-0.005447298288345337
00092_id01001_wavtolip.mp4,1,FakeVideo-RealAudio,0.9999973773956299,0.8259985,0.7921927,0.8598043,0.8261746776557922,0.8259135795093536,0.00017617765579225342,-8.492049064634521e-05,-0.00026109814643859863
00092_id03649_wavtolip.mp4,1,FakeVideo-RealAudio,0.9999819993972778,0.8254587250000001,0.7921894,0.85872805,0.8261730276557923,0.8258826338264466,0.0007143026557921983,0.0004239088264464952,-0.0002903938293457031
00092_id03858_wavtolip.mp4,1,FakeVideo-RealAudio,0.9999947547912598,0.8260041650000001,0.79217803,0.8598303,0.8261673426557923,0.8257822072435761,0.00016317765579221266,-0.00022195775642397386,-0.0003851354122161865
00040_id00068_wavtolip.mp4,1,FakeVideo-RealAudio,0.9989252686500549,0.81987413,0.79034746,0.8494008,0.8252520576557922,0.8247547463021088,0.005377927655792258,0.004880616302108787,-0.0004973113536834717
00040_id00234_wavtolip.mp4,1,FakeVideo-RealAudio,0.9900463223457336,0.82346165,0.7904398,0.8564835,0.8252982276557923,0.8250959890960694,0.0018365776557922597,0.0016343390960693593,-0.0002022385597229004
00040_id00328_wavtolip.mp4,1,FakeVideo-RealAudio,0.9974550604820251,0.824989775,0.7903166,0.85966295,0.8252366276557923,0.8237505050476075,0.00024685265579227345,-0.001239269952392541,-0.0014861226081848145
00040_id00330_wavtolip.mp4,1,FakeVideo-RealAudio,0.9840313196182251,0.82459706,0.79024297,0.85895115,0.8251998126557922,0.8244541883519745,0.000602752655792238,-0.000142871648025511,-0.000745624303817749
00040_id00365_wavtolip.mp4,1,FakeVideo-RealAudio,0.9969657063484192,0.82483125,0.7902654,0.8593971,0.8252110276557922,0.8178691957332611,0.0003797776557922239,-0.006962054266738904,-0.007341831922531128
00040_id00373_wavtolip.mp4,1,FakeVideo-RealAudio,0.9999855756759644,0.8203154500000001,0.79063505,0.84999585,0.8253958526557923,0.8244106176799775,0.005080402655792238,0.004095167679977418,-0.0009852349758148193
00040_id00633_wavtolip.mp4,1,FakeVideo-RealAudio,0.9999575614929199,0.82441425,0.7904097,0.8584188,0.8252831776557923,0.8247789223609925,0.0008689276557922732,0.00036467236099246847,-0.0005042552947998047
00040_id00813_wavtolip.mp4,1,FakeVideo-RealAudio,0.6049125790596008,0.82313895,0.79057604,0.85570186,0.8253663476557922,0.8250452574343872,0.0022273976557921626,0.0019063074343871333,-0.0003210902214050293
00040_id00826_wavtolip.mp4,1,FakeVideo-RealAudio,0.9401351809501648,0.82481289,0.79024625,0.85937953,0.8252014526557923,0.8230002531242371,0.00038856265579223503,-0.0018126368757629407,-0.0022011995315551758
00040_id03716_wavtolip.mp4,1,FakeVideo-RealAudio,0.9999971389770508,0.82420347,0.79045504,0.8579519,0.8253058476557922,0.8250987513175201,0.0011023776557921305,0.0008952813175200358,-0.00020709633827209473
00093_id00232_wavtolip.mp4,1,FakeVideo-RealAudio,0.9999986886978149,0.82211582,0.7850075,0.85922414,0.8225820776557922,0.8219290193653106,0.00046625765579211276,-0.00018680063468945463,-0.0006530582904815674
00093_id00234_wavtolip.mp4,1,FakeVideo-RealAudio,0.9999898672103882,0.8216356300000001,0.7850021,0.85826916,0.8225793776557923,0.8184673426197052,0.0009437476557921931,-0.003168287380294843,-0.004112035036087036
00093_id00330_wavtolip.mp4,1,FakeVideo-RealAudio,0.9999943971633911,0.8196255299999999,0.7850262,0.85422486,0.8225914276557922,0.8223431445079803,0.002965897655792249,0.0027176145079803593,-0.00024828314781188965
00093_id00491_wavtolip.mp4,1,FakeVideo-RealAudio,0.5438666343688965,0.8215097499999999,0.7851876,0.8578319,0.8226721276557922,0.8223509778297424,0.0011623776557923016,0.0008412278297424969,-0.0003211498260498047
00093_id00569_wavtolip.mp4,1,FakeVideo-RealAudio,0.9869259595870972,0.8225258,0.785421,0.8596306,0.8227888276557922,0.822253101108551,0.0002630276557922251,-0.00027269889144898585,-0.0005357265472412109
00093_id00735_wavtolip.mp4,1,FakeVideo-RealAudio,0.999998927116394,0.822240385,0.78501797,0.8594628,0.8225873126557922,0.8223242773583984,0.0003469276557922507,8.389235839845188e-05,-0.00026303529739379883
00093_id03620_wavtolip.mp4,1,FakeVideo-RealAudio,0.9999955892562866,0.8216346800000001,0.78501636,0.858253,0.8225865076557922,0.8221471320168304,0.000951827655792159,0.000512452016830367,-0.000439375638961792
00093_id03651_wavtolip.mp4,1,FakeVideo-RealAudio,0.9449597597122192,0.82253283,0.78519726,0.8598684,0.8226769576557922,0.8216584632881927,0.00014412765579219222,-0.0008743667118072951,-0.0010184943675994873
00093_id03844_wavtolip.mp4,1,FakeVideo-RealAudio,0.8578490018844604,0.8223427,0.785152,0.8595334,0.8226543276557923,0.8223337738761902,0.00031162765579229035,-8.926123809760433e-06,-0.0003205537796020508
00093_id03858_wavtolip.mp4,1,FakeVideo-RealAudio,0.999995231628418,0.82226988,0.7850108,0.85952896,0.8225837276557922,0.8223658130744934,0.00031384765579223206,9.593307449340394e-05,-0.00021791458129882812
00028_id00042_wavtolip.mp4,1,FakeVideo-RealAudio,0.9999879598617554,0.823623175,0.78972125,0.8575251,0.8249389526557922,0.8247824606609344,0.0013157776557921608,0.0011592856609343727,-0.00015649199485778809
00028_id00271_wavtolip.mp4,1,FakeVideo-RealAudio,0.9896503686904907,0.82437525,0.7896803,0.8590702,0.8249184776557923,0.823427318455124,0.0005432276557922888,-0.0009479315448760461,-0.001491159200668335
00028_id00365_wavtolip.mp4,1,FakeVideo-RealAudio,0.9999951124191284,0.8245527749999999,0.78971255,0.859393,0.8249346026557922,0.8237722226757049,0.0003818276557923106,-0.0007805523242949697,-0.0011623799800872803
00028_id00379_wavtolip.mp4,1,FakeVideo-RealAudio,0.8856503367424011,0.8261554,0.7926374,0.8596734,0.8263970276557923,0.8255382737361908,0.00024162765579227585,-0.0006171262638091646,-0.0008587539196014404
00028_id00434_wavtolip.mp4,1,FakeVideo-RealAudio,0.9999971389770508,0.8251378,0.7905651,0.8597105,0.8253608776557922,0.8249982727993012,0.00022307765579221428,-0.0001395272006988746,-0.00036260485649108887
00028_id00484_wavtolip.mp4,1,FakeVideo-RealAudio,0.9999940395355225,0.823809805,0.78971434,0.85790527,0.8249354976557922,0.824320288314743,0.0011256926557922098,0.0005104833147430154,-0.0006152093410491943
00028_id00591_wavtolip.mp4,1,FakeVideo-RealAudio,0.998730480670929,0.82545235,0.7911839,0.8597208,0.8256702776557923,0.8254838641292572,0.000217927655792316,3.151412925728181e-05,-0.00018641352653503418
00028_id00813_wavtolip.mp4,1,FakeVideo-RealAudio,0.9535635113716125,0.825020675,0.79252255,0.8575188,0.8263396026557923,0.8254949452346803,0.0013189276557923346,0.00047427023468027407,-0.0008446574211120605
00028_id00897_wavtolip.mp4,1,FakeVideo-RealAudio,0.9999979734420776,0.82488337,0.78973204,0.8600347,0.8249443476557923,0.8245506291747284,6.0977655792271435e-05,-0.00033274082527157134,-0.0003937184810638428
00028_id03620_wavtolip.mp4,1,FakeVideo-RealAudio,0.9999972581863403,0.8245987,0.7897225,0.8594749,0.8249395776557922,0.8244173217582702,0.00034087765579216,-0.00018137824172981265,-0.0005222558975219727
00092_id00271_wavtolip.mp4,1,FakeVideo-RealAudio,0.989238977432251,0.8256371499999999,0.7922041,0.8590702,0.8261803776557922,0.8255433828170776,0.0005432276557922888,-9.376718292231079e-05,-0.0006369948387145996
00092_id00328_wavtolip.mp4,1,FakeVideo-RealAudio,0.997920572757721,0.8237983,0.78793365,0.85966295,0.8240451526557923,0.816819996825409,0.00024685265579227345,-0.006978303174591027,-0.007225155830383301
00092_id00374_wavtolip.mp4,1,FakeVideo-RealAudio,0.9999828338623047,0.825735315,0.7922087,0.85926193,0.8261826776557922,0.825567468314743,0.00044736265579226053,-0.0001678466852569338,-0.0006152093410491943
00092_id00379_wavtolip.mp4,1,FakeVideo-RealAudio,0.8853534460067749,0.823586025,0.78749865,0.8596734,0.8238276526557922,0.823224900685501,0.00024162765579216483,-0.00036112431449897286,-0.0006027519702911377
00092_id00484_wavtolip.mp4,1,FakeVideo-RealAudio,0.6941729784011841,0.82284555,0.7879368,0.8577543,0.8240467276557922,0.8227412071212769,0.001201177655792196,-0.00010434287872318482,-0.0013055205345153809
00092_id00496_wavtolip.mp4,1,FakeVideo-RealAudio,0.9999932050704956,0.82277043,0.78787106,0.8576698,0.8240138576557923,0.8228510008385468,0.0012434276557922175,8.057083854673408e-05,-0.0011628568172454834
00092_id00591_wavtolip.mp4,1,FakeVideo-RealAudio,0.9998587369918823,0.82340168,0.7873864,0.85941696,0.8237715276557922,0.8233995648700714,0.00036984765579217704,-2.1151299286481517e-06,-0.0003719627857208252
00092_id03651_wavtolip.mp4,1,FakeVideo-RealAudio,0.9480055570602417,0.8236866,0.7875048,0.8598684,0.8238307276557922,0.8236141839813232,0.00014412765579219222,-7.241601867680192e-05,-0.00021654367446899414
00092_id03844_wavtolip.mp4,1,FakeVideo-RealAudio,0.8662593960762024,0.8236411,0.7877488,0.8595334,0.8239527276557923,0.8238023153347016,0.00031162765579229035,0.0001612153347015921,-0.00015041232109069824
00092_id03858_wavtolip.mp4,1,FakeVideo-RealAudio,0.9999947547912598,0.8260041650000001,0.79217803,0.8598303,0.8261673426557923,0.8246227478910828,0.00016317765579221266,-0.00138141710891726,-0.0015445947647094727
00021_id00068_wavtolip.mp4,1,FakeVideo-RealAudio,0.9999872446060181,0.8044329,0.75400615,0.85485965,0.8070814026557922,0.8069383813106537,0.0026485026557921953,0.0025054813106536455,-0.0001430213451385498
00021_id00071_wavtolip.mp4,1,FakeVideo-RealAudio,0.9999827146530151,0.8073471,0.7549222,0.859772,0.8075394276557922,0.807061815637207,0.00019232765579224598,-0.0002852843627929591,-0.0004776120185852051
00021_id00262_wavtolip.mp4,1,FakeVideo-RealAudio,0.9999840259552002,0.8059319549999999,0.75407386,0.85779005,0.8071152576557923,0.8069271155945588,0.001183302655792362,0.0009951605945588415,-0.0001881420612335205
00021_id00332_wavtolip.mp4,1,FakeVideo-RealAudio,0.9999860525131226,0.806919165,0.7539313,0.85990703,0.8070439776557923,0.805881597675705,0.000124812655792228,-0.0010375673242950523,-0.0011623799800872803
00021_id00374_wavtolip.mp4,1,FakeVideo-RealAudio,0.5762211084365845,0.80651335,0.7540105,0.8590162,0.8070835776557923,0.8057608313789368,0.0005702276557922881,-0.0007525186210631807,-0.0013227462768554688
00021_id00434_wavtolip.mp4,1,FakeVideo-RealAudio,0.9999966621398926,0.80684495,0.7539701,0.8597198,0.8070633776557923,0.8068475194347382,0.00021842765579227486,2.5694347381977067e-06,-0.00021585822105407715
00021_id00581_wavtolip.mp4,1,FakeVideo-RealAudio,0.9999936819076538,0.8069703,0.75399506,0.85994554,0.8070758576557923,0.803381829993515,0.0001055576557922322,-0.0035884700064849895,-0.0036940276622772217
00021_id00826_wavtolip.mp4,1,FakeVideo-RealAudio,0.9999040365219116,0.8068247,0.7539582,0.8596912,0.8070574276557922,0.8068293206802368,0.00023272765579229748,4.620680236877561e-06,-0.00022810697555541992
00021_id00897_wavtolip.mp4,1,FakeVideo-RealAudio,0.9999977350234985,0.80702377,0.7540095,0.86003804,0.8070830776557922,0.8067204727993011,5.930765579220676e-05,-0.0003032972006988821,-0.00036260485649108887
00021_id03651_wavtolip.mp4,1,FakeVideo-RealAudio,0.9430989027023315,0.8067120999999999,0.7535558,0.8598684,0.8068562276557922,0.8060690291122437,0.00014412765579230324,-0.0006430708877562807,-0.000787198543548584
00028_id00188_wavtolip.mp4,1,FakeVideo-FakeAudio,0.9999972581863403,0.8246131649999999,0.78962713,0.8595992,0.8248918926557922,0.821197864993515,0.000278727655792288,-0.0034153000064849337,-0.0036940276622772217
00028_id00374_wavtolip.mp4,1,FakeVideo-FakeAudio,0.9999849796295166,0.82511405,0.7905605,0.8596676,0.8253585776557922,0.8250579020252228,0.0002445276557921927,-5.61479747772653e-05,-0.000300675630569458
00028_id00403_wavtolip.mp4,1,FakeVideo-FakeAudio,0.999998927116394,0.82480987,0.7897446,0.85987514,0.8249506276557923,0.8246191066215516,0.00014075765579235622,-0.00019076337844836644,-0.00033152103424072266
00028_id00633_wavtolip.mp4,1,FakeVideo-FakeAudio,0.9999960660934448,0.8162172,0.7733289,0.8591055,0.8167427776557923,0.8161995409233094,0.0005255776557923086,-1.7659076690601516e-05,-0.0005432367324829102
00028_id00735_wavtolip.mp4,1,FakeVideo-FakeAudio,0.9999988079071045,0.8247353799999999,0.78969026,0.8597805,0.8249234576557922,0.8246750851010132,0.00018807765579231805,-6.029489898673468e-05,-0.00024837255477905273
00028_id00823_wavtolip.mp4,1,FakeVideo-FakeAudio,0.9998713731765747,0.8160367,0.7726427,0.8594307,0.8163996776557922,0.8161928197360993,0.0003629776557922959,0.00015611973609930274,-0.00020685791969299316
00028_id01002_wavtolip.mp4,1,FakeVideo-FakeAudio,0.9999470710754395,0.82442217,0.7896962,0.85914814,0.8249264276557922,0.8234680808120727,0.0005042576557922063,-0.0009540891879272761,-0.0014583468437194824
00028_id03716_wavtolip.mp4,1,FakeVideo-FakeAudio,0.9999967813491821,0.81633127,0.7733537,0.85930884,0.8167551776557922,0.8122938594013214,0.00042390765579214396,-0.004037410598678681,-0.004461318254470825
00028_id03858_wavtolip.mp4,1,FakeVideo-FakeAudio,0.9999973773956299,0.816361825,0.7732987,0.85942495,0.8167276776557922,0.8166518903499603,0.0003658526557922537,0.0002900653499603445,-7.578730583190918e-05
00004_id00071_wavtolip.mp4,1,FakeVideo-FakeAudio,0.9998853206634521,0.7983900150000001,0.7369242,0.85985583,0.7985404276557923,0.797830893964386,0.000150412655792187,-0.000559121035614063,-0.00070953369140625
00004_id00270_wavtolip.mp4,1,FakeVideo-FakeAudio,0.9286065101623535,0.798056025,0.7362139,0.85989815,0.7981852776557923,0.7980314678699494,0.00012925265579233347,-2.4557130050562037e-05,-0.0001538097858428955
00004_id00287_wavtolip.mp4,1,FakeVideo-FakeAudio,0.9999305009841919,0.798277075,0.73689425,0.8596599,0.7985254526557922,0.7982838154258728,0.00024837765579222015,6.74042587278656e-06,-0.0002416372299194336
00004_id00373_wavtolip.mp4,1,FakeVideo-FakeAudio,0.9999979734420776,0.796285865,0.73602533,0.8565464,0.7980909926557922,0.7977898103857421,0.0018051276557922158,0.001503945385742167,-0.00030118227005004883
00004_id00403_wavtolip.mp4,1,FakeVideo-FakeAudio,0.999998927116394,0.797829875,0.73621875,0.859441,0.7981877026557922,0.797671347618103,0.00035782765579217557,-0.00015852738189703341,-0.000516355037689209
00004_id00813_wavtolip.mp4,1,FakeVideo-FakeAudio,0.999995231628418,0.79718405,0.73608345,0.85828465,0.7981200526557922,0.7957360456787109,0.0009360026557921897,-0.0014480043212891092,-0.002384006977081299
00004_id00823_wavtolip.mp4,1,FakeVideo-FakeAudio,0.9998815059661865,0.7975345,0.7356383,0.8594307,0.7978974776557922,0.7969614761165619,0.0003629776557921849,-0.0005730238834381618,-0.0009360015392303467
00004_id00897_wavtolip.mp4,1,FakeVideo-FakeAudio,0.9999983310699463,0.7978037,0.73598444,0.85962296,0.7980705476557922,0.797592935637207,0.0002668476557922128,-0.00021076436279299227,-0.0004776120185852051
00004_id01002_wavtolip.mp4,1,FakeVideo-FakeAudio,0.9999405145645142,0.7977761699999999,0.7364042,0.85914814,0.7982804276557922,0.7979178227993011,0.0005042576557923173,0.00014165279930122843,-0.00036260485649108887
00014_id00262_wavtolip.mp4,1,FakeVideo-FakeAudio,0.9999860525131226,0.825529225,0.79172295,0.8593355,0.8259398026557923,0.8258256895633698,0.0004105776557922214,0.00029646456336973603,-0.00011411309242248535
00014_id00271_wavtolip.mp4,1,FakeVideo-FakeAudio,0.9898703694343567,0.82539315,0.7917161,0.8590702,0.8259363776557922,0.8254076546543121,0.0005432276557921778,1.450465431207526e-05,-0.0005287230014801025
00014_id00328_wavtolip.mp4,1,FakeVideo-FakeAudio,0.9999977350234985,0.8257006650000001,0.7916994,0.85970193,0.8259280276557923,0.8228600871822358,0.00022736265579226256,-0.002840577817764256,-0.0030679404735565186
00014_id00403_wavtolip.mp4,1,FakeVideo-FakeAudio,0.9999985694885254,0.8258112,0.7917052,0.8599172,0.8259309276557922,0.825436477325058,0.00011972765579226774,-0.0003747226749419852,-0.0004944503307342529
00014_id03371_wavtolip.mp4,1,FakeVideo-FakeAudio,0.9999971389770508,0.82564815,0.7917205,0.8595758,0.8259385776557923,0.8216229331531525,0.00029042765579223584,-0.004025216846847535,-0.0043156445026397705
00014_id03651_wavtolip.mp4,1,FakeVideo-FakeAudio,0.9996762275695801,0.82572207,0.79172057,0.85972357,0.8259386126557922,0.8256069128076171,0.00021654265579218457,-0.00011515719238286426,-0.00033169984817504883
00014_id03716_wavtolip.mp4,1,FakeVideo-FakeAudio,0.9999963045120239,0.8256523149999999,0.7916905,0.85961413,0.8259235776557923,0.8257473863258362,0.0002712626557923592,9.507132583630451e-05,-0.0001761913299560547
00020_id00232_wavtolip.mp4,1,FakeVideo-FakeAudio,0.9999957084655762,0.823162375,0.78676945,0.8595553,0.8234630526557922,0.8228427173152923,0.0003006776557922253,-0.00031965768470765266,-0.0006203353404998779
00020_id00262_wavtolip.mp4,1,FakeVideo-FakeAudio,0.9999885559082031,0.8229823249999999,0.7867814,0.85918325,0.8234690276557922,0.8232511130744934,0.00048670265579231486,0.00026878807449348674,-0.00021791458129882812
00020_id00270_wavtolip.mp4,1,FakeVideo-FakeAudio,0.9999955892562866,0.82333703,0.78678596,0.8598881,0.8234713076557922,0.8232157229389954,0.0001342776557922143,-0.00012130706100466071,-0.000255584716796875
00020_id00271_wavtolip.mp4,1,FakeVideo-FakeAudio,0.9905942678451538,0.8229154750000001,0.78676075,0.8590702,0.8234587026557922,0.8230764580688477,0.0005432276557921778,0.00016098306884759772,-0.0003822445869445801
00020_id00330_wavtolip.mp4,1,FakeVideo-FakeAudio,0.9999611377716064,0.823164075,0.78679585,0.8595323,0.8234762526557922,0.8232206679389953,0.0003121776557921674,5.6592938995292386e-05,-0.000255584716796875
00020_id00374_wavtolip.mp4,1,FakeVideo-FakeAudio,0.9999830722808838,0.82313597,0.7867887,0.85948324,0.8234726776557922,0.8232341398674011,0.00033670765579219,9.81698674010767e-05,-0.00023853778839111328
00020_id00581_wavtolip.mp4,1,FakeVideo-FakeAudio,0.9999947547912598,0.82325435,0.7867678,0.8597409,0.8234622276557922,0.8180149293674469,0.00020787765579222128,-0.005239420632553116,-0.005447298288345337
00020_id00806_wavtolip.mp4,1,FakeVideo-FakeAudio,0.9999163150787354,0.82322195,0.78679025,0.85965365,0.8234734526557923,0.8232846847457886,0.0002515026557923239,6.273474578866178e-05,-0.0001887679100036621
00020_id03844_wavtolip.mp4,1,FakeVideo-FakeAudio,0.9999945163726807,0.8229786450000001,0.78690094,0.85905635,0.8235287976557922,0.8211159122283173,0.0005501526557921688,-0.0018627327716828068,-0.0024128854274749756
00025_id00071_wavtolip.mp4,1,FakeVideo-FakeAudio,0.9998757839202881,0.822228615,0.7846014,0.85985583,0.8223790276557923,0.8209423471004487,0.000150412655792298,-0.00128626789955133,-0.001436680555343628
00025_id00270_wavtolip.mp4,1,FakeVideo-FakeAudio,0.9166496992111206,0.822193225,0.7844883,0.85989815,0.8223224776557922,0.8220212953857422,0.00012925265579222245,-0.00017192961425782638,-0.00030118227005004883
00025_id00374_wavtolip.mp4,1,FakeVideo-FakeAudio,0.5777508020401001,0.821913135,0.7848176,0.85900867,0.8224871276557922,0.8214886008441925,0.000573992655792277,-0.00042453415580745446,-0.0009985268115997314
00025_id00496_wavtolip.mp4,1,FakeVideo-FakeAudio,0.9999569654464722,0.82073785,0.7847457,0.85673,0.8224511776557922,0.8212499950519562,0.0017133276557922406,0.000512145051956181,-0.0012011826038360596
00025_id00569_wavtolip.mp4,1,FakeVideo-FakeAudio,0.9861380457878113,0.8221780750000001,0.78472555,0.8596306,0.8224411026557923,0.8222070054134369,0.0002630276557922251,2.893041343687841e-05,-0.00023409724235534668
00025_id00826_wavtolip.mp4,1,FakeVideo-FakeAudio,0.9999839067459106,0.82202913,0.7845439,0.85951436,0.8223502776557923,0.821863516324234,0.00032114765579227544,-0.0001656136757659521,-0.00048676133155822754
00025_id01018_wavtolip.mp4,1,FakeVideo-FakeAudio,0.9999991655349731,0.82203933,0.7847666,0.85931206,0.8224616276557922,0.8223186063106537,0.00042229765579226974,0.00027927631065371994,-0.0001430213451385498
00025_id03589_wavtolip.mp4,1,FakeVideo-FakeAudio,0.9999501705169678,0.82117375,0.7848019,0.8575456,0.8224792776557923,0.8219505546543122,0.0013055276557922824,0.0007768046543121798,-0.0005287230014801025
00025_id03716_wavtolip.mp4,1,FakeVideo-FakeAudio,0.9999973773956299,0.82164375,0.7847417,0.8585458,0.8224491776557923,0.8126140834423066,0.000805427655792279,-0.009029666557693439,-0.009835094213485718
00025_id03844_wavtolip.mp4,1,FakeVideo-FakeAudio,0.9988652467727661,0.8218911,0.784683,0.8590992,0.8224198276557922,0.8215395862617493,0.0005287276557922604,-0.0003515137382507083,-0.0008802413940429688
00063_id00232_wavtolip.mp4,1,FakeVideo-FakeAudio,0.9986802935600281,0.8256295499999999,0.7920185,0.8592406,0.8260875776557922,0.8259445563106537,0.00045802765579228133,0.0003150063106537315,-0.0001430213451385498
00063_id00234_wavtolip.mp4,1,FakeVideo-FakeAudio,0.9999986886978149,0.825353235,0.79197717,0.8587293,0.8260669126557922,0.825712056403122,0.000713677655792222,0.0003588214031219339,-0.0003548562526702881
00063_id00403_wavtolip.mp4,1,FakeVideo-FakeAudio,0.9999388456344604,0.825793145,0.79200935,0.85957694,0.8260830026557922,0.8257861119201659,0.0002898576557921473,-7.033079834073419e-06,-0.0002968907356262207
00063_id00434_wavtolip.mp4,1,FakeVideo-FakeAudio,0.9999974966049194,0.82504607,0.79197484,0.8581173,0.8260657476557922,0.825768856920166,0.0010196776557922504,0.0007227869201660297,-0.0002968907356262207
00063_id00634_wavtolip.mp4,1,FakeVideo-FakeAudio,0.9999983310699463,0.82559415,0.7920011,0.8591872,0.8260788776557922,0.8259347536247253,0.00048472765579221644,0.0003406036247253219,-0.00014412403106689453
00063_id00826_wavtolip.mp4,1,FakeVideo-FakeAudio,0.9999855756759644,0.825810105,0.79210585,0.85951436,0.8261312526557922,0.8252724987361908,0.00032114765579227544,-0.000537606263809165,-0.0008587539196014404
00063_id01002_wavtolip.mp4,1,FakeVideo-FakeAudio,0.9999419450759888,0.82560655,0.79206496,0.85914814,0.8261108076557923,0.8235132968411255,0.0005042576557922063,-0.0020932531588745418,-0.002597510814666748
00063_id03649_wavtolip.mp4,1,FakeVideo-FakeAudio,0.9951555728912354,0.82586795,0.7920603,0.8596756,0.8261084776557923,0.8258601051010133,0.00024052765579229973,-7.844898986753002e-06,-0.00024837255477905273
00028_id00071_wavtolip.mp4,1,FakeVideo-FakeAudio,0.9998860359191895,0.826259615,0.7926634,0.85985583,0.8264100276557922,0.8250389718143463,0.000150412655792187,-0.0012206431856537359,-0.0013710558414459229
00028_id00328_wavtolip.mp4,1,FakeVideo-FakeAudio,0.9984719157218933,0.82601914,0.79260683,0.85943145,0.8263817426557922,0.8263389167185211,0.0003626026557922435,0.0003197767185211253,-4.2825937271118164e-05
00028_id00379_wavtolip.mp4,1,FakeVideo-FakeAudio,0.8856503367424011,0.8261554,0.7926374,0.8596734,0.8263970276557923,0.8237589856826782,0.00024162765579227585,-0.002396414317321738,-0.0026380419731140137
00028_id00395_wavtolip.mp4,1,FakeVideo-FakeAudio,0.9686424136161804,0.8262257500000001,0.7926724,0.8597791,0.8264145276557923,0.8261759898674012,0.00018877765579217165,-4.976013259894163e-05,-0.00023853778839111328
00028_id00496_wavtolip.mp4,1,FakeVideo-FakeAudio,0.6032924056053162,0.82325925,0.7924977,0.8540208,0.8263271776557922,0.8247064677597046,0.003067927655792224,0.0014472177597045777,-0.0016207098960876465
00028_id00813_wavtolip.mp4,1,FakeVideo-FakeAudio,0.9535635113716125,0.825020675,0.79252255,0.8575188,0.8263396026557923,0.8258780242866517,0.0013189276557923346,0.0008573492866517096,-0.000461578369140625
00028_id01002_wavtolip.mp4,1,FakeVideo-FakeAudio,0.9999470710754395,0.82442217,0.7896962,0.85914814,0.8249264276557922,0.824053398423767,0.0005042576557922063,-0.0003687715762329402,-0.0008730292320251465
00028_id03651_wavtolip.mp4,1,FakeVideo-FakeAudio,0.999723494052887,0.826198235,0.7926729,0.85972357,0.8264147776557922,0.8262804883911132,0.00021654265579218457,8.225339111322949e-05,-0.00013428926467895508
00028_id03941_wavtolip.mp4,1,FakeVideo-FakeAudio,0.9929913282394409,0.825981325,0.7926379,0.85932475,0.8263972776557922,0.8261489051010131,0.00041595265579219554,0.0001675801010131428,-0.00024837255477905273
00088_id00042_wavtolip.mp4,1,FakeVideo-FakeAudio,0.9751485586166382,0.8248614,0.7908727,0.8588501,0.8255146776557922,0.8251520727993011,0.0006532776557922615,0.0002906727993011726,-0.00036260485649108887
00088_id00332_wavtolip.mp4,1,FakeVideo-FakeAudio,0.999997615814209,0.823988195,0.78847384,0.85950255,0.8243152476557922,0.8209358729132843,0.0003270526557922482,-0.0030523220867156864,-0.0033793747425079346
00088_id00395_wavtolip.mp4,1,FakeVideo-FakeAudio,0.9669899940490723,0.8239533,0.7881275,0.8597791,0.8241420776557922,0.823539325685501,0.00018877765579217165,-0.00041397431449896605,-0.0006027519702911377
00088_id00495_wavtolip.mp4,1,FakeVideo-FakeAudio,0.9983406066894531,0.824036335,0.7880534,0.86001927,0.8241050276557922,0.8208366069595336,6.869265579223516e-05,-0.0031997280404663098,-0.003268420696258545
00088_id00496_wavtolip.mp4,1,FakeVideo-FakeAudio,0.9999366998672485,0.82361922,0.79096407,0.85627437,0.8255603626557922,0.8253374710866547,0.0019411426557922606,0.0017182510866546874,-0.00022289156913757324
00088_id00897_wavtolip.mp4,1,FakeVideo-FakeAudio,0.9999983310699463,0.824072635,0.7884214,0.85972387,0.8242890276557923,0.8238730766422272,0.000216392655792208,-0.00019955835777285547,-0.0004159510135650635
00088_id03716_wavtolip.mp4,1,FakeVideo-FakeAudio,0.9999972581863403,0.82367328,0.78843236,0.8589142,0.8242945076557923,0.8237710596653748,0.0006212276557923113,9.777966537483085e-05,-0.0005234479904174805
00088_id03844_wavtolip.mp4,1,FakeVideo-FakeAudio,0.9988757967948914,0.825001625,0.79090405,0.8590992,0.8255303526557922,0.8236937845386505,0.0005287276557922604,-0.0013078404613494632,-0.0018365681171417236
00088_id03858_wavtolip.mp4,1,FakeVideo-FakeAudio,0.9999978542327881,0.82393965,0.78845435,0.85942495,0.8243055026557922,0.8241762499835967,0.00036585265579214266,0.00023659998359670809,-0.00012925267219543457
00028_id00271_wavtolip.mp4,1,FakeVideo-FakeAudio,0.9896503686904907,0.82437525,0.7896803,0.8590702,0.8249184776557923,0.8246068645729066,0.0005432276557922888,0.00023161457290654663,-0.0003116130828857422
00028_id00374_wavtolip.mp4,1,FakeVideo-FakeAudio,0.9999849796295166,0.82511405,0.7905605,0.8596676,0.8253585776557922,0.824705310749054,0.0002445276557921927,-0.00040873925094608854,-0.0006532669067382812
00028_id00434_wavtolip.mp4,1,FakeVideo-FakeAudio,0.9999971389770508,0.8251378,0.7905651,0.8597105,0.8253608776557922,0.8250710202682495,0.00022307765579221428,-6.677973175051033e-05,-0.0002898573875427246
00028_id00581_wavtolip.mp4,1,FakeVideo-FakeAudio,0.9999940395355225,0.8252319,0.7905599,0.8599039,0.8253582776557922,0.8245302201282501,0.00012637765579215365,-0.0007016798717499606,-0.0008280575275421143
00028_id00591_wavtolip.mp4,1,FakeVideo-FakeAudio,0.998730480670929,0.82545235,0.7911839,0.8597208,0.8256702776557923,0.8251600618965149,0.000217927655792316,-0.00029228810348502776,-0.0005102157592773438
00028_id00806_wavtolip.mp4,1,FakeVideo-FakeAudio,0.9999228715896606,0.824689325,0.789725,0.85965365,0.8249408276557922,0.822104212808609,0.00025150265579221287,-0.0025851121913910147,-0.0028366148471832275
00028_id03589_wavtolip.mp4,1,FakeVideo-FakeAudio,0.9999973773956299,0.824916065,0.7905528,0.85927933,0.8253547276557922,0.8252860333026886,0.0004386626557921769,0.0003699683026885392,-6.86943531036377e-05
00028_id03649_wavtolip.mp4,1,FakeVideo-FakeAudio,0.9999979734420776,0.8250952,0.7905303,0.8596601,0.8253434776557922,0.8231812893642425,0.00024827765579216177,-0.0019139106357575209,-0.0021621882915496826
00005_id00071_wavtolip.mp4,1,FakeVideo-FakeAudio,0.9999830722808838,0.8246935,0.789615,0.859772,0.8248858276557922,0.8195079091739654,0.00019232765579224598,-0.005185590826034536,-0.005377918481826782
00005_id00634_wavtolip.mp4,1,FakeVideo-FakeAudio,0.9999985694885254,0.824746715,0.7895985,0.85989493,0.8248775776557922,0.8240445729427337,0.00013086265579220768,-0.000702142057266264,-0.0008330047130584717
00005_id00823_wavtolip.mp4,1,FakeVideo-FakeAudio,0.9999960660934448,0.824412535,0.78942627,0.8593988,0.8247914626557922,0.824017675157318,0.0003789276557921717,-0.0003948598426819494,-0.0007737874984741211
00005_id00897_wavtolip.mp4,1,FakeVideo-FakeAudio,0.9999977350234985,0.82483255,0.789625,0.8600401,0.8248908276557922,0.8241452033519745,5.8277655792249305e-05,-0.0006873466480254997,-0.000745624303817749
00005_id01002_wavtolip.mp4,1,FakeVideo-FakeAudio,0.9999430179595947,0.82111777,0.7830874,0.85914814,0.8216220276557922,0.8213736551010131,0.0005042576557922063,0.00025588510101315354,-0.00024837255477905273
00005_id03620_wavtolip.mp4,1,FakeVideo-FakeAudio,0.9999964237213135,0.8246459,0.7896047,0.8596871,0.8248806776557922,0.8244198741470337,0.00023477765579216214,-0.00022602585296638278,-0.0004608035087585449
00005_id03858_wavtolip.mp4,1,FakeVideo-FakeAudio,0.999846339225769,0.813106375,0.7667192,0.85949355,0.8134379276557923,0.8132817634864807,0.00033155265579221105,0.0001753884864806876,-0.00015616416931152344
00015_id00188_wavtolip.mp4,1,FakeVideo-FakeAudio,0.9996235370635986,0.81918216,0.77867067,0.85969365,0.8194136626557922,0.8189094073609924,0.00023150265579219287,-0.0002727526390076118,-0.0005042552947998047
00015_id00271_wavtolip.mp4,1,FakeVideo-FakeAudio,0.9904995560646057,0.8192145,0.7793588,0.8590702,0.8197577276557922,0.8194168486923218,0.0005432276557922888,0.00020234869232182984,-0.000340878963470459
00015_id00330_wavtolip.mp4,1,FakeVideo-FakeAudio,0.9852250218391418,0.822409575,0.785868,0.85895115,0.8230123276557922,0.822534715637207,0.000602752655792238,0.00012514063720703295,-0.0004776120185852051
00015_id00569_wavtolip.mp4,1,FakeVideo-FakeAudio,0.987419068813324,0.81917203,0.77871346,0.8596306,0.8194350576557923,0.8189248418965149,0.0002630276557922251,-0.00024718810348511866,-0.0005102157592773438
00015_id00806_wavtolip.mp4,1,FakeVideo-FakeAudio,0.999983549118042,0.8195103100000001,0.78014046,0.85888016,0.8201485576557923,0.8185629846977998,0.0006382476557922345,-0.0009473253022003192,-0.0015855729579925537
00015_id00813_wavtolip.mp4,1,FakeVideo-FakeAudio,0.9999948740005493,0.81913355,0.7801433,0.8581238,0.8201499776557922,0.819496710749054,0.0010164276557922403,0.000363160749053959,-0.0006532669067382812
00015_id00823_wavtolip.mp4,1,FakeVideo-FakeAudio,0.9998742341995239,0.82261865,0.7858066,0.8594307,0.8229816276557922,0.8227401394374847,0.0003629776557921849,0.00012148943748468977,-0.00024148821830749512
00015_id03589_wavtolip.mp4,1,FakeVideo-FakeAudio,0.9999532699584961,0.81878003,0.78001446,0.8575456,0.8200855576557922,0.8167061829132842,0.0013055276557921713,-0.0020738470867157632,-0.0033793747425079346
00015_id03844_wavtolip.mp4,1,FakeVideo-FakeAudio,0.998927652835846,0.81897415,0.7788491,0.8590992,0.8195028776557922,0.8189596409233093,0.0005287276557922604,-1.4509076690649714e-05,-0.0005432367324829102
00092_id00271_wavtolip.mp4,1,FakeVideo-FakeAudio,0.989238977432251,0.8256371499999999,0.7922041,0.8590702,0.8261803776557922,0.8252839834030151,0.0005432276557922888,-0.0003531665969848108,-0.0008963942527770996
00092_id00287_wavtolip.mp4,1,FakeVideo-FakeAudio,0.9999243021011353,0.82591945,0.792179,0.8596599,0.8261678276557922,0.8253940401573181,0.00024837765579222015,-0.0005254098426819009,-0.0007737874984741211
00092_id00374_wavtolip.mp4,1,FakeVideo-FakeAudio,0.9999828338623047,0.825735315,0.7922087,0.85926193,0.8261826776557922,0.8253954791122436,0.00044736265579226053,-0.00033983588775632345,-0.000787198543548584
00092_id00569_wavtolip.mp4,1,FakeVideo-FakeAudio,0.9854016304016113,0.8259025,0.7921744,0.8596306,0.8261655276557922,0.8218374853870392,0.0002630276557922251,-0.004065014612960827,-0.004328042268753052
00092_id00633_wavtolip.mp4,1,FakeVideo-FakeAudio,0.9999957084655762,0.825685015,0.792208,0.85916203,0.8261823276557922,0.8258707145729065,0.0004973126557922258,0.00018569957290648365,-0.0003116130828857422
00092_id00634_wavtolip.mp4,1,FakeVideo-FakeAudio,0.9999984502792358,0.8259549150000001,0.79221606,0.85969377,0.8261863576557922,0.8260520683911132,0.00023144265579211343,9.715339111315835e-05,-0.00013428926467895508
00092_id00806_wavtolip.mp4,1,FakeVideo-FakeAudio,0.9998689889907837,0.82599475,0.7921812,0.8598083,0.8261689276557922,0.8246206970077514,0.0001741776557921959,-0.0013740529922485756,-0.0015482306480407715
00092_id01002_wavtolip.mp4,1,FakeVideo-FakeAudio,0.9999347925186157,0.8256375199999999,0.7921269,0.85914814,0.8261417776557922,0.8236117392990112,0.0005042576557923173,-0.0020257807009886886,-0.002530038356781006
00118_id00262_wavtolip.mp4,1,FakeVideo-FakeAudio,0.9999948740005493,0.823167415,0.78815967,0.85817516,0.8241581626557922,0.8239068098687744,0.0009907476557922124,0.0007393948687743901,-0.00025135278701782227
00118_id00328_wavtolip.mp4,1,FakeVideo-FakeAudio,0.9983104467391968,0.8236477099999999,0.78786397,0.85943145,0.8240103126557923,0.8225191534551239,0.0003626026557923545,-0.0011285565448759804,-0.001491159200668335
00118_id00374_wavtolip.mp4,1,FakeVideo-FakeAudio,0.5558655858039856,0.823556035,0.7881034,0.85900867,0.8241300276557922,0.8231115332881928,0.000573992655792277,-0.0004445017118072103,-0.0010184943675994873
00118_id00434_wavtolip.mp4,1,FakeVideo-FakeAudio,0.9999979734420776,0.8233795850000001,0.7881725,0.85858667,0.8241645776557922,0.8236229502487182,0.0007849926557921272,0.00024336524871815257,-0.0005416274070739746
00118_id00591_wavtolip.mp4,1,FakeVideo-FakeAudio,0.9987542629241943,0.8236778499999999,0.7876349,0.8597208,0.8238957776557922,0.8236541404258728,0.000217927655792316,-2.3709574127117605e-05,-0.0002416372299194336
00118_id00633_wavtolip.mp4,1,FakeVideo-FakeAudio,0.9999966621398926,0.8233000500000001,0.7881564,0.8584437,0.8241565276557923,0.8238241423542023,0.0008564776557922205,0.0005240923542022546,-0.0003323853015899658
00118_id01002_wavtolip.mp4,1,FakeVideo-FakeAudio,0.999941349029541,0.823465345,0.78778255,0.85914814,0.8239696026557922,0.8207011819595337,0.0005042576557922063,-0.0027641630404663386,-0.003268420696258545
00118_id03844_wavtolip.mp4,1,FakeVideo-FakeAudio,0.9989100694656372,0.82335895,0.7876187,0.8590992,0.8238876776557922,0.823046238885498,0.0005287276557921494,-0.00031271111450204003,-0.0008414387702941895
00118_id03858_wavtolip.mp4,1,FakeVideo-FakeAudio,0.999997615814209,0.823679025,0.7879331,0.85942495,0.8240448776557923,0.8169507030323029,0.0003658526557922537,-0.006728321967697126,-0.00709417462348938
00293_id00042_wavtolip.mp4,1,FakeVideo-FakeAudio,0.9782614707946777,0.82193463,0.78501916,0.8588501,0.8225879076557923,0.81996598873909,0.0006532776557922615,-0.001968641260910009,-0.0026219189167022705
00293_id00071_wavtolip.mp4,1,FakeVideo-FakeAudio,0.9998844861984253,0.822472715,0.7850896,0.85985583,0.8226231276557923,0.8221455156372071,0.000150412655792298,-0.00032719936279290707,-0.0004776120185852051
00293_id00379_wavtolip.mp4,1,FakeVideo-FakeAudio,0.8955134749412537,0.8223428,0.7850122,0.8596734,0.8225844276557923,0.8222214353691102,0.00024162765579227585,-0.00012136463088985305,-0.0003629922866821289
00293_id00395_wavtolip.mp4,1,FakeVideo-FakeAudio,0.9706066846847534,0.8223172350000001,0.78485537,0.8597791,0.8225060126557923,0.820122005678711,0.00018877765579217165,-0.002195229321289127,-0.002384006977081299
00293_id00403_wavtolip.mp4,1,FakeVideo-FakeAudio,0.999998927116394,0.8223103,0.7851796,0.859441,0.8226681276557922,0.8223908766506195,0.00035782765579217557,8.057665061944608e-05,-0.0002772510051727295
00293_id00496_wavtolip.mp4,1,FakeVideo-FakeAudio,0.9999724626541138,0.821098655,0.78501284,0.85718447,0.8225847476557923,0.8222552531794739,0.0014860926557922483,0.0011565981794738889,-0.0003294944763183594
00293_id00569_wavtolip.mp4,1,FakeVideo-FakeAudio,0.9882270693778992,0.8222442000000001,0.7848578,0.8596306,0.8225072276557923,0.8224385333026887,0.0002630276557922251,0.0001943333026885874,-6.86943531036377e-05
00293_id00806_wavtolip.mp4,1,FakeVideo-FakeAudio,0.9999812841415405,0.8219984499999999,0.7850299,0.858967,0.8225932776557923,0.8223527431118012,0.0005948276557923293,0.00035429311180124046,-0.00024053454399108887
00293_id03371_wavtolip.mp4,1,FakeVideo-FakeAudio,0.9999983310699463,0.82192715,0.7850412,0.8588131,0.8225989276557922,0.8224102193504333,0.0006717776557921828,0.00048306935043329613,-0.00018870830535888672
00293_id03844_wavtolip.mp4,1,FakeVideo-FakeAudio,0.9989922642707825,0.82202095,0.7849427,0.8590992,0.8225496776557922,0.8220064409233093,0.0005287276557922604,-1.4509076690649714e-05,-0.0005432367324829102
00078_id00234_wavtolip.mp4,1,FakeVideo-FakeAudio,0.9999967813491821,0.8258402149999999,0.79206663,0.8596138,0.8261116426557922,0.8257318418592834,0.0002714276557922446,-0.00010837314071654447,-0.00037980079650878906
00078_id00270_wavtolip.mp4,1,FakeVideo-FakeAudio,0.915473461151123,0.8250693250000001,0.7902405,0.85989815,0.8251985776557922,0.8249502945079803,0.00012925265579211143,-0.00011903049201977822,-0.00024828314781188965
00078_id00287_wavtolip.mp4,1,FakeVideo-FakeAudio,0.9999285936355591,0.824952715,0.79024553,0.8596599,0.8252010926557922,0.8249831780744934,0.00024837765579222015,3.046307449339203e-05,-0.00021791458129882812
00078_id00330_wavtolip.mp4,1,FakeVideo-FakeAudio,0.9851846694946289,0.8245965749999999,0.790242,0.85895115,0.8251993276557923,0.8219529308757783,0.000602752655792349,-0.002643644124221689,-0.003246396780014038
00078_id00332_wavtolip.mp4,1,FakeVideo-FakeAudio,0.9999868869781494,0.825952075,0.7920597,0.85984445,0.8261081776557923,0.8259651563106537,0.00015610265579224514,1.3081310653695333e-05,-0.0001430213451385498
00078_id00395_wavtolip.mp4,1,FakeVideo-FakeAudio,0.9676149487495422,0.8259542200000001,0.79212934,0.8597791,0.8261429976557922,0.8257800053691101,0.00018877765579217165,-0.00017421463088995726,-0.0003629922866821289
00078_id00495_wavtolip.mp4,1,FakeVideo-FakeAudio,0.9983258843421936,0.826070435,0.7921216,0.86001927,0.8261391276557922,0.8257791752059936,6.869265579223516e-05,-0.0002912597940063488,-0.000359952449798584
00078_id00897_wavtolip.mp4,1,FakeVideo-FakeAudio,0.9999979734420776,0.82600903,0.7920674,0.85995066,0.8261120276557923,0.8252886192905426,0.0001029976557922474,-0.0007204107094573864,-0.0008234083652496338
00078_id03371_wavtolip.mp4,1,FakeVideo-FakeAudio,0.999997615814209,0.82577033,0.79206526,0.8594754,0.8261109576557922,0.8258385048245239,0.0003406276557922361,6.817482452392554e-05,-0.00027245283126831055
00028_id00188_wavtolip.mp4,1,FakeVideo-FakeAudio,0.9999972581863403,0.8246131649999999,0.78962713,0.8595992,0.8248918926557922,0.8246015584310913,0.000278727655792288,-1.1606568908639758e-05,-0.00029033422470092773
00028_id00232_wavtolip.mp4,1,FakeVideo-FakeAudio,0.9985800981521606,0.82523765,0.7912347,0.8592406,0.8256956776557922,0.8186015030323028,0.0004580276557921703,-0.00663614696769721,-0.00709417462348938
00028_id00234_wavtolip.mp4,1,FakeVideo-FakeAudio,0.9977320432662964,0.8250600349999999,0.7912374,0.85888267,0.8256970276557922,0.8249662449085235,0.0006369926557923122,-9.379009147636452e-05,-0.0007307827472686768
00028_id00270_wavtolip.mp4,1,FakeVideo-FakeAudio,0.9247803688049316,0.8255327050000001,0.79116726,0.85989815,0.8256619576557922,0.825458079968338,0.00012925265579211143,-7.46250316621122e-05,-0.00020387768745422363
00028_id00569_wavtolip.mp4,1,FakeVideo-FakeAudio,0.9999033212661743,0.82463373,0.78964776,0.8596197,0.8249022076557923,0.8243734846543121,0.00026847765579229854,-0.000260245345687804,-0.0005287230014801025
00028_id00591_wavtolip.mp4,1,FakeVideo-FakeAudio,0.998730480670929,0.82545235,0.7911839,0.8597208,0.8256702776557923,0.8222587164051056,0.000217927655792316,-0.0031936335948943295,-0.0034115612506866455
00028_id01018_wavtolip.mp4,1,FakeVideo-FakeAudio,0.9999743700027466,0.8252081250000001,0.7912485,0.85916775,0.8257025776557922,0.8251593409233093,0.0004944526557921769,-4.878407669073326e-05,-0.0005432367324829102
00028_id03371_wavtolip.mp4,1,FakeVideo-FakeAudio,0.9990721940994263,0.8247496700000001,0.7911955,0.85830384,0.8256760776557923,0.8250733256855012,0.0009264076557922163,0.0003236556855010786,-0.0006027519702911377
00028_id03844_wavtolip.mp4,1,FakeVideo-FakeAudio,0.9989215135574341,0.8251446499999999,0.7911901,0.8590992,0.8256733776557923,0.8245105208385468,0.0005287276557923715,-0.0006341291614531119,-0.0011628568172454834
00311_id00287_wavtolip.mp4,1,FakeVideo-FakeAudio,0.9999313354492188,0.82528853,0.79091716,0.8596599,0.8255369076557922,0.8240785608120728,0.00024837765579222015,-0.0012099691879272623,-0.0014583468437194824
00311_id00374_wavtolip.mp4,1,FakeVideo-FakeAudio,0.9999796152114868,0.82496223,0.79097456,0.8589499,0.8255656076557922,0.8251857174523163,0.0006033776557922144,0.00022348745231626221,-0.00037989020347595215
00311_id00491_wavtolip.mp4,1,FakeVideo-FakeAudio,0.9998449087142944,0.825074015,0.7909466,0.85920143,0.8255516276557923,0.8240033970077515,0.00047761265579226997,-0.0010706179922485015,-0.0015482306480407715
00311_id00581_wavtolip.mp4,1,FakeVideo-FakeAudio,0.9999891519546509,0.82517153,0.7909956,0.85934746,0.8255761276557922,0.8254877637699127,0.00040459765579226037,0.00031623376991274377,-8.83638858795166e-05
00311_id00823_wavtolip.mp4,1,FakeVideo-FakeAudio,0.9998779296875,0.8251757,0.7909207,0.8594307,0.8255386776557923,0.8247392601600647,0.0003629776557922959,-0.00043643983993524316,-0.0007994174957275391
00311_id00897_wavtolip.mp4,1,FakeVideo-FakeAudio,0.9999979734420776,0.82536388,0.79098886,0.8597389,0.8255727576557923,0.8251836585346985,0.00020887765579225004,-0.00018022146530149996,-0.00038909912109375
00311_id01018_wavtolip.mp4,1,FakeVideo-FakeAudio,0.9999985694885254,0.82539455,0.7909813,0.8598078,0.8255689776557922,0.8193046785015106,0.00017442765579223085,-0.006089871498489385,-0.006264299154281616
00311_id03371_wavtolip.mp4,1,FakeVideo-FakeAudio,0.9999978542327881,0.82498288,0.7909826,0.85898316,0.8255696276557922,0.8249668756855011,0.0005867476557922524,-1.6004314498885286e-05,-0.0006027519702911377
00311_id03844_wavtolip.mp4,1,FakeVideo-FakeAudio,0.9989442229270935,0.82501615,0.7909331,0.8590992,0.8255448776557922,0.8250868457630157,0.0005287276557922604,7.069576301577118e-05,-0.00045803189277648926
00311_id03941_wavtolip.mp4,1,FakeVideo-FakeAudio,0.9926139116287231,0.8251442,0.79096365,0.85932475,0.8255601526557923,0.8239450753986359,0.00041595265579230656,-0.0011991246013640655,-0.001615077257156372
00043_id00232_wavtolip.mp4,1,FakeVideo-FakeAudio,0.9999947547912598,0.8226008,0.7860654,0.8591362,0.8231110276557922,0.8224770130493164,0.0005102276557922281,-0.00012378695068360202,-0.0006340146064758301
00043_id00379_wavtolip.mp4,1,FakeVideo-FakeAudio,0.9999969005584717,0.8228779,0.7861164,0.8596394,0.8231365276557923,0.822573353169632,0.0002586276557922096,-0.00030454683036806873,-0.0005631744861602783
00043_id00403_wavtolip.mp4,1,FakeVideo-FakeAudio,0.9999986886978149,0.822934525,0.78611195,0.8597571,0.8231343026557922,0.8229253585735321,0.00019977765579226592,-9.166426467865918e-06,-0.00020894408226013184
00043_id00581_wavtolip.mp4,1,FakeVideo-FakeAudio,0.9999940395355225,0.822856465,0.78610593,0.859607,0.8231312926557922,0.8224130864885711,0.00027482765579223134,-0.000443378511428838,-0.0007182061672210693
00043_id00735_wavtolip.mp4,1,FakeVideo-FakeAudio,0.9999985694885254,0.82291615,0.7860518,0.8597805,0.8231042276557923,0.8153459082778931,0.00018807765579231805,-0.007570241722106852,-0.00775831937789917
00043_id00806_wavtolip.mp4,1,FakeVideo-FakeAudio,0.9999375343322754,0.82282272,0.7861141,0.85953134,0.8231353776557923,0.8227996842964173,0.0003126576557922478,-2.30357035827522e-05,-0.000335693359375
00043_id00823_wavtolip.mp4,1,FakeVideo-FakeAudio,0.9998742341995239,0.82271503,0.78599936,0.8594307,0.8230780076557922,0.8227773320252227,0.0003629776557921849,6.230202522272688e-05,-0.000300675630569458
00043_id03620_wavtolip.mp4,1,FakeVideo-FakeAudio,0.9999978542327881,0.8227447,0.7861274,0.859362,0.8231420276557923,0.8228937445079804,0.0003973276557922567,0.00014904450798036706,-0.00024828314781188965
00043_id03649_wavtolip.mp4,1,FakeVideo-FakeAudio,0.9946795105934143,0.822835275,0.78599495,0.8596756,0.8230758026557923,0.8226142242866517,0.00024052765579229973,-0.00022105071334832527,-0.000461578369140625
00043_id03858_wavtolip.mp4,1,FakeVideo-FakeAudio,0.999995231628418,0.824716775,0.78962165,0.8598119,0.8248891526557922,0.8245574528076172,0.00017237765579225517,-0.00015932219238279366,-0.00033169984817504883
00420_id00042_wavtolip.mp4,1,FakeVideo-FakeAudio,0.9999977350234985,0.8244314500000001,0.7900348,0.8588281,0.8250957276557922,0.8249807800983429,0.0006642776557921337,0.0005493300983427929,-0.00011494755744934082
00420_id00232_wavtolip.mp4,1,FakeVideo-FakeAudio,0.9999943971633911,0.8248861700000001,0.79002994,0.8597424,0.8250932976557923,0.8247074469878388,0.00020712765579222747,-0.00017872301216126374,-0.0003858506679534912
00420_id00234_wavtolip.mp4,1,FakeVideo-FakeAudio,0.9999966621398926,0.82484905,0.790036,0.8596621,0.8250963276557922,0.824618715637207,0.00024727765579224403,-0.00023033436279296104,-0.0004776120185852051
00420_id00328_wavtolip.mp4,1,FakeVideo-FakeAudio,0.9999990463256836,0.8247096,0.7900292,0.85939,0.8250929276557922,0.8248614232154846,0.0003833276557921872,0.00015182321548457,-0.0002315044403076172
00420_id00395_wavtolip.mp4,1,FakeVideo-FakeAudio,0.999992847442627,0.8249264949999999,0.79009455,0.85975844,0.8251256026557923,0.8249090589813233,0.00019910765579234102,-1.743601867665312e-05,-0.00021654367446899414
00420_id00484_wavtolip.mp4,1,FakeVideo-FakeAudio,0.9999973773956299,0.8247331250000001,0.7900295,0.85943675,0.8250930776557923,0.8236120810470582,0.00035995265579225055,-0.0011210439529418803,-0.0014809966087341309
00420_id00591_wavtolip.mp4,1,FakeVideo-FakeAudio,0.9988669157028198,0.824914385,0.79010797,0.8597208,0.8251323126557922,0.8250636183026886,0.00021792765579220497,0.00014923330268856727,-6.86943531036377e-05
00420_id00633_wavtolip.mp4,1,FakeVideo-FakeAudio,0.9999958276748657,0.8246971000000001,0.7900256,0.8593686,0.8250911276557922,0.8245171349266052,0.0003940276557921063,-0.00017996507339490542,-0.0005739927291870117
00420_id03941_wavtolip.mp4,1,FakeVideo-FakeAudio,0.9926695823669434,0.824674755,0.79002476,0.85932475,0.8250907076557923,0.8237418247422028,0.00041595265579230656,-0.000932930257797171,-0.0013488829135894775
00052_id00287_wavtolip.mp4,1,FakeVideo-FakeAudio,0.9999305009841919,0.8258393500000001,0.7920188,0.8596599,0.8260877276557923,0.8254270995754243,0.00024837765579222015,-0.00041225042457582184,-0.000660628080368042
00052_id00330_wavtolip.mp4,1,FakeVideo-FakeAudio,0.9847148060798645,0.825508775,0.7920664,0.85895115,0.8261115276557922,0.8246254348499298,0.000602752655792238,-0.0008833401500701887,-0.0014860928058624268
00052_id00403_wavtolip.mp4,1,FakeVideo-FakeAudio,0.999998927116394,0.825763385,0.79208577,0.859441,0.8261212126557922,0.8245743827169036,0.00035782765579217557,-0.0011890022830963742,-0.0015468299388885498
00052_id00484_wavtolip.mp4,1,FakeVideo-FakeAudio,0.9995604157447815,0.8257693349999999,0.79193664,0.85960203,0.8260466476557922,0.8227782269595336,0.00027731265579222786,-0.002991108040466317,-0.003268420696258545
00052_id00591_wavtolip.mp4,1,FakeVideo-FakeAudio,0.9987442493438721,0.8258255,0.7919302,0.8597208,0.8260434276557922,0.8240301615692138,0.00021792765579220497,-0.0017953384307861642,-0.002013266086578369
00052_id00897_wavtolip.mp4,1,FakeVideo-FakeAudio,0.9999983310699463,0.825921635,0.79224277,0.8596005,0.8261997126557923,0.824808331630478,0.00027807765579224153,-0.0011133033695220895,-0.001391381025314331
00052_id03589_wavtolip.mp4,1,FakeVideo-FakeAudio,0.9999985694885254,0.82494065,0.7922571,0.8576242,0.8262068776557923,0.8257675020168305,0.001266227655792207,0.000826852016830415,-0.000439375638961792
00052_id03620_wavtolip.mp4,1,FakeVideo-FakeAudio,0.9999978542327881,0.82533905,0.7922394,0.8584387,0.8261980276557923,0.8260539036247254,0.0008589776557923479,0.0007148536247254533,-0.00014412403106689453
00052_id03716_wavtolip.mp4,1,FakeVideo-FakeAudio,0.9999970197677612,0.8255078250000001,0.79224855,0.8587671,0.8262026026557923,0.8259710982154846,0.0006947776557921781,0.0004632732154845609,-0.0002315044403076172
00046_id00232_wavtolip.mp4,1,FakeVideo-FakeAudio,0.9986647367477417,0.8180608,0.776881,0.8592406,0.8185188276557922,0.8175924224643707,0.0004580276557921703,-0.0004683775356293385,-0.0009264051914215088
00046_id00234_wavtolip.mp4,1,FakeVideo-FakeAudio,0.9978482723236084,0.817992285,0.7771019,0.85888267,0.8186292776557922,0.8160317668411254,0.0006369926557922012,-0.001960518158874547,-0.002597510814666748
00046_id00330_wavtolip.mp4,1,FakeVideo-FakeAudio,0.986617386341095,0.8180561049999999,0.77716106,0.85895115,0.8186588576557923,0.8177324524643708,0.000602752655792349,-0.00032365253562915974,-0.0009264051914215088
00046_id00373_wavtolip.mp4,1,FakeVideo-FakeAudio,0.9999991655349731,0.8156333,0.7772764,0.8539902,0.8187165276557922,0.8180522636920928,0.0030832276557921645,0.0024189636920928237,-0.0006642639636993408
00046_id00484_wavtolip.mp4,1,FakeVideo-FakeAudio,0.9995926022529602,0.818387565,0.7771731,0.85960203,0.8186648776557922,0.8155969371822357,0.00027731265579222786,-0.0027906278177642907,-0.0030679404735565186
00046_id00591_wavtolip.mp4,1,FakeVideo-FakeAudio,0.9987680315971375,0.8184799,0.777239,0.8597208,0.8186978276557922,0.8179820354766846,0.00021792765579220497,-0.000497864523315461,-0.000715792179107666
00046_id00813_wavtolip.mp4,1,FakeVideo-FakeAudio,0.9999982118606567,0.817226225,0.77698785,0.8574646,0.8185722526557923,0.8179079886920929,0.0013460276557922812,0.0006817636920929404,-0.0006642639636993408
00046_id00897_wavtolip.mp4,1,FakeVideo-FakeAudio,0.9999988079071045,0.81786725,0.7770394,0.8586951,0.8185980276557923,0.8183801130744934,0.0007307776557922141,0.000512863074493386,-0.00021791458129882812
00046_id03651_wavtolip.mp4,1,FakeVideo-FakeAudio,0.999715268611908,0.818609505,0.77749544,0.85972357,0.8188260476557923,0.8181110899417114,0.0002165426557922956,-0.000498415058288515,-0.0007149577140808105
00046_id03716_wavtolip.mp4,1,FakeVideo-FakeAudio,0.9999974966049194,0.8174648,0.7769777,0.8579519,0.8185671776557922,0.8160548418785095,0.0011023776557922416,-0.0014099581214904733,-0.002512335777282715
00202_id00188_wavtolip.mp4,1,FakeVideo-FakeAudio,0.9996141195297241,0.822936225,0.7861788,0.85969365,0.8231677276557923,0.8228382331794739,0.0002315026557923039,-9.799182052605548e-05,-0.0003294944763183594
00202_id00232_wavtolip.mp4,1,FakeVideo-FakeAudio,0.9999947547912598,0.8226110200000001,0.78608584,0.8591362,0.8231212476557923,0.8217108229464722,0.0005102276557922281,-0.0009001970535278403,-0.0014104247093200684
00202_id00271_wavtolip.mp4,1,FakeVideo-FakeAudio,0.9906361699104309,0.8226203000000001,0.7861704,0.8590702,0.8231635276557923,0.8223270956756592,0.0005432276557921778,-0.00029320432434087884,-0.0008364319801330566
00202_id00495_wavtolip.mp4,1,FakeVideo-FakeAudio,0.9982516169548035,0.8231144850000001,0.7862097,0.86001927,0.8231831776557923,0.82156702751503,6.869265579223516e-05,-0.001547457484970094,-0.001616150140762329
00202_id00496_wavtolip.mp4,1,FakeVideo-FakeAudio,0.9999042749404907,0.822120875,0.78607625,0.8581655,0.8231164526557923,0.822761596403122,0.000995577655792279,0.000640721403121991,-0.0003548562526702881
00202_id00735_wavtolip.mp4,1,FakeVideo-FakeAudio,0.9999984502792358,0.8229854,0.7861903,0.8597805,0.8231734776557922,0.823102667337799,0.00018807765579220703,0.00011726733779904297,-7.081031799316406e-05
00202_id00806_wavtolip.mp4,1,FakeVideo-FakeAudio,0.9999269247055054,0.82282859,0.78606665,0.85959053,0.8231116526557922,0.8229513459636688,0.0002830626557922544,0.00012275596366884134,-0.00016030669212341309
00202_id01002_wavtolip.mp4,1,FakeVideo-FakeAudio,0.9999386072158813,0.82262847,0.7861088,0.85914814,0.8231327276557923,0.822956446918869,0.0005042576557923173,0.0003279769188690995,-0.00017628073692321777
00202_id03716_wavtolip.mp4,1,FakeVideo-FakeAudio,0.999996542930603,0.8227386,0.7860887,0.8593885,0.8231226776557923,0.8188070331531525,0.00038407765579229203,-0.0039315668468474785,-0.0043156445026397705
00122_id00234_wavtolip.mp4,1,FakeVideo-FakeAudio,0.999996542930603,0.825364925,0.7910762,0.85965365,0.8256164276557922,0.8247884595352173,0.00025150265579221287,-0.0005764654647827383,-0.0008279681205749512
00122_id00271_wavtolip.mp4,1,FakeVideo-FakeAudio,0.9894299507141113,0.8250492300000001,0.79102826,0.8590702,0.8255924576557923,0.8252325052059937,0.0005432276557921778,0.00018327520599359381,-0.000359952449798584
00122_id00373_wavtolip.mp4,1,FakeVideo-FakeAudio,0.9999974966049194,0.824455825,0.79107535,0.8578363,0.8256160026557922,0.8252843028076171,0.0011601776557921273,0.0008284778076170785,-0.00033169984817504883
00122_id00403_wavtolip.mp4,1,FakeVideo-FakeAudio,0.999998927116394,0.8254953949999999,0.79109055,0.85990024,0.8256236026557922,0.8251330266269683,0.00012820765579224513,-0.0003623683730316074,-0.0004905760288238525
00122_id00496_wavtolip.mp4,1,FakeVideo-FakeAudio,0.9999279975891113,0.82476258,0.79108226,0.8584429,0.8256194576557923,0.8251152023609925,0.000856877655792232,0.0003526223609924273,-0.0005042552947998047
00122_id03620_wavtolip.mp4,1,FakeVideo-FakeAudio,0.9999967813491821,0.825305715,0.79106253,0.8595489,0.8256095926557923,0.8250808696543122,0.00030387765579220627,-0.00022484534568789627,-0.0005287230014801025
00122_id03651_wavtolip.mp4,1,FakeVideo-FakeAudio,0.9997108578681946,0.8253492149999999,0.79097486,0.85972357,0.8255657576557922,0.8254970633026886,0.0002165426557922956,0.0001478483026886579,-6.86943531036377e-05
00122_id03844_wavtolip.mp4,1,FakeVideo-FakeAudio,0.9999943971633911,0.825012175,0.790968,0.85905635,0.8255623276557922,0.8249090607490539,0.0005501526557921688,-0.00010311425094611248,-0.0006532669067382812
00122_id03941_wavtolip.mp4,1,FakeVideo-FakeAudio,0.9919963479042053,0.825180775,0.7910368,0.85932475,0.8255967276557923,0.8254624383911133,0.00041595265579230656,0.0002816633911133515,-0.00013428926467895508
00027_id00270_wavtolip.mp4,1,FakeVideo-FakeAudio,0.9999959468841553,0.80454297,0.74919784,0.8598881,0.8046772476557922,0.8040569123152923,0.0001342776557922143,-0.00048605768470766364,-0.0006203353404998779
00027_id00271_wavtolip.mp4,1,FakeVideo-FakeAudio,0.9895465970039368,0.8040981700000001,0.74912614,0.8590702,0.8046413976557922,0.8044073004134369,0.0005432276557921778,0.0003091304134368311,-0.00023409724235534668
00027_id00373_wavtolip.mp4,1,FakeVideo-FakeAudio,0.999997615814209,0.8036913,0.74912405,0.85825855,0.8046403526557923,0.8044089078201294,0.0009490526557922596,0.0007176078201294178,-0.0002314448356628418
00027_id00379_wavtolip.mp4,1,FakeVideo-FakeAudio,0.9999972581863403,0.8044055000000001,0.7491716,0.8596394,0.8046641276557922,0.8041944430549621,0.00025862765579209857,-0.00021105694503797956,-0.0004696846008300781
00027_id00403_wavtolip.mp4,1,FakeVideo-FakeAudio,0.9999988079071045,0.80461455,0.7493007,0.8599284,0.8047286776557923,0.8014822808757782,0.00011412765579221773,-0.0031322691242218204,-0.003246396780014038
00027_id00434_wavtolip.mp4,1,FakeVideo-FakeAudio,0.9999969005584717,0.8044515999999999,0.7492453,0.8596579,0.8047009776557923,0.802239335628891,0.00024937765579235993,-0.002212264371108885,-0.002461642026901245
00027_id00897_wavtolip.mp4,1,FakeVideo-FakeAudio,0.9999978542327881,0.804552265,0.7490895,0.86001503,0.8046230776557922,0.8037702543983459,7.08126557922295e-05,-0.0007820106016540596,-0.0008528232574462891
00027_id01002_wavtolip.mp4,1,FakeVideo-FakeAudio,0.9999985694885254,0.8042157249999999,0.7492637,0.85916775,0.8047101776557922,0.8041867296653747,0.0004944526557922879,-2.8995334625192548e-05,-0.0005234479904174805
00027_id01018_wavtolip.mp4,1,FakeVideo-FakeAudio,0.9999984502792358,0.8046365099999999,0.74917406,0.86009896,0.8046653576557923,0.804012090749054,2.884765579236337e-05,-0.0006244192509459179,-0.0006532669067382812
00027_id03649_wavtolip.mp4,1,FakeVideo-FakeAudio,0.9999979734420776,0.80434035,0.7490206,0.8596601,0.8045886276557923,0.8042366026237489,0.0002482776557922728,-0.00010374737625118424,-0.00035202503204345703
00015_id00232_wavtolip.mp4,1,FakeVideo-FakeAudio,0.9985752105712891,0.8225395,0.7858384,0.8592406,0.8229975276557923,0.8228372209636688,0.00045802765579228133,0.00029772096366886824,-0.00016030669212341309
00015_id00330_wavtolip.mp4,1,FakeVideo-FakeAudio,0.9852250218391418,0.822409575,0.785868,0.85895115,0.8230123276557922,0.8192582185115814,0.000602752655792238,-0.0031513564884185774,-0.0037541091442108154
00015_id00374_wavtolip.mp4,1,FakeVideo-FakeAudio,0.5766891241073608,0.822431785,0.7858549,0.85900867,0.8230057776557922,0.8222962439643859,0.000573992655792166,-0.00013554103561408404,-0.00070953369140625
00015_id00379_wavtolip.mp4,1,FakeVideo-FakeAudio,0.8740473389625549,0.8227409,0.7858084,0.8596734,0.8229825276557923,0.8216770071212769,0.00024162765579227585,-0.001063892878723105,-0.0013055205345153809
00015_id00434_wavtolip.mp4,1,FakeVideo-FakeAudio,0.9951936602592468,0.82152777,0.7858157,0.85723984,0.8229861776557923,0.8197397808757783,0.0014584076557923042,-0.0017879891242217338,-0.003246396780014038
00015_id00823_wavtolip.mp4,1,FakeVideo-FakeAudio,0.9998742341995239,0.82261865,0.7858066,0.8594307,0.8229816276557922,0.8221451956756591,0.0003629776557921849,-0.00047345432434087176,-0.0008364319801330566
00015_id03716_wavtolip.mp4,1,FakeVideo-FakeAudio,0.9975218176841736,0.822027275,0.78586835,0.8581862,0.8230125026557922,0.8226849155281066,0.0009852276557922313,0.0006576405281066844,-0.0003275871276855469
00239_id00232_wavtolip.mp4,1,FakeVideo-FakeAudio,0.9999958276748657,0.8243612,0.7891671,0.8595553,0.8246618776557922,0.8231354921100617,0.0003006776557922253,-0.0012257078899383655,-0.0015263855457305908
00239_id00271_wavtolip.mp4,1,FakeVideo-FakeAudio,0.9913336634635925,0.8241335000000001,0.7891968,0.8590702,0.8246767276557923,0.8242070430549622,0.0005432276557921778,7.354305496209967e-05,-0.0004696846008300781
00239_id00287_wavtolip.mp4,1,FakeVideo-FakeAudio,0.9999350309371948,0.8244625999999999,0.7892653,0.8596599,0.8247109776557922,0.8244880860866546,0.00024837765579222015,2.548608665464691e-05,-0.00022289156913757324
00239_id00332_wavtolip.mp4,1,FakeVideo-FakeAudio,0.9999864101409912,0.824512025,0.78915775,0.8598663,0.8246572026557922,0.8245365330524445,0.00014517765579225017,2.450805244447185e-05,-0.00012066960334777832
00239_id00434_wavtolip.mp4,1,FakeVideo-FakeAudio,0.9999970197677612,0.8243224,0.789149,0.8594958,0.8246528276557923,0.8244583376998902,0.00033042765579227584,0.00013593769989017623,-0.0001944899559020996
00239_id00633_wavtolip.mp4,1,FakeVideo-FakeAudio,0.9999957084655762,0.8242180050000001,0.78912956,0.85930645,0.8246431076557923,0.8243967616589356,0.00042510265579220885,0.0001787566589355194,-0.00024634599685668945
00239_id00897_wavtolip.mp4,1,FakeVideo-FakeAudio,0.9999978542327881,0.8245648000000001,0.789166,0.8599636,0.8246613276557923,0.8245010209636688,9.652765579215572e-05,-6.377903633125737e-05,-0.00016030669212341309
00239_id01002_wavtolip.mp4,1,FakeVideo-FakeAudio,0.9999438524246216,0.8241844199999999,0.7892207,0.85914814,0.8246886776557922,0.8231440828910828,0.0005042576557923173,-0.0010403371089171554,-0.0015445947647094727
00239_id01018_wavtolip.mp4,1,FakeVideo-FakeAudio,0.9999984502792358,0.8246068,0.7891426,0.860071,0.8246496276557922,0.8237232224643707,4.2827655792221364e-05,-0.0008835775356292874,-0.0009264051914215088
00010_id00234_wavtolip.mp4,1,FakeVideo-FakeAudio,0.997759222984314,0.824498585,0.7901145,0.85888267,0.8251355776557923,0.8241518327960968,0.0006369926557923122,-0.00034675220390312234,-0.0009837448596954346
00010_id00330_wavtolip.mp4,1,FakeVideo-FakeAudio,0.9859411120414734,0.824506325,0.7900615,0.85895115,0.8251090776557922,0.8248932194347381,0.000602752655792238,0.0003868944347381609,-0.00021585822105407715
00010_id00332_wavtolip.mp4,1,FakeVideo-FakeAudio,0.9917789101600647,0.8248055,0.7900567,0.8595543,0.8251066776557923,0.8224098953052521,0.00030117765579229516,-0.002395604694747866,-0.002696782350540161
00010_id00434_wavtolip.mp4,1,FakeVideo-FakeAudio,0.9999983310699463,0.8236346,0.7901157,0.8571535,0.8251361776557922,0.8248731423583984,0.0015015776557921745,0.0012385423583983757,-0.00026303529739379883
00010_id00495_wavtolip.mp4,1,FakeVideo-FakeAudio,0.998207688331604,0.824918065,0.78981686,0.86001927,0.8249867576557922,0.8223971146542358,6.869265579223516e-05,-0.0025209503457641613,-0.0025896430015563965
00010_id00591_wavtolip.mp4,1,FakeVideo-FakeAudio,0.9987207055091858,0.8247633,0.7898058,0.8597208,0.8249812276557922,0.8243030758098602,0.00021792765579220497,-0.00046022419013980187,-0.0006781518459320068
00010_id01018_wavtolip.mp4,1,FakeVideo-FakeAudio,0.9999991655349731,0.8245818300000001,0.79009026,0.8590734,0.8251234576557922,0.8248750851010132,0.0005416276557921318,0.00029325510101307906,-0.00024837255477905273
00010_id03589_wavtolip.mp4,1,FakeVideo-FakeAudio,0.9999510049819946,0.8238252500000001,0.7901049,0.8575456,0.8251307776557922,0.8243488243209839,0.0013055276557921713,0.0005235743209838217,-0.0007819533348083496
00010_id03620_wavtolip.mp4,1,FakeVideo-FakeAudio,0.9999964237213135,0.82367355,0.7901514,0.8571957,0.8251540276557923,0.8238219532520294,0.0014804776557922894,0.00014840325202947202,-0.0013320744037628174
00130_id00270_wavtolip.mp4,1,FakeVideo-FakeAudio,0.9290632009506226,0.8251014050000001,0.79030466,0.85989815,0.8252306576557922,0.8245773907490539,0.00012925265579211143,-0.0005240142509461698,-0.0006532669067382812
00130_id00287_wavtolip.mp4,1,FakeVideo-FakeAudio,0.9999270439147949,0.8249684500000001,0.790277,0.8596599,0.8252168276557923,0.8236972966442109,0.00024837765579222015,-0.0012711533557892007,-0.001519531011581421
00130_id00374_wavtolip.mp4,1,FakeVideo-FakeAudio,0.5968360900878906,0.8246564350000001,0.7903042,0.85900867,0.8252304276557922,0.8245235761734009,0.000573992655792166,-0.00013285882659919146,-0.0007068514823913574
00130_id00581_wavtolip.mp4,1,FakeVideo-FakeAudio,0.9999899864196777,0.8247362250000001,0.79033905,0.8591334,0.8252478526557923,0.8250533626998902,0.0005116276557921573,0.0003171376998900577,-0.0001944899559020996
00130_id00591_wavtolip.mp4,1,FakeVideo-FakeAudio,0.9987881779670715,0.82502337,0.79032594,0.8597208,0.8252412976557922,0.8248026372725678,0.00021792765579220497,-0.00022073272743228234,-0.0004386603832244873
00130_id00813_wavtolip.mp4,1,FakeVideo-FakeAudio,0.9999949932098389,0.82437572,0.79032654,0.8584249,0.8252415976557923,0.8249785623583985,0.0008658776557922687,0.0006028423583984699,-0.00026303529739379883
00130_id00826_wavtolip.mp4,1,FakeVideo-FakeAudio,0.999984622001648,0.8249201500000001,0.79032594,0.85951436,0.8252412976557922,0.8154062034423065,0.0003211476557921644,-0.009513946557693553,-0.009835094213485718
00130_id00897_wavtolip.mp4,1,FakeVideo-FakeAudio,0.9999980926513672,0.82501605,0.79034364,0.85968846,0.8252501476557923,0.8249871123583985,0.00023409765579229802,-2.8937641601500808e-05,-0.00026303529739379883
00130_id03651_wavtolip.mp4,1,FakeVideo-FakeAudio,0.9997088313102722,0.825029385,0.7903352,0.85972357,0.8252459276557922,0.8247416723609924,0.00021654265579218457,-0.0002877126390076201,-0.0005042552947998047
00001_id00071_wavtolip.mp4,1,FakeVideo-FakeAudio,0.9999816417694092,0.823171425,0.78657085,0.859772,0.8233637526557922,0.819669724993515,0.00019232765579224598,-0.0035017000064849757,-0.0036940276622772217
00001_id00234_wavtolip.mp4,1,FakeVideo-FakeAudio,0.9999964237213135,0.8245534,0.7894859,0.8596209,0.8248212776557922,0.8244936905281066,0.00026787765579217027,-5.970947189337661e-05,-0.0003275871276855469
00001_id00270_wavtolip.mp4,1,FakeVideo-FakeAudio,0.9999953508377075,0.823247625,0.78660715,0.8598881,0.8233819026557923,0.8232526499835968,0.0001342776557922143,5.02498359677972e-06,-0.00012925267219543457
00001_id00328_wavtolip.mp4,1,FakeVideo-FakeAudio,0.9999982118606567,0.82324402,0.786639,0.85984904,0.8233978276557923,0.8229846184558869,0.00015380765579231515,-0.00025940154411308036,-0.0004132091999053955
00001_id00332_wavtolip.mp4,1,FakeVideo-FakeAudio,0.9999827146530151,0.8232899,0.78661686,0.85996294,0.8233867576557923,0.8135516634423066,9.685765579225958e-05,-0.009738236557693458,-0.009835094213485718
00001_id00484_wavtolip.mp4,1,FakeVideo-FakeAudio,0.9999971389770508,0.82445359,0.78947043,0.85943675,0.8248135426557922,0.8235080221212768,0.00035995265579225055,-0.0009455678787231303,-0.0013055205345153809
00001_id00581_wavtolip.mp4,1,FakeVideo-FakeAudio,0.9999935626983643,0.8232543,0.7866323,0.8598763,0.8233944776557922,0.8232807817958832,0.00014017765579221741,2.6481795883159798e-05,-0.00011369585990905762
00001_id00633_wavtolip.mp4,1,FakeVideo-FakeAudio,0.9999957084655762,0.8243806499999999,0.7894874,0.8592739,0.8248220276557923,0.8242272925102234,0.0004413776557923299,-0.00015335748977651775,-0.0005947351455688477
00001_id01018_wavtolip.mp4,1,FakeVideo-FakeAudio,0.9999982118606567,0.823372095,0.78661233,0.86013186,0.8233844926557923,0.8227897575102234,1.2397655792306672e-05,-0.000582337489776541,-0.0005947351455688477
00001_id03589_wavtolip.mp4,1,FakeVideo-FakeAudio,0.9999967813491821,0.8229052299999999,0.7866191,0.85919136,0.8233878776557922,0.8172218069561005,0.00048264765579231206,-0.00568342304389946,-0.0061660706996917725
00088_id00042_wavtolip.mp4,1,FakeVideo-FakeAudio,0.9751485586166382,0.8248614,0.7908727,0.8588501,0.8255146776557922,0.824911299836731,0.0006532776557922615,4.9899836730982194e-05,-0.0006033778190612793
00088_id00330_wavtolip.mp4,1,FakeVideo-FakeAudio,0.9857498407363892,0.824924525,0.7908979,0.85895115,0.8255272776557923,0.8235692054702759,0.000602752655792238,-0.0013553195297241194,-0.0019580721855163574
00088_id00496_wavtolip.mp4,1,FakeVideo-FakeAudio,0.9999366998672485,0.82361922,0.79096407,0.85627437,0.8255603626557922,0.8248466864415741,0.0019411426557922606,0.001227466441574121,-0.0007136762142181396
00088_id00591_wavtolip.mp4,1,FakeVideo-FakeAudio,0.9986721277236938,0.82532935,0.7909379,0.8597208,0.8255472776557922,0.8246075806285857,0.00021792765579220497,-0.0007217693714142159,-0.0009396970272064209
00088_id00735_wavtolip.mp4,1,FakeVideo-FakeAudio,0.9990835189819336,0.82535654,0.79084235,0.85987073,0.8254995026557923,0.8250866212814332,0.00014296265579227807,-0.0002699187185668528,-0.00041288137435913086
00088_id03844_wavtolip.mp4,1,FakeVideo-FakeAudio,0.9988757967948914,0.825001625,0.79090405,0.8590992,0.8255303526557922,0.8252887154258728,0.0005287276557922604,0.00028709042587282685,-0.0002416372299194336
00078_id00042_wavtolip.mp4,1,FakeVideo-FakeAudio,0.9741963744163513,0.8245568999999999,0.7902637,0.8588501,0.8252101776557923,0.824844324346161,0.0006532776557923725,0.00028742434616102486,-0.00036585330963134766
00078_id00270_wavtolip.mp4,1,FakeVideo-FakeAudio,0.915473461151123,0.8250693250000001,0.7902405,0.85989815,0.8251985776557922,0.8242133426799774,0.00012925265579211143,-0.0008559823200227079,-0.0009852349758148193
00078_id00287_wavtolip.mp4,1,FakeVideo-FakeAudio,0.9999285936355591,0.824952715,0.79024553,0.8596599,0.8252010926557922,0.8248407527758026,0.00024837765579222015,-0.00011196222419740387,-0.000360339879989624
00078_id00330_wavtolip.mp4,1,FakeVideo-FakeAudio,0.9851846694946289,0.8245965749999999,0.790242,0.85895115,0.8251993276557923,0.8249362923583985,0.000602752655792349,0.0003397173583985502,-0.00026303529739379883
00078_id00403_wavtolip.mp4,1,FakeVideo-FakeAudio,0.9999358654022217,0.82489842,0.7902199,0.85957694,0.8251882776557922,0.8236382290660857,0.0002898576557921473,-0.0012601909339142736,-0.001550048589706421
00078_id00484_wavtolip.mp4,1,FakeVideo-FakeAudio,0.9995569586753845,0.8249408650000001,0.7902797,0.85960203,0.8252181776557923,0.8248551853691102,0.00027731265579222786,-8.567963088990105e-05,-0.0003629922866821289
00078_id00496_wavtolip.mp4,1,FakeVideo-FakeAudio,0.9999414682388306,0.82331937,0.79029554,0.8563432,0.8252260976557922,0.8249777251010132,0.0019067276557922508,0.001658355101013198,-0.00024837255477905273
00078_id00569_wavtolip.mp4,1,FakeVideo-FakeAudio,0.9862094521522522,0.8249197500000001,0.7902089,0.8596306,0.8251827776557923,0.8250104010231019,0.0002630276557922251,9.06510231017954e-05,-0.0001723766326904297
00078_id00813_wavtolip.mp4,1,FakeVideo-FakeAudio,0.9999943971633911,0.82404418,0.7902939,0.85779446,0.8252252776557922,0.824978425019455,0.0011810976557922181,0.0009342450194549379,-0.0002468526363372803
00037_id00271_wavtolip.mp4,1,FakeVideo-FakeAudio,0.9892839789390564,0.8175987,0.7761272,0.8590702,0.8181419276557922,0.8177789353691101,0.0005432276557921778,0.0001802353691100489,-0.0003629922866821289
00037_id00332_wavtolip.mp4,1,FakeVideo-FakeAudio,0.999997615814209,0.818141625,0.7767807,0.85950255,0.8184686776557922,0.816007035628891,0.0003270526557922482,-0.002134589371108997,-0.002461642026901245
00037_id00379_wavtolip.mp4,1,FakeVideo-FakeAudio,0.8609022498130798,0.8178825000000001,0.7760916,0.8596734,0.8181241276557922,0.8174598636920929,0.00024162765579216483,-0.000422636307907176,-0.0006642639636993408
00037_id00484_wavtolip.mp4,1,FakeVideo-FakeAudio,0.9995909333229065,0.818027045,0.77645206,0.85960203,0.8183043576557922,0.8180528558571625,0.00027731265579222786,2.5810857162467116e-05,-0.00025150179862976074
00037_id00496_wavtolip.mp4,1,FakeVideo-FakeAudio,0.9999635219573975,0.81724935,0.7769242,0.8575745,0.8185404276557922,0.8183866178699493,0.0012910776557921722,0.0011372678699492766,-0.0001538097858428955
00037_id00634_wavtolip.mp4,1,FakeVideo-FakeAudio,0.9999985694885254,0.8179623,0.7767374,0.8591872,0.8184470276557922,0.8169558684551239,0.00048472765579221644,-0.0010064315448761185,-0.001491159200668335
00037_id00823_wavtolip.mp4,1,FakeVideo-FakeAudio,0.9998834133148193,0.81787845,0.7763262,0.8594307,0.8182414276557922,0.817746977325058,0.0003629776557921849,-0.00013147267494206805,-0.0004944503307342529
00037_id00826_wavtolip.mp4,1,FakeVideo-FakeAudio,0.9999865293502808,0.81789823,0.7762821,0.85951436,0.8182193776557922,0.8156893392990112,0.00032114765579227544,-0.0022088907009887304,-0.002530038356781006
00037_id01002_wavtolip.mp4,1,FakeVideo-FakeAudio,0.9999450445175171,0.8176765399999999,0.77620494,0.85914814,0.8181807976557922,0.8166164737536621,0.0005042576557923173,-0.0010600662463378097,-0.001564323902130127
00005_id00287_wavtolip.mp4,1,FakeVideo-FakeAudio,0.9999310970306396,0.82133963,0.78301936,0.8596599,0.8215880076557922,0.8213651160866546,0.00024837765579222015,2.548608665464691e-05,-0.00022289156913757324
00005_id00328_wavtolip.mp4,1,FakeVideo-FakeAudio,0.9983538389205933,0.813107075,0.7667827,0.85943145,0.8134696776557923,0.8134009833026886,0.0003626026557922435,0.0002939083026886058,-6.86943531036377e-05
00005_id00330_wavtolip.mp4,1,FakeVideo-FakeAudio,0.9861915111541748,0.812921175,0.7668912,0.85895115,0.8135239276557922,0.8134680483013152,0.000602752655792127,0.0005468733013151983,-5.587935447692871e-05
00005_id00332_wavtolip.mp4,1,FakeVideo-FakeAudio,0.9917166829109192,0.81312935,0.7667044,0.8595543,0.8134305276557923,0.8101690210983277,0.00030117765579229516,-0.0029603289016723044,-0.0032615065574645996
00005_id00373_wavtolip.mp4,1,FakeVideo-FakeAudio,0.9996368885040283,0.81058428,0.7670064,0.85416216,0.8135815276557923,0.8133300258571625,0.0029972476557922345,0.0027457458571624738,-0.00025150179862976074
00005_id00591_wavtolip.mp4,1,FakeVideo-FakeAudio,0.9987952709197998,0.81348565,0.7672505,0.8597208,0.8137035776557922,0.8129727949085235,0.00021792765579220497,-0.0005128550914764718,-0.0007307827472686768
00005_id03716_wavtolip.mp4,1,FakeVideo-FakeAudio,0.9976168870925903,0.81280845,0.7674307,0.8581862,0.8137936776557922,0.8136644249835968,0.0009852276557922313,0.0008559749835967967,-0.00012925267219543457
00005_id03858_wavtolip.mp4,1,FakeVideo-FakeAudio,0.999846339225769,0.813106375,0.7667192,0.85949355,0.8134379276557923,0.8131748923583985,0.00033155265579221105,6.851735839841222e-05,-0.00026303529739379883
00169_id00234_wavtolip.mp4,1,FakeVideo-FakeAudio,0.9977193474769592,0.8243732349999999,0.7898638,0.85888267,0.8250102276557922,0.8245059723609924,0.0006369926557923122,0.00013273736099250755,-0.0005042552947998047
00169_id00325_wavtolip.mp4,1,FakeVideo-FakeAudio,0.9982537627220154,0.8244416999999999,0.7896661,0.8592173,0.8249113776557923,0.8248245038860321,0.000469677655792311,0.0003828038860321792,-8.687376976013184e-05
00169_id00330_wavtolip.mp4,1,FakeVideo-FakeAudio,0.9846433401107788,0.8244115249999999,0.7898719,0.85895115,0.8250142776557923,0.8246931278297425,0.000602752655792349,0.00028160282974254436,-0.0003211498260498047
00169_id00395_wavtolip.mp4,1,FakeVideo-FakeAudio,0.9629634022712708,0.8247417699999999,0.78970444,0.8597791,0.8249305476557922,0.8187644769561004,0.00018877765579228267,-0.00597729304389949,-0.0061660706996917725
00169_id00434_wavtolip.mp4,1,FakeVideo-FakeAudio,0.9950619339942932,0.8234886699999999,0.7897375,0.85723984,0.8249470776557922,0.8245844727993011,0.0014584076557923042,0.0010958027993012154,-0.00036260485649108887
00169_id03589_wavtolip.mp4,1,FakeVideo-FakeAudio,0.9999550580978394,0.823636465,0.78972733,0.8575456,0.8249419926557922,0.8246124087725066,0.0013055276557921713,0.0009759437725066489,-0.00032958388328552246
00169_id03649_wavtolip.mp4,1,FakeVideo-FakeAudio,0.9944985508918762,0.82469345,0.7897113,0.8596756,0.8249339776557922,0.8245713727993011,0.0002405276557921887,-0.00012207720069890016,-0.00036260485649108887
00169_id03716_wavtolip.mp4,1,FakeVideo-FakeAudio,0.9999978542327881,0.8238729,0.7897939,0.8579519,0.8249752776557923,0.8244650618965149,0.0011023776557922416,0.0005921618965148978,-0.0005102157592773438
00169_id03844_wavtolip.mp4,1,FakeVideo-FakeAudio,0.9988928437232971,0.82440492,0.78971064,0.8590992,0.8249336476557922,0.8247783775561524,0.0005287276557922604,0.00037345755615236786,-0.00015527009963989258
00125_id00188_wavtolip.mp4,1,FakeVideo-FakeAudio,0.9999972581863403,0.81545092,0.77130264,0.8595992,0.8157296476557923,0.8153136966422272,0.000278727655792288,-0.0001372233577727755,-0.0004159510135650635
00125_id00271_wavtolip.mp4,1,FakeVideo-FakeAudio,0.9907082319259644,0.81481095,0.7705517,0.8590702,0.8153541776557922,0.8107853028198242,0.0005432276557921778,-0.00402564718017584,-0.004568874835968018
00125_id00332_wavtolip.mp4,1,FakeVideo-FakeAudio,0.9999868869781494,0.8150585850000001,0.7702189,0.85989827,0.8151877776557923,0.8117346421653748,0.00012919265579225403,-0.0033239428346252264,-0.0034531354904174805
00125_id00374_wavtolip.mp4,1,FakeVideo-FakeAudio,0.9999861717224121,0.81487607,0.7702053,0.85954684,0.8151809776557922,0.81493343956604,0.00030490765579227475,5.736956604007748e-05,-0.00024753808975219727
00125_id00403_wavtolip.mp4,1,FakeVideo-FakeAudio,0.999998927116394,0.815063,0.7702121,0.8599139,0.8151843776557922,0.8089200785015106,0.00012137765579223192,-0.006142921498489384,-0.006264299154281616
00125_id00434_wavtolip.mp4,1,FakeVideo-FakeAudio,0.9999971389770508,0.8149101000000001,0.7702442,0.859576,0.8152004276557923,0.8148400877758026,0.00029032765579217745,-7.001222419744657e-05,-0.000360339879989624
00125_id00496_wavtolip.mp4,1,FakeVideo-FakeAudio,0.9999344348907471,0.81437475,0.7702757,0.8584738,0.8152161776557922,0.8150548576847076,0.000841427655792204,0.0006801076847076093,-0.00016131997108459473
00125_id00633_wavtolip.mp4,1,FakeVideo-FakeAudio,0.9999954700469971,0.81482453,0.7702706,0.85937846,0.8152136276557922,0.8149750898674011,0.00038909765579220323,0.00015055986740108995,-0.00023853778839111328
00125_id00826_wavtolip.mp4,1,FakeVideo-FakeAudio,0.9999992847442627,0.8149191499999999,0.7703857,0.8594526,0.8152711776557922,0.8145437327686309,0.00035202765579223083,-0.00037541723136902405,-0.0007274448871612549
00065_id00287_wavtolip.mp4,1,FakeVideo-FakeAudio,0.9999300241470337,0.8259067,0.7921535,0.8596599,0.8261550776557922,0.8260228149490356,0.00024837765579222015,0.00011611494903562836,-0.0001322627067565918
00065_id00325_wavtolip.mp4,1,FakeVideo-FakeAudio,0.9999982118606567,0.82583285,0.7921729,0.8594928,0.8261647776557922,0.8260143653347015,0.00033192765579226347,0.00018151533470156522,-0.00015041232109069824
00065_id00374_wavtolip.mp4,1,FakeVideo-FakeAudio,0.9999786615371704,0.82559392,0.79217774,0.8590101,0.8261671976557923,0.8260671512595368,0.0005732776557922925,0.00047323125953679934,-0.00010004639625549316
00065_id00379_wavtolip.mp4,1,FakeVideo-FakeAudio,0.8880141377449036,0.8259127500000001,0.7921521,0.8596734,0.8261543776557922,0.8258896734283447,0.00024162765579216483,-2.3076571655344935e-05,-0.00026470422744750977
00065_id00495_wavtolip.mp4,1,FakeVideo-FakeAudio,0.99832683801651,0.8260701349999999,0.792121,0.86001927,0.8261388276557922,0.8256345723609924,6.869265579223516e-05,-0.00043556263900756953,-0.0005042552947998047
00065_id00569_wavtolip.mp4,1,FakeVideo-FakeAudio,0.9877508282661438,0.82584345,0.7920563,0.8596306,0.8261064776557923,0.8257486411708832,0.0002630276557922251,-9.480882911683253e-05,-0.0003578364849090576
00065_id00806_wavtolip.mp4,1,FakeVideo-FakeAudio,0.999962329864502,0.8257866,0.7921791,0.8593941,0.8261678776557922,0.8252714834030151,0.0003812776557922115,-0.0005151165969848881,-0.0008963942527770996
00065_id00897_wavtolip.mp4,1,FakeVideo-FakeAudio,0.9999979734420776,0.826005015,0.7921818,0.85982823,0.8261692276557923,0.8257699957450867,0.00016421265579225075,-0.00023501925491331566,-0.0003992319107055664
00065_id03620_wavtolip.mp4,1,FakeVideo-FakeAudio,0.9999979734420776,0.82563473,0.79217446,0.859095,0.8261655576557922,0.8257455237240601,0.0005308276557922653,0.00011079372406008758,-0.00042003393173217773
00065_id03651_wavtolip.mp4,1,FakeVideo-FakeAudio,0.9997159838676453,0.825944755,0.79216594,0.85972357,0.8261612976557922,0.8219340468413543,0.00021654265579218457,-0.004010708158645682,-0.004227250814437866
00005_id00042_wavtolip.mp4,1,FakeVideo-FakeAudio,0.9774399995803833,0.82098575,0.7831214,0.8588501,0.8216390276557922,0.8210186923152923,0.0006532776557922615,3.294231529238356e-05,-0.0006203353404998779
00005_id00232_wavtolip.mp4,1,FakeVideo-FakeAudio,0.9986488223075867,0.8210481000000001,0.7828556,0.8592406,0.8215061276557922,0.8211263268592834,0.0004580276557921703,7.822685928338124e-05,-0.00037980079650878906
00005_id00271_wavtolip.mp4,1,FakeVideo-FakeAudio,0.9906967878341675,0.8211093,0.7831484,0.8590702,0.8216525276557922,0.821359093989563,0.0005432276557921778,0.00024979398956292975,-0.00029343366622924805
00005_id00287_wavtolip.mp4,1,FakeVideo-FakeAudio,0.9999310970306396,0.82133963,0.78301936,0.8596599,0.8215880076557922,0.8174609820515442,0.00024837765579222015,-0.0038786479484558267,-0.004127025604248047
00005_id00379_wavtolip.mp4,1,FakeVideo-FakeAudio,0.8898296356201172,0.8213993500000001,0.7831253,0.8596734,0.8216409776557922,0.8210977409233093,0.00024162765579216483,-0.0003016090766907453,-0.0005432367324829102
00005_id00491_wavtolip.mp4,1,FakeVideo-FakeAudio,0.9998519420623779,0.821143115,0.7830848,0.85920143,0.8216207276557923,0.8214766036247254,0.00047761265579226997,0.00033348862472537544,-0.00014412403106689453
00005_id00495_wavtolip.mp4,1,FakeVideo-FakeAudio,0.9983305335044861,0.8213682849999999,0.7827173,0.86001927,0.8214369776557922,0.8202159467052459,6.869265579223516e-05,-0.0011523382947540295,-0.0012210309505462646
00005_id00496_wavtolip.mp4,1,FakeVideo-FakeAudio,0.6020117998123169,0.8183166500000001,0.7826125,0.8540208,0.8213845776557922,0.8211215423583984,0.003067927655792113,0.0028048923583983143,-0.00026303529739379883
00005_id01002_wavtolip.mp4,1,FakeVideo-FakeAudio,0.9999430179595947,0.82111777,0.7830874,0.85914814,0.8216220276557922,0.8211806552612304,0.0005042576557922063,6.28852612304387e-05,-0.0004413723945617676
00005_id03651_wavtolip.mp4,1,FakeVideo-FakeAudio,0.9997218251228333,0.82104272,0.78236187,0.85972357,0.8212592626557922,0.8150931919561004,0.00021654265579218457,-0.005949528043899588,-0.0061660706996917725
00086_id00042_wavtolip.mp4,1,FakeVideo-FakeAudio,0.976453423500061,0.8236376249999999,0.78842515,0.8588501,0.8242909026557923,0.823921055834961,0.0006532776557923725,0.0002834308349610737,-0.00036984682083129883
00086_id00232_wavtolip.mp4,1,FakeVideo-FakeAudio,0.9999949932098389,0.82370712,0.78827804,0.8591362,0.8242173476557922,0.8143822534423065,0.0005102276557922281,-0.00932486655769349,-0.009835094213485718
00086_id00287_wavtolip.mp4,1,FakeVideo-FakeAudio,0.9999293088912964,0.82409305,0.7885262,0.8596599,0.8243414276557922,0.8218406849819183,0.00024837765579222015,-0.002252365018081681,-0.0025007426738739014
00086_id00496_wavtolip.mp4,1,FakeVideo-FakeAudio,0.9998892545700073,0.82300895,0.7882956,0.8577223,0.8242261276557923,0.8240095839813233,0.001217177655792323,0.001000633981323329,-0.00021654367446899414
00086_id00735_wavtolip.mp4,1,FakeVideo-FakeAudio,0.9999985694885254,0.8241598649999999,0.78853923,0.8597805,0.8243479426557923,0.8225113745386505,0.00018807765579231805,-0.0016484904613494056,-0.0018365681171417236
00086_id00823_wavtolip.mp4,1,FakeVideo-FakeAudio,0.999879002571106,0.8240983,0.7887659,0.8594307,0.8244612776557922,0.8238242828170776,0.0003629776557922959,-0.0002740171829223037,-0.0006369948387145996
00086_id00826_wavtolip.mp4,1,FakeVideo-FakeAudio,0.9999991655349731,0.82398605,0.7885195,0.8594526,0.8243380776557923,0.8234578362617493,0.00035202765579223083,-0.0005282137382507379,-0.0008802413940429688
00086_id03371_wavtolip.mp4,1,FakeVideo-FakeAudio,0.9999978542327881,0.82382053,0.78829396,0.8593471,0.8242253076557922,0.8240822863106536,0.0004047776557921656,0.0002617563106536158,-0.0001430213451385498
00086_id03651_wavtolip.mp4,1,FakeVideo-FakeAudio,0.9997180104255676,0.8242964150000001,0.78886926,0.85972357,0.8245129576557922,0.8240521541470337,0.00021654265579218457,-0.00024426085296636035,-0.0004608035087585449
00043_id00234_wavtolip.mp4,1,FakeVideo-FakeAudio,0.9999958276748657,0.824632,0.7896298,0.8596342,0.8248932276557923,0.8219747160266877,0.00026122765579228435,-0.00265728397331233,-0.0029185116291046143
00043_id00434_wavtolip.mp4,1,FakeVideo-FakeAudio,0.9999969005584717,0.8246196,0.7896392,0.8596,0.8248979276557922,0.8245379752059936,0.00027832765579216545,-8.162479400641853e-05,-0.000359952449798584
00043_id00569_wavtolip.mp4,1,FakeVideo-FakeAudio,0.999893069267273,0.8245702500000001,0.7895208,0.8596197,0.8248387276557922,0.8246464132694244,0.0002684776557921875,7.616326942438967e-05,-0.00019231438636779785
00043_id00813_wavtolip.mp4,1,FakeVideo-FakeAudio,0.9999954700469971,0.8244657500000001,0.7896416,0.8592899,0.8248991276557922,0.8247103597457885,0.00043337765579209986,0.00024460974578843775,-0.0001887679100036621
00043_id00826_wavtolip.mp4,1,FakeVideo-FakeAudio,0.9999991655349731,0.8245093800000001,0.78956616,0.8594526,0.8248614076557923,0.8243484798851777,0.00035202765579223083,-0.0001609001148223932,-0.000512927770614624
00043_id00897_wavtolip.mp4,1,FakeVideo-FakeAudio,0.9999977350234985,0.824815,0.7896249,0.8600051,0.8248907776557922,0.8246135266506195,7.577765579225293e-05,-0.00020147334938047656,-0.0002772510051727295
00043_id01018_wavtolip.mp4,1,FakeVideo-FakeAudio,0.9999983310699463,0.82485448,0.78962296,0.860086,0.8248898076557922,0.8244568693184662,3.532765579228325e-05,-0.00039761068153376655,-0.0004329383373260498
00043_id03858_wavtolip.mp4,1,FakeVideo-FakeAudio,0.999995231628418,0.824716775,0.78962165,0.8598119,0.8248891526557922,0.8246261173583984,0.00017237765579225517,-9.065764160154366e-05,-0.00026303529739379883
00043_id03941_wavtolip.mp4,1,FakeVideo-FakeAudio,0.9920011758804321,0.8244342499999999,0.78954375,0.85932475,0.8248502026557922,0.8245871673583984,0.00041595265579230656,0.00015291735839850773,-0.00026303529739379883
00072_id00071_wavtolip.mp4,1,FakeVideo-FakeAudio,0.9998891353607178,0.822114885,0.78437394,0.85985583,0.8222652976557923,0.8217365746543122,0.000150412655792298,-0.00037831034568780453,-0.0005287230014801025
00072_id00234_wavtolip.mp4,1,FakeVideo-FakeAudio,0.9978132247924805,0.820892085,0.7829015,0.85888267,0.8215290776557922,0.8209537736244201,0.0006369926557922012,6.16886244201309e-05,-0.0005753040313720703
00072_id00270_wavtolip.mp4,1,FakeVideo-FakeAudio,0.9183855652809143,0.822111545,0.78432494,0.85989815,0.8222407976557922,0.8203704337050628,0.00012925265579211143,-0.0017411112949372587,-0.0018703639507293701
00072_id00271_wavtolip.mp4,1,FakeVideo-FakeAudio,0.990376889705658,0.82169927,0.78432834,0.8590702,0.8222424976557923,0.8220084004134369,0.0005432276557922888,0.00030913041343694214,-0.00023409724235534668
00072_id00330_wavtolip.mp4,1,FakeVideo-FakeAudio,0.9861272573471069,0.8213033949999999,0.78365564,0.85895115,0.8219061476557923,0.8207588178485108,0.000602752655792349,-0.0005445771514891451,-0.0011473298072814941
00072_id00332_wavtolip.mp4,1,FakeVideo-FakeAudio,0.9918560981750488,0.8215917500000001,0.7836292,0.8595543,0.8218929276557922,0.819431285628891,0.00030117765579218414,-0.002160464371109061,-0.002461642026901245
00072_id00374_wavtolip.mp4,1,FakeVideo-FakeAudio,0.5739357471466064,0.821304735,0.7836008,0.85900867,0.8218787276557922,0.821055587511444,0.000573992655792166,-0.00024914748855597857,-0.0008231401443481445
00072_id00491_wavtolip.mp4,1,FakeVideo-FakeAudio,0.9998522996902466,0.8216598900000001,0.78411835,0.85920143,0.8221375026557922,0.821937856898117,0.00047761265579215895,0.00027796689811698805,-0.0001996457576751709
00072_id00581_wavtolip.mp4,1,FakeVideo-FakeAudio,0.9839462041854858,0.8208630299999999,0.78307366,0.8586524,0.8216151576557922,0.820547102026062,0.0007521276557922452,-0.00031592797393797944,-0.0010680556297302246
00072_id03651_wavtolip.mp4,1,FakeVideo-FakeAudio,0.9997193217277527,0.822033785,0.784344,0.85972357,0.8222503276557922,0.8215223761291504,0.00021654265579218457,-0.0005114088708496611,-0.0007279515266418457
00430_id00188_wavtolip.mp4,1,FakeVideo-FakeAudio,0.9996317625045776,0.82560316,0.79151267,0.85969365,0.8258346626557922,0.8255831608571624,0.00023150265579219287,-1.9999142837567874e-05,-0.00025150179862976074
00430_id00262_wavtolip.mp4,1,FakeVideo-FakeAudio,0.9999943971633911,0.824122,0.7913888,0.8568552,0.8257727276557922,0.8254828702682495,0.0016507276557922168,0.0013608702682494922,-0.0002898573875427246
00430_id00330_wavtolip.mp4,1,FakeVideo-FakeAudio,0.9867284893989563,0.825219625,0.7914881,0.85895115,0.8258223776557923,0.8255950157382965,0.000602752655792238,0.0003753907382965105,-0.00022736191749572754
00430_id00484_wavtolip.mp4,1,FakeVideo-FakeAudio,0.9995824694633484,0.82555884,0.79151565,0.85960203,0.8258361526557922,0.8239341982433319,0.00027731265579222786,-0.0016246417566680993,-0.0019019544124603271
00430_id00491_wavtolip.mp4,1,FakeVideo-FakeAudio,0.9998452663421631,0.8253567150000001,0.791512,0.85920143,0.8258343276557922,0.8257050749835968,0.00047761265579215895,0.0003483599835967244,-0.00012925267219543457
00430_id00581_wavtolip.mp4,1,FakeVideo-FakeAudio,0.9999980926513672,0.82497217,0.7914438,0.85850054,0.8258002276557923,0.824864226116562,0.0008280576557923025,-0.00010794388343804417,-0.0009360015392303467
00430_id00591_wavtolip.mp4,1,FakeVideo-FakeAudio,0.9988059997558594,0.8256500849999999,0.79157937,0.8597208,0.8258680126557922,0.8257249913106537,0.000217927655792316,7.490631065376618e-05,-0.0001430213451385498
00430_id00897_wavtolip.mp4,1,FakeVideo-FakeAudio,0.9999986886978149,0.82526707,0.7913826,0.85915154,0.8257696276557922,0.8254037743461609,0.0005025576557922129,0.00013670434616086524,-0.00036585330963134766
00430_id03649_wavtolip.mp4,1,FakeVideo-FakeAudio,0.9950142502784729,0.82562218,0.79156876,0.8596756,0.8258627076557923,0.8250038643292237,0.00024052765579229973,-0.0006183156707763038,-0.0008588433265686035
00002_id00188_wavtolip.mp4,1,FakeVideo-FakeAudio,0.9996424913406372,0.825662555,0.79163146,0.85969365,0.8258940576557923,0.825041234398346,0.0002315026557923039,-0.0006213206016539852,-0.0008528232574462891
00002_id00262_wavtolip.mp4,1,FakeVideo-FakeAudio,0.9999940395355225,0.82477098,0.79166126,0.8578807,0.8259089576557923,0.825255690749054,0.001137977655792266,0.0004847107490539848,-0.0006532669067382812
00002_id00270_wavtolip.mp4,1,FakeVideo-FakeAudio,0.9148941040039062,0.825778455,0.79165876,0.85989815,0.8259077076557922,0.8255661432389069,0.00012925265579222245,-0.00021231176109315353,-0.000341564416885376
00002_id00373_wavtolip.mp4,1,FakeVideo-FakeAudio,0.9999980926513672,0.8238989999999999,0.7916557,0.8561423,0.8259061776557922,0.8255458377758026,0.0020071776557922805,0.0016468377758026564,-0.000360339879989624
00002_id00495_wavtolip.mp4,1,FakeVideo-FakeAudio,0.9982840418815613,0.82583356,0.79164785,0.86001927,0.8259022526557922,0.8253590159233093,6.869265579223516e-05,-0.000474544076690675,-0.0005432367324829102
00002_id00806_wavtolip.mp4,1,FakeVideo-FakeAudio,0.9999839067459106,0.825282905,0.79165167,0.85891414,0.8259041626557923,0.8243595678910828,0.00062125765579224,-0.0009233371089172326,-0.0015445947647094727
00002_id01002_wavtolip.mp4,1,FakeVideo-FakeAudio,0.9999423027038574,0.82539555,0.79164296,0.85914814,0.8258998076557922,0.8250339309811401,0.0005042576557922063,-0.00036161901885989334,-0.0008658766746520996
00002_id03371_wavtolip.mp4,1,FakeVideo-FakeAudio,0.9999984502792358,0.825192095,0.79165745,0.85872674,0.8259070526557922,0.825730771918869,0.0007149576557922144,0.0005386769188689966,-0.00017628073692321777
00081_id00262_wavtolip.mp4,1,FakeVideo-FakeAudio,0.9682376980781555,0.822142395,0.78913194,0.85515285,0.8246442976557922,0.8239910307490539,0.0025019026557921986,0.0018486357490539174,-0.0006532669067382812
00081_id00270_wavtolip.mp4,1,FakeVideo-FakeAudio,0.9154165387153625,0.8246783900000001,0.78945863,0.85989815,0.8248076426557922,0.8242164241842651,0.00012925265579211143,-0.0004619658157349882,-0.0005912184715270996
00081_id00328_wavtolip.mp4,1,FakeVideo-FakeAudio,0.9983219504356384,0.8244376499999999,0.78944385,0.85943145,0.8248002526557923,0.8242947158611298,0.0003626026557923545,-0.00014293413887012107,-0.0005055367946624756
00081_id00332_wavtolip.mp4,1,FakeVideo-FakeAudio,0.9912844896316528,0.8244931,0.7894319,0.8595543,0.8247942776557922,0.824707403886032,0.00030117765579218414,0.0002143038860320523,-8.687376976013184e-05
00081_id00634_wavtolip.mp4,1,FakeVideo-FakeAudio,0.9995173215866089,0.824404065,0.78944993,0.8593582,0.8248032926557922,0.8241500257490539,0.00039922765579225583,-0.0002540392509460254,-0.0006532669067382812
00081_id00823_wavtolip.mp4,1,FakeVideo-FakeAudio,0.9998711347579956,0.82453643,0.78964216,0.8594307,0.8248994076557923,0.8240406537361908,0.0003629776557922959,-0.0004957762638091445,-0.0008587539196014404
00081_id01018_wavtolip.mp4,1,FakeVideo-FakeAudio,0.9999749660491943,0.824294725,0.7894217,0.85916775,0.8247891776557923,0.8242583386894227,0.0004944526557922879,-3.6386310577340986e-05,-0.0005308389663696289
00081_id03589_wavtolip.mp4,1,FakeVideo-FakeAudio,0.9999525547027588,0.82349973,0.78945386,0.8575456,0.8248052576557923,0.8242104331032563,0.0013055276557922824,0.0007107031032562716,-0.0005948245525360107
00081_id03651_wavtolip.mp4,1,FakeVideo-FakeAudio,0.9996994733810425,0.824621885,0.7895202,0.85972357,0.8248384276557923,0.8245325068164826,0.0002165426557922956,-8.937818351739679e-05,-0.0003059208393096924
00081_id03716_wavtolip.mp4,1,FakeVideo-FakeAudio,0.9974393844604492,0.82377675,0.7893673,0.8581862,0.8247619776557922,0.8242187409233093,0.0009852276557922313,0.0004419909233093211,-0.0005432367324829102
00001_id00234_wavtolip.mp4,1,FakeVideo-FakeAudio,0.9999964237213135,0.8245534,0.7894859,0.8596209,0.8248212776557922,0.8245871804134368,0.00026787765579217027,3.3780413436823586e-05,-0.00023409724235534668
00001_id00271_wavtolip.mp4,1,FakeVideo-FakeAudio,0.9901941418647766,0.8242764499999999,0.7894827,0.8590702,0.8248196776557922,0.8245566423583984,0.0005432276557922888,0.00028019235839849,-0.00026303529739379883
00001_id00325_wavtolip.mp4,1,FakeVideo-FakeAudio,0.9999978542327881,0.824603795,0.78948605,0.85972154,0.8248213526557923,0.8244918581794739,0.00021755765579223318,-0.00011193682052612619,-0.0003294944763183594
00001_id00374_wavtolip.mp4,1,FakeVideo-FakeAudio,0.9999830722808838,0.8244287800000001,0.7894887,0.85936886,0.8248226776557923,0.8246039286094666,0.00039389765579223024,0.00017514860946654665,-0.0002187490463256836
00001_id00434_wavtolip.mp4,1,FakeVideo-FakeAudio,0.9999969005584717,0.8244841,0.7894829,0.8594853,0.8248197776557922,0.8243252677204131,0.0003356776557921215,-0.00015883227958690682,-0.0004945099353790283
00001_id00484_wavtolip.mp4,1,FakeVideo-FakeAudio,0.9999971389770508,0.82445359,0.78947043,0.85943675,0.8248135426557922,0.8245265164888763,0.00035995265579225055,7.2926488876357e-05,-0.00028702616691589355
00001_id00633_wavtolip.mp4,1,FakeVideo-FakeAudio,0.9999957084655762,0.8243806499999999,0.7894874,0.8592739,0.8248220276557923,0.8244151961528778,0.0004413776557923299,3.454615287790119e-05,-0.0004068315029144287
00001_id00813_wavtolip.mp4,1,FakeVideo-FakeAudio,0.9999957084655762,0.82427982,0.7894804,0.85907924,0.8248185276557922,0.8232618629505157,0.0005387076557922255,-0.0010179570494842638,-0.0015566647052764893
00001_id03620_wavtolip.mp4,1,FakeVideo-FakeAudio,0.9999969005584717,0.8244811000000001,0.7894887,0.8594735,0.8248226776557923,0.824312461896515,0.00034157765579223565,-0.0001686381034851081,-0.0005102157592773438
00001_id03649_wavtolip.mp4,1,FakeVideo-FakeAudio,0.9999978542327881,0.82460315,0.7895462,0.8596601,0.8248514276557922,0.8247084063106537,0.0002482776557922728,0.00010525631065372298,-0.0001430213451385498
00092_id00042_wavtolip.mp4,1,FakeVideo-FakeAudio,0.9999972581863403,0.825506525,0.79218495,0.8588281,0.8261708026557922,0.8221344357162476,0.0006642776557922447,-0.003372089283752433,-0.004036366939544678
00092_id00232_wavtolip.mp4,1,FakeVideo-FakeAudio,0.9999910593032837,0.825983185,0.79217917,0.8597872,0.8261679126557923,0.8257026387986756,0.00018472765579224948,-0.00028054620132444974,-0.0004652738571166992
00092_id00270_wavtolip.mp4,1,FakeVideo-FakeAudio,0.9234895706176758,0.823622195,0.78734624,0.85989815,0.8237514476557922,0.8212214092990112,0.00012925265579222245,-0.0024007857009887834,-0.002530038356781006
00092_id00287_wavtolip.mp4,1,FakeVideo-FakeAudio,0.9999243021011353,0.82591945,0.792179,0.8596599,0.8261678276557922,0.8260248063106537,0.00024837765579222015,0.00010535631065367035,-0.0001430213451385498
00092_id00332_wavtolip.mp4,1,FakeVideo-FakeAudio,0.9999836683273315,0.82607223,0.7921879,0.85995656,0.8261722776557923,0.8257196995880127,0.00010004765579230135,-0.00035253041198723967,-0.000452578067779541
00092_id00495_wavtolip.mp4,1,FakeVideo-FakeAudio,0.9984325766563416,0.823611385,0.7872035,0.86001927,0.8236800776557922,0.8185316370563507,6.869265579223516e-05,-0.005079747943649293,-0.005148440599441528
00092_id00806_wavtolip.mp4,1,FakeVideo-FakeAudio,0.9998689889907837,0.82599475,0.7921812,0.8598083,0.8261689276557922,0.8256256909233093,0.0001741776557921959,-0.00036905907669071425,-0.0005432367324829102
00092_id03589_wavtolip.mp4,1,FakeVideo-FakeAudio,0.9999986886978149,0.8226204850000001,0.78786707,0.8573739,0.8240118626557922,0.823740423103485,0.0013913776557921143,0.0011199381034849853,-0.0002714395523071289
00092_id03858_wavtolip.mp4,1,FakeVideo-FakeAudio,0.9999947547912598,0.8260041650000001,0.79217803,0.8598303,0.8261673426557923,0.8258900916506196,0.00016317765579221266,-0.00011407334938051683,-0.0002772510051727295
00040_id00262_wavtolip.mp4,1,FakeVideo-FakeAudio,0.9999939203262329,0.82302465,0.790627,0.8554223,0.8253918276557922,0.8248485909233093,0.0023671776557921964,0.0018239409233092863,-0.0005432367324829102
00040_id00270_wavtolip.mp4,1,FakeVideo-FakeAudio,0.910249650478363,0.825123905,0.79034966,0.85989815,0.8252531576557922,0.8248901653691101,0.00012925265579222245,-0.00023373963088990646,-0.0003629922866821289
00040_id00330_wavtolip.mp4,1,FakeVideo-FakeAudio,0.9840313196182251,0.82459706,0.79024297,0.85895115,0.8251998126557922,0.8244003951600647,0.000602752655792238,-0.00019666483993530104,-0.0007994174957275391
00040_id00434_wavtolip.mp4,1,FakeVideo-FakeAudio,0.9946492314338684,0.8238428499999999,0.79044586,0.85723984,0.8253012576557922,0.8251089432694244,0.0014584076557923042,0.0012660932694245064,-0.00019231438636779785
00040_id00495_wavtolip.mp4,1,FakeVideo-FakeAudio,0.9980384707450867,0.825165685,0.7903121,0.86001927,0.8252343776557922,0.8247241618965149,6.869265579223516e-05,-0.0004415231034851086,-0.0005102157592773438
00040_id00897_wavtolip.mp4,1,FakeVideo-FakeAudio,0.9999985694885254,0.824626235,0.7906171,0.85863537,0.8253868776557922,0.823656733631897,0.0007606426557922319,-0.0009695013681030318,-0.0017301440238952637
00040_id03716_wavtolip.mp4,1,FakeVideo-FakeAudio,0.9999971389770508,0.82420347,0.79045504,0.8579519,0.8253058476557922,0.8245602233519744,0.0011023776557921305,0.0003567533519743815,-0.000745624303817749
00040_id03844_wavtolip.mp4,1,FakeVideo-FakeAudio,0.9987838864326477,0.824716,0.7903328,0.8590992,0.8252447276557922,0.8249435453857421,0.0005287276557921494,0.0002275453857421006,-0.00030118227005004883
00093_id00071_wavtolip.mp4,1,FakeVideo-FakeAudio,0.9998846054077148,0.822573615,0.7852914,0.85985583,0.8227240276557922,0.8221036923152923,0.000150412655792187,-0.00046992268470769094,-0.0006203353404998779
00093_id00395_wavtolip.mp4,1,FakeVideo-FakeAudio,0.9670687913894653,0.822595525,0.78541195,0.8597791,0.8227843026557922,0.8217397312561034,0.00018877765579217165,-0.000855793743896549,-0.0010445713996887207
00093_id00569_wavtolip.mp4,1,FakeVideo-FakeAudio,0.9869259595870972,0.8225258,0.785421,0.8596306,0.8227888276557922,0.8222601046543121,0.0002630276557922251,-0.00026569534568787745,-0.0005287230014801025
00093_id00591_wavtolip.mp4,1,FakeVideo-FakeAudio,0.9987754225730896,0.8225832,0.7854456,0.8597208,0.8228011276557923,0.8222578909233094,0.000217927655792316,-0.00032530907669059417,-0.0005432367324829102
00093_id00633_wavtolip.mp4,1,FakeVideo-FakeAudio,0.9999961853027344,0.822091695,0.78502136,0.85916203,0.8225890076557922,0.8210978484551239,0.0004973126557922258,-0.0009938465448761091,-0.001491159200668335
00093_id01002_wavtolip.mp4,1,FakeVideo-FakeAudio,0.9999401569366455,0.8221748449999999,0.78520155,0.85914814,0.8226791026557922,0.8220184745754242,0.0005042576557923173,-0.0001563704245757247,-0.000660628080368042
00093_id03941_wavtolip.mp4,1,FakeVideo-FakeAudio,0.9925609230995178,0.8222666949999999,0.78520864,0.85932475,0.8226826476557922,0.8222246157630158,0.00041595265579230656,-4.20792369841827e-05,-0.00045803189277648926
00028_id00188_wavtolip.mp4,1,FakeVideo-FakeAudio,0.9999972581863403,0.8246131649999999,0.78962713,0.8595992,0.8248918926557922,0.8246206319174194,0.000278727655792288,7.466917419485242e-06,-0.00027126073837280273
00028_id00271_wavtolip.mp4,1,FakeVideo-FakeAudio,0.9896503686904907,0.82437525,0.7896803,0.8590702,0.8249184776557923,0.8246671248687745,0.0005432276557922888,0.00029187486877446656,-0.00025135278701782227
00028_id00332_wavtolip.mp4,1,FakeVideo-FakeAudio,0.9999878406524658,0.824791,0.7897157,0.8598663,0.8249361776557922,0.8243929409233093,0.00014517765579213915,-0.000398059076690771,-0.0005432367324829102
00028_id00403_wavtolip.mp4,1,FakeVideo-FakeAudio,0.999998927116394,0.82480987,0.7897446,0.85987514,0.8249506276557923,0.8248213749835969,0.00014075765579235622,1.1504983596921647e-05,-0.00012925267219543457
00028_id00495_wavtolip.mp4,1,FakeVideo-FakeAudio,0.998322069644928,0.824813535,0.7896078,0.86001927,0.8248822276557922,0.8240950291122436,6.869265579223516e-05,-0.0007185058877563488,-0.000787198543548584
00028_id00569_wavtolip.mp4,1,FakeVideo-FakeAudio,0.9999033212661743,0.82463373,0.78964776,0.8596197,0.8249022076557923,0.824240178866272,0.00026847765579229854,-0.00039355113372796513,-0.0006620287895202637
00028_id00735_wavtolip.mp4,1,FakeVideo-FakeAudio,0.9999988079071045,0.8247353799999999,0.78969026,0.8597805,0.8249234576557922,0.8244654257630157,0.00018807765579231805,-0.0002699542369841712,-0.00045803189277648926
00028_id00806_wavtolip.mp4,1,FakeVideo-FakeAudio,0.9999228715896606,0.824689325,0.789725,0.85965365,0.8249408276557922,0.8243863554477692,0.00025150265579221287,-0.0003029695522308584,-0.0005544722080230713
00028_id01002_wavtolip.mp4,1,FakeVideo-FakeAudio,0.9999470710754395,0.82442217,0.7896962,0.85914814,0.8249264276557922,0.8224702096515655,0.0005042576557922063,-0.0019519603484344783,-0.0024562180042266846
00028_id03620_wavtolip.mp4,1,FakeVideo-FakeAudio,0.9999972581863403,0.8245987,0.7897225,0.8594749,0.8249395776557922,0.824403851108551,0.00034087765579216,-0.00019484889144905093,-0.0005357265472412109
00092_id00188_wavtolip.mp4,1,FakeVideo-FakeAudio,0.9996587038040161,0.823452595,0.78721154,0.85969365,0.8236840976557922,0.8225367678485107,0.00023150265579219287,-0.0009158271514893013,-0.0011473298072814941
00092_id00262_wavtolip.mp4,1,FakeVideo-FakeAudio,0.9999947547912598,0.82290891,0.78786755,0.85795027,0.8240121026557923,0.8236517627758027,0.0011031926557922844,0.0007428527758026604,-0.000360339879989624
00092_id00270_wavtolip.mp4,1,FakeVideo-FakeAudio,0.9234895706176758,0.823622195,0.78734624,0.85989815,0.8237514476557922,0.823577014662857,0.00012925265579222245,-4.5180337142958216e-05,-0.00017443299293518066
00092_id00379_wavtolip.mp4,1,FakeVideo-FakeAudio,0.8853534460067749,0.823586025,0.78749865,0.8596734,0.8238276526557922,0.8167334780323028,0.00024162765579216483,-0.006852546967697215,-0.00709417462348938
00092_id00434_wavtolip.mp4,1,FakeVideo-FakeAudio,0.9999978542327881,0.8231722699999999,0.78785884,0.8584857,0.8240077476557922,0.8229425232466888,0.0008354776557922827,-0.00022974675331111083,-0.0010652244091033936
00092_id00495_wavtolip.mp4,1,FakeVideo-FakeAudio,0.9984325766563416,0.823611385,0.7872035,0.86001927,0.8236800776557922,0.8231368409233093,6.869265579223516e-05,-0.000474544076690675,-0.0005432367324829102
00092_id00735_wavtolip.mp4,1,FakeVideo-FakeAudio,0.9992115497589111,0.823513465,0.7871562,0.85987073,0.8236564276557923,0.8218456385475159,0.00014296265579227807,-0.0016678264524840891,-0.0018107891082763672
00092_id00813_wavtolip.mp4,1,FakeVideo-FakeAudio,0.9999955892562866,0.82303545,0.7878542,0.8582167,0.8240054276557922,0.8225193050476074,0.0009699776557922091,-0.0005161449523926054,-0.0014861226081848145
00092_id03589_wavtolip.mp4,1,FakeVideo-FakeAudio,0.9999986886978149,0.8226204850000001,0.78786707,0.8573739,0.8240118626557922,0.8232246641122436,0.0013913776557921143,0.0006041791122435303,-0.000787198543548584
00021_id00071_wavtolip.mp4,1,FakeVideo-FakeAudio,0.9999827146530151,0.8073471,0.7549222,0.859772,0.8075394276557922,0.7977043334423065,0.00019232765579224598,-0.009642766557693472,-0.009835094213485718
00021_id00328_wavtolip.mp4,1,FakeVideo-FakeAudio,0.9999980926513672,0.80686134,0.75402075,0.85970193,0.8070887026557922,0.8067257103691101,0.00022736265579226256,-0.00013562963088986635,-0.0003629922866821289
00021_id00332_wavtolip.mp4,1,FakeVideo-FakeAudio,0.9999860525131226,0.806919165,0.7539313,0.85990703,0.8070439776557923,0.8066581269878388,0.000124812655792228,-0.0002610380121612632,-0.0003858506679534912
00021_id00379_wavtolip.mp4,1,FakeVideo-FakeAudio,0.9999972581863403,0.8066979999999999,0.7537567,0.8596393,0.8069566776557922,0.8054655184551238,0.0002586776557922388,-0.0012324815448760962,-0.001491159200668335
00021_id00491_wavtolip.mp4,1,FakeVideo-FakeAudio,0.9999831914901733,0.806696445,0.75399673,0.85939616,0.8070766926557922,0.806173831299057,0.00038024765579214304,-0.0005226137009430865,-0.0009028613567352295
00021_id00735_wavtolip.mp4,1,FakeVideo-FakeAudio,0.9999986886978149,0.80731055,0.7548407,0.8597804,0.8074986776557922,0.8073837300983429,0.00018812765579223623,7.31800983428954e-05,-0.00011494755744934082
00021_id00806_wavtolip.mp4,1,FakeVideo-FakeAudio,0.9998975992202759,0.8068845,0.7540067,0.8597623,0.8070816776557923,0.8065761408611298,0.00019717765579230218,-0.0003083591388701734,-0.0005055367946624756
00021_id03649_wavtolip.mp4,1,FakeVideo-FakeAudio,0.9999977350234985,0.807396565,0.75513303,0.8596601,0.8076448426557923,0.8070577369047547,0.0002482776557922728,-0.00033882809524532487,-0.0005871057510375977
00021_id03716_wavtolip.mp4,1,FakeVideo-FakeAudio,0.9999967813491821,0.806792645,0.75397116,0.85961413,0.8070639076557922,0.8068125548687743,0.00027126265579213715,1.9909868774314887e-05,-0.00025135278701782227
