sample_id,label,category,prediction,logit,probability
00028.mp4,0,RVRA,1,1.2101472620751752,0.770325
00004.mp4,0,RVRA,1,0.9910647227523636,0.7292982
00014.mp4,0,RVRA,1,1.3323910255496207,0.79123586
00020.mp4,0,RVRA,1,1.2979116059925915,0.7854833
00025.mp4,0,RVRA,1,1.2825822258025137,0.782889
00063.mp4,0,RVRA,1,1.3384106964866158,0.79222846
00028.mp4,0,RVRA,1,1.342058886668451,0.7928283
00088.mp4,0,RVRA,1,1.3149705905159685,0.7883437
00028.mp4,0,RVRA,1,1.3283543300645697,0.7905683
00005.mp4,0,RVRA,1,1.3237105214897382,0.7897984
00015.mp4,0,RVRA,1,1.249842759653124,0.77727264
00092.mp4,0,RVRA,1,1.3374745294866275,0.7920743
00118.mp4,0,RVRA,1,1.309639804087734,0.7874529
00293.mp4,0,RVRA,1,1.2867942277427489,0.7836041
00078.mp4,0,RVRA,1,1.3365880683574616,0.7919283
00028.mp4,0,RVRA,1,1.3324913428255198,0.79125243
00311.mp4,0,RVRA,1,1.329572989744356,0.79077
00043.mp4,0,RVRA,1,1.3058856868464588,0.78682387
00420.mp4,0,RVRA,1,1.326040388398764,0.7901849
00052.mp4,0,RVRA,1,1.3382437707332873,0.792201
00046.mp4,0,RVRA,1,1.2326134385838539,0.77427566
00202.mp4,0,RVRA,1,1.3022229685364155,0.78620887
00122.mp4,0,RVRA,1,1.3305077365305087,0.7909246
00027.mp4,0,RVRA,1,1.066898103598991,0.7440066
00015.mp4,0,RVRA,1,1.3048725051581067,0.7866539
00239.mp4,0,RVRA,1,1.322974313009224,0.78967613
00010.mp4,0,RVRA,1,1.3302929232065628,0.7908891
00130.mp4,0,RVRA,1,1.3293294768851884,0.7907297
00001.mp4,0,RVRA,1,1.2977308550667652,0.78545284
00088.mp4,0,RVRA,1,1.331806559428532,0.7911393
00078.mp4,0,RVRA,1,1.3302352597708504,0.79087955
00037.mp4,0,RVRA,1,1.2302886827587127,0.7738691
00005.mp4,0,RVRA,1,1.1707504118160021,0.76328063
00169.mp4,0,RVRA,1,1.323188215429081,0.78971165
00125.mp4,0,RVRA,1,1.1936850758728474,0.7673995
00065.mp4,0,RVRA,1,1.337663821261459,0.7921055
00005.mp4,0,RVRA,1,1.2747526326925114,0.78155524
00086.mp4,0,RVRA,1,1.3116619788409427,0.78779113
00043.mp4,0,RVRA,1,1.322922276999864,0.7896675
00072.mp4,0,RVRA,1,1.2767566836595814,0.7818972
00430.mp4,0,RVRA,1,1.3364781068074403,0.7919102
00002.mp4,0,RVRA,1,1.3347894197946752,0.79163176
00081.mp4,0,RVRA,1,1.3221024683082203,0.7895313
00001.mp4,0,RVRA,1,1.317255791004916,0.7887248
00092.mp4,0,RVRA,1,1.3380783094306152,0.79217374
00040.mp4,0,RVRA,1,1.3224382378428143,0.7895871
00093.mp4,0,RVRA,1,1.2908521286345134,0.7842914
00028.mp4,0,RVRA,1,1.3169582190013644,0.7886752
00092.mp4,0,RVRA,1,1.3076676433202925,0.7871226
00021.mp4,0,RVRA,1,1.0941705499869878,0.74916625
00028_fake.mp4,1,RVFA,1,1.2162415977270962,0.77140146
00004_fake.mp4,1,RVFA,1,1.0000188888847235,0.7310623
00014_fake.mp4,1,RVFA,1,1.3338407830220271,0.79147524
00020_fake.mp4,1,RVFA,1,1.3011630025389094,0.78603065
00025_fake.mp4,1,RVFA,1,1.287005847840365,0.78363997
00063_fake.mp4,1,RVFA,1,1.3382205979463122,0.79219717
00028_fake.mp4,1,RVFA,1,1.3413532186522827,0.7927124
00088_fake.mp4,1,RVFA,1,1.3155751087560248,0.7884446
00028_fake.mp4,1,RVFA,1,1.3279490217407885,0.7905012
00005_fake.mp4,1,RVFA,1,1.3235586595096862,0.78977317
00015_fake.mp4,1,RVFA,1,1.2556631978433173,0.77827865
00092_fake.mp4,1,RVFA,1,1.3373724726257838,0.7920575
00118_fake.mp4,1,RVFA,1,1.3107897499776004,0.7876453
00293_fake.mp4,1,RVFA,1,1.2890238424209386,0.7839819
00078_fake.mp4,1,RVFA,1,1.3372356825461598,0.792035
00028_fake.mp4,1,RVFA,1,1.3322019542456214,0.79120463
00311_fake.mp4,1,RVFA,1,1.3300107511955974,0.7908424
00043_fake.mp4,1,RVFA,1,1.304246843300133,0.78654885
00420_fake.mp4,1,RVFA,1,1.3256313111095646,0.7901171
00052_fake.mp4,1,RVFA,1,1.3390408884188933,0.7923322
00046_fake.mp4,1,RVFA,1,1.2373953028537774,0.7751103
00202_fake.mp4,1,RVFA,1,1.3024087947009269,0.7862401
00122_fake.mp4,1,RVFA,1,1.3306940980254773,0.7909554
00027_fake.mp4,1,RVFA,1,1.0754928422519074,0.7456401
00015_fake.mp4,1,RVFA,1,1.302885153191132,0.78632015
00239_fake.mp4,1,RVFA,1,1.3219055569341192,0.78949857
00010_fake.mp4,1,RVFA,1,1.3287125638692268,0.7906276
00130_fake.mp4,1,RVFA,1,1.3282823322711546,0.7905564
00001_fake.mp4,1,RVFA,1,1.3003633132364723,0.7858961
00088_fake.mp4,1,RVFA,1,1.331563811912994,0.7910992
00078_fake.mp4,1,RVFA,1,1.3288195084163965,0.7906453
00037_fake.mp4,1,RVFA,1,1.236237186770132,0.77490836
00005_fake.mp4,1,RVFA,1,1.179982581601135,0.7649447
00169_fake.mp4,1,RVFA,1,1.3227647430590026,0.7896413
00125_fake.mp4,1,RVFA,1,1.1998705702203032,0.76850176
00065_fake.mp4,1,RVFA,1,1.337779288664626,0.7921245
00005_fake.mp4,1,RVFA,1,1.2776002705027611,0.782041
00086_fake.mp4,1,RVFA,1,1.3126202599840686,0.7879513
00043_fake.mp4,1,RVFA,1,1.3224077432557446,0.789582
00072_fake.mp4,1,RVFA,1,1.2795938910850553,0.78238064
00430_fake.mp4,1,RVFA,1,1.3352675495499204,0.7917106
00002_fake.mp4,1,RVFA,1,1.3346669272799094,0.79161155
00081_fake.mp4,1,RVFA,1,1.3213249963289506,0.78940207
00001_fake.mp4,1,RVFA,1,1.3190057763110903,0.78901625
00092_fake.mp4,1,RVFA,1,1.3381604949925876,0.7921873
00040_fake.mp4,1,RVFA,1,1.3247218395301645,0.7899662
00093_fake.mp4,1,RVFA,1,1.292959902642799,0.78464776
00028_fake.mp4,1,RVFA,1,1.3189520694636196,0.7890073
00092_fake.mp4,1,RVFA,1,1.3091815338663715,0.78737617
00021_fake.mp4,1,RVFA,1,1.103263042049971,0.750871
00028_0.mp4,1,FVRA,1,1.0769075465754405,0.7459083
00028_id00325_4vJtbNe0L98_faceswap.mp4,1,FVRA,1,1.2137619540498334,0.7709639
00004_0.mp4,1,FVRA,1,1.3257006820547264,0.7901286
00004_1.mp4,1,FVRA,1,1.340354534611271,0.79254824
00004_2.mp4,1,FVRA,1,1.3376808332109011,0.7921083
00004_3.mp4,1,FVRA,1,1.3342792726554218,0.7915476
00004_id00495_E46aiMUC4A0_faceswap.mp4,1,FVRA,1,1.0005021822594864,0.7311573
00014_id03371_truKMXt8Dak_faceswap.mp4,1,FVRA,1,1.3341001068392686,0.79151803
00020_id00569_gSynmpwioV4_faceswap.mp4,1,FVRA,1,1.2992120769324815,0.78570235
00025_0.mp4,1,FVRA,1,1.3376174917031702,0.79209787
00025_id00365_XV-imLNJvfk_faceswap.mp4,1,FVRA,1,1.2876654781210384,0.7837518
00063_id00403_n4LSCxzFr6o_faceswap.mp4,1,FVRA,1,1.3384704461043848,0.7922383
00028_0.mp4,1,FVRA,1,1.2901990518066044,0.7841809
00028_id00287_2NpfYjyMsPM_faceswap.mp4,1,FVRA,1,1.3417718677355022,0.7927812
00088_0.mp4,1,FVRA,1,1.3297419560598678,0.79079795
00088_id00633_UXrTMta1EDM_faceswap.mp4,1,FVRA,1,1.3175730905595875,0.78877765
00028_0.mp4,1,FVRA,1,1.329421330496284,0.7907449
00028_id00495_E46aiMUC4A0_faceswap.mp4,1,FVRA,1,1.3287694561003776,0.790637
00005_id00262_3p7sRWAAh1Q_faceswap.mp4,1,FVRA,1,1.324902186508671,0.78999615
00015_id00042_4yuJSkaZwn0_faceswap.mp4,1,FVRA,1,1.257423934929121,0.77858233
00092_0.mp4,1,FVRA,1,0.9947953504955667,0.73003405
00092_id00484_u7YTz8eFZv0_faceswap.mp4,1,FVRA,1,1.3391386976340007,0.79234827
00118_id00365_XV-imLNJvfk_faceswap.mp4,1,FVRA,1,1.3122357427806033,0.78788704
00293_0.mp4,1,FVRA,1,1.3287701762672608,0.79063714
00078_0.mp4,1,FVRA,1,1.0006883730091625,0.7311939
00078_id00330_zCFFgGSIZ_s_faceswap.mp4,1,FVRA,1,1.337435081255241,0.7920678
00028_0.mp4,1,FVRA,1,1.2781930840429212,0.78214204
00311_0.mp4,1,FVRA,1,1.3263844767438076,0.79024196
00311_id00330_zCFFgGSIZ_s_faceswap.mp4,1,FVRA,1,1.3301408400718686,0.79086393
00043_id00633_UXrTMta1EDM_faceswap.mp4,1,FVRA,1,1.3051083406143411,0.78669345
00420_0.mp4,1,FVRA,1,1.3199011360249107,0.78916526
00420_id00823_KgExwCvgrUk_faceswap.mp4,1,FVRA,1,1.326147526618351,0.7902027
00052_id00234_M3g5KRLJB60_faceswap.mp4,1,FVRA,1,1.3401870565329177,0.7925207
00046_0.mp4,1,FVRA,1,1.3302918419993477,0.7908889
00046_id00330_zCFFgGSIZ_s_faceswap.mp4,1,FVRA,1,1.2364056625325373,0.77493775
00202_0.mp4,1,FVRA,1,1.3261388977902369,0.79020125
00202_id03844_AEAEN1Lns2c_faceswap.mp4,1,FVRA,1,1.303700549152316,0.7864571
00122_id00633_UXrTMta1EDM_faceswap.mp4,1,FVRA,1,1.3330760421636894,0.791349
00027_0.mp4,1,FVRA,1,1.3245497730450813,0.7899377
00027_id00395_wM5kGJfTtEM_faceswap.mp4,1,FVRA,1,1.0752958048276022,0.7456027
00015_id00262_3p7sRWAAh1Q_faceswap.mp4,1,FVRA,1,1.3026588401058088,0.7862821
00239_0.mp4,1,FVRA,1,1.329892922953562,0.7908229
00239_1.mp4,1,FVRA,1,1.290270547321332,0.784193
00239_2.mp4,1,FVRA,1,1.3321947381961268,0.79120344
00010_id03371_truKMXt8Dak_faceswap.mp4,1,FVRA,1,1.3284076103711577,0.7905771
00130_0.mp4,1,FVRA,1,1.2930674919506375,0.78466594
00130_id00634_z5t9oJizDQg_faceswap.mp4,1,FVRA,1,1.3291774789402488,0.79070455
00001_id00897_0ayFw8JhoyI_faceswap.mp4,1,FVRA,1,1.3016383124606257,0.7861106
00088_id01002_eQTviHjyISo_faceswap.mp4,1,FVRA,1,1.3317088070456906,0.79112315
00078_0.mp4,1,FVRA,1,1.0011466403479343,0.73128396
00078_id03649_389qfFqUddI_faceswap.mp4,1,FVRA,1,1.3293240738843706,0.7907288
00037_id03844_AEAEN1Lns2c_faceswap.mp4,1,FVRA,1,1.237389831858193,0.77510935
00005_id00379_fgkgYHCuk4g_faceswap.mp4,1,FVRA,1,1.1806204901994333,0.76505935
00169_id00897_0ayFw8JhoyI_faceswap.mp4,1,FVRA,1,1.3240092582931755,0.78984797
00125_id00395_wM5kGJfTtEM_faceswap.mp4,1,FVRA,1,1.1999834797524822,0.76852185
00065_0.mp4,1,FVRA,1,1.292930272646524,0.78464276
00065_id00581_7AxvP19LGKg_faceswap.mp4,1,FVRA,1,1.338862672674409,0.79230285
00005_id00591_1Jo8xElXQMs_faceswap.mp4,1,FVRA,1,1.2772037731579362,0.7819734
00086_id00633_UXrTMta1EDM_faceswap.mp4,1,FVRA,1,1.3157344908751547,0.78847116
00043_0.mp4,1,FVRA,1,1.3286589140583998,0.7906187
00043_id00633_UXrTMta1EDM_faceswap.mp4,1,FVRA,1,1.32489356391299,0.7899947
00072_id00569_gSynmpwioV4_faceswap.mp4,1,FVRA,1,1.278563212151212,0.7822051
00430_id00581_7AxvP19LGKg_faceswap.mp4,1,FVRA,1,1.3359479307746438,0.7918228
00002_0.mp4,1,FVRA,1,1.3101117313802362,0.78753185
00002_id00495_E46aiMUC4A0_faceswap.mp4,1,FVRA,1,1.3350138314401663,0.7916688
00081_id00496_SImaDcXQnh8_faceswap.mp4,1,FVRA,1,1.3220569148648547,0.7895237
00001_0.mp4,1,FVRA,1,1.3416115064811944,0.7927548
00001_id00634_z5t9oJizDQg_faceswap.mp4,1,FVRA,1,1.3188443027522603,0.78898937
00092_id03716_s-lxbGafZQA_faceswap.mp4,1,FVRA,1,1.338568222707274,0.7922544
00040_0.mp4,1,FVRA,1,1.2560456096653176,0.77834463
00040_id03651_EjcoRkL6loI_faceswap.mp4,1,FVRA,1,1.3245483362364863,0.78993744
00093_id03941_SsYtP8Ze88Q_faceswap.mp4,1,FVRA,1,1.2929041704448405,0.78463835
00028_0.mp4,1,FVRA,1,1.3123734172636354,0.78791004
00028_id00484_u7YTz8eFZv0_faceswap.mp4,1,FVRA,1,1.3189961089555002,0.78901464
00092_0.mp4,1,FVRA,1,1.2925595871937297,0.7845801
00092_id00395_wM5kGJfTtEM_faceswap.mp4,1,FVRA,1,1.3098634638520834,0.7874903
00021_0.mp4,1,FVRA,1,1.3217850539428664,0.78947854
00021_id03816_XXD0yTNei50_faceswap.mp4,1,FVRA,1,1.1043489198592948,0.7510741
00028_id00325_4vJtbNe0L98_faceswap_id00325_wavtolip.mp4,1,FVFA,1,1.2308538360916141,0.773968
00028_id00325_4vJtbNe0L98_faceswap_id00495_wavtolip.mp4,1,FVFA,1,1.2256921957831424,0.7730637
00028_id00325_4vJtbNe0L98_faceswap_id00735_wavtolip.mp4,1,FVFA,1,1.2278855836997018,0.7734483
00028_id00325_4vJtbNe0L98_faceswap_id03858_wavtolip.mp4,1,FVFA,1,1.2308085219879683,0.77396005
00004_1_id00262_wavtolip.mp4,1,FVFA,1,1.3408001352168726,0.7926215
00004_1_id00373_wavtolip.mp4,1,FVFA,1,1.3408055745100138,0.7926224
00004_1_id00569_wavtolip.mp4,1,FVFA,1,1.3405325433735957,0.7925775
00004_1_id00581_wavtolip.mp4,1,FVFA,1,1.3407417545607567,0.7926119
00004_1_id00633_wavtolip.mp4,1,FVFA,1,1.3407689502704074,0.79261637
00004_2_id00068_wavtolip.mp4,1,FVFA,1,1.338298445271233,0.79221
00004_2_id00332_wavtolip.mp4,1,FVFA,1,1.3382734613252185,0.79220587
00004_2_id00581_wavtolip.mp4,1,FVFA,1,1.3383335682470128,0.79221576
00004_2_id03716_wavtolip.mp4,1,FVFA,1,1.3383002557162786,0.7922103
00004_3_id00332_wavtolip.mp4,1,FVFA,1,1.336690440224789,0.79194516
00004_3_id00434_wavtolip.mp4,1,FVFA,1,1.3366564361696727,0.79193956
00004_3_id00495_wavtolip.mp4,1,FVFA,1,1.3366470309119187,0.791938
00004_3_id03371_wavtolip.mp4,1,FVFA,1,1.336728786033051,0.7919515
00004_3_id03716_wavtolip.mp4,1,FVFA,1,1.3366604153327326,0.7919402
00004_id00495_E46aiMUC4A0_faceswap_id00071_wavtolip.mp4,1,FVFA,1,1.039734305279392,0.73879874
00004_id00495_E46aiMUC4A0_faceswap_id00434_wavtolip.mp4,1,FVFA,1,1.035082605110473,0.7379001
00004_id00495_E46aiMUC4A0_faceswap_id00591_wavtolip.mp4,1,FVFA,1,1.0347439338382907,0.7378346
00004_id00495_E46aiMUC4A0_faceswap_id00813_wavtolip.mp4,1,FVFA,1,1.0354965422929587,0.7379801
00014_id03371_truKMXt8Dak_faceswap_id00271_wavtolip.mp4,1,FVFA,1,1.3366296674948341,0.79193515
00014_id03371_truKMXt8Dak_faceswap_id00806_wavtolip.mp4,1,FVFA,1,1.3365692586444509,0.7919252
00014_id03371_truKMXt8Dak_faceswap_id01018_wavtolip.mp4,1,FVFA,1,1.3365526194551318,0.79192245
00014_id03371_truKMXt8Dak_faceswap_id03716_wavtolip.mp4,1,FVFA,1,1.3366079634710173,0.79193157
00020_id00569_gSynmpwioV4_faceswap_id00270_wavtolip.mp4,1,FVFA,1,1.306863901804634,0.7869879
00020_id00569_gSynmpwioV4_faceswap_id00328_wavtolip.mp4,1,FVFA,1,1.3070683583897245,0.7870222
00020_id00569_gSynmpwioV4_faceswap_id00395_wavtolip.mp4,1,FVFA,1,1.307437507745235,0.78708404
00020_id00569_gSynmpwioV4_faceswap_id00491_wavtolip.mp4,1,FVFA,1,1.3068564351487144,0.78698665
00020_id00569_gSynmpwioV4_faceswap_id00581_wavtolip.mp4,1,FVFA,1,1.3066559140730767,0.78695303
00025_id00365_XV-imLNJvfk_faceswap_id00395_wavtolip.mp4,1,FVFA,1,1.297925755580301,0.7854857
00025_id00365_XV-imLNJvfk_faceswap_id00491_wavtolip.mp4,1,FVFA,1,1.2969843497231197,0.785327
00025_id00365_XV-imLNJvfk_faceswap_id00581_wavtolip.mp4,1,FVFA,1,1.298175160829168,0.7855277
00025_id00365_XV-imLNJvfk_faceswap_id00735_wavtolip.mp4,1,FVFA,1,1.2975271346993373,0.7854185
00063_id00403_n4LSCxzFr6o_faceswap_id00071_wavtolip.mp4,1,FVFA,1,1.3375418469164198,0.7920854
00063_id00403_n4LSCxzFr6o_faceswap_id00234_wavtolip.mp4,1,FVFA,1,1.3366578831369884,0.7919398
00063_id00403_n4LSCxzFr6o_faceswap_id00495_wavtolip.mp4,1,FVFA,1,1.3371933449744402,0.792028
00063_id00403_n4LSCxzFr6o_faceswap_id00581_wavtolip.mp4,1,FVFA,1,1.3366336465957014,0.7919358
00063_id00403_n4LSCxzFr6o_faceswap_id03941_wavtolip.mp4,1,FVFA,1,1.3373880340944242,0.7920601
00028_id00287_2NpfYjyMsPM_faceswap_id00379_wavtolip.mp4,1,FVFA,1,1.340375198628374,0.79255164
00028_id00287_2NpfYjyMsPM_faceswap_id01002_wavtolip.mp4,1,FVFA,1,1.340409276676016,0.79255724
00028_id00287_2NpfYjyMsPM_faceswap_id03620_wavtolip.mp4,1,FVFA,1,1.3393491875457053,0.7923829
00028_id00287_2NpfYjyMsPM_faceswap_id03858_wavtolip.mp4,1,FVFA,1,1.3402617308782359,0.792533
00028_id00287_2NpfYjyMsPM_faceswap_id03941_wavtolip.mp4,1,FVFA,1,1.3403385836110366,0.7925456
00088_id00633_UXrTMta1EDM_faceswap_id00042_wavtolip.mp4,1,FVFA,1,1.3180729463584004,0.7888609
00088_id00633_UXrTMta1EDM_faceswap_id00434_wavtolip.mp4,1,FVFA,1,1.318389679886409,0.78891367
00088_id00633_UXrTMta1EDM_faceswap_id03649_wavtolip.mp4,1,FVFA,1,1.3159825271791243,0.7885125
00028_id00495_E46aiMUC4A0_faceswap_id00328_wavtolip.mp4,1,FVFA,1,1.328471692925263,0.7905877
00028_id00495_E46aiMUC4A0_faceswap_id00484_wavtolip.mp4,1,FVFA,1,1.3284598122715319,0.79058576
00028_id00495_E46aiMUC4A0_faceswap_id00826_wavtolip.mp4,1,FVFA,1,1.3285109356675378,0.7905942
00028_id00495_E46aiMUC4A0_faceswap_id03620_wavtolip.mp4,1,FVFA,1,1.328496174531027,0.7905918
00028_id00495_E46aiMUC4A0_faceswap_id03716_wavtolip.mp4,1,FVFA,1,1.3285318174915697,0.7905977
00005_id00262_3p7sRWAAh1Q_faceswap_id00271_wavtolip.mp4,1,FVFA,1,1.3237536053364338,0.78980553
00005_id00262_3p7sRWAAh1Q_faceswap_id00897_wavtolip.mp4,1,FVFA,1,1.3234147081285226,0.78974926
00005_id00262_3p7sRWAAh1Q_faceswap_id03589_wavtolip.mp4,1,FVFA,1,1.3233544028896596,0.78973925
00005_id00262_3p7sRWAAh1Q_faceswap_id03941_wavtolip.mp4,1,FVFA,1,1.3233673252634344,0.7897414
00015_id00042_4yuJSkaZwn0_faceswap_id00188_wavtolip.mp4,1,FVFA,1,1.2653855685171267,0.7799518
00015_id00042_4yuJSkaZwn0_faceswap_id00232_wavtolip.mp4,1,FVFA,1,1.272929748335436,0.78124386
00015_id00042_4yuJSkaZwn0_faceswap_id00484_wavtolip.mp4,1,FVFA,1,1.2730765845791068,0.78126895
00015_id00042_4yuJSkaZwn0_faceswap_id00591_wavtolip.mp4,1,FVFA,1,1.2662578312364086,0.7801015
00092_id00484_u7YTz8eFZv0_faceswap_id00287_wavtolip.mp4,1,FVFA,1,1.3396071726521057,0.79242533
00092_id00484_u7YTz8eFZv0_faceswap_id00484_wavtolip.mp4,1,FVFA,1,1.3392611481657364,0.7923684
00092_id00484_u7YTz8eFZv0_faceswap_id01002_wavtolip.mp4,1,FVFA,1,1.3391890534481035,0.79235655
00092_id00484_u7YTz8eFZv0_faceswap_id03589_wavtolip.mp4,1,FVFA,1,1.3396734869102065,0.79243624
00118_id00365_XV-imLNJvfk_faceswap_id00262_wavtolip.mp4,1,FVFA,1,1.3158395624397896,0.7884887
00118_id00365_XV-imLNJvfk_faceswap_id00328_wavtolip.mp4,1,FVFA,1,1.3144123486294619,0.78825057
00118_id00365_XV-imLNJvfk_faceswap_id00569_wavtolip.mp4,1,FVFA,1,1.312720862023968,0.7879681
00118_id00365_XV-imLNJvfk_faceswap_id00897_wavtolip.mp4,1,FVFA,1,1.3157487859517776,0.78847355
00118_id00365_XV-imLNJvfk_faceswap_id03716_wavtolip.mp4,1,FVFA,1,1.3157480711951464,0.7884734
00078_0_id00271_wavtolip.mp4,1,FVFA,1,1.038725463129255,0.738604
00078_0_id00569_wavtolip.mp4,1,FVFA,1,1.036968020293019,0.73826456
00078_0_id00634_wavtolip.mp4,1,FVFA,1,1.0344527633076062,0.73777825
00078_0_id03816_wavtolip.mp4,1,FVFA,1,1.0361075800069655,0.73809826
00078_id00330_zCFFgGSIZ_s_faceswap_id00042_wavtolip.mp4,1,FVFA,1,1.3381840290302318,0.79219115
00078_id00330_zCFFgGSIZ_s_faceswap_id00379_wavtolip.mp4,1,FVFA,1,1.3382249428199668,0.7921979
00078_id00330_zCFFgGSIZ_s_faceswap_id00569_wavtolip.mp4,1,FVFA,1,1.3382799788411839,0.79220694
00078_id00330_zCFFgGSIZ_s_faceswap_id03716_wavtolip.mp4,1,FVFA,1,1.3380898948215134,0.79217565
00311_id00330_zCFFgGSIZ_s_faceswap_id00262_wavtolip.mp4,1,FVFA,1,1.3312150802119191,0.79104155
00311_id00330_zCFFgGSIZ_s_faceswap_id00365_wavtolip.mp4,1,FVFA,1,1.331213998424339,0.7910414
00311_id00330_zCFFgGSIZ_s_faceswap_id00591_wavtolip.mp4,1,FVFA,1,1.3307258211438202,0.79096067
00311_id00330_zCFFgGSIZ_s_faceswap_id00633_wavtolip.mp4,1,FVFA,1,1.3312922494834478,0.7910543
00311_id00330_zCFFgGSIZ_s_faceswap_id03716_wavtolip.mp4,1,FVFA,1,1.3312349131049461,0.79104483
00043_id00633_UXrTMta1EDM_faceswap_id00071_wavtolip.mp4,1,FVFA,1,1.3003990912513046,0.78590214
00043_id00633_UXrTMta1EDM_faceswap_id00270_wavtolip.mp4,1,FVFA,1,1.2999503249829771,0.7858266
00043_id00633_UXrTMta1EDM_faceswap_id00332_wavtolip.mp4,1,FVFA,1,1.3007299840169004,0.7859578
00043_id00633_UXrTMta1EDM_faceswap_id00395_wavtolip.mp4,1,FVFA,1,1.2998610813291012,0.7858116
00043_id00633_UXrTMta1EDM_faceswap_id01018_wavtolip.mp4,1,FVFA,1,1.3007299840169004,0.7859578
00420_id00823_KgExwCvgrUk_faceswap_id00188_wavtolip.mp4,1,FVFA,1,1.3253847613322733,0.7900762
00420_id00823_KgExwCvgrUk_faceswap_id00271_wavtolip.mp4,1,FVFA,1,1.3251881937022305,0.7900436
00420_id00823_KgExwCvgrUk_faceswap_id00330_wavtolip.mp4,1,FVFA,1,1.3250972842619273,0.7900285
00420_id00823_KgExwCvgrUk_faceswap_id00897_wavtolip.mp4,1,FVFA,1,1.3251192027002532,0.79003215
00052_id00234_M3g5KRLJB60_faceswap_id00232_wavtolip.mp4,1,FVFA,1,1.3385110046095952,0.792245
00052_id00234_M3g5KRLJB60_faceswap_id00365_wavtolip.mp4,1,FVFA,1,1.3384027300285608,0.79222715
00052_id00234_M3g5KRLJB60_faceswap_id00806_wavtolip.mp4,1,FVFA,1,1.339905063427221,0.7924743
00052_id00234_M3g5KRLJB60_faceswap_id01018_wavtolip.mp4,1,FVFA,1,1.339882230545723,0.7924706
00046_id00330_zCFFgGSIZ_s_faceswap_id00325_wavtolip.mp4,1,FVFA,1,1.252637517905523,0.7777561
00046_id00330_zCFFgGSIZ_s_faceswap_id00403_wavtolip.mp4,1,FVFA,1,1.253686455841701,0.77793735
00046_id00330_zCFFgGSIZ_s_faceswap_id00633_wavtolip.mp4,1,FVFA,1,1.253861050743059,0.7779675
00046_id00330_zCFFgGSIZ_s_faceswap_id00806_wavtolip.mp4,1,FVFA,1,1.2523120264796987,0.7776998
00046_id00330_zCFFgGSIZ_s_faceswap_id00823_wavtolip.mp4,1,FVFA,1,1.2530013518128706,0.777819
00202_id03844_AEAEN1Lns2c_faceswap_id00395_wavtolip.mp4,1,FVFA,1,1.3027219777975467,0.78629273
00202_id03844_AEAEN1Lns2c_faceswap_id00484_wavtolip.mp4,1,FVFA,1,1.3024240446722601,0.78624266
00202_id03844_AEAEN1Lns2c_faceswap_id00826_wavtolip.mp4,1,FVFA,1,1.302717721252194,0.786292
00202_id03844_AEAEN1Lns2c_faceswap_id01002_wavtolip.mp4,1,FVFA,1,1.302452771724064,0.7862475
00122_id00633_UXrTMta1EDM_faceswap_id00569_wavtolip.mp4,1,FVFA,1,1.332981466175223,0.7913334
00122_id00633_UXrTMta1EDM_faceswap_id01002_wavtolip.mp4,1,FVFA,1,1.3336930798763211,0.79145086
00122_id00633_UXrTMta1EDM_faceswap_id03620_wavtolip.mp4,1,FVFA,1,1.3336739407905873,0.7914477
00122_id00633_UXrTMta1EDM_faceswap_id03716_wavtolip.mp4,1,FVFA,1,1.3336761074688206,0.79144806
00122_id00633_UXrTMta1EDM_faceswap_id03941_wavtolip.mp4,1,FVFA,1,1.333579692935787,0.79143214
00027_id00395_wM5kGJfTtEM_faceswap_id00271_wavtolip.mp4,1,FVFA,1,1.1014775861571917,0.75053686
00027_id00395_wM5kGJfTtEM_faceswap_id00330_wavtolip.mp4,1,FVFA,1,1.101841490735641,0.750605
00027_id00395_wM5kGJfTtEM_faceswap_id00496_wavtolip.mp4,1,FVFA,1,1.1017402402784722,0.75058603
00027_id00395_wM5kGJfTtEM_faceswap_id03649_wavtolip.mp4,1,FVFA,1,1.100651008391722,0.75038207
00027_id00395_wM5kGJfTtEM_faceswap_id03651_wavtolip.mp4,1,FVFA,1,1.1008654974256167,0.75042224
00015_id00262_3p7sRWAAh1Q_faceswap_id00188_wavtolip.mp4,1,FVFA,1,1.2977821425729523,0.7854615
00015_id00262_3p7sRWAAh1Q_faceswap_id00234_wavtolip.mp4,1,FVFA,1,1.2983807257578692,0.78556234
00015_id00262_3p7sRWAAh1Q_faceswap_id00374_wavtolip.mp4,1,FVFA,1,1.2982607804659843,0.78554213
00239_0_id00330_wavtolip.mp4,1,FVFA,1,1.3234143491625325,0.7897492
00239_0_id00491_wavtolip.mp4,1,FVFA,1,1.3234337334328523,0.7897524
00239_0_id03589_wavtolip.mp4,1,FVFA,1,1.3234233233346855,0.7897507
00239_0_id03816_wavtolip.mp4,1,FVFA,1,1.323397118882824,0.78974634
00239_0_id03941_wavtolip.mp4,1,FVFA,1,1.322952780677159,0.78967255
00239_1_id00262_wavtolip.mp4,1,FVFA,1,1.297985538850201,0.78549576
00239_1_id00735_wavtolip.mp4,1,FVFA,1,1.2982321221875501,0.7855373
00239_1_id01002_wavtolip.mp4,1,FVFA,1,1.2982215081293762,0.7855355
00239_1_id03649_wavtolip.mp4,1,FVFA,1,1.2967902609263178,0.7852943
00239_1_id03716_wavtolip.mp4,1,FVFA,1,1.2979303542209202,0.78548646
00239_2_id00287_wavtolip.mp4,1,FVFA,1,1.3311700063065166,0.7910341
00239_2_id00332_wavtolip.mp4,1,FVFA,1,1.3314372216936177,0.79107827
00239_2_id00633_wavtolip.mp4,1,FVFA,1,1.3318303671244702,0.79114324
00239_2_id00735_wavtolip.mp4,1,FVFA,1,1.3312936919327412,0.79105455
00239_2_id03371_wavtolip.mp4,1,FVFA,1,1.3316749016146965,0.79111755
00010_id03371_truKMXt8Dak_faceswap_id00271_wavtolip.mp4,1,FVFA,1,1.3226301867260406,0.78961897
00010_id03371_truKMXt8Dak_faceswap_id00330_wavtolip.mp4,1,FVFA,1,1.3232585649708983,0.78972334
00010_id03371_truKMXt8Dak_faceswap_id00496_wavtolip.mp4,1,FVFA,1,1.3237324223106952,0.789802
00010_id03371_truKMXt8Dak_faceswap_id01018_wavtolip.mp4,1,FVFA,1,1.3233802477339764,0.78974354
00130_id00634_z5t9oJizDQg_faceswap_id00071_wavtolip.mp4,1,FVFA,1,1.3261755706081797,0.7902073
00130_id00634_z5t9oJizDQg_faceswap_id00325_wavtolip.mp4,1,FVFA,1,1.3265078187655135,0.7902624
00130_id00634_z5t9oJizDQg_faceswap_id00395_wavtolip.mp4,1,FVFA,1,1.3266153456924576,0.7902802
00130_id00634_z5t9oJizDQg_faceswap_id00591_wavtolip.mp4,1,FVFA,1,1.3265592438496505,0.7902709
00130_id00634_z5t9oJizDQg_faceswap_id00823_wavtolip.mp4,1,FVFA,1,1.3266671336307772,0.7902888
00001_id00897_0ayFw8JhoyI_faceswap_id00262_wavtolip.mp4,1,FVFA,1,1.3081233801592709,0.78719896
00001_id00897_0ayFw8JhoyI_faceswap_id00633_wavtolip.mp4,1,FVFA,1,1.30811412904512,0.7871974
00001_id00897_0ayFw8JhoyI_faceswap_id03371_wavtolip.mp4,1,FVFA,1,1.30811412904512,0.7871974
00088_id01002_eQTviHjyISo_faceswap_id00232_wavtolip.mp4,1,FVFA,1,1.329965708865193,0.79083496
00088_id01002_eQTviHjyISo_faceswap_id00270_wavtolip.mp4,1,FVFA,1,1.329730066628941,0.790796
00088_id01002_eQTviHjyISo_faceswap_id00735_wavtolip.mp4,1,FVFA,1,1.3297477206620323,0.7907989
00088_id01002_eQTviHjyISo_faceswap_id03620_wavtolip.mp4,1,FVFA,1,1.3305239567474645,0.7909273
00078_id03649_389qfFqUddI_faceswap_id00188_wavtolip.mp4,1,FVFA,1,1.3251242332008266,0.790033
00078_id03649_389qfFqUddI_faceswap_id00569_wavtolip.mp4,1,FVFA,1,1.325049855152602,0.79002064
00078_id03649_389qfFqUddI_faceswap_id00581_wavtolip.mp4,1,FVFA,1,1.3255676935781429,0.79010653
00078_id03649_389qfFqUddI_faceswap_id01002_wavtolip.mp4,1,FVFA,1,1.3254048865227814,0.79007953
00078_id03649_389qfFqUddI_faceswap_id03941_wavtolip.mp4,1,FVFA,1,1.3253128875699725,0.7900643
00037_id03844_AEAEN1Lns2c_faceswap_id00234_wavtolip.mp4,1,FVFA,1,1.2530061804350516,0.7778198
00037_id03844_AEAEN1Lns2c_faceswap_id00328_wavtolip.mp4,1,FVFA,1,1.251796325799313,0.77761066
00037_id03844_AEAEN1Lns2c_faceswap_id00332_wavtolip.mp4,1,FVFA,1,1.2526757945991336,0.7777627
00037_id03844_AEAEN1Lns2c_faceswap_id00373_wavtolip.mp4,1,FVFA,1,1.2531748454394682,0.77784896
00037_id03844_AEAEN1Lns2c_faceswap_id00569_wavtolip.mp4,1,FVFA,1,1.2493473844069272,0.7771869
00005_id00379_fgkgYHCuk4g_faceswap_id00188_wavtolip.mp4,1,FVFA,1,1.1990793904246013,0.768361
00005_id00379_fgkgYHCuk4g_faceswap_id00232_wavtolip.mp4,1,FVFA,1,1.1979802684789336,0.7681653
00005_id00379_fgkgYHCuk4g_faceswap_id00403_wavtolip.mp4,1,FVFA,1,1.2000256969443734,0.76852936
00005_id00379_fgkgYHCuk4g_faceswap_id00569_wavtolip.mp4,1,FVFA,1,1.1998819613759482,0.7685038
00169_id00897_0ayFw8JhoyI_faceswap_id00234_wavtolip.mp4,1,FVFA,1,1.3247796778410628,0.7899758
00169_id00897_0ayFw8JhoyI_faceswap_id00271_wavtolip.mp4,1,FVFA,1,1.323893994334841,0.78982884
00169_id00897_0ayFw8JhoyI_faceswap_id00634_wavtolip.mp4,1,FVFA,1,1.3247570452274895,0.78997207
00169_id00897_0ayFw8JhoyI_faceswap_id03716_wavtolip.mp4,1,FVFA,1,1.3242965540154819,0.78989565
00169_id00897_0ayFw8JhoyI_faceswap_id03844_wavtolip.mp4,1,FVFA,1,1.3238832223957857,0.78982705
00125_id00395_wM5kGJfTtEM_faceswap_id00332_wavtolip.mp4,1,FVFA,1,1.2149880167755125,0.77118033
00125_id00395_wM5kGJfTtEM_faceswap_id00379_wavtolip.mp4,1,FVFA,1,1.2149799101316718,0.7711789
00125_id00395_wM5kGJfTtEM_faceswap_id03651_wavtolip.mp4,1,FVFA,1,1.2347253623631993,0.77464455
00125_id00395_wM5kGJfTtEM_faceswap_id03858_wavtolip.mp4,1,FVFA,1,1.2152065718161984,0.7712189
00125_id00395_wM5kGJfTtEM_faceswap_id03941_wavtolip.mp4,1,FVFA,1,1.2149437684448885,0.7711725
00065_id00581_7AxvP19LGKg_faceswap_id00071_wavtolip.mp4,1,FVFA,1,1.3389401869969444,0.7923156
00065_id00581_7AxvP19LGKg_faceswap_id00188_wavtolip.mp4,1,FVFA,1,1.338514625951459,0.79224557
00065_id00581_7AxvP19LGKg_faceswap_id00806_wavtolip.mp4,1,FVFA,1,1.3390542915731998,0.7923344
00065_id00581_7AxvP19LGKg_faceswap_id00823_wavtolip.mp4,1,FVFA,1,1.338864483716635,0.79230314
00065_id00581_7AxvP19LGKg_faceswap_id01018_wavtolip.mp4,1,FVFA,1,1.339050306840678,0.7923337
00005_id00591_1Jo8xElXQMs_faceswap_id00188_wavtolip.mp4,1,FVFA,1,1.2847324369461313,0.78325427
00005_id00591_1Jo8xElXQMs_faceswap_id00332_wavtolip.mp4,1,FVFA,1,1.2851868145850676,0.7833314
00005_id00591_1Jo8xElXQMs_faceswap_id00735_wavtolip.mp4,1,FVFA,1,1.285822226482861,0.7834392
00005_id00591_1Jo8xElXQMs_faceswap_id00897_wavtolip.mp4,1,FVFA,1,1.2817380150591455,0.7827455
00005_id00591_1Jo8xElXQMs_faceswap_id03858_wavtolip.mp4,1,FVFA,1,1.2854126423534908,0.7833697
00086_id00633_UXrTMta1EDM_faceswap_id00330_wavtolip.mp4,1,FVFA,1,1.3185636395682263,0.78894264
00086_id00633_UXrTMta1EDM_faceswap_id00395_wavtolip.mp4,1,FVFA,1,1.3208736636837393,0.789327
00086_id00633_UXrTMta1EDM_faceswap_id00495_wavtolip.mp4,1,FVFA,1,1.3212414604278575,0.7893882
00086_id00633_UXrTMta1EDM_faceswap_id00897_wavtolip.mp4,1,FVFA,1,1.31852712806158,0.78893656
00086_id00633_UXrTMta1EDM_faceswap_id03651_wavtolip.mp4,1,FVFA,1,1.3220379047280968,0.78952056
00043_id00633_UXrTMta1EDM_faceswap_id00042_wavtolip.mp4,1,FVFA,1,1.3241141156865668,0.7898654
00043_id00633_UXrTMta1EDM_faceswap_id00365_wavtolip.mp4,1,FVFA,1,1.3245763542200215,0.7899421
00043_id00633_UXrTMta1EDM_faceswap_id00897_wavtolip.mp4,1,FVFA,1,1.324550132247417,0.78993773
00043_id00633_UXrTMta1EDM_faceswap_id03620_wavtolip.mp4,1,FVFA,1,1.3245709661109117,0.7899412
00072_id00569_gSynmpwioV4_faceswap_id00232_wavtolip.mp4,1,FVFA,1,1.2892237627442347,0.7840158
00072_id00569_gSynmpwioV4_faceswap_id00262_wavtolip.mp4,1,FVFA,1,1.288202225228319,0.78384274
00072_id00569_gSynmpwioV4_faceswap_id00270_wavtolip.mp4,1,FVFA,1,1.2920193941116884,0.7844888
00072_id00569_gSynmpwioV4_faceswap_id00330_wavtolip.mp4,1,FVFA,1,1.288091415412398,0.78382397
00430_id00581_7AxvP19LGKg_faceswap_id00234_wavtolip.mp4,1,FVFA,1,1.3332796509110096,0.7913826
00430_id00581_7AxvP19LGKg_faceswap_id00823_wavtolip.mp4,1,FVFA,1,1.3338068354522317,0.79146963
00430_id00581_7AxvP19LGKg_faceswap_id00897_wavtolip.mp4,1,FVFA,1,1.3328381682152168,0.7913097
00430_id00581_7AxvP19LGKg_faceswap_id03371_wavtolip.mp4,1,FVFA,1,1.332816512133474,0.79130614
00002_id00495_E46aiMUC4A0_faceswap_id00271_wavtolip.mp4,1,FVFA,1,1.334606226267649,0.79160154
00002_id00495_E46aiMUC4A0_faceswap_id00328_wavtolip.mp4,1,FVFA,1,1.3342846912680633,0.7915485
00002_id00495_E46aiMUC4A0_faceswap_id00434_wavtolip.mp4,1,FVFA,1,1.334974078444161,0.7916622
00002_id00495_E46aiMUC4A0_faceswap_id01002_wavtolip.mp4,1,FVFA,1,1.3346488612778427,0.7916086
00081_id00496_SImaDcXQnh8_faceswap_id00234_wavtolip.mp4,1,FVFA,1,1.3213647938224589,0.7894087
00081_id00496_SImaDcXQnh8_faceswap_id00332_wavtolip.mp4,1,FVFA,1,1.3212873508950322,0.7893958
00081_id00496_SImaDcXQnh8_faceswap_id03589_wavtolip.mp4,1,FVFA,1,1.3213662279834824,0.7894089
00081_id00496_SImaDcXQnh8_faceswap_id03649_wavtolip.mp4,1,FVFA,1,1.3221767194095466,0.7895436
00001_id00634_z5t9oJizDQg_faceswap_id00325_wavtolip.mp4,1,FVFA,1,1.322928736557125,0.78966856
00001_id00634_z5t9oJizDQg_faceswap_id00495_wavtolip.mp4,1,FVFA,1,1.3234179388257932,0.7897498
00001_id00634_z5t9oJizDQg_faceswap_id03844_wavtolip.mp4,1,FVFA,1,1.3232614364416821,0.7897238
00092_id03716_s-lxbGafZQA_faceswap_id00403_wavtolip.mp4,1,FVFA,1,1.3382625988537749,0.7922041
00092_id03716_s-lxbGafZQA_faceswap_id00434_wavtolip.mp4,1,FVFA,1,1.3382618746914638,0.79220396
00092_id03716_s-lxbGafZQA_faceswap_id00813_wavtolip.mp4,1,FVFA,1,1.33823616712797,0.79219973
00092_id03716_s-lxbGafZQA_faceswap_id01018_wavtolip.mp4,1,FVFA,1,1.3382441328105736,0.79220104
00092_id03716_s-lxbGafZQA_faceswap_id03858_wavtolip.mp4,1,FVFA,1,1.3382267531872456,0.7921982
00040_id03651_EjcoRkL6loI_faceswap_id00234_wavtolip.mp4,1,FVFA,1,1.3286103066139276,0.7906107
00040_id03651_EjcoRkL6loI_faceswap_id00403_wavtolip.mp4,1,FVFA,1,1.3278684034025539,0.7904878
00040_id03651_EjcoRkL6loI_faceswap_id00735_wavtolip.mp4,1,FVFA,1,1.3285732218576085,0.79060453
00040_id03651_EjcoRkL6loI_faceswap_id01002_wavtolip.mp4,1,FVFA,1,1.3284400113642723,0.7905825
00040_id03651_EjcoRkL6loI_faceswap_id03844_wavtolip.mp4,1,FVFA,1,1.3283701699833925,0.7905709
00093_id03941_SsYtP8Ze88Q_faceswap_id00287_wavtolip.mp4,1,FVFA,1,1.298570744410665,0.78559434
00093_id03941_SsYtP8Ze88Q_faceswap_id00325_wavtolip.mp4,1,FVFA,1,1.296980107115246,0.7853263
00093_id03941_SsYtP8Ze88Q_faceswap_id00813_wavtolip.mp4,1,FVFA,1,1.2970303119668183,0.78533477
00093_id03941_SsYtP8Ze88Q_faceswap_id00826_wavtolip.mp4,1,FVFA,1,1.2987664462565645,0.7856273
00093_id03941_SsYtP8Ze88Q_faceswap_id03716_wavtolip.mp4,1,FVFA,1,1.2970989040186383,0.7853463
00028_id00484_u7YTz8eFZv0_faceswap_id00374_wavtolip.mp4,1,FVFA,1,1.325080037162109,0.79002565
00028_id00484_u7YTz8eFZv0_faceswap_id00591_wavtolip.mp4,1,FVFA,1,1.3246675954239062,0.7899572
00028_id00484_u7YTz8eFZv0_faceswap_id00735_wavtolip.mp4,1,FVFA,1,1.3247706966096477,0.78997433
00028_id00484_u7YTz8eFZv0_faceswap_id03620_wavtolip.mp4,1,FVFA,1,1.3250836302936755,0.79002625
00092_id00395_wM5kGJfTtEM_faceswap_id00262_wavtolip.mp4,1,FVFA,1,1.3138985534430632,0.7881648
00092_id00395_wM5kGJfTtEM_faceswap_id00365_wavtolip.mp4,1,FVFA,1,1.3135683623578356,0.78810966
00092_id00395_wM5kGJfTtEM_faceswap_id00374_wavtolip.mp4,1,FVFA,1,1.3141145502539264,0.78820086
00092_id00395_wM5kGJfTtEM_faceswap_id00496_wavtolip.mp4,1,FVFA,1,1.3138646390309845,0.78815913
00092_id00395_wM5kGJfTtEM_faceswap_id01018_wavtolip.mp4,1,FVFA,1,1.3138171599676722,0.7881512
00021_id03816_XXD0yTNei50_faceswap_id00328_wavtolip.mp4,1,FVFA,1,1.130220774161472,0.75587964
00021_id03816_XXD0yTNei50_faceswap_id00379_wavtolip.mp4,1,FVFA,1,1.1285563377018197,0.7555724
00021_id03816_XXD0yTNei50_faceswap_id00484_wavtolip.mp4,1,FVFA,1,1.1300434466606972,0.7558469
00021_id03816_XXD0yTNei50_faceswap_id00591_wavtolip.mp4,1,FVFA,1,1.1378543376410815,0.7572855
00021_id03816_XXD0yTNei50_faceswap_id03649_wavtolip.mp4,1,FVFA,1,1.136144494843172,0.75697106
00028_id00287_2NpfYjyMsPM.mp4,1,FVRA,1,1.2118628447199844,0.7706284
00028_id00325_4vJtbNe0L98.mp4,1,FVRA,1,1.2161361424384742,0.77138287
00028_id00330_zCFFgGSIZ_s.mp4,1,FVRA,1,1.1832596260179031,0.7655334
00028_id00374_w1qI7y9AGTc.mp4,1,FVRA,1,1.208772574393369,0.7700817
00028_id00569_gSynmpwioV4.mp4,1,FVRA,1,1.2176668502291368,0.7716527
00028_id01002_eQTviHjyISo.mp4,1,FVRA,1,1.2010921660818021,0.768719
00028_id03589_9NxOQlwpMys.mp4,1,FVRA,1,1.2151140121138007,0.77120256
00028_id03620_YkXM5A8w07E.mp4,1,FVRA,1,1.2002240635500239,0.76856464
00028_id03649_389qfFqUddI.mp4,1,FVRA,1,1.2138520829345472,0.7709798
00028_id03651_EjcoRkL6loI.mp4,1,FVRA,1,1.2136157993360353,0.7709381
00004_id00232_kL0cCveU1zg.mp4,1,FVRA,1,1.005171800717109,0.7320742
00004_id00365_XV-imLNJvfk.mp4,1,FVRA,1,1.0188298600966395,0.7347446
00004_id00395_wM5kGJfTtEM.mp4,1,FVRA,1,0.9889831106889748,0.728887
00004_id00484_u7YTz8eFZv0.mp4,1,FVRA,1,1.0146880593564955,0.7339366
00004_id00495_E46aiMUC4A0.mp4,1,FVRA,1,1.012099084928483,0.73343074
00004_id00581_7AxvP19LGKg.mp4,1,FVRA,1,0.9966633696669803,0.73040205
00004_id00826_MYagwzy91Yk.mp4,1,FVRA,1,1.0139720944943376,0.7337968
00004_id03371_truKMXt8Dak.mp4,1,FVRA,1,1.0169440321205252,0.7343769
00004_id03589_9NxOQlwpMys.mp4,1,FVRA,1,1.0218634037950374,0.7353354
00004_id03844_AEAEN1Lns2c.mp4,1,FVRA,1,1.0465737196695442,0.7401164
00014_id00188_e-vm5FB3idA.mp4,1,FVRA,1,1.33697407481627,0.7919919
00014_id00232_kL0cCveU1zg.mp4,1,FVRA,1,1.335591076542944,0.79176396
00014_id00262_3p7sRWAAh1Q.mp4,1,FVRA,1,1.3327407179990207,0.7912936
00014_id00270_hoEQ70-sDME.mp4,1,FVRA,1,1.3295023818746372,0.7907583
00014_id00379_fgkgYHCuk4g.mp4,1,FVRA,1,1.3345755152646128,0.7915965
00014_id00581_7AxvP19LGKg.mp4,1,FVRA,1,1.3342821625800334,0.7915481
00014_id00735_ivJSkq5hGOQ.mp4,1,FVRA,1,1.3358712749661101,0.79181015
00014_id00897_0ayFw8JhoyI.mp4,1,FVRA,1,1.3335587496711463,0.7914287
00014_id03371_truKMXt8Dak.mp4,1,FVRA,1,1.3346286275815098,0.79160523
00014_id03816_XXD0yTNei50.mp4,1,FVRA,1,1.331647128515658,0.79111296
00020_id00270_hoEQ70-sDME.mp4,1,FVRA,1,1.2868775369420993,0.7836182
00020_id00373_5NXv3Dxkd6E.mp4,1,FVRA,1,1.2980651351282777,0.78550917
00020_id00374_w1qI7y9AGTc.mp4,1,FVRA,1,1.2973598612082107,0.7853903
00020_id00379_fgkgYHCuk4g.mp4,1,FVRA,1,1.2974323562148196,0.78540254
00020_id00491_ShjiTWoOtM4.mp4,1,FVRA,1,1.2873704423775059,0.7837018
00020_id00569_gSynmpwioV4.mp4,1,FVRA,1,1.2994453792225913,0.7857416
00020_id00633_UXrTMta1EDM.mp4,1,FVRA,1,1.2943407210095532,0.784881
00020_id00897_0ayFw8JhoyI.mp4,1,FVRA,1,1.2983407430809628,0.7855556
00020_id01018_VNPt_GB5QiE.mp4,1,FVRA,1,1.2992899589122535,0.78571546
00020_id03649_389qfFqUddI.mp4,1,FVRA,1,1.3024517077507571,0.7862473
00025_id00068_A7uFnQw--bY.mp4,1,FVRA,1,1.2952489196630514,0.7850343
00025_id00287_2NpfYjyMsPM.mp4,1,FVRA,1,1.298367633984369,0.78556013
00025_id00332__zNddcZV1EU.mp4,1,FVRA,1,1.2869643654872804,0.78363293
00025_id00365_XV-imLNJvfk.mp4,1,FVRA,1,1.2934686288700015,0.7847337
00025_id00484_u7YTz8eFZv0.mp4,1,FVRA,1,1.2949342455246853,0.7849812
00025_id00495_E46aiMUC4A0.mp4,1,FVRA,1,1.2915040382621512,0.78440166
00025_id00897_0ayFw8JhoyI.mp4,1,FVRA,1,1.2918311412857943,0.78445697
00025_id01018_VNPt_GB5QiE.mp4,1,FVRA,1,1.292277481317036,0.7845324
00025_id03844_AEAEN1Lns2c.mp4,1,FVRA,1,1.301343045079325,0.7860609
00025_id03858_uKVqPfRf-ac.mp4,1,FVRA,1,1.2915096774538437,0.7844026
00063_id00188_e-vm5FB3idA.mp4,1,FVRA,1,1.3348129075599406,0.79163563
00063_id00271_je6JSLqEEcw.mp4,1,FVRA,1,1.3364918516151354,0.79191244
00063_id00330_zCFFgGSIZ_s.mp4,1,FVRA,1,1.337212523402862,0.79203117
00063_id00332__zNddcZV1EU.mp4,1,FVRA,1,1.3367041867365743,0.7919474
00063_id00403_n4LSCxzFr6o.mp4,1,FVRA,1,1.3344035438114787,0.7915681
00063_id00434_HPXkk-HGXVI.mp4,1,FVRA,1,1.3340181158231228,0.7915045
00063_id00491_ShjiTWoOtM4.mp4,1,FVRA,1,1.3361714092613366,0.7918596
00063_id00897_0ayFw8JhoyI.mp4,1,FVRA,1,1.3353593599426383,0.79172575
00063_id01002_eQTviHjyISo.mp4,1,FVRA,1,1.336043393746132,0.7918385
00063_id03371_truKMXt8Dak.mp4,1,FVRA,1,1.3362404837526256,0.791871
00028_id00071_JU1cVINUTZA.mp4,1,FVRA,1,1.3379729583815485,0.7921564
00028_id00270_hoEQ70-sDME.mp4,1,FVRA,1,1.3406851888710962,0.7926026
00028_id00287_2NpfYjyMsPM.mp4,1,FVRA,1,1.3371336399217193,0.7920182
00028_id00395_wM5kGJfTtEM.mp4,1,FVRA,1,1.3401595075982486,0.7925162
00028_id00495_E46aiMUC4A0.mp4,1,FVRA,1,1.3382582538845051,0.79220337
00028_id00496_SImaDcXQnh8.mp4,1,FVRA,1,1.3389843789772862,0.7923229
00028_id00633_UXrTMta1EDM.mp4,1,FVRA,1,1.339874619652991,0.7924693
00028_id00813_dKs9CWJIkSI.mp4,1,FVRA,1,1.3365450233572276,0.7919212
00028_id03816_XXD0yTNei50.mp4,1,FVRA,1,1.3403664979591425,0.7925502
00028_id03941_SsYtP8Ze88Q.mp4,1,FVRA,1,1.3370185778742454,0.7919992
00088_id00188_e-vm5FB3idA.mp4,1,FVRA,1,1.3208367449422467,0.7893209
00088_id00262_3p7sRWAAh1Q.mp4,1,FVRA,1,1.3180790299593066,0.78886193
00088_id00287_2NpfYjyMsPM.mp4,1,FVRA,1,1.3204536251458727,0.78925717
00088_id00332__zNddcZV1EU.mp4,1,FVRA,1,1.318113026946214,0.7888676
00088_id00379_fgkgYHCuk4g.mp4,1,FVRA,1,1.3192288565961647,0.7890534
00088_id00395_wM5kGJfTtEM.mp4,1,FVRA,1,1.317453962263994,0.7887578
00088_id00569_gSynmpwioV4.mp4,1,FVRA,1,1.3202389861556827,0.78922147
00088_id00591_1Jo8xElXQMs.mp4,1,FVRA,1,1.3160289932588214,0.7885203
00088_id00633_UXrTMta1EDM.mp4,1,FVRA,1,1.3188847592356563,0.7889961
00088_id03858_uKVqPfRf-ac.mp4,1,FVRA,1,1.319416151667434,0.78908455
00028_id00287_2NpfYjyMsPM.mp4,1,FVRA,1,1.3279943712155162,0.7905087
00028_id00330_zCFFgGSIZ_s.mp4,1,FVRA,1,1.3259440415952712,0.79016894
00028_id00365_XV-imLNJvfk.mp4,1,FVRA,1,1.328156343380505,0.7905355
00028_id00395_wM5kGJfTtEM.mp4,1,FVRA,1,1.3275495660803984,0.790435
00028_id00484_u7YTz8eFZv0.mp4,1,FVRA,1,1.3272225133001028,0.79038084
00028_id00495_E46aiMUC4A0.mp4,1,FVRA,1,1.3286218282543667,0.7906126
00028_id00633_UXrTMta1EDM.mp4,1,FVRA,1,1.3271872571939627,0.790375
00028_id00634_z5t9oJizDQg.mp4,1,FVRA,1,1.3282081776930144,0.7905441
00028_id00826_MYagwzy91Yk.mp4,1,FVRA,1,1.327387291204074,0.79040813
00028_id03844_AEAEN1Lns2c.mp4,1,FVRA,1,1.326825743879049,0.7903151
00005_id00262_3p7sRWAAh1Q.mp4,1,FVRA,1,1.3234060929653708,0.78974783
00005_id00270_hoEQ70-sDME.mp4,1,FVRA,1,1.320972237003362,0.7893434
00005_id00271_je6JSLqEEcw.mp4,1,FVRA,1,1.3226409508467412,0.78962076
00005_id00325_4vJtbNe0L98.mp4,1,FVRA,1,1.322707331074164,0.7896318
00005_id00379_fgkgYHCuk4g.mp4,1,FVRA,1,1.3229707242685596,0.78967553
00005_id00403_n4LSCxzFr6o.mp4,1,FVRA,1,1.3206883610627407,0.7892962
00005_id00496_SImaDcXQnh8.mp4,1,FVRA,1,1.3237934588525226,0.78981215
00005_id01002_eQTviHjyISo.mp4,1,FVRA,1,1.3212644055090847,0.789392
00005_id03589_9NxOQlwpMys.mp4,1,FVRA,1,1.323189651105352,0.7897119
00005_id03620_YkXM5A8w07E.mp4,1,FVRA,1,1.3206059310785068,0.7892825
00015_id00042_4yuJSkaZwn0.mp4,1,FVRA,1,1.2781483100807625,0.7821344
00015_id00287_2NpfYjyMsPM.mp4,1,FVRA,1,1.274683507632229,0.78154343
00015_id00365_XV-imLNJvfk.mp4,1,FVRA,1,1.267083938383178,0.78024316
00015_id00591_1Jo8xElXQMs.mp4,1,FVRA,1,1.2484120848120162,0.77702487
00015_id00633_UXrTMta1EDM.mp4,1,FVRA,1,1.25623287260535,0.77837694
00015_id00897_0ayFw8JhoyI.mp4,1,FVRA,1,1.2686551881852597,0.78051245
00015_id01002_eQTviHjyISo.mp4,1,FVRA,1,1.2582694950032374,0.77872807
00015_id03620_YkXM5A8w07E.mp4,1,FVRA,1,1.2514709863687214,0.7775544
00015_id03649_389qfFqUddI.mp4,1,FVRA,1,1.2715868117121303,0.78101426
00015_id03651_EjcoRkL6loI.mp4,1,FVRA,1,1.2645029708274678,0.7798003
00092_id00188_e-vm5FB3idA.mp4,1,FVRA,1,1.339515496519905,0.79241025
00092_id00232_kL0cCveU1zg.mp4,1,FVRA,1,1.3392731038649626,0.7923704
00092_id00373_5NXv3Dxkd6E.mp4,1,FVRA,1,1.3387876972090687,0.7922905
00092_id00403_n4LSCxzFr6o.mp4,1,FVRA,1,1.3386609345734588,0.79226965
00092_id00484_u7YTz8eFZv0.mp4,1,FVRA,1,1.3387192442192122,0.79227924
00092_id00495_E46aiMUC4A0.mp4,1,FVRA,1,1.3392165867504027,0.7923611
00092_id03371_truKMXt8Dak.mp4,1,FVRA,1,1.3389394625477622,0.7923155
00092_id03620_YkXM5A8w07E.mp4,1,FVRA,1,1.3369046089399268,0.79198045
00092_id03844_AEAEN1Lns2c.mp4,1,FVRA,1,1.340058740277408,0.7924996
00092_id03858_uKVqPfRf-ac.mp4,1,FVRA,1,1.3374441289343977,0.7920693
00118_id00332__zNddcZV1EU.mp4,1,FVRA,1,1.3221968072127028,0.78954697
00118_id00365_XV-imLNJvfk.mp4,1,FVRA,1,1.3236613354133304,0.7897902
00118_id00374_w1qI7y9AGTc.mp4,1,FVRA,1,1.3219105780745453,0.7894994
00118_id00434_HPXkk-HGXVI.mp4,1,FVRA,1,1.3278964754311144,0.7904925
00118_id00491_ShjiTWoOtM4.mp4,1,FVRA,1,1.3156594436570606,0.78845865
00118_id00581_7AxvP19LGKg.mp4,1,FVRA,1,1.3201956315982055,0.78921425
00118_id00823_KgExwCvgrUk.mp4,1,FVRA,1,1.317871126072267,0.7888273
00118_id00897_0ayFw8JhoyI.mp4,1,FVRA,1,1.323281177932657,0.7897271
00118_id03371_truKMXt8Dak.mp4,1,FVRA,1,1.3223822717193605,0.7895778
00118_id03844_AEAEN1Lns2c.mp4,1,FVRA,1,1.3270444413732234,0.79035133
00293_id00234_M3g5KRLJB60.mp4,1,FVRA,1,1.2980400176898563,0.78550494
00293_id00270_hoEQ70-sDME.mp4,1,FVRA,1,1.2887468776525446,0.783935
00293_id00330_zCFFgGSIZ_s.mp4,1,FVRA,1,1.2800851182744402,0.78246427
00293_id00434_HPXkk-HGXVI.mp4,1,FVRA,1,1.3021151700502442,0.78619075
00293_id00591_1Jo8xElXQMs.mp4,1,FVRA,1,1.286650115638129,0.78357965
00293_id00633_UXrTMta1EDM.mp4,1,FVRA,1,1.295905997153876,0.78514516
00293_id00897_0ayFw8JhoyI.mp4,1,FVRA,1,1.2968333899124678,0.78530157
00293_id03858_uKVqPfRf-ac.mp4,1,FVRA,1,1.3008231696175294,0.7859735
00078_id00068_A7uFnQw--bY.mp4,1,FVRA,1,1.337023281517061,0.792
00078_id00232_kL0cCveU1zg.mp4,1,FVRA,1,1.3374651197342002,0.7920728
00078_id00287_2NpfYjyMsPM.mp4,1,FVRA,1,1.3368879664921514,0.7919777
00078_id00484_u7YTz8eFZv0.mp4,1,FVRA,1,1.3355043147083223,0.79174966
00078_id00495_E46aiMUC4A0.mp4,1,FVRA,1,1.3368275485302865,0.79196775
00078_id00813_dKs9CWJIkSI.mp4,1,FVRA,1,1.3364260222212612,0.7919016
00078_id03858_uKVqPfRf-ac.mp4,1,FVRA,1,1.3362918393680199,0.7918795
00028_id00188_e-vm5FB3idA.mp4,1,FVRA,1,1.3285141759339656,0.79059476
00028_id00328_ytKnCbJSEcU.mp4,1,FVRA,1,1.329674943977906,0.79078686
00028_id00330_zCFFgGSIZ_s.mp4,1,FVRA,1,1.3286859187876194,0.7906232
00028_id00374_w1qI7y9AGTc.mp4,1,FVRA,1,1.3296479237159544,0.7907824
00028_id00484_u7YTz8eFZv0.mp4,1,FVRA,1,1.3290759143406574,0.79068774
00028_id00495_E46aiMUC4A0.mp4,1,FVRA,1,1.3305419793902926,0.7909303
00028_id00569_gSynmpwioV4.mp4,1,FVRA,1,1.329785911639537,0.7908052
00028_id00589_uOzKwYEVR6s.mp4,1,FVRA,1,1.3298395966177274,0.7908141
00028_id00823_KgExwCvgrUk.mp4,1,FVRA,1,1.3295946049779677,0.7907736
00028_id00897_0ayFw8JhoyI.mp4,1,FVRA,1,1.3292448318224268,0.7907157
00311_id00188_e-vm5FB3idA.mp4,1,FVRA,1,1.3308170283713152,0.79097575
00311_id00262_3p7sRWAAh1Q.mp4,1,FVRA,1,1.3281322265589497,0.7905315
00311_id00330_zCFFgGSIZ_s.mp4,1,FVRA,1,1.326939405557891,0.7903339
00311_id00373_5NXv3Dxkd6E.mp4,1,FVRA,1,1.330677155236268,0.7909526
00311_id00434_HPXkk-HGXVI.mp4,1,FVRA,1,1.3301700303409978,0.79086876
00311_id00633_UXrTMta1EDM.mp4,1,FVRA,1,1.3284623324033473,0.7905862
00311_id00826_MYagwzy91Yk.mp4,1,FVRA,1,1.330233097429641,0.7908792
00311_id00897_0ayFw8JhoyI.mp4,1,FVRA,1,1.3290060471404719,0.7906762
00311_id03620_YkXM5A8w07E.mp4,1,FVRA,1,1.3252367046537497,0.79005164
00043_id00188_e-vm5FB3idA.mp4,1,FVRA,1,1.2986128556188135,0.78560144
00043_id00262_3p7sRWAAh1Q.mp4,1,FVRA,1,1.3015472102403052,0.78609526
00043_id00270_hoEQ70-sDME.mp4,1,FVRA,1,1.3044108714159004,0.7865764
00043_id00287_2NpfYjyMsPM.mp4,1,FVRA,1,1.2978709265646746,0.78547645
00043_id00496_SImaDcXQnh8.mp4,1,FVRA,1,1.3016092443102212,0.7861057
00043_id00633_UXrTMta1EDM.mp4,1,FVRA,1,1.3027014045911136,0.7862893
00043_id00806_0sk9s9lFIAk.mp4,1,FVRA,1,1.30522484941525,0.786713
00043_id00897_0ayFw8JhoyI.mp4,1,FVRA,1,1.298559420561118,0.78559244
00043_id03716_s-lxbGafZQA.mp4,1,FVRA,1,1.3028053372350068,0.78630674
00420_id00068_A7uFnQw--bY.mp4,1,FVRA,1,1.3238182331238357,0.78981626
00420_id00262_3p7sRWAAh1Q.mp4,1,FVRA,1,1.323915179344532,0.78983235
00420_id00495_E46aiMUC4A0.mp4,1,FVRA,1,1.3240828732623027,0.7898602
00420_id00581_7AxvP19LGKg.mp4,1,FVRA,1,1.3244955343509706,0.7899287
00420_id00634_z5t9oJizDQg.mp4,1,FVRA,1,1.3240329583793669,0.7898519
00420_id00813_dKs9CWJIkSI.mp4,1,FVRA,1,1.3226459741260364,0.7896216
00420_id00823_KgExwCvgrUk.mp4,1,FVRA,1,1.323254257773681,0.7897226
00420_id03716_s-lxbGafZQA.mp4,1,FVRA,1,1.3246313138945895,0.7899512
00420_id03816_XXD0yTNei50.mp4,1,FVRA,1,1.3218621605430025,0.78949136
00420_id03858_uKVqPfRf-ac.mp4,1,FVRA,1,1.3234850669042522,0.78976095
00052_id00071_JU1cVINUTZA.mp4,1,FVRA,1,1.3385251278862105,0.7922473
00052_id00188_e-vm5FB3idA.mp4,1,FVRA,1,1.3391767360616336,0.7923545
00052_id00234_M3g5KRLJB60.mp4,1,FVRA,1,1.3385139016824732,0.79224545
00052_id00271_je6JSLqEEcw.mp4,1,FVRA,1,1.337806437304227,0.792129
00052_id00287_2NpfYjyMsPM.mp4,1,FVRA,1,1.338862672674409,0.79230285
00052_id00373_5NXv3Dxkd6E.mp4,1,FVRA,1,1.3382980831824536,0.7922099
00052_id00374_w1qI7y9AGTc.mp4,1,FVRA,1,1.3377684293293584,0.7921227
00052_id00484_u7YTz8eFZv0.mp4,1,FVRA,1,1.338331033575139,0.79221535
00052_id00897_0ayFw8JhoyI.mp4,1,FVRA,1,1.3383657951167625,0.79222107
00052_id03649_389qfFqUddI.mp4,1,FVRA,1,1.3380989459627262,0.79217714
00046_id00068_A7uFnQw--bY.mp4,1,FVRA,1,1.246481422560604,0.7766902
00046_id00234_M3g5KRLJB60.mp4,1,FVRA,1,1.237040406131275,0.77504843
00046_id00330_zCFFgGSIZ_s.mp4,1,FVRA,1,1.2181638346479347,0.77174026
00046_id00332__zNddcZV1EU.mp4,1,FVRA,1,1.2341409173885955,0.7745425
00046_id00374_w1qI7y9AGTc.mp4,1,FVRA,1,1.2350982488885407,0.77470964
00046_id00569_gSynmpwioV4.mp4,1,FVRA,1,1.2410967872257568,0.77575487
00046_id00591_1Jo8xElXQMs.mp4,1,FVRA,1,1.219931263596328,0.77205145
00046_id00633_UXrTMta1EDM.mp4,1,FVRA,1,1.2314590405544628,0.77407384
00046_id00897_0ayFw8JhoyI.mp4,1,FVRA,1,1.2424699056527873,0.77599365
00046_id03371_truKMXt8Dak.mp4,1,FVRA,1,1.2419878589188673,0.77590984
00202_id00068_A7uFnQw--bY.mp4,1,FVRA,1,1.3019361116074926,0.78616065
00202_id00271_je6JSLqEEcw.mp4,1,FVRA,1,1.3029156615869306,0.7863253
00202_id00328_ytKnCbJSEcU.mp4,1,FVRA,1,1.3028170433469604,0.7863087
00202_id00373_5NXv3Dxkd6E.mp4,1,FVRA,1,1.3033275771101331,0.7863945
00202_id00495_E46aiMUC4A0.mp4,1,FVRA,1,1.3025740689295227,0.7862679
00202_id00569_gSynmpwioV4.mp4,1,FVRA,1,1.3005358337753847,0.78592515
00202_id00581_7AxvP19LGKg.mp4,1,FVRA,1,1.302901471569096,0.7863229
00202_id00826_MYagwzy91Yk.mp4,1,FVRA,1,1.3007112057708634,0.78595465
00202_id03844_AEAEN1Lns2c.mp4,1,FVRA,1,1.3009610083765022,0.7859967
00202_id03858_uKVqPfRf-ac.mp4,1,FVRA,1,1.302052054287134,0.78618014
00122_id00188_e-vm5FB3idA.mp4,1,FVRA,1,1.3340892707973904,0.79151624
00122_id00234_M3g5KRLJB60.mp4,1,FVRA,1,1.3334450105430267,0.7914099
00122_id00330_zCFFgGSIZ_s.mp4,1,FVRA,1,1.3295131890137215,0.7907601
00122_id00569_gSynmpwioV4.mp4,1,FVRA,1,1.3339195150781997,0.79148823
00122_id00591_1Jo8xElXQMs.mp4,1,FVRA,1,1.3301977795749316,0.79087335
00122_id00633_UXrTMta1EDM.mp4,1,FVRA,1,1.3326566265187572,0.79127973
00122_id01002_eQTviHjyISo.mp4,1,FVRA,1,1.3315782387410193,0.7911016
00122_id01018_VNPt_GB5QiE.mp4,1,FVRA,1,1.3334536761160156,0.79141134
00122_id03371_truKMXt8Dak.mp4,1,FVRA,1,1.3332554620825403,0.7913786
00122_id03858_uKVqPfRf-ac.mp4,1,FVRA,1,1.3327104012823319,0.7912886
00027_id00068_A7uFnQw--bY.mp4,1,FVRA,1,1.1059729449711877,0.7513776
00027_id00262_3p7sRWAAh1Q.mp4,1,FVRA,1,1.0758303956576938,0.7457041
00027_id00271_je6JSLqEEcw.mp4,1,FVRA,1,1.0747082625693396,0.74549127
00027_id00395_wM5kGJfTtEM.mp4,1,FVRA,1,1.0729460239897881,0.74515676
00027_id00484_u7YTz8eFZv0.mp4,1,FVRA,1,1.1013040942117975,0.7505044
00027_id00581_7AxvP19LGKg.mp4,1,FVRA,1,1.0793088234653292,0.74636316
00027_id00634_z5t9oJizDQg.mp4,1,FVRA,1,1.0856433087503858,0.74756044
00027_id03589_9NxOQlwpMys.mp4,1,FVRA,1,1.0997512964989753,0.7502135
00027_id03858_uKVqPfRf-ac.mp4,1,FVRA,1,1.0893848214750974,0.74826586
00027_id03941_SsYtP8Ze88Q.mp4,1,FVRA,1,1.1071081894931023,0.7515896
00015_id00262_3p7sRWAAh1Q.mp4,1,FVRA,1,1.2996440116041061,0.78577507
00015_id00287_2NpfYjyMsPM.mp4,1,FVRA,1,1.2955371556082431,0.78508294
00015_id00373_5NXv3Dxkd6E.mp4,1,FVRA,1,1.2993133241820782,0.7857194
00015_id00569_gSynmpwioV4.mp4,1,FVRA,1,1.296505353468601,0.78524625
00015_id00813_dKs9CWJIkSI.mp4,1,FVRA,1,1.2956120481895026,0.7850956
00015_id00897_0ayFw8JhoyI.mp4,1,FVRA,1,1.2956124014639736,0.78509563
00015_id03589_9NxOQlwpMys.mp4,1,FVRA,1,1.2936369431501966,0.78476214
00015_id03620_YkXM5A8w07E.mp4,1,FVRA,1,1.3008175003896776,0.78597254
00015_id03858_uKVqPfRf-ac.mp4,1,FVRA,1,1.2988167023405275,0.78563577
00239_id00188_e-vm5FB3idA.mp4,1,FVRA,1,1.3160168404715118,0.78851825
00239_id00270_hoEQ70-sDME.mp4,1,FVRA,1,1.3234506051046298,0.7897552
00239_id00373_5NXv3Dxkd6E.mp4,1,FVRA,1,1.3203425398704898,0.7892387
00239_id00484_u7YTz8eFZv0.mp4,1,FVRA,1,1.3191099723502517,0.7890336
00239_id00491_ShjiTWoOtM4.mp4,1,FVRA,1,1.3230285039002687,0.78968513
00239_id00633_UXrTMta1EDM.mp4,1,FVRA,1,1.3218176893395284,0.78948396
00239_id00897_0ayFw8JhoyI.mp4,1,FVRA,1,1.3195493834507765,0.7891067
00239_id01002_eQTviHjyISo.mp4,1,FVRA,1,1.3207729454811263,0.7893103
00239_id01018_VNPt_GB5QiE.mp4,1,FVRA,1,1.318772700675639,0.78897744
00239_id03371_truKMXt8Dak.mp4,1,FVRA,1,1.318468066961196,0.7889267
00010_id00068_A7uFnQw--bY.mp4,1,FVRA,1,1.3203755063686056,0.7892442
00010_id00330_zCFFgGSIZ_s.mp4,1,FVRA,1,1.3279043932655386,0.7904938
00010_id00395_wM5kGJfTtEM.mp4,1,FVRA,1,1.3259641733179348,0.7901723
00010_id00495_E46aiMUC4A0.mp4,1,FVRA,1,1.3221282944161428,0.7895356
00010_id00591_1Jo8xElXQMs.mp4,1,FVRA,1,1.3261065400696845,0.7901959
00010_id00826_MYagwzy91Yk.mp4,1,FVRA,1,1.3196962368233378,0.78913116
00010_id03371_truKMXt8Dak.mp4,1,FVRA,1,1.3227984734905172,0.7896469
00010_id03858_uKVqPfRf-ac.mp4,1,FVRA,1,1.3230798253193605,0.78969365
00130_id00271_je6JSLqEEcw.mp4,1,FVRA,1,1.32626941343203,0.7902229
00130_id00373_5NXv3Dxkd6E.mp4,1,FVRA,1,1.326160829479694,0.7902049
00130_id00495_E46aiMUC4A0.mp4,1,FVRA,1,1.3256668948207107,0.790123
00130_id00591_1Jo8xElXQMs.mp4,1,FVRA,1,1.3275808714196264,0.7904402
00130_id00634_z5t9oJizDQg.mp4,1,FVRA,1,1.3254911400008627,0.79009384
00130_id00897_0ayFw8JhoyI.mp4,1,FVRA,1,1.324000640160745,0.78984654
00130_id03589_9NxOQlwpMys.mp4,1,FVRA,1,1.324318103123847,0.78989923
00130_id03620_YkXM5A8w07E.mp4,1,FVRA,1,1.3249524858429462,0.7900045
00130_id03649_389qfFqUddI.mp4,1,FVRA,1,1.3248217106258677,0.7899828
00130_id03858_uKVqPfRf-ac.mp4,1,FVRA,1,1.3246711876960637,0.7899578
00001_id00188_e-vm5FB3idA.mp4,1,FVRA,1,1.3144352033748432,0.7882544
00001_id00270_hoEQ70-sDME.mp4,1,FVRA,1,1.2995537213626067,0.78575987
00001_id00374_w1qI7y9AGTc.mp4,1,FVRA,1,1.3073087589119239,0.78706247
00001_id00581_7AxvP19LGKg.mp4,1,FVRA,1,1.3066125419823966,0.78694576
00001_id00633_UXrTMta1EDM.mp4,1,FVRA,1,1.3066011658750347,0.78694385
00001_id00634_z5t9oJizDQg.mp4,1,FVRA,1,1.3098200117742338,0.78748304
00001_id00897_0ayFw8JhoyI.mp4,1,FVRA,1,1.3096127389332495,0.78744835
00001_id03649_389qfFqUddI.mp4,1,FVRA,1,1.312026755226218,0.7878521
00001_id03716_s-lxbGafZQA.mp4,1,FVRA,1,1.3093631183483578,0.78740656
00001_id03844_AEAEN1Lns2c.mp4,1,FVRA,1,1.3144884132456038,0.78826326
00088_id00188_e-vm5FB3idA.mp4,1,FVRA,1,1.328371609983243,0.79057115
00088_id00262_3p7sRWAAh1Q.mp4,1,FVRA,1,1.329446546071302,0.7907491
00088_id00270_hoEQ70-sDME.mp4,1,FVRA,1,1.328018846031665,0.79051274
00088_id00332__zNddcZV1EU.mp4,1,FVRA,1,1.3287341682923974,0.7906312
00088_id00379_fgkgYHCuk4g.mp4,1,FVRA,1,1.3292358272736746,0.7907142
00088_id00491_ShjiTWoOtM4.mp4,1,FVRA,1,1.3285858233841734,0.7906066
00088_id00569_gSynmpwioV4.mp4,1,FVRA,1,1.3294011583024694,0.79074156
00088_id00581_7AxvP19LGKg.mp4,1,FVRA,1,1.3299851670071423,0.7908382
00088_id01001_dHJc8dh9X8c.mp4,1,FVRA,1,1.328310411052267,0.790561
00088_id01002_eQTviHjyISo.mp4,1,FVRA,1,1.3282049380027423,0.79054356
00078_id00395_wM5kGJfTtEM.mp4,1,FVRA,1,1.3256043542417488,0.7901126
00078_id00484_u7YTz8eFZv0.mp4,1,FVRA,1,1.3238106930905582,0.789815
00078_id00495_E46aiMUC4A0.mp4,1,FVRA,1,1.3250236259782255,0.7900163
00078_id00581_7AxvP19LGKg.mp4,1,FVRA,1,1.3265200455694792,0.7902644
00078_id00589_uOzKwYEVR6s.mp4,1,FVRA,1,1.3240958010933679,0.78986233
00078_id00591_1Jo8xElXQMs.mp4,1,FVRA,1,1.325780120608063,0.79014176
00078_id00823_KgExwCvgrUk.mp4,1,FVRA,1,1.325234907927497,0.79005134
00078_id00826_MYagwzy91Yk.mp4,1,FVRA,1,1.322495999654581,0.7895967
00078_id03589_9NxOQlwpMys.mp4,1,FVRA,1,1.3230270683580378,0.7896849
00078_id03649_389qfFqUddI.mp4,1,FVRA,1,1.3234990672069449,0.7897633
00037_id00068_A7uFnQw--bY.mp4,1,FVRA,1,1.2388573328297312,0.77536505
00037_id00188_e-vm5FB3idA.mp4,1,FVRA,1,1.2524613176776096,0.77772564
00037_id00262_3p7sRWAAh1Q.mp4,1,FVRA,1,1.2292211940686208,0.77368224
00037_id00373_5NXv3Dxkd6E.mp4,1,FVRA,1,1.2327375815951314,0.77429736
00037_id00495_E46aiMUC4A0.mp4,1,FVRA,1,1.2388912122372444,0.77537096
00037_id00826_MYagwzy91Yk.mp4,1,FVRA,1,1.2393371789229366,0.7754486
00037_id03371_truKMXt8Dak.mp4,1,FVRA,1,1.2446482579689764,0.7763721
00037_id03844_AEAEN1Lns2c.mp4,1,FVRA,1,1.2520158941986375,0.7776486
00037_id03941_SsYtP8Ze88Q.mp4,1,FVRA,1,1.2440846337177185,0.7762742
00005_id00365_XV-imLNJvfk.mp4,1,FVRA,1,1.205958692851364,0.7695831
00005_id00373_5NXv3Dxkd6E.mp4,1,FVRA,1,1.2039178118484333,0.769221
00005_id00379_fgkgYHCuk4g.mp4,1,FVRA,1,1.204100811639139,0.7692535
00005_id00569_gSynmpwioV4.mp4,1,FVRA,1,1.2162591741954103,0.77140456
00005_id00813_dKs9CWJIkSI.mp4,1,FVRA,1,1.2092311391329746,0.7701629
00005_id01002_eQTviHjyISo.mp4,1,FVRA,1,1.1997288566683921,0.76847655
00005_id03858_uKVqPfRf-ac.mp4,1,FVRA,1,1.203307830846842,0.7691127
00169_id00262_3p7sRWAAh1Q.mp4,1,FVRA,1,1.321212420996293,0.78938335
00169_id00330_zCFFgGSIZ_s.mp4,1,FVRA,1,1.3152388819939371,0.7883885
00169_id00365_XV-imLNJvfk.mp4,1,FVRA,1,1.3218772236295895,0.78949386
00169_id00395_wM5kGJfTtEM.mp4,1,FVRA,1,1.3196303303527361,0.7891202
00169_id00496_SImaDcXQnh8.mp4,1,FVRA,1,1.3207492900996898,0.78930634
00169_id00806_0sk9s9lFIAk.mp4,1,FVRA,1,1.316612069749488,0.7886175
00169_id00823_KgExwCvgrUk.mp4,1,FVRA,1,1.3186316532523665,0.78895396
00169_id00897_0ayFw8JhoyI.mp4,1,FVRA,1,1.3211138339747162,0.78936696
00169_id03589_9NxOQlwpMys.mp4,1,FVRA,1,1.323215134557902,0.7897161
00169_id03858_uKVqPfRf-ac.mp4,1,FVRA,1,1.321542997446289,0.7894383
00125_id00262_3p7sRWAAh1Q.mp4,1,FVRA,1,1.211172038539201,0.77050626
00125_id00330_zCFFgGSIZ_s.mp4,1,FVRA,1,1.1866541586343935,0.76614213
00125_id00373_5NXv3Dxkd6E.mp4,1,FVRA,1,1.212558294617297,0.7707513
00125_id00395_wM5kGJfTtEM.mp4,1,FVRA,1,1.2074052982252343,0.7698395
00125_id00495_E46aiMUC4A0.mp4,1,FVRA,1,1.216949521227199,0.7715263
00125_id00581_7AxvP19LGKg.mp4,1,FVRA,1,1.208788396688173,0.7700845
00125_id00634_z5t9oJizDQg.mp4,1,FVRA,1,1.2162970317736541,0.77141124
00125_id00813_dKs9CWJIkSI.mp4,1,FVRA,1,1.226735188982096,0.77324665
00125_id03589_9NxOQlwpMys.mp4,1,FVRA,1,1.226555027133915,0.77321506
00125_id03858_uKVqPfRf-ac.mp4,1,FVRA,1,1.216500529587099,0.7714471
00065_id00068_A7uFnQw--bY.mp4,1,FVRA,1,1.3387235903593548,0.79227996
00065_id00271_je6JSLqEEcw.mp4,1,FVRA,1,1.3363735775367973,0.79189295
00065_id00374_w1qI7y9AGTc.mp4,1,FVRA,1,1.335865128186593,0.79180914
00065_id00484_u7YTz8eFZv0.mp4,1,FVRA,1,1.3369910799132665,0.7919947
00065_id00495_E46aiMUC4A0.mp4,1,FVRA,1,1.3375085497923276,0.7920799
00065_id00581_7AxvP19LGKg.mp4,1,FVRA,1,1.3362111900418558,0.7918662
00065_id00634_z5t9oJizDQg.mp4,1,FVRA,1,1.3366470309119187,0.791938
00065_id00735_ivJSkq5hGOQ.mp4,1,FVRA,1,1.3387717608186616,0.7922879
00065_id03371_truKMXt8Dak.mp4,1,FVRA,1,1.336329452908151,0.7918857
00065_id03649_389qfFqUddI.mp4,1,FVRA,1,1.3374824916252341,0.79207563
00005_id00188_e-vm5FB3idA.mp4,1,FVRA,1,1.2862171471956256,0.7835062
00005_id00234_M3g5KRLJB60.mp4,1,FVRA,1,1.2823178407112363,0.78284407
00005_id00330_zCFFgGSIZ_s.mp4,1,FVRA,1,1.2768447643092762,0.7819122
00005_id00332__zNddcZV1EU.mp4,1,FVRA,1,1.2814968860042704,0.7827045
00005_id00373_5NXv3Dxkd6E.mp4,1,FVRA,1,1.2819988079057592,0.7827898
00005_id00496_SImaDcXQnh8.mp4,1,FVRA,1,1.2808371034596249,0.78259224
00005_id00569_gSynmpwioV4.mp4,1,FVRA,1,1.282856821416086,0.7829357
00005_id00591_1Jo8xElXQMs.mp4,1,FVRA,1,1.2795550328838714,0.782374
00005_id00813_dKs9CWJIkSI.mp4,1,FVRA,1,1.2834717477010924,0.78304017
00005_id03371_truKMXt8Dak.mp4,1,FVRA,1,1.2824928073209254,0.7828738
00086_id00188_e-vm5FB3idA.mp4,1,FVRA,1,1.3197506831936276,0.7891402
00086_id00262_3p7sRWAAh1Q.mp4,1,FVRA,1,1.3103219138068256,0.787567
00086_id00332__zNddcZV1EU.mp4,1,FVRA,1,1.3116102816401716,0.7877825
00086_id00374_w1qI7y9AGTc.mp4,1,FVRA,1,1.311556090363854,0.78777343
00086_id00569_gSynmpwioV4.mp4,1,FVRA,1,1.3163503581764409,0.78857386
00086_id00633_UXrTMta1EDM.mp4,1,FVRA,1,1.3119097902322447,0.78783256
00086_id00735_ivJSkq5hGOQ.mp4,1,FVRA,1,1.3171849699544511,0.788713
00086_id01002_eQTviHjyISo.mp4,1,FVRA,1,1.3091804657784265,0.787376
00086_id03816_XXD0yTNei50.mp4,1,FVRA,1,1.30826535534654,0.78722274
00043_id00188_e-vm5FB3idA.mp4,1,FVRA,1,1.3229994344028,0.7896803
00043_id00287_2NpfYjyMsPM.mp4,1,FVRA,1,1.3234430666777044,0.789754
00043_id00325_4vJtbNe0L98.mp4,1,FVRA,1,1.3244865545993179,0.7899272
00043_id00491_ShjiTWoOtM4.mp4,1,FVRA,1,1.3184465906971679,0.78892314
00043_id00569_gSynmpwioV4.mp4,1,FVRA,1,1.3235030160308061,0.7897639
00043_id00581_7AxvP19LGKg.mp4,1,FVRA,1,1.3241090881318156,0.78986454
00043_id00633_UXrTMta1EDM.mp4,1,FVRA,1,1.3232115453164661,0.7897155
00043_id01001_dHJc8dh9X8c.mp4,1,FVRA,1,1.3231024359393033,0.7896974
00043_id03371_truKMXt8Dak.mp4,1,FVRA,1,1.3238297227617202,0.78981817
00043_id03651_EjcoRkL6loI.mp4,1,FVRA,1,1.3240882598468053,0.7898611
00072_id00232_kL0cCveU1zg.mp4,1,FVRA,1,1.2870961983776477,0.7836553
00072_id00287_2NpfYjyMsPM.mp4,1,FVRA,1,1.288878140148849,0.78395724
00072_id00491_ShjiTWoOtM4.mp4,1,FVRA,1,1.273653932539394,0.7813676
00072_id00569_gSynmpwioV4.mp4,1,FVRA,1,1.2866258637833439,0.78357553
00072_id00591_1Jo8xElXQMs.mp4,1,FVRA,1,1.2779618806649626,0.78210264
00072_id03620_YkXM5A8w07E.mp4,1,FVRA,1,1.2764819840121306,0.78185034
00072_id03649_389qfFqUddI.mp4,1,FVRA,1,1.2899028870471898,0.78413075
00072_id03651_EjcoRkL6loI.mp4,1,FVRA,1,1.2837156026106002,0.7830816
00430_id00068_A7uFnQw--bY.mp4,1,FVRA,1,1.331315328817481,0.7910581
00430_id00330_zCFFgGSIZ_s.mp4,1,FVRA,1,1.33615622047973,0.7918571
00430_id00491_ShjiTWoOtM4.mp4,1,FVRA,1,1.335573723824617,0.7917611
00430_id00569_gSynmpwioV4.mp4,1,FVRA,1,1.3319829606489164,0.79116845
00430_id00581_7AxvP19LGKg.mp4,1,FVRA,1,1.335083582106338,0.7916803
00430_id00806_0sk9s9lFIAk.mp4,1,FVRA,1,1.3350438274928278,0.7916737
00430_id03858_uKVqPfRf-ac.mp4,1,FVRA,1,1.3339079578528354,0.7914863
00002_id00068_A7uFnQw--bY.mp4,1,FVRA,1,1.3351211691343012,0.7916865
00002_id00262_3p7sRWAAh1Q.mp4,1,FVRA,1,1.3345733474498882,0.7915961
00002_id00287_2NpfYjyMsPM.mp4,1,FVRA,1,1.3349007185172166,0.7916501
00002_id00395_wM5kGJfTtEM.mp4,1,FVRA,1,1.3332132227071223,0.79137164
00002_id00495_E46aiMUC4A0.mp4,1,FVRA,1,1.334888793308478,0.79164815
00002_id00496_SImaDcXQnh8.mp4,1,FVRA,1,1.3339238490577867,0.79148895
00002_id00589_uOzKwYEVR6s.mp4,1,FVRA,1,1.3331727894072065,0.79136497
00002_id00634_z5t9oJizDQg.mp4,1,FVRA,1,1.334902525374262,0.7916504
00002_id03649_389qfFqUddI.mp4,1,FVRA,1,1.3343128683297865,0.79155314
00002_id03858_uKVqPfRf-ac.mp4,1,FVRA,1,1.3335569442292672,0.7914284
00081_id00188_e-vm5FB3idA.mp4,1,FVRA,1,1.316158747447611,0.7885419
00081_id00287_2NpfYjyMsPM.mp4,1,FVRA,1,1.3175584226693278,0.7887752
00081_id00325_4vJtbNe0L98.mp4,1,FVRA,1,1.3175287295157694,0.78877026
00081_id00365_XV-imLNJvfk.mp4,1,FVRA,1,1.3180461071978813,0.78885645
00081_id00373_5NXv3Dxkd6E.mp4,1,FVRA,1,1.3199208391508028,0.78916854
00081_id00374_w1qI7y9AGTc.mp4,1,FVRA,1,1.31904337209638,0.7890225
00081_id00496_SImaDcXQnh8.mp4,1,FVRA,1,1.3188679320878316,0.7889933
00081_id01018_VNPt_GB5QiE.mp4,1,FVRA,1,1.31936386457827,0.78907585
00081_id03651_EjcoRkL6loI.mp4,1,FVRA,1,1.3183571091323618,0.78890824
00081_id03844_AEAEN1Lns2c.mp4,1,FVRA,1,1.3182934010778675,0.78889763
00001_id00068_A7uFnQw--bY.mp4,1,FVRA,1,1.3218962319977705,0.789497
00001_id00188_e-vm5FB3idA.mp4,1,FVRA,1,1.321787922964005,0.789479
00001_id00325_4vJtbNe0L98.mp4,1,FVRA,1,1.3201408129291268,0.78920513
00001_id00569_gSynmpwioV4.mp4,1,FVRA,1,1.3183814476599174,0.7889123
00001_id00589_uOzKwYEVR6s.mp4,1,FVRA,1,1.3150145288874406,0.78835106
00001_id00591_1Jo8xElXQMs.mp4,1,FVRA,1,1.3100960577765106,0.78752923
00001_id00633_UXrTMta1EDM.mp4,1,FVRA,1,1.3148537841619206,0.78832424
00001_id00634_z5t9oJizDQg.mp4,1,FVRA,1,1.318035371650195,0.78885466
00001_id00826_MYagwzy91Yk.mp4,1,FVRA,1,1.3193627902025997,0.7890757
00001_id03589_9NxOQlwpMys.mp4,1,FVRA,1,1.3197650114707298,0.7891426
00092_id00325_4vJtbNe0L98.mp4,1,FVRA,1,1.3373771772409202,0.7920583
00092_id00395_wM5kGJfTtEM.mp4,1,FVRA,1,1.3375545144706535,0.7920875
00092_id00897_0ayFw8JhoyI.mp4,1,FVRA,1,1.3365345335631231,0.79191947
00092_id01002_eQTviHjyISo.mp4,1,FVRA,1,1.336596749833139,0.7919297
00092_id01018_VNPt_GB5QiE.mp4,1,FVRA,1,1.3378951258613996,0.7921436
00092_id03371_truKMXt8Dak.mp4,1,FVRA,1,1.3373674061316336,0.7920567
00092_id03620_YkXM5A8w07E.mp4,1,FVRA,1,1.3359352750981945,0.7918207
00092_id03649_389qfFqUddI.mp4,1,FVRA,1,1.3382354429768448,0.7921996
00092_id03716_s-lxbGafZQA.mp4,1,FVRA,1,1.3377039986905241,0.7921121
00092_id03858_uKVqPfRf-ac.mp4,1,FVRA,1,1.3375838311699626,0.7920923
00040_id00332__zNddcZV1EU.mp4,1,FVRA,1,1.328951307811693,0.7906671
00040_id00365_XV-imLNJvfk.mp4,1,FVRA,1,1.3311206066644579,0.79102594
00040_id00379_fgkgYHCuk4g.mp4,1,FVRA,1,1.330542700299937,0.7909304
00040_id00395_wM5kGJfTtEM.mp4,1,FVRA,1,1.328811226277948,0.79064393
00040_id00591_1Jo8xElXQMs.mp4,1,FVRA,1,1.324789736875786,0.7899775
00040_id00633_UXrTMta1EDM.mp4,1,FVRA,1,1.3294051206790087,0.7907422
00040_id00897_0ayFw8JhoyI.mp4,1,FVRA,1,1.3301671473293935,0.7908683
00040_id03651_EjcoRkL6loI.mp4,1,FVRA,1,1.330642909683007,0.79094696
00040_id03816_XXD0yTNei50.mp4,1,FVRA,1,1.328048720175999,0.7905177
00040_id03858_uKVqPfRf-ac.mp4,1,FVRA,1,1.3304662855604212,0.79091775
00093_id00071_JU1cVINUTZA.mp4,1,FVRA,1,1.3008525790320327,0.78597844
00093_id00262_3p7sRWAAh1Q.mp4,1,FVRA,1,1.2975543667793892,0.7854231
00093_id00287_2NpfYjyMsPM.mp4,1,FVRA,1,1.302267650122026,0.7862164
00093_id00379_fgkgYHCuk4g.mp4,1,FVRA,1,1.3001936433103047,0.7858676
00093_id00395_wM5kGJfTtEM.mp4,1,FVRA,1,1.298640812358463,0.78560615
00093_id00495_E46aiMUC4A0.mp4,1,FVRA,1,1.301194544085103,0.78603595
00093_id00633_UXrTMta1EDM.mp4,1,FVRA,1,1.2980867151870312,0.7855128
00093_id00897_0ayFw8JhoyI.mp4,1,FVRA,1,1.300034614836794,0.7858408
00093_id01018_VNPt_GB5QiE.mp4,1,FVRA,1,1.3016361855063965,0.7861102
00093_id03941_SsYtP8Ze88Q.mp4,1,FVRA,1,1.3024233353683157,0.78624254
00028_id00068_A7uFnQw--bY.mp4,1,FVRA,1,1.3169496359521993,0.78867376
00028_id00330_zCFFgGSIZ_s.mp4,1,FVRA,1,1.2990276520654296,0.7856713
00028_id00332__zNddcZV1EU.mp4,1,FVRA,1,1.3128375248797146,0.7879876
00028_id00365_XV-imLNJvfk.mp4,1,FVRA,1,1.3146344809459194,0.78828764
00028_id00484_u7YTz8eFZv0.mp4,1,FVRA,1,1.3174407262926182,0.7887556
00028_id00495_E46aiMUC4A0.mp4,1,FVRA,1,1.3137207778947475,0.7881351
00028_id00496_SImaDcXQnh8.mp4,1,FVRA,1,1.31510455244297,0.7883661
00028_id00735_ivJSkq5hGOQ.mp4,1,FVRA,1,1.3171892620568844,0.7887137
00028_id03858_uKVqPfRf-ac.mp4,1,FVRA,1,1.3140249350900066,0.7881859
00092_id00270_hoEQ70-sDME.mp4,1,FVRA,1,1.3061973621702467,0.78687614
00092_id00365_XV-imLNJvfk.mp4,1,FVRA,1,1.3130491077959014,0.78802294
00092_id00395_wM5kGJfTtEM.mp4,1,FVRA,1,1.3100939204778572,0.7875289
00092_id00484_u7YTz8eFZv0.mp4,1,FVRA,1,1.3122810386208652,0.7878946
00092_id00495_E46aiMUC4A0.mp4,1,FVRA,1,1.3132953328615862,0.78806406
00092_id00581_7AxvP19LGKg.mp4,1,FVRA,1,1.3126762682019617,0.78796065
00092_id00823_KgExwCvgrUk.mp4,1,FVRA,1,1.3098007792339061,0.7874798
00092_id03371_truKMXt8Dak.mp4,1,FVRA,1,1.3130498214412765,0.78802305
00092_id03716_s-lxbGafZQA.mp4,1,FVRA,1,1.3105827178335674,0.78761065
00092_id03844_AEAEN1Lns2c.mp4,1,FVRA,1,1.3158363458688083,0.78848815
00021_id00068_A7uFnQw--bY.mp4,1,FVRA,1,1.1223591992064033,0.75442606
00021_id00262_3p7sRWAAh1Q.mp4,1,FVRA,1,1.1099240455973056,0.75211495
00021_id00287_2NpfYjyMsPM.mp4,1,FVRA,1,1.1246531312581574,0.7548508
00021_id00332__zNddcZV1EU.mp4,1,FVRA,1,1.1115887940530127,0.7524252
00021_id00365_XV-imLNJvfk.mp4,1,FVRA,1,1.1173216912594597,0.7534916
00021_id00495_E46aiMUC4A0.mp4,1,FVRA,1,1.1128402752081812,0.75265825
00021_id00735_ivJSkq5hGOQ.mp4,1,FVRA,1,1.1215026394194878,0.75426733
00021_id00806_0sk9s9lFIAk.mp4,1,FVRA,1,1.0874697287727122,0.74790496
00021_id01001_dHJc8dh9X8c.mp4,1,FVRA,1,1.1209904257891448,0.7541724
00021_id03816_XXD0yTNei50.mp4,1,FVRA,1,1.1061206783748734,0.7514052
00028_id00287_2NpfYjyMsPM_id00262_wavtolip.mp4,1,FVFA,1,1.2276063348016268,0.77339935
00028_id00325_4vJtbNe0L98_id00823_wavtolip.mp4,1,FVFA,1,1.229357702486252,0.77370614
00028_id00330_zCFFgGSIZ_s_id00484_wavtolip.mp4,1,FVFA,1,1.1976623369890527,0.76810867
00028_id00569_gSynmpwioV4_id00806_wavtolip.mp4,1,FVFA,1,1.2326847174661315,0.7742881
00028_id01002_eQTviHjyISo_id00270_wavtolip.mp4,1,FVFA,1,1.2127607055674217,0.77078706
00028_id03620_YkXM5A8w07E_id03844_wavtolip.mp4,1,FVFA,1,1.2122709091811357,0.7707005
00028_id03649_389qfFqUddI_id00374_wavtolip.mp4,1,FVFA,1,1.2299668381697408,0.7738128
00028_id03651_EjcoRkL6loI_id00262_wavtolip.mp4,1,FVFA,1,1.2297414104527709,0.7737733
00004_id00232_kL0cCveU1zg_id00806_wavtolip.mp4,1,FVFA,1,1.0400428912516586,0.7388583
00004_id00395_wM5kGJfTtEM_id00634_wavtolip.mp4,1,FVFA,1,1.0215198011294833,0.73526853
00004_id00484_u7YTz8eFZv0_id00188_wavtolip.mp4,1,FVFA,1,1.0483798959202615,0.7404637
00004_id00495_E46aiMUC4A0_id00496_wavtolip.mp4,1,FVFA,1,1.0467367258093798,0.74014777
00004_id00581_7AxvP19LGKg_id00581_wavtolip.mp4,1,FVFA,1,1.0304104270225551,0.73699546
00004_id00826_MYagwzy91Yk_id00403_wavtolip.mp4,1,FVFA,1,1.0467887912958855,0.7401578
00004_id03371_truKMXt8Dak_id00823_wavtolip.mp4,1,FVFA,1,1.048875271789923,0.74055886
00004_id03589_9NxOQlwpMys_id00735_wavtolip.mp4,1,FVFA,1,1.062643898554323,0.7431955
00004_id03844_AEAEN1Lns2c_id00633_wavtolip.mp4,1,FVFA,1,1.077978031378214,0.74611115
00014_id00188_e-vm5FB3idA_id03651_wavtolip.mp4,1,FVFA,1,1.33796861414762,0.7921557
00014_id00232_kL0cCveU1zg_id00806_wavtolip.mp4,1,FVFA,1,1.3373019049500874,0.7920459
00014_id00262_3p7sRWAAh1Q_id00270_wavtolip.mp4,1,FVFA,1,1.3352548988970594,0.7917085
00014_id00270_hoEQ70-sDME_id00591_wavtolip.mp4,1,FVFA,1,1.3324339663997966,0.79124296
00014_id00379_fgkgYHCuk4g_id03620_wavtolip.mp4,1,FVFA,1,1.3363793644576485,0.7918939
00014_id00581_7AxvP19LGKg_id00232_wavtolip.mp4,1,FVFA,1,1.3363818962416685,0.7918943
00014_id00735_ivJSkq5hGOQ_id03589_wavtolip.mp4,1,FVFA,1,1.3373768153469892,0.7920582
00014_id00897_0ayFw8JhoyI_id00496_wavtolip.mp4,1,FVFA,1,1.3353174301767854,0.79171884
00014_id03371_truKMXt8Dak_id00071_wavtolip.mp4,1,FVFA,1,1.3364256605282834,0.7919015
00014_id03816_XXD0yTNei50_id00271_wavtolip.mp4,1,FVFA,1,1.3342821625800334,0.7915481
00020_id00270_hoEQ70-sDME_id03651_wavtolip.mp4,1,FVFA,1,1.2974450873549113,0.7854047
00020_id00373_5NXv3Dxkd6E_id00826_wavtolip.mp4,1,FVFA,1,1.3061703504724438,0.7868716
00020_id00374_w1qI7y9AGTc_id00806_wavtolip.mp4,1,FVFA,1,1.3050642966316293,0.78668606
00020_id00379_fgkgYHCuk4g_id00634_wavtolip.mp4,1,FVFA,1,1.3052568196545031,0.78671837
00020_id00491_ShjiTWoOtM4_id00330_wavtolip.mp4,1,FVFA,1,1.2962229660925515,0.7851986
00020_id00569_gSynmpwioV4_id00262_wavtolip.mp4,1,FVFA,1,1.306501272621671,0.7869271
00020_id00897_0ayFw8JhoyI_id03649_wavtolip.mp4,1,FVFA,1,1.3069023022548394,0.78699434
00020_id01018_VNPt_GB5QiE_id00735_wavtolip.mp4,1,FVFA,1,1.3071032072968467,0.787028
00020_id03649_389qfFqUddI_id03620_wavtolip.mp4,1,FVFA,1,1.3093282241729238,0.7874007
00025_id00068_A7uFnQw--bY_id00496_wavtolip.mp4,1,FVFA,1,1.303917413495217,0.78649354
00025_id00332__zNddcZV1EU_id03651_wavtolip.mp4,1,FVFA,1,1.3015305500366232,0.78609246
00025_id00365_XV-imLNJvfk_id00897_wavtolip.mp4,1,FVFA,1,1.302278998008287,0.7862183
00025_id00484_u7YTz8eFZv0_id00270_wavtolip.mp4,1,FVFA,1,1.302913178325486,0.78632486
00025_id00495_E46aiMUC4A0_id03844_wavtolip.mp4,1,FVFA,1,1.3010425119841396,0.7860104
00025_id03844_AEAEN1Lns2c_id00484_wavtolip.mp4,1,FVFA,1,1.3087927931631789,0.7873111
00063_id00271_je6JSLqEEcw_id00897_wavtolip.mp4,1,FVFA,1,1.3350384064805982,0.7916728
00063_id00330_zCFFgGSIZ_s_id00569_wavtolip.mp4,1,FVFA,1,1.3372414723809318,0.79203594
00063_id00332__zNddcZV1EU_id00071_wavtolip.mp4,1,FVFA,1,1.3359548010381492,0.7918239
00063_id00403_n4LSCxzFr6o_id00826_wavtolip.mp4,1,FVFA,1,1.3334655913503366,0.7914133
00063_id00434_HPXkk-HGXVI_id00188_wavtolip.mp4,1,FVFA,1,1.331898184794726,0.79115444
00063_id00491_ShjiTWoOtM4_id03941_wavtolip.mp4,1,FVFA,1,1.335922981102012,0.7918187
00063_id00897_0ayFw8JhoyI_id00373_wavtolip.mp4,1,FVFA,1,1.3332226091451411,0.7913732
00063_id01002_eQTviHjyISo_id03620_wavtolip.mp4,1,FVFA,1,1.334972994284456,0.79166204
00063_id03371_truKMXt8Dak_id00569_wavtolip.mp4,1,FVFA,1,1.334722210428704,0.7916207
00028_id00071_JU1cVINUTZA_id00484_wavtolip.mp4,1,FVFA,1,1.3356210826996622,0.7917689
00028_id00270_hoEQ70-sDME_id03651_wavtolip.mp4,1,FVFA,1,1.3398162706010075,0.7924597
00028_id00395_wM5kGJfTtEM_id03371_wavtolip.mp4,1,FVFA,1,1.3379153981769067,0.7921469
00028_id00495_E46aiMUC4A0_id00591_wavtolip.mp4,1,FVFA,1,1.3364354262654925,0.79190314
00028_id00496_SImaDcXQnh8_id00271_wavtolip.mp4,1,FVFA,1,1.3373344742851252,0.79205126
00028_id00633_UXrTMta1EDM_id00806_wavtolip.mp4,1,FVFA,1,1.3372070955239654,0.7920303
00028_id00813_dKs9CWJIkSI_id00434_wavtolip.mp4,1,FVFA,1,1.3336898298278441,0.7914503
00028_id03816_XXD0yTNei50_id03716_wavtolip.mp4,1,FVFA,1,1.3386163887919267,0.7922623
00028_id03941_SsYtP8Ze88Q_id00325_wavtolip.mp4,1,FVFA,1,1.334378977868828,0.79156405
00088_id00188_e-vm5FB3idA_id00403_wavtolip.mp4,1,FVFA,1,1.3208704377428415,0.7893265
00088_id00262_3p7sRWAAh1Q_id00484_wavtolip.mp4,1,FVFA,1,1.3187673306393415,0.78897655
00088_id00287_2NpfYjyMsPM_id00042_wavtolip.mp4,1,FVFA,1,1.3205829947385466,0.7892787
00088_id00332__zNddcZV1EU_id00042_wavtolip.mp4,1,FVFA,1,1.318620914071881,0.7889522
00088_id00379_fgkgYHCuk4g_id03858_wavtolip.mp4,1,FVFA,1,1.3202117550669779,0.78921694
00088_id00395_wM5kGJfTtEM_id03371_wavtolip.mp4,1,FVFA,1,1.318333128859089,0.78890425
00088_id00569_gSynmpwioV4_id00897_wavtolip.mp4,1,FVFA,1,1.3207166748774586,0.7893009
00088_id00591_1Jo8xElXQMs_id00330_wavtolip.mp4,1,FVFA,1,1.316735788708288,0.7886381
00088_id00633_UXrTMta1EDM_id03649_wavtolip.mp4,1,FVFA,1,1.3176231769751146,0.788786
00088_id03858_uKVqPfRf-ac_id00042_wavtolip.mp4,1,FVFA,1,1.3197632204295995,0.7891423
00028_id00287_2NpfYjyMsPM_id03589_wavtolip.mp4,1,FVFA,1,1.3267663981984605,0.79030526
00028_id00330_zCFFgGSIZ_s_id00826_wavtolip.mp4,1,FVFA,1,1.3264923555788997,0.79025984
00028_id00365_XV-imLNJvfk_id00826_wavtolip.mp4,1,FVFA,1,1.3273829736778961,0.7904074
00028_id00395_wM5kGJfTtEM_id00484_wavtolip.mp4,1,FVFA,1,1.327052355290073,0.79035264
00028_id00484_u7YTz8eFZv0_id00591_wavtolip.mp4,1,FVFA,1,1.3260450620747426,0.7901857
00028_id00495_E46aiMUC4A0_id00569_wavtolip.mp4,1,FVFA,1,1.3275884279661099,0.79044145
00028_id00633_UXrTMta1EDM_id01018_wavtolip.mp4,1,FVFA,1,1.3264200760125435,0.79024786
00028_id00634_z5t9oJizDQg_id00328_wavtolip.mp4,1,FVFA,1,1.3274682468246903,0.79042155
00028_id00826_MYagwzy91Yk_id00271_wavtolip.mp4,1,FVFA,1,1.326252154598075,0.79022
00028_id03844_AEAEN1Lns2c_id00633_wavtolip.mp4,1,FVFA,1,1.3252363453083493,0.7900516
00005_id00262_3p7sRWAAh1Q_id00826_wavtolip.mp4,1,FVFA,1,1.3232223130631675,0.7897173
00005_id00271_je6JSLqEEcw_id00232_wavtolip.mp4,1,FVFA,1,1.3223894467620165,0.789579
00005_id00325_4vJtbNe0L98_id00826_wavtolip.mp4,1,FVFA,1,1.3215637950428962,0.78944176
00005_id00379_fgkgYHCuk4g_id00484_wavtolip.mp4,1,FVFA,1,1.3224124070988805,0.7895828
00005_id00496_SImaDcXQnh8_id00373_wavtolip.mp4,1,FVFA,1,1.3231045893471276,0.78969777
00005_id03589_9NxOQlwpMys_id00287_wavtolip.mp4,1,FVFA,1,1.322064805926478,0.78952503
00005_id03620_YkXM5A8w07E_id03858_wavtolip.mp4,1,FVFA,1,1.3209342408032898,0.7893371
00015_id00042_4yuJSkaZwn0_id00826_wavtolip.mp4,1,FVFA,1,1.2877801298895848,0.7837712
00015_id00287_2NpfYjyMsPM_id03371_wavtolip.mp4,1,FVFA,1,1.2879148376647565,0.78379405
00015_id00365_XV-imLNJvfk_id00332_wavtolip.mp4,1,FVFA,1,1.2806220177808745,0.78255564
00015_id00897_0ayFw8JhoyI_id00484_wavtolip.mp4,1,FVFA,1,1.2816984087572036,0.78273875
00015_id01002_eQTviHjyISo_id00325_wavtolip.mp4,1,FVFA,1,1.2697626416698888,0.7807021
00015_id03620_YkXM5A8w07E_id03844_wavtolip.mp4,1,FVFA,1,1.2615177998917906,0.7792873
00015_id03649_389qfFqUddI_id00330_wavtolip.mp4,1,FVFA,1,1.2817211910349042,0.7827426
00015_id03651_EjcoRkL6loI_id00806_wavtolip.mp4,1,FVFA,1,1.2782371595167983,0.78214955
00092_id00188_e-vm5FB3idA_id00271_wavtolip.mp4,1,FVFA,1,1.3390455976233027,0.79233295
00092_id00232_kL0cCveU1zg_id03716_wavtolip.mp4,1,FVFA,1,1.338701859769058,0.7922764
00092_id00373_5NXv3Dxkd6E_id03844_wavtolip.mp4,1,FVFA,1,1.3384067132529518,0.7922278
00092_id00403_n4LSCxzFr6o_id00806_wavtolip.mp4,1,FVFA,1,1.3381308063606345,0.7921824
00092_id00484_u7YTz8eFZv0_id00496_wavtolip.mp4,1,FVFA,1,1.3383085837881605,0.79221165
00092_id00495_E46aiMUC4A0_id03844_wavtolip.mp4,1,FVFA,1,1.3388206570330123,0.79229593
00092_id03371_truKMXt8Dak_id00328_wavtolip.mp4,1,FVFA,1,1.3382126323732653,0.79219586
00092_id03620_YkXM5A8w07E_id03858_wavtolip.mp4,1,FVFA,1,1.3369892708523674,0.7919944
00092_id03858_uKVqPfRf-ac_id00634_wavtolip.mp4,1,FVFA,1,1.337344607093504,0.7920529
00118_id00332__zNddcZV1EU_id00328_wavtolip.mp4,1,FVFA,1,1.3242132333295438,0.7898818
00118_id00374_w1qI7y9AGTc_id00735_wavtolip.mp4,1,FVFA,1,1.3229739541348218,0.7896761
00118_id00434_HPXkk-HGXVI_id03371_wavtolip.mp4,1,FVFA,1,1.3302255292568295,0.79087794
00118_id00581_7AxvP19LGKg_id00271_wavtolip.mp4,1,FVFA,1,1.3214877774564837,0.7894291
00118_id03371_truKMXt8Dak_id00328_wavtolip.mp4,1,FVFA,1,1.3241054970302506,0.78986394
00118_id03844_AEAEN1Lns2c_id00395_wavtolip.mp4,1,FVFA,1,1.3275664780895131,0.7904378
00293_id00270_hoEQ70-sDME_id00042_wavtolip.mp4,1,FVFA,1,1.296088326800263,0.7851759
00293_id00330_zCFFgGSIZ_s_id03844_wavtolip.mp4,1,FVFA,1,1.2882349418401022,0.7838483
00293_id00434_HPXkk-HGXVI_id00735_wavtolip.mp4,1,FVFA,1,1.3075513267943693,0.7871031
00293_id00591_1Jo8xElXQMs_id00325_wavtolip.mp4,1,FVFA,1,1.2941303345715196,0.7848455
00293_id00633_UXrTMta1EDM_id00826_wavtolip.mp4,1,FVFA,1,1.3035660429109446,0.78643453
00293_id00897_0ayFw8JhoyI_id00373_wavtolip.mp4,1,FVFA,1,1.303045860383244,0.78634715
00293_id03858_uKVqPfRf-ac_id00569_wavtolip.mp4,1,FVFA,1,1.3061166837360052,0.7868626
00078_id00068_A7uFnQw--bY_id01002_wavtolip.mp4,1,FVFA,1,1.3375081878706236,0.79207987
00078_id00232_kL0cCveU1zg_id00071_wavtolip.mp4,1,FVFA,1,1.3377097901094173,0.79211307
00078_id00287_2NpfYjyMsPM_id00581_wavtolip.mp4,1,FVFA,1,1.3369918035381612,0.7919948
00078_id00495_E46aiMUC4A0_id03716_wavtolip.mp4,1,FVFA,1,1.3372371300030172,0.7920352
00078_id00813_dKs9CWJIkSI_id00735_wavtolip.mp4,1,FVFA,1,1.3366242414630949,0.79193425
00078_id03858_uKVqPfRf-ac_id00569_wavtolip.mp4,1,FVFA,1,1.3367935417527734,0.79196215
00028_id00188_e-vm5FB3idA_id00634_wavtolip.mp4,1,FVFA,1,1.3267879782093492,0.79030883
00028_id00328_ytKnCbJSEcU_id03716_wavtolip.mp4,1,FVFA,1,1.3295538965140032,0.79076684
00028_id00330_zCFFgGSIZ_s_id03651_wavtolip.mp4,1,FVFA,1,1.3294854508266232,0.7907555
00028_id00374_w1qI7y9AGTc_id00826_wavtolip.mp4,1,FVFA,1,1.3283039312928833,0.79055995
00028_id00484_u7YTz8eFZv0_id00823_wavtolip.mp4,1,FVFA,1,1.3275736747395273,0.790439
00028_id00495_E46aiMUC4A0_id03651_wavtolip.mp4,1,FVFA,1,1.3287028419673115,0.790626
00028_id00569_gSynmpwioV4_id00262_wavtolip.mp4,1,FVFA,1,1.3283212107054623,0.7905628
00028_id00589_uOzKwYEVR6s_id00330_wavtolip.mp4,1,FVFA,1,1.329402238949711,0.79074174
00028_id00823_KgExwCvgrUk_id00434_wavtolip.mp4,1,FVFA,1,1.3294476267470654,0.79074925
00028_id00897_0ayFw8JhoyI_id00271_wavtolip.mp4,1,FVFA,1,1.3276683134863372,0.7904547
00311_id00188_e-vm5FB3idA_id00735_wavtolip.mp4,1,FVFA,1,1.3305459443970786,0.7909309
00311_id00262_3p7sRWAAh1Q_id00823_wavtolip.mp4,1,FVFA,1,1.3286905996504546,0.79062396
00311_id00330_zCFFgGSIZ_s_id00071_wavtolip.mp4,1,FVFA,1,1.3285847432497087,0.79060644
00311_id00373_5NXv3Dxkd6E_id00234_wavtolip.mp4,1,FVFA,1,1.331273137144654,0.79105115
00311_id00434_HPXkk-HGXVI_id03649_wavtolip.mp4,1,FVFA,1,1.3297707792639613,0.7908027
00311_id00633_UXrTMta1EDM_id00071_wavtolip.mp4,1,FVFA,1,1.3292120554914797,0.7907103
00311_id00826_MYagwzy91Yk_id00813_wavtolip.mp4,1,FVFA,1,1.3302042664734368,0.7908744
00311_id03620_YkXM5A8w07E_id00495_wavtolip.mp4,1,FVFA,1,1.3264254699053166,0.79024875
00043_id00262_3p7sRWAAh1Q_id00188_wavtolip.mp4,1,FVFA,1,1.2968683888042953,0.78530747
00043_id00270_hoEQ70-sDME_id03371_wavtolip.mp4,1,FVFA,1,1.3015121176559044,0.78608936
00043_id00287_2NpfYjyMsPM_id00735_wavtolip.mp4,1,FVFA,1,1.2930738416895036,0.784667
00043_id00496_SImaDcXQnh8_id00395_wavtolip.mp4,1,FVFA,1,1.2970603648549142,0.78533983
00043_id00633_UXrTMta1EDM_id00325_wavtolip.mp4,1,FVFA,1,1.2989600462813289,0.7856599
00043_id00806_0sk9s9lFIAk_id00581_wavtolip.mp4,1,FVFA,1,1.3021102058064853,0.7861899
00043_id00897_0ayFw8JhoyI_id00271_wavtolip.mp4,1,FVFA,1,1.2935956570220706,0.7847552
00043_id03716_s-lxbGafZQA_id03620_wavtolip.mp4,1,FVFA,1,1.298971372722747,0.7856618
00420_id00068_A7uFnQw--bY_id03941_wavtolip.mp4,1,FVFA,1,1.3221566318400608,0.7895403
00420_id00262_3p7sRWAAh1Q_id03844_wavtolip.mp4,1,FVFA,1,1.32288710872329,0.78966165
00420_id00581_7AxvP19LGKg_id00591_wavtolip.mp4,1,FVFA,1,1.3236642075544263,0.7897907
00420_id00813_dKs9CWJIkSI_id00071_wavtolip.mp4,1,FVFA,1,1.3214386546633632,0.78942096
00420_id00823_KgExwCvgrUk_id03589_wavtolip.mp4,1,FVFA,1,1.3223281011096144,0.7895688
00420_id03716_s-lxbGafZQA_id00328_wavtolip.mp4,1,FVFA,1,1.3235985085230186,0.7897798
00420_id03816_XXD0yTNei50_id00188_wavtolip.mp4,1,FVFA,1,1.321720143613191,0.78946775
00420_id03858_uKVqPfRf-ac_id00826_wavtolip.mp4,1,FVFA,1,1.3222818242526369,0.7895611
00052_id00071_JU1cVINUTZA_id00806_wavtolip.mp4,1,FVFA,1,1.3380308825543554,0.79216594
00052_id00188_e-vm5FB3idA_id03844_wavtolip.mp4,1,FVFA,1,1.3372896011403164,0.79204386
00052_id00234_M3g5KRLJB60_id00434_wavtolip.mp4,1,FVFA,1,1.338051518514559,0.79216933
00052_id00271_je6JSLqEEcw_id00581_wavtolip.mp4,1,FVFA,1,1.3377789266856737,0.79212445
00052_id00287_2NpfYjyMsPM_id00379_wavtolip.mp4,1,FVFA,1,1.336722274420186,0.7919504
00052_id00374_w1qI7y9AGTc_id00271_wavtolip.mp4,1,FVFA,1,1.3360665370857339,0.79184234
00052_id00484_u7YTz8eFZv0_id00188_wavtolip.mp4,1,FVFA,1,1.3358893538572008,0.79181314
00052_id00897_0ayFw8JhoyI_id00403_wavtolip.mp4,1,FVFA,1,1.3371694627035176,0.7920241
00052_id03649_389qfFqUddI_id00042_wavtolip.mp4,1,FVFA,1,1.3360817250722499,0.79184484
00046_id00068_A7uFnQw--bY_id03651_wavtolip.mp4,1,FVFA,1,1.263244755669693,0.77958417
00046_id00330_zCFFgGSIZ_s_id03716_wavtolip.mp4,1,FVFA,1,1.2325220419898457,0.7742597
00046_id00332__zNddcZV1EU_id00806_wavtolip.mp4,1,FVFA,1,1.2489371418198985,0.7771158
00046_id00374_w1qI7y9AGTc_id00332_wavtolip.mp4,1,FVFA,1,1.248289616420311,0.77700365
00046_id00569_gSynmpwioV4_id00071_wavtolip.mp4,1,FVFA,1,1.2559796231333398,0.77833325
00046_id00591_1Jo8xElXQMs_id00569_wavtolip.mp4,1,FVFA,1,1.2354097291548727,0.774764
00046_id00633_UXrTMta1EDM_id00826_wavtolip.mp4,1,FVFA,1,1.246746744802248,0.7767362
00046_id03371_truKMXt8Dak_id00262_wavtolip.mp4,1,FVFA,1,1.2563665944386215,0.7784
00202_id00068_A7uFnQw--bY_id03589_wavtolip.mp4,1,FVFA,1,1.3006049176134,0.7859368
00202_id00271_je6JSLqEEcw_id00330_wavtolip.mp4,1,FVFA,1,1.3024619928532022,0.78624904
00202_id00328_ytKnCbJSEcU_id00374_wavtolip.mp4,1,FVFA,1,1.3022325430656978,0.7862105
00202_id00373_5NXv3Dxkd6E_id01002_wavtolip.mp4,1,FVFA,1,1.3025141286143915,0.7862578
00202_id00569_gSynmpwioV4_id03716_wavtolip.mp4,1,FVFA,1,1.299426614762233,0.78573847
00202_id00581_7AxvP19LGKg_id03371_wavtolip.mp4,1,FVFA,1,1.302074038170561,0.78618383
00202_id00826_MYagwzy91Yk_id00395_wavtolip.mp4,1,FVFA,1,1.2999974276359099,0.78583455
00202_id03844_AEAEN1Lns2c_id00042_wavtolip.mp4,1,FVFA,1,1.300142639285037,0.785859
00202_id03858_uKVqPfRf-ac_id00826_wavtolip.mp4,1,FVFA,1,1.3017815333346479,0.78613466
00122_id00188_e-vm5FB3idA_id00325_wavtolip.mp4,1,FVFA,1,1.332981105208152,0.7913333
00122_id00234_M3g5KRLJB60_id00374_wavtolip.mp4,1,FVFA,1,1.3327804192710833,0.7913002
00122_id00330_zCFFgGSIZ_s_id03649_wavtolip.mp4,1,FVFA,1,1.3296875535787935,0.79078895
00122_id00569_gSynmpwioV4_id00591_wavtolip.mp4,1,FVFA,1,1.332807849777283,0.7913047
00122_id00591_1Jo8xElXQMs_id00581_wavtolip.mp4,1,FVFA,1,1.3304125810076073,0.7909089
00122_id00633_UXrTMta1EDM_id00735_wavtolip.mp4,1,FVFA,1,1.3322542715114465,0.7912133
00122_id01002_eQTviHjyISo_id03371_wavtolip.mp4,1,FVFA,1,1.3312713341048006,0.79105085
00122_id01018_VNPt_GB5QiE_id01002_wavtolip.mp4,1,FVFA,1,1.3329829100442672,0.7913336
00122_id03371_truKMXt8Dak_id00633_wavtolip.mp4,1,FVFA,1,1.332616206328992,0.79127306
00122_id03858_uKVqPfRf-ac_id00395_wavtolip.mp4,1,FVFA,1,1.3317102498448357,0.7911234
00027_id00068_A7uFnQw--bY_id00634_wavtolip.mp4,1,FVFA,1,1.1299930614539815,0.7558376
00027_id00271_je6JSLqEEcw_id00591_wavtolip.mp4,1,FVFA,1,1.0944839556132746,0.74922514
00027_id00395_wM5kGJfTtEM_id03589_wavtolip.mp4,1,FVFA,1,1.0947520387467715,0.7492755
00027_id00484_u7YTz8eFZv0_id00496_wavtolip.mp4,1,FVFA,1,1.1232579750881466,0.75459254
00027_id00581_7AxvP19LGKg_id00897_wavtolip.mp4,1,FVFA,1,1.1028052192872886,0.75078535
00027_id00634_z5t9oJizDQg_id00262_wavtolip.mp4,1,FVFA,1,1.108925866981117,0.7519288
00027_id03589_9NxOQlwpMys_id00330_wavtolip.mp4,1,FVFA,1,1.122769759730016,0.7545021
00027_id03858_uKVqPfRf-ac_id03589_wavtolip.mp4,1,FVFA,1,1.1127759214608952,0.75264627
00027_id03941_SsYtP8Ze88Q_id03371_wavtolip.mp4,1,FVFA,1,1.1325397871586815,0.7563073
00015_id00262_3p7sRWAAh1Q_id00232_wavtolip.mp4,1,FVFA,1,1.2956668065818628,0.7851048
00015_id00287_2NpfYjyMsPM_id00332_wavtolip.mp4,1,FVFA,1,1.2909014538845598,0.78429973
00015_id00373_5NXv3Dxkd6E_id00806_wavtolip.mp4,1,FVFA,1,1.29515143881154,0.78501785
00015_id00569_gSynmpwioV4_id00569_wavtolip.mp4,1,FVFA,1,1.2918709758760865,0.7844637
00015_id00813_dKs9CWJIkSI_id00897_wavtolip.mp4,1,FVFA,1,1.2909465524666703,0.78430736
00015_id00897_0ayFw8JhoyI_id00735_wavtolip.mp4,1,FVFA,1,1.291460687580012,0.7843943
00015_id03620_YkXM5A8w07E_id00806_wavtolip.mp4,1,FVFA,1,1.297186239021901,0.78536105
00015_id03858_uKVqPfRf-ac_id00633_wavtolip.mp4,1,FVFA,1,1.2941402179336414,0.78484714
00239_id00188_e-vm5FB3idA_id00373_wavtolip.mp4,1,FVFA,1,1.3125646102956967,0.787942
00239_id00373_5NXv3Dxkd6E_id03651_wavtolip.mp4,1,FVFA,1,1.3192048642378755,0.7890494
00239_id00484_u7YTz8eFZv0_id03716_wavtolip.mp4,1,FVFA,1,1.3162327438558103,0.78855425
00239_id00491_ShjiTWoOtM4_id00232_wavtolip.mp4,1,FVFA,1,1.3207532326407778,0.789307
00239_id00633_UXrTMta1EDM_id00735_wavtolip.mp4,1,FVFA,1,1.3193645808290873,0.789076
00239_id00897_0ayFw8JhoyI_id03649_wavtolip.mp4,1,FVFA,1,1.3171463415112252,0.78870654
00239_id01002_eQTviHjyISo_id00496_wavtolip.mp4,1,FVFA,1,1.3183542457986814,0.78890777
00239_id01018_VNPt_GB5QiE_id03589_wavtolip.mp4,1,FVFA,1,1.3155608151116498,0.7884422
00239_id03371_truKMXt8Dak_id00271_wavtolip.mp4,1,FVFA,1,1.3155397322013291,0.7884387
00010_id00330_zCFFgGSIZ_s_id00188_wavtolip.mp4,1,FVFA,1,1.3223650517386325,0.7895749
00010_id00395_wM5kGJfTtEM_id00325_wavtolip.mp4,1,FVFA,1,1.3211220792191498,0.78936833
00010_id00495_E46aiMUC4A0_id00806_wavtolip.mp4,1,FVFA,1,1.317037256578257,0.78868836
00010_id00591_1Jo8xElXQMs_id00735_wavtolip.mp4,1,FVFA,1,1.3207560999490364,0.7893075
00010_id00826_MYagwzy91Yk_id00271_wavtolip.mp4,1,FVFA,1,1.3133267379901141,0.7880693
00010_id03371_truKMXt8Dak_id00287_wavtolip.mp4,1,FVFA,1,1.316392901492627,0.78858095
00010_id03858_uKVqPfRf-ac_id00735_wavtolip.mp4,1,FVFA,1,1.3166914491060289,0.7886307
00130_id00271_je6JSLqEEcw_id00735_wavtolip.mp4,1,FVFA,1,1.3236685157750345,0.7897914
00130_id00373_5NXv3Dxkd6E_id03371_wavtolip.mp4,1,FVFA,1,1.3235087597907362,0.7897649
00130_id00495_E46aiMUC4A0_id00325_wavtolip.mp4,1,FVFA,1,1.3228835201639266,0.78966105
00130_id00591_1Jo8xElXQMs_id03620_wavtolip.mp4,1,FVFA,1,1.3257783233152383,0.79014146
00130_id00634_z5t9oJizDQg_id00897_wavtolip.mp4,1,FVFA,1,1.3229028984731197,0.78966427
00130_id00897_0ayFw8JhoyI_id00379_wavtolip.mp4,1,FVFA,1,1.3210141771753547,0.7893504
00130_id03589_9NxOQlwpMys_id00897_wavtolip.mp4,1,FVFA,1,1.3213898918122553,0.78941286
00130_id03620_YkXM5A8w07E_id03858_wavtolip.mp4,1,FVFA,1,1.322727783874821,0.7896352
00130_id03649_389qfFqUddI_id00495_wavtolip.mp4,1,FVFA,1,1.3221727736185276,0.789543
00130_id03858_uKVqPfRf-ac_id00634_wavtolip.mp4,1,FVFA,1,1.3216136385780226,0.78945005
00001_id00188_e-vm5FB3idA_id03858_wavtolip.mp4,1,FVFA,1,1.3185826115375912,0.7889458
00001_id00270_hoEQ70-sDME_id00270_wavtolip.mp4,1,FVFA,1,1.3053825749491896,0.78673947
00001_id00581_7AxvP19LGKg_id00735_wavtolip.mp4,1,FVFA,1,1.31167338808556,0.78779304
00001_id00633_UXrTMta1EDM_id00287_wavtolip.mp4,1,FVFA,1,1.3110488421474533,0.7876886
00001_id00634_z5t9oJizDQg_id03620_wavtolip.mp4,1,FVFA,1,1.314448773522394,0.78825665
00001_id00897_0ayFw8JhoyI_id00373_wavtolip.mp4,1,FVFA,1,1.3142045271073253,0.7882159
00001_id03649_389qfFqUddI_id00591_wavtolip.mp4,1,FVFA,1,1.3157505728446452,0.78847384
00001_id03844_AEAEN1Lns2c_id03589_wavtolip.mp4,1,FVFA,1,1.3186248517636536,0.7889528
00088_id00188_e-vm5FB3idA_id00188_wavtolip.mp4,1,FVFA,1,1.3252381420361,0.7900519
00088_id00270_hoEQ70-sDME_id00823_wavtolip.mp4,1,FVFA,1,1.326791574904119,0.7903094
00088_id00332__zNddcZV1EU_id00071_wavtolip.mp4,1,FVFA,1,1.3264822866017723,0.79025817
00088_id00379_fgkgYHCuk4g_id00262_wavtolip.mp4,1,FVFA,1,1.3273782963700882,0.79040664
00088_id00491_ShjiTWoOtM4_id03844_wavtolip.mp4,1,FVFA,1,1.327261367804246,0.7903873
00088_id00569_gSynmpwioV4_id00287_wavtolip.mp4,1,FVFA,1,1.3268275422649287,0.7903154
00088_id00581_7AxvP19LGKg_id00813_wavtolip.mp4,1,FVFA,1,1.3284043703054023,0.7905766
00088_id01001_dHJc8dh9X8c_id00330_wavtolip.mp4,1,FVFA,1,1.3261144496785915,0.7901972
00088_id01002_eQTviHjyISo_id00262_wavtolip.mp4,1,FVFA,1,1.3267520116747495,0.7903029
00078_id00395_wM5kGJfTtEM_id00379_wavtolip.mp4,1,FVFA,1,1.3219087848084317,0.7894991
00078_id00484_u7YTz8eFZv0_id00330_wavtolip.mp4,1,FVFA,1,1.3193581345824077,0.7890749
00078_id00495_E46aiMUC4A0_id00328_wavtolip.mp4,1,FVFA,1,1.3205622089433555,0.7892752
00078_id00581_7AxvP19LGKg_id00434_wavtolip.mp4,1,FVFA,1,1.323121098896373,0.7897005
00078_id00589_uOzKwYEVR6s_id00330_wavtolip.mp4,1,FVFA,1,1.3204611505356112,0.7892584
00078_id00591_1Jo8xElXQMs_id00071_wavtolip.mp4,1,FVFA,1,1.322572420424813,0.7896094
00078_id00826_MYagwzy91Yk_id00806_wavtolip.mp4,1,FVFA,1,1.31853034963412,0.7889371
00078_id03589_9NxOQlwpMys_id00569_wavtolip.mp4,1,FVFA,1,1.318113026946214,0.7888676
00078_id03649_389qfFqUddI_id00232_wavtolip.mp4,1,FVFA,1,1.3192535654920845,0.7890575
00037_id00068_A7uFnQw--bY_id00374_wavtolip.mp4,1,FVFA,1,1.2539390373401285,0.777981
00037_id00188_e-vm5FB3idA_id03941_wavtolip.mp4,1,FVFA,1,1.2641822604762079,0.7797452
00037_id00262_3p7sRWAAh1Q_id00271_wavtolip.mp4,1,FVFA,1,1.2412530358224603,0.77578205
00037_id00373_5NXv3Dxkd6E_id00395_wavtolip.mp4,1,FVFA,1,1.244305668833473,0.7763126
00037_id00495_E46aiMUC4A0_id03941_wavtolip.mp4,1,FVFA,1,1.250759511123978,0.7774313
00037_id00826_MYagwzy91Yk_id00495_wavtolip.mp4,1,FVFA,1,1.2497704587465253,0.7772601
00037_id03371_truKMXt8Dak_id01002_wavtolip.mp4,1,FVFA,1,1.2564464176426235,0.7784138
00037_id03844_AEAEN1Lns2c_id00735_wavtolip.mp4,1,FVFA,1,1.2623462255594105,0.77942973
00037_id03941_SsYtP8Ze88Q_id00633_wavtolip.mp4,1,FVFA,1,1.259804279492048,0.7789924
00005_id00365_XV-imLNJvfk_id00496_wavtolip.mp4,1,FVFA,1,1.2242756418362521,0.7728151
00005_id00373_5NXv3Dxkd6E_id00496_wavtolip.mp4,1,FVFA,1,1.2216925965888294,0.7723613
00005_id00379_fgkgYHCuk4g_id00496_wavtolip.mp4,1,FVFA,1,1.2219011000417157,0.77239794
00005_id00569_gSynmpwioV4_id03858_wavtolip.mp4,1,FVFA,1,1.2298040643069301,0.7737843
00005_id00813_dKs9CWJIkSI_id01002_wavtolip.mp4,1,FVFA,1,1.2234970206346671,0.7726784
00005_id01002_eQTviHjyISo_id03620_wavtolip.mp4,1,FVFA,1,1.2180000754659501,0.7717114
00005_id03858_uKVqPfRf-ac_id03589_wavtolip.mp4,1,FVFA,1,1.219465968160389,0.77196956
00169_id00262_3p7sRWAAh1Q_id00634_wavtolip.mp4,1,FVFA,1,1.3221347510034727,0.78953665
00169_id00330_zCFFgGSIZ_s_id03371_wavtolip.mp4,1,FVFA,1,1.316084754199081,0.7885296
00169_id00365_XV-imLNJvfk_id00823_wavtolip.mp4,1,FVFA,1,1.3220895553990932,0.78952914
00169_id00496_SImaDcXQnh8_id00330_wavtolip.mp4,1,FVFA,1,1.3215781383588585,0.78944415
00169_id00806_0sk9s9lFIAk_id00234_wavtolip.mp4,1,FVFA,1,1.3179913566007795,0.7888473
00169_id00897_0ayFw8JhoyI_id00330_wavtolip.mp4,1,FVFA,1,1.321956127658121,0.789507
00169_id03589_9NxOQlwpMys_id00806_wavtolip.mp4,1,FVFA,1,1.3231386853290636,0.7897034
00169_id03858_uKVqPfRf-ac_id00332_wavtolip.mp4,1,FVFA,1,1.3221085661044267,0.7895323
00125_id00262_3p7sRWAAh1Q_id00434_wavtolip.mp4,1,FVFA,1,1.224211479635113,0.77280384
00125_id00330_zCFFgGSIZ_s_id03858_wavtolip.mp4,1,FVFA,1,1.2015790169982825,0.76880556
00125_id00373_5NXv3Dxkd6E_id03858_wavtolip.mp4,1,FVFA,1,1.22707720536355,0.7733066
00125_id00395_wM5kGJfTtEM_id00328_wavtolip.mp4,1,FVFA,1,1.2203672039654998,0.77212816
00125_id00495_E46aiMUC4A0_id03620_wavtolip.mp4,1,FVFA,1,1.23096388931348,0.77398723
00125_id00581_7AxvP19LGKg_id00735_wavtolip.mp4,1,FVFA,1,1.2239480647197893,0.7727576
00125_id00634_z5t9oJizDQg_id00633_wavtolip.mp4,1,FVFA,1,1.2293182127183473,0.7736992
00125_id00813_dKs9CWJIkSI_id00395_wavtolip.mp4,1,FVFA,1,1.245201068613072,0.77646804
00125_id03589_9NxOQlwpMys_id00403_wavtolip.mp4,1,FVFA,1,1.2385018082812547,0.7753031
00065_id00068_A7uFnQw--bY_id00806_wavtolip.mp4,1,FVFA,1,1.3383411722851621,0.792217
00065_id00271_je6JSLqEEcw_id00434_wavtolip.mp4,1,FVFA,1,1.3369179953739851,0.79198265
00065_id00374_w1qI7y9AGTc_id00826_wavtolip.mp4,1,FVFA,1,1.3360813634519586,0.7918448
00065_id00484_u7YTz8eFZv0_id03620_wavtolip.mp4,1,FVFA,1,1.3369538136445758,0.79198855
00065_id00495_E46aiMUC4A0_id00806_wavtolip.mp4,1,FVFA,1,1.33762581645326,0.79209924
00065_id00581_7AxvP19LGKg_id00823_wavtolip.mp4,1,FVFA,1,1.3363884065606175,0.7918954
00065_id00634_z5t9oJizDQg_id03716_wavtolip.mp4,1,FVFA,1,1.3369009910027387,0.79197985
00065_id00735_ivJSkq5hGOQ_id03589_wavtolip.mp4,1,FVFA,1,1.3384907252368063,0.79224163
00065_id03371_truKMXt8Dak_id03858_wavtolip.mp4,1,FVFA,1,1.3363630887925837,0.7918912
00065_id03649_389qfFqUddI_id00495_wavtolip.mp4,1,FVFA,1,1.3374372526938776,0.7920682
00005_id00234_M3g5KRLJB60_id00328_wavtolip.mp4,1,FVFA,1,1.290405798015012,0.78421587
00005_id00330_zCFFgGSIZ_s_id00328_wavtolip.mp4,1,FVFA,1,1.2850733847903117,0.78331214
00005_id00332__zNddcZV1EU_id00634_wavtolip.mp4,1,FVFA,1,1.2890372166635935,0.7839842
00005_id00496_SImaDcXQnh8_id00232_wavtolip.mp4,1,FVFA,1,1.2877618413773395,0.7837681
00005_id00591_1Jo8xElXQMs_id00328_wavtolip.mp4,1,FVFA,1,1.2884762896009019,0.7838892
00005_id00813_dKs9CWJIkSI_id00484_wavtolip.mp4,1,FVFA,1,1.2917127004029811,0.78443694
00005_id03371_truKMXt8Dak_id03589_wavtolip.mp4,1,FVFA,1,1.289906408332963,0.78413135
00086_id00188_e-vm5FB3idA_id00379_wavtolip.mp4,1,FVFA,1,1.3224163534375277,0.78958344
00086_id00262_3p7sRWAAh1Q_id03844_wavtolip.mp4,1,FVFA,1,1.316756171002991,0.7886415
00086_id00332__zNddcZV1EU_id03649_wavtolip.mp4,1,FVFA,1,1.3181649183715587,0.78887624
00086_id00374_w1qI7y9AGTc_id03651_wavtolip.mp4,1,FVFA,1,1.3184462327616921,0.7889231
00086_id00569_gSynmpwioV4_id00806_wavtolip.mp4,1,FVFA,1,1.318795613017769,0.78898126
00086_id00633_UXrTMta1EDM_id00325_wavtolip.mp4,1,FVFA,1,1.3149412988868332,0.78833884
00086_id00735_ivJSkq5hGOQ_id00271_wavtolip.mp4,1,FVFA,1,1.3219213377103283,0.7895012
00086_id03816_XXD0yTNei50_id00287_wavtolip.mp4,1,FVFA,1,1.3135651499964156,0.7881091
00043_id00188_e-vm5FB3idA_id00232_wavtolip.mp4,1,FVFA,1,1.3211400037993084,0.7893713
00043_id00287_2NpfYjyMsPM_id03649_wavtolip.mp4,1,FVFA,1,1.3215799312817278,0.78944445
00043_id00325_4vJtbNe0L98_id00330_wavtolip.mp4,1,FVFA,1,1.3229944100948348,0.78967947
00043_id00491_ShjiTWoOtM4_id00581_wavtolip.mp4,1,FVFA,1,1.3191676230274492,0.7890432
00043_id00581_7AxvP19LGKg_id00271_wavtolip.mp4,1,FVFA,1,1.3227094839891378,0.78963214
00043_id00633_UXrTMta1EDM_id00484_wavtolip.mp4,1,FVFA,1,1.322554122185908,0.78960633
00043_id01001_dHJc8dh9X8c_id03844_wavtolip.mp4,1,FVFA,1,1.3213705304736962,0.78940964
00043_id03371_truKMXt8Dak_id00373_wavtolip.mp4,1,FVFA,1,1.3226585323882205,0.7896237
00072_id00232_kL0cCveU1zg_id00270_wavtolip.mp4,1,FVFA,1,1.2958826772875844,0.7851412
00072_id00287_2NpfYjyMsPM_id03589_wavtolip.mp4,1,FVFA,1,1.2937046968488264,0.7847736
00072_id00491_ShjiTWoOtM4_id00496_wavtolip.mp4,1,FVFA,1,1.282343435947462,0.7828484
00072_id00591_1Jo8xElXQMs_id00735_wavtolip.mp4,1,FVFA,1,1.2885575672089353,0.78390294
00072_id03620_YkXM5A8w07E_id00379_wavtolip.mp4,1,FVFA,1,1.2849469700799183,0.7832907
00072_id03649_389qfFqUddI_id00271_wavtolip.mp4,1,FVFA,1,1.3001401599606037,0.7858586
00072_id03651_EjcoRkL6loI_id00823_wavtolip.mp4,1,FVFA,1,1.2940900957430896,0.7848387
00430_id00068_A7uFnQw--bY_id00735_wavtolip.mp4,1,FVFA,1,1.3284227307586858,0.7905796
00430_id00330_zCFFgGSIZ_s_id00434_wavtolip.mp4,1,FVFA,1,1.3345755152646128,0.7915965
00430_id00491_ShjiTWoOtM4_id00495_wavtolip.mp4,1,FVFA,1,1.3341499535136978,0.79152626
00430_id00569_gSynmpwioV4_id00234_wavtolip.mp4,1,FVFA,1,1.328923218569252,0.79066247
00430_id00806_0sk9s9lFIAk_id00042_wavtolip.mp4,1,FVFA,1,1.3332348837954056,0.7913752
00430_id03858_uKVqPfRf-ac_id00496_wavtolip.mp4,1,FVFA,1,1.3306522820823887,0.7909485
00002_id00068_A7uFnQw--bY_id00287_wavtolip.mp4,1,FVFA,1,1.3329403164180937,0.7913266
00002_id00262_3p7sRWAAh1Q_id03651_wavtolip.mp4,1,FVFA,1,1.334188964965112,0.7915327
00002_id00287_2NpfYjyMsPM_id00071_wavtolip.mp4,1,FVFA,1,1.3327342215146536,0.79129255
00002_id00395_wM5kGJfTtEM_id00271_wavtolip.mp4,1,FVFA,1,1.3327288077964632,0.79129165
00002_id00495_E46aiMUC4A0_id00581_wavtolip.mp4,1,FVFA,1,1.3339653835841514,0.7914958
00002_id00496_SImaDcXQnh8_id00271_wavtolip.mp4,1,FVFA,1,1.3332283854402107,0.79137415
00002_id00634_z5t9oJizDQg_id00374_wavtolip.mp4,1,FVFA,1,1.3338884552116013,0.7914831
00002_id03649_389qfFqUddI_id00633_wavtolip.mp4,1,FVFA,1,1.3330063730864856,0.7913375
00002_id03858_uKVqPfRf-ac_id01002_wavtolip.mp4,1,FVFA,1,1.3327248377473087,0.791291
00081_id00287_2NpfYjyMsPM_id00270_wavtolip.mp4,1,FVFA,1,1.3156805280234607,0.78846216
00081_id00325_4vJtbNe0L98_id00897_wavtolip.mp4,1,FVFA,1,1.31363760803845,0.7881212
00081_id00365_XV-imLNJvfk_id00071_wavtolip.mp4,1,FVFA,1,1.3166560497544393,0.7886248
00081_id00373_5NXv3Dxkd6E_id00484_wavtolip.mp4,1,FVFA,1,1.3180933443987237,0.7888643
00081_id00374_w1qI7y9AGTc_id00232_wavtolip.mp4,1,FVFA,1,1.3184039968953185,0.78891605
00081_id00496_SImaDcXQnh8_id00332_wavtolip.mp4,1,FVFA,1,1.3173287611771936,0.78873694
00081_id01018_VNPt_GB5QiE_id00484_wavtolip.mp4,1,FVFA,1,1.3176070776121112,0.7887833
00081_id03844_AEAEN1Lns2c_id00373_wavtolip.mp4,1,FVFA,1,1.316736861454662,0.7886383
00001_id00068_A7uFnQw--bY_id00270_wavtolip.mp4,1,FVFA,1,1.3253128875699725,0.7900643
00001_id00188_e-vm5FB3idA_id01002_wavtolip.mp4,1,FVFA,1,1.3251824443466083,0.79004264
00001_id00325_4vJtbNe0L98_id03941_wavtolip.mp4,1,FVFA,1,1.323734576504823,0.7898024
00001_id00569_gSynmpwioV4_id00434_wavtolip.mp4,1,FVFA,1,1.3222746496571747,0.7895599
00001_id00589_uOzKwYEVR6s_id00373_wavtolip.mp4,1,FVFA,1,1.3189681813427991,0.78901
00001_id00591_1Jo8xElXQMs_id00287_wavtolip.mp4,1,FVFA,1,1.3153646467512699,0.7884095
00001_id00633_UXrTMta1EDM_id00287_wavtolip.mp4,1,FVFA,1,1.3194426539463917,0.78908896
00001_id00634_z5t9oJizDQg_id03941_wavtolip.mp4,1,FVFA,1,1.3216925305660947,0.78946316
00001_id00826_MYagwzy91Yk_id00634_wavtolip.mp4,1,FVFA,1,1.323267179397583,0.78972477
00001_id03589_9NxOQlwpMys_id00434_wavtolip.mp4,1,FVFA,1,1.3235069648637043,0.7897646
00092_id00325_4vJtbNe0L98_id00332_wavtolip.mp4,1,FVFA,1,1.3365363421437302,0.79191977
00092_id00395_wM5kGJfTtEM_id00328_wavtolip.mp4,1,FVFA,1,1.3372005820920037,0.7920292
00092_id00897_0ayFw8JhoyI_id00826_wavtolip.mp4,1,FVFA,1,1.3362318040823977,0.7918696
00092_id01002_eQTviHjyISo_id03941_wavtolip.mp4,1,FVFA,1,1.3366459456931938,0.7919378
00092_id01018_VNPt_GB5QiE_id00330_wavtolip.mp4,1,FVFA,1,1.3373015430720674,0.79204583
00092_id03371_truKMXt8Dak_id00325_wavtolip.mp4,1,FVFA,1,1.3367841357420442,0.7919606
00092_id03649_389qfFqUddI_id03651_wavtolip.mp4,1,FVFA,1,1.3374716341726796,0.79207385
00092_id03716_s-lxbGafZQA_id00395_wavtolip.mp4,1,FVFA,1,1.337496606416505,0.79207796
00092_id03858_uKVqPfRf-ac_id00813_wavtolip.mp4,1,FVFA,1,1.337020386966107,0.7919995
00040_id00365_XV-imLNJvfk_id03716_wavtolip.mp4,1,FVFA,1,1.3346018905632862,0.7916008
00040_id00379_fgkgYHCuk4g_id00823_wavtolip.mp4,1,FVFA,1,1.3334822006029072,0.79141605
00040_id00395_wM5kGJfTtEM_id00232_wavtolip.mp4,1,FVFA,1,1.3320168721624788,0.79117405
00040_id00591_1Jo8xElXQMs_id00823_wavtolip.mp4,1,FVFA,1,1.328038642093445,0.790516
00040_id00633_UXrTMta1EDM_id00826_wavtolip.mp4,1,FVFA,1,1.3330117876802432,0.7913384
00040_id00897_0ayFw8JhoyI_id00232_wavtolip.mp4,1,FVFA,1,1.3330958965636375,0.7913523
00040_id03651_EjcoRkL6loI_id00328_wavtolip.mp4,1,FVFA,1,1.3334554814492303,0.79141164
00040_id03816_XXD0yTNei50_id00581_wavtolip.mp4,1,FVFA,1,1.3316792299303204,0.79111826
00093_id00071_JU1cVINUTZA_id00330_wavtolip.mp4,1,FVFA,1,1.3044243635922983,0.78657866
00093_id00262_3p7sRWAAh1Q_id00826_wavtolip.mp4,1,FVFA,1,1.302547467944081,0.7862634
00093_id00287_2NpfYjyMsPM_id00270_wavtolip.mp4,1,FVFA,1,1.3069414146945695,0.7870009
00093_id00379_fgkgYHCuk4g_id00484_wavtolip.mp4,1,FVFA,1,1.3047542442607736,0.786634
00093_id00395_wM5kGJfTtEM_id00332_wavtolip.mp4,1,FVFA,1,1.3022807711221738,0.7862186
00093_id00495_E46aiMUC4A0_id03651_wavtolip.mp4,1,FVFA,1,1.3072820856199805,0.787058
00093_id00633_UXrTMta1EDM_id00484_wavtolip.mp4,1,FVFA,1,1.3028273306010305,0.78631043
00093_id00897_0ayFw8JhoyI_id00270_wavtolip.mp4,1,FVFA,1,1.3048185232133458,0.7866448
00093_id01018_VNPt_GB5QiE_id03651_wavtolip.mp4,1,FVFA,1,1.3075751585995834,0.7871071
00093_id03941_SsYtP8Ze88Q_id03649_wavtolip.mp4,1,FVFA,1,1.307588675290763,0.7871094
00028_id00068_A7uFnQw--bY_id03844_wavtolip.mp4,1,FVFA,1,1.3231132030052917,0.7896992
00028_id00330_zCFFgGSIZ_s_id00328_wavtolip.mp4,1,FVFA,1,1.307645944540973,0.787119
00028_id00365_XV-imLNJvfk_id00071_wavtolip.mp4,1,FVFA,1,1.3209969708278075,0.7893475
00028_id00484_u7YTz8eFZv0_id00379_wavtolip.mp4,1,FVFA,1,1.323013430766393,0.7896826
00028_id00495_E46aiMUC4A0_id00374_wavtolip.mp4,1,FVFA,1,1.3205174128208033,0.7892678
00028_id00496_SImaDcXQnh8_id01018_wavtolip.mp4,1,FVFA,1,1.3216796207214818,0.789461
00028_id00735_ivJSkq5hGOQ_id00634_wavtolip.mp4,1,FVFA,1,1.3235712244145483,0.78977525
00028_id03858_uKVqPfRf-ac_id00374_wavtolip.mp4,1,FVFA,1,1.320597688296297,0.78928113
00092_id00270_hoEQ70-sDME_id00287_wavtolip.mp4,1,FVFA,1,1.30699901825018,0.78701055
00092_id00395_wM5kGJfTtEM_id03620_wavtolip.mp4,1,FVFA,1,1.3138981964457996,0.78816473
00092_id00495_E46aiMUC4A0_id03649_wavtolip.mp4,1,FVFA,1,1.3137214918163485,0.78813523
00092_id00581_7AxvP19LGKg_id00581_wavtolip.mp4,1,FVFA,1,1.3160475800395524,0.7885234
00092_id00823_KgExwCvgrUk_id03941_wavtolip.mp4,1,FVFA,1,1.3116691096100483,0.7877923
00092_id03371_truKMXt8Dak_id00735_wavtolip.mp4,1,FVFA,1,1.3134245257795918,0.78808564
00092_id03716_s-lxbGafZQA_id00581_wavtolip.mp4,1,FVFA,1,1.3143944935691565,0.7882476
00092_id03844_AEAEN1Lns2c_id00806_wavtolip.mp4,1,FVFA,1,1.31856686120874,0.7889432
00021_id00068_A7uFnQw--bY_id00569_wavtolip.mp4,1,FVFA,1,1.154210046178619,0.76027906
00021_id00262_3p7sRWAAh1Q_id00395_wavtolip.mp4,1,FVFA,1,1.1413032340642628,0.75791883
00021_id00287_2NpfYjyMsPM_id00434_wavtolip.mp4,1,FVFA,1,1.1481800558458322,0.75917834
00021_id00332__zNddcZV1EU_id00271_wavtolip.mp4,1,FVFA,1,1.1382195150534924,0.7573526
00021_id00365_XV-imLNJvfk_id00270_wavtolip.mp4,1,FVFA,1,1.14394712463054,0.7584036
00021_id00495_E46aiMUC4A0_id01002_wavtolip.mp4,1,FVFA,1,1.1354483468581553,0.756843
00021_id00735_ivJSkq5hGOQ_id00379_wavtolip.mp4,1,FVFA,1,1.142993243424237,0.7582288
00021_id00806_0sk9s9lFIAk_id00042_wavtolip.mp4,1,FVFA,1,1.1090559245652665,0.75195307
00021_id01001_dHJc8dh9X8c_id03589_wavtolip.mp4,1,FVFA,1,1.14358932343159,0.75833803
00021_id03816_XXD0yTNei50_id01002_wavtolip.mp4,1,FVFA,1,1.1275741615111656,0.75539094
00028_id00068_wavtolip.mp4,1,FVRA,1,1.2276835406459785,0.7734129
00028_id00271_wavtolip.mp4,1,FVRA,1,1.2247717016515836,0.7729022
00028_id00325_wavtolip.mp4,1,FVRA,1,1.2274998845111562,0.7733807
00028_id00379_wavtolip.mp4,1,FVRA,1,1.2280617943519667,0.77347916
00028_id00496_wavtolip.mp4,1,FVRA,1,1.228076082446484,0.77348167
00028_id00569_wavtolip.mp4,1,FVRA,1,1.227013964912538,0.7732955
00028_id01018_wavtolip.mp4,1,FVRA,1,1.2273550132390185,0.7733553
00028_id03620_wavtolip.mp4,1,FVRA,1,1.2275532789302956,0.77339005
00028_id03716_wavtolip.mp4,1,FVRA,1,1.227390039748346,0.77336144
00028_id03941_wavtolip.mp4,1,FVRA,1,1.2248165268131181,0.77291006
00004_id00068_wavtolip.mp4,1,FVRA,1,1.0255963920031612,0.7360613
00004_id00071_wavtolip.mp4,1,FVRA,1,1.027383060024253,0.73640823
00004_id00234_wavtolip.mp4,1,FVRA,1,1.025682912896968,0.7360781
00004_id00262_wavtolip.mp4,1,FVRA,1,1.0262788371931761,0.73619384
00004_id00365_wavtolip.mp4,1,FVRA,1,1.0248396382222615,0.73591423
00004_id00484_wavtolip.mp4,1,FVRA,1,1.029514547931097,0.7368218
00004_id00496_wavtolip.mp4,1,FVRA,1,1.025528589091952,0.7360481
00004_id00591_wavtolip.mp4,1,FVRA,1,1.0271880830464266,0.7363704
00004_id03589_wavtolip.mp4,1,FVRA,1,1.025906288142119,0.7361215
00004_id03716_wavtolip.mp4,1,FVRA,1,1.025327647509412,0.73600906
00014_id00188_wavtolip.mp4,1,FVRA,1,1.3351363487446102,0.791689
00014_id00330_wavtolip.mp4,1,FVRA,1,1.3352559832350748,0.7917087
00014_id00589_wavtolip.mp4,1,FVRA,1,1.3351674312232438,0.7916941
00014_id00633_wavtolip.mp4,1,FVRA,1,1.3352227305146447,0.7917032
00014_id00813_wavtolip.mp4,1,FVRA,1,1.3351641783793071,0.79169357
00014_id01001_wavtolip.mp4,1,FVRA,1,1.3352256220299428,0.7917037
00014_id01018_wavtolip.mp4,1,FVRA,1,1.3351641783793071,0.79169357
00014_id03716_wavtolip.mp4,1,FVRA,1,1.3351865869849722,0.79169726
00014_id03816_wavtolip.mp4,1,FVRA,1,1.3351855026908568,0.7916971
00014_id03844_wavtolip.mp4,1,FVRA,1,1.3352559832350748,0.7917087
00020_id00071_wavtolip.mp4,1,FVRA,1,1.3057776618831176,0.78680575
00020_id00188_wavtolip.mp4,1,FVRA,1,1.3058451767007573,0.7868171
00020_id00262_wavtolip.mp4,1,FVRA,1,1.3056856327376027,0.7867903
00020_id00365_wavtolip.mp4,1,FVRA,1,1.3056412188648179,0.78678286
00020_id00374_wavtolip.mp4,1,FVRA,1,1.3057982713922958,0.7868092
00020_id00633_wavtolip.mp4,1,FVRA,1,1.3056962922354305,0.7867921
00020_id03620_wavtolip.mp4,1,FVRA,1,1.3056206112121227,0.7867794
00020_id03716_wavtolip.mp4,1,FVRA,1,1.3056564971093954,0.7867854
00020_id03816_wavtolip.mp4,1,FVRA,1,1.3057037539226883,0.78679335
00020_id03844_wavtolip.mp4,1,FVRA,1,1.3057133475675171,0.78679496
00025_id00330_wavtolip.mp4,1,FVRA,1,1.2940569170520895,0.7848331
00025_id00332_wavtolip.mp4,1,FVRA,1,1.2938257425162636,0.78479403
00025_id00581_wavtolip.mp4,1,FVRA,1,1.293610477571757,0.7847577
00025_id00634_wavtolip.mp4,1,FVRA,1,1.2935413160767535,0.784746
00025_id01002_wavtolip.mp4,1,FVRA,1,1.2920803867113424,0.7844991
00025_id03371_wavtolip.mp4,1,FVRA,1,1.2936404719241286,0.78476274
00025_id03649_wavtolip.mp4,1,FVRA,1,1.2923494140135814,0.7845446
00025_id03651_wavtolip.mp4,1,FVRA,1,1.2922140137358598,0.7845217
00025_id03716_wavtolip.mp4,1,FVRA,1,1.293461572019872,0.7847325
00025_id03844_wavtolip.mp4,1,FVRA,1,1.292206256744247,0.7845204
00063_id00071_wavtolip.mp4,1,FVRA,1,1.337223379212278,0.79203296
00063_id00328_wavtolip.mp4,1,FVRA,1,1.3370344979482245,0.79200184
00063_id00484_wavtolip.mp4,1,FVRA,1,1.3370663385402364,0.7920071
00063_id00569_wavtolip.mp4,1,FVRA,1,1.337399252915377,0.7920619
00063_id00581_wavtolip.mp4,1,FVRA,1,1.336859385274456,0.791973
00063_id00826_wavtolip.mp4,1,FVRA,1,1.3369690095008713,0.79199106
00063_id03371_wavtolip.mp4,1,FVRA,1,1.3368445521722825,0.79197055
00063_id03651_wavtolip.mp4,1,FVRA,1,1.3375338845017382,0.7920841
00063_id03816_wavtolip.mp4,1,FVRA,1,1.3370337743052871,0.7920017
00063_id03844_wavtolip.mp4,1,FVRA,1,1.3375241124979746,0.7920825
00028_id00068_wavtolip.mp4,1,FVRA,1,1.340354534611271,0.79254824
00028_id00270_wavtolip.mp4,1,FVRA,1,1.3406380522266967,0.79259485
00028_id00271_wavtolip.mp4,1,FVRA,1,1.341109839880779,0.7926724
00028_id00365_wavtolip.mp4,1,FVRA,1,1.3411606164937635,0.79268074
00028_id00373_wavtolip.mp4,1,FVRA,1,1.3399688521407884,0.7924848
00028_id00496_wavtolip.mp4,1,FVRA,1,1.340039892373256,0.7924965
00028_id00633_wavtolip.mp4,1,FVRA,1,1.3402595558511763,0.7925326
00028_id00634_wavtolip.mp4,1,FVRA,1,1.3402907315035126,0.79253775
00028_id00826_wavtolip.mp4,1,FVRA,1,1.340601794154207,0.7925889
00028_id03816_wavtolip.mp4,1,FVRA,1,1.3408008604549575,0.7926216
00088_id00188_wavtolip.mp4,1,FVRA,1,1.3155665325552561,0.78844315
00088_id00234_wavtolip.mp4,1,FVRA,1,1.3154071658776947,0.78841656
00088_id00328_wavtolip.mp4,1,FVRA,1,1.315530084175347,0.78843707
00088_id00365_wavtolip.mp4,1,FVRA,1,1.3157745173868076,0.78847784
00088_id00373_wavtolip.mp4,1,FVRA,1,1.3154486140971324,0.7884235
00088_id00491_wavtolip.mp4,1,FVRA,1,1.3154600482630991,0.7884254
00088_id00634_wavtolip.mp4,1,FVRA,1,1.3154922072592266,0.78843075
00088_id00826_wavtolip.mp4,1,FVRA,1,1.3153303463672137,0.78840375
00088_id00897_wavtolip.mp4,1,FVRA,1,1.3154468275155127,0.7884232
00088_id01002_wavtolip.mp4,1,FVRA,1,1.3153675051472409,0.78840995
00028_id00188_wavtolip.mp4,1,FVRA,1,1.328306091209967,0.7905603
00028_id00270_wavtolip.mp4,1,FVRA,1,1.3282510141711794,0.7905512
00028_id00365_wavtolip.mp4,1,FVRA,1,1.3283255305857182,0.7905635
00028_id00491_wavtolip.mp4,1,FVRA,1,1.3283042912788756,0.79056
00028_id00633_wavtolip.mp4,1,FVRA,1,1.3283197707477867,0.79056257
00028_id00806_wavtolip.mp4,1,FVRA,1,1.3282906118641078,0.79055774
00028_id01001_wavtolip.mp4,1,FVRA,1,1.3282952916516595,0.7905585
00028_id01002_wavtolip.mp4,1,FVRA,1,1.328323010654251,0.7905631
00028_id01018_wavtolip.mp4,1,FVRA,1,1.3282823322711546,0.7905564
00028_id03844_wavtolip.mp4,1,FVRA,1,1.3283485701302395,0.79056734
00005_id00068_wavtolip.mp4,1,FVRA,1,1.322565244621736,0.7896082
00005_id00188_wavtolip.mp4,1,FVRA,1,1.3224891829426855,0.78959554
00005_id00270_wavtolip.mp4,1,FVRA,1,1.3225394119776068,0.7896039
00005_id00328_wavtolip.mp4,1,FVRA,1,1.3225498167461147,0.7896056
00005_id00365_wavtolip.mp4,1,FVRA,1,1.3225437173914532,0.7896046
00005_id00581_wavtolip.mp4,1,FVRA,1,1.3226126054732275,0.78961605
00005_id00826_wavtolip.mp4,1,FVRA,1,1.3225756495459284,0.7896099
00005_id03371_wavtolip.mp4,1,FVRA,1,1.322565244621736,0.7896082
00005_id03620_wavtolip.mp4,1,FVRA,1,1.322546946458884,0.78960514
00005_id03816_wavtolip.mp4,1,FVRA,1,1.3225135797199918,0.7895996
00015_id00042_wavtolip.mp4,1,FVRA,1,1.265288329459403,0.7799351
00015_id00188_wavtolip.mp4,1,FVRA,1,1.2664301804611469,0.78013104
00015_id00262_wavtolip.mp4,1,FVRA,1,1.2668121183881358,0.78019655
00015_id00569_wavtolip.mp4,1,FVRA,1,1.2661584600130122,0.78008443
00015_id00581_wavtolip.mp4,1,FVRA,1,1.2665980284634097,0.78015983
00015_id00589_wavtolip.mp4,1,FVRA,1,1.2651143542115093,0.77990526
00015_id00591_wavtolip.mp4,1,FVRA,1,1.262447812086688,0.7794472
00015_id03371_wavtolip.mp4,1,FVRA,1,1.2665559781030715,0.7801526
00015_id03649_wavtolip.mp4,1,FVRA,1,1.2647070892042813,0.77983534
00015_id03858_wavtolip.mp4,1,FVRA,1,1.2653383374564537,0.7799437
00092_id00068_wavtolip.mp4,1,FVRA,1,1.3383437069720547,0.79221743
00092_id00188_wavtolip.mp4,1,FVRA,1,1.3381608570522538,0.79218733
00092_id00271_wavtolip.mp4,1,FVRA,1,1.3383252400535273,0.7922144
00092_id00328_wavtolip.mp4,1,FVRA,1,1.3382749096599542,0.7922061
00092_id00395_wavtolip.mp4,1,FVRA,1,1.337835758318684,0.7921338
00092_id00491_wavtolip.mp4,1,FVRA,1,1.3378031794447378,0.79212844
00092_id00569_wavtolip.mp4,1,FVRA,1,1.3381575985180154,0.7921868
00092_id00735_wavtolip.mp4,1,FVRA,1,1.338372675088927,0.7922222
00092_id03651_wavtolip.mp4,1,FVRA,1,1.338103652575076,0.7921779
00092_id03716_wavtolip.mp4,1,FVRA,1,1.3383107563353178,0.792212
00118_id00262_wavtolip.mp4,1,FVRA,1,1.3139338965357426,0.7881707
00118_id00395_wavtolip.mp4,1,FVRA,1,1.3117083293632927,0.7877989
00118_id00491_wavtolip.mp4,1,FVRA,1,1.3117083293632927,0.7877989
00118_id00591_wavtolip.mp4,1,FVRA,1,1.3113921007452014,0.787746
00118_id00633_wavtolip.mp4,1,FVRA,1,1.3138935554880582,0.78816396
00118_id00806_wavtolip.mp4,1,FVRA,1,1.314047070676118,0.7881896
00118_id01001_wavtolip.mp4,1,FVRA,1,1.313082649445671,0.78802854
00118_id01002_wavtolip.mp4,1,FVRA,1,1.3115653598044459,0.787775
00118_id01018_wavtolip.mp4,1,FVRA,1,1.3138885575474495,0.7881631
00118_id03844_wavtolip.mp4,1,FVRA,1,1.312202930783753,0.78788155
00293_id00188_wavtolip.mp4,1,FVRA,1,1.2958643042780236,0.78513813
00293_id00270_wavtolip.mp4,1,FVRA,1,1.2960978678270432,0.7851775
00293_id00287_wavtolip.mp4,1,FVRA,1,1.2956632737307605,0.7851042
00293_id00365_wavtolip.mp4,1,FVRA,1,1.2950624392862895,0.7850028
00293_id00496_wavtolip.mp4,1,FVRA,1,1.2952037104786434,0.78502667
00293_id00581_wavtolip.mp4,1,FVRA,1,1.2952821208998777,0.7850399
00293_id00591_wavtolip.mp4,1,FVRA,1,1.295781981425791,0.78512424
00293_id00826_wavtolip.mp4,1,FVRA,1,1.2957501839338441,0.7851189
00293_id01018_wavtolip.mp4,1,FVRA,1,1.295246447255662,0.7850339
00293_id03371_wavtolip.mp4,1,FVRA,1,1.2951715702826958,0.78502125
00078_id00325_wavtolip.mp4,1,FVRA,1,1.3373746439850096,0.7920579
00078_id00365_wavtolip.mp4,1,FVRA,1,1.3374680150371305,0.79207325
00078_id00379_wavtolip.mp4,1,FVRA,1,1.3373724726257838,0.7920575
00078_id00395_wavtolip.mp4,1,FVRA,1,1.3374727199148362,0.792074
00078_id00634_wavtolip.mp4,1,FVRA,1,1.3374111956120176,0.7920639
00078_id00735_wavtolip.mp4,1,FVRA,1,1.3374426813025193,0.7920691
00078_id00813_wavtolip.mp4,1,FVRA,1,1.3373996148140512,0.792062
00078_id00823_wavtolip.mp4,1,FVRA,1,1.3375603053838103,0.79208845
00078_id01002_wavtolip.mp4,1,FVRA,1,1.3375306271609522,0.79208356
00078_id03941_wavtolip.mp4,1,FVRA,1,1.3375215790246233,0.7920821
00028_id00232_wavtolip.mp4,1,FVRA,1,1.3324779909074547,0.7912502
00028_id00379_wavtolip.mp4,1,FVRA,1,1.3320991284031987,0.79118764
00028_id00434_wavtolip.mp4,1,FVRA,1,1.3324198932297393,0.79124063
00028_id00484_wavtolip.mp4,1,FVRA,1,1.3323866954394685,0.79123515
00028_id00495_wavtolip.mp4,1,FVRA,1,1.331950853556453,0.79116315
00028_id00823_wavtolip.mp4,1,FVRA,1,1.3317928521169478,0.79113704
00028_id01001_wavtolip.mp4,1,FVRA,1,1.3321586584035456,0.7911975
00028_id03371_wavtolip.mp4,1,FVRA,1,1.332188604577901,0.7912024
00028_id03620_wavtolip.mp4,1,FVRA,1,1.3320139860501459,0.7911736
00028_id03941_wavtolip.mp4,1,FVRA,1,1.331719628068821,0.79112494
00311_id00188_wavtolip.mp4,1,FVRA,1,1.330758626348025,0.7909661
00311_id00232_wavtolip.mp4,1,FVRA,1,1.3308382987370917,0.79097927
00311_id00325_wavtolip.mp4,1,FVRA,1,1.330838659254035,0.7909793
00311_id00328_wavtolip.mp4,1,FVRA,1,1.3306036182572967,0.79094046
00311_id00495_wavtolip.mp4,1,FVRA,1,1.3308134232506679,0.79097515
00311_id00496_wavtolip.mp4,1,FVRA,1,1.3307914321785066,0.7909715
00311_id00589_wavtolip.mp4,1,FVRA,1,1.330837938220224,0.7909792
00311_id00634_wavtolip.mp4,1,FVRA,1,1.3308739902814097,0.79098517
00311_id00826_wavtolip.mp4,1,FVRA,1,1.3309280697915138,0.7909941
00311_id03716_wavtolip.mp4,1,FVRA,1,1.330837938220224,0.7909792
00043_id00071_wavtolip.mp4,1,FVRA,1,1.3014550494021242,0.78607976
00043_id00328_wavtolip.mp4,1,FVRA,1,1.3013501337477609,0.7860621
00043_id00330_wavtolip.mp4,1,FVRA,1,1.3016907781511031,0.7861194
00043_id00491_wavtolip.mp4,1,FVRA,1,1.3015862028272063,0.7861018
00043_id00569_wavtolip.mp4,1,FVRA,1,1.3015734415211775,0.7860997
00043_id00581_wavtolip.mp4,1,FVRA,1,1.3017046038317708,0.7861217
00043_id00823_wavtolip.mp4,1,FVRA,1,1.3012228965224626,0.7860407
00043_id00897_wavtolip.mp4,1,FVRA,1,1.30160711739137,0.78610533
00043_id03371_wavtolip.mp4,1,FVRA,1,1.301590102133746,0.7861025
00043_id03651_wavtolip.mp4,1,FVRA,1,1.3015745049597875,0.78609985
00420_id00188_wavtolip.mp4,1,FVRA,1,1.3250811151007926,0.79002583
00420_id00234_wavtolip.mp4,1,FVRA,1,1.325147589288638,0.79003686
00420_id00287_wavtolip.mp4,1,FVRA,1,1.3251748983464533,0.7900414
00420_id00328_wavtolip.mp4,1,FVRA,1,1.3251084231055963,0.79003036
00420_id00332_wavtolip.mp4,1,FVRA,1,1.3251350128943429,0.7900348
00420_id00395_wavtolip.mp4,1,FVRA,1,1.3251116569769161,0.7900309
00420_id00569_wavtolip.mp4,1,FVRA,1,1.3250642274721818,0.790023
00420_id00581_wavtolip.mp4,1,FVRA,1,1.3250879420614408,0.79002696
00420_id00823_wavtolip.mp4,1,FVRA,1,1.325148307942512,0.790037
00420_id01018_wavtolip.mp4,1,FVRA,1,1.325091894524699,0.7900276
00052_id00068_wavtolip.mp4,1,FVRA,1,1.338169546507225,0.79218876
00052_id00270_wavtolip.mp4,1,FVRA,1,1.3378411881912993,0.7921347
00052_id00325_wavtolip.mp4,1,FVRA,1,1.3384950707964542,0.79224235
00052_id00365_wavtolip.mp4,1,FVRA,1,1.3367964359203142,0.7919626
00052_id00434_wavtolip.mp4,1,FVRA,1,1.3384939844055075,0.79224217
00052_id00569_wavtolip.mp4,1,FVRA,1,1.33694874838911,0.7919877
00052_id00591_wavtolip.mp4,1,FVRA,1,1.3369274021199813,0.7919842
00052_id01001_wavtolip.mp4,1,FVRA,1,1.3367316800911602,0.79195195
00052_id01002_wavtolip.mp4,1,FVRA,1,1.3365735993291188,0.7919259
00052_id03858_wavtolip.mp4,1,FVRA,1,1.338474067360403,0.7922389
00046_id00262_wavtolip.mp4,1,FVRA,1,1.249730522345684,0.7772532
00046_id00287_wavtolip.mp4,1,FVRA,1,1.2485400662802626,0.77704704
00046_id00325_wavtolip.mp4,1,FVRA,1,1.2490369405740465,0.7771331
00046_id00395_wavtolip.mp4,1,FVRA,1,1.2489409271891638,0.7771165
00046_id00569_wavtolip.mp4,1,FVRA,1,1.2497139971971298,0.77725035
00046_id00806_wavtolip.mp4,1,FVRA,1,1.2487513243646027,0.77708364
00046_id00826_wavtolip.mp4,1,FVRA,1,1.2490269604502167,0.7771314
00046_id00897_wavtolip.mp4,1,FVRA,1,1.2484588726834664,0.777033
00046_id01002_wavtolip.mp4,1,FVRA,1,1.249070322768703,0.7771389
00046_id03589_wavtolip.mp4,1,FVRA,1,1.2490011500411458,0.7771269
00202_id00188_wavtolip.mp4,1,FVRA,1,1.3015752139192203,0.7861
00202_id00232_wavtolip.mp4,1,FVRA,1,1.3015032560036017,0.7860879
00202_id00234_wavtolip.mp4,1,FVRA,1,1.3015174346688534,0.78609025
00202_id00330_wavtolip.mp4,1,FVRA,1,1.3014713544273453,0.7860825
00202_id00379_wavtolip.mp4,1,FVRA,1,1.3014135786103846,0.7860728
00202_id00434_wavtolip.mp4,1,FVRA,1,1.3013880586122375,0.7860685
00202_id00806_wavtolip.mp4,1,FVRA,1,1.3013306399787383,0.78605884
00202_id03371_wavtolip.mp4,1,FVRA,1,1.3014061352391006,0.78607154
00202_id03651_wavtolip.mp4,1,FVRA,1,1.301778342642785,0.7861341
00202_id03816_wavtolip.mp4,1,FVRA,1,1.3013490704456627,0.78606194
00122_id00262_wavtolip.mp4,1,FVRA,1,1.3314065673456017,0.7910732
00122_id00373_wavtolip.mp4,1,FVRA,1,1.3313261473620468,0.7910599
00122_id00495_wavtolip.mp4,1,FVRA,1,1.331245009938439,0.7910465
00122_id00496_wavtolip.mp4,1,FVRA,1,1.3313925025925293,0.7910709
00122_id00589_wavtolip.mp4,1,FVRA,1,1.331419189657946,0.7910753
00122_id01002_wavtolip.mp4,1,FVRA,1,1.3313164106688717,0.7910583
00122_id03371_wavtolip.mp4,1,FVRA,1,1.3314447952050465,0.7910795
00122_id03589_wavtolip.mp4,1,FVRA,1,1.3314029609876818,0.7910726
00122_id03651_wavtolip.mp4,1,FVRA,1,1.3311808239359628,0.7910359
00122_id03844_wavtolip.mp4,1,FVRA,1,1.3314213534922321,0.79107565
00027_id00232_wavtolip.mp4,1,FVRA,1,1.0940481193851477,0.74914324
00027_id00328_wavtolip.mp4,1,FVRA,1,1.0941734046756233,0.7491668
00027_id00374_wavtolip.mp4,1,FVRA,1,1.0947066683132856,0.749267
00027_id00403_wavtolip.mp4,1,FVRA,1,1.094373877411968,0.74920446
00027_id00496_wavtolip.mp4,1,FVRA,1,1.0948145437520118,0.74928725
00027_id00569_wavtolip.mp4,1,FVRA,1,1.09498556994108,0.7493194
00027_id00581_wavtolip.mp4,1,FVRA,1,1.0945245623536564,0.74923277
00027_id00806_wavtolip.mp4,1,FVRA,1,1.0947777385385151,0.74928033
00027_id03620_wavtolip.mp4,1,FVRA,1,1.0943158270752715,0.74919355
00027_id03858_wavtolip.mp4,1,FVRA,1,1.0945734184275149,0.74924195
00015_id00270_wavtolip.mp4,1,FVRA,1,1.3005478789660794,0.7859272
00015_id00287_wavtolip.mp4,1,FVRA,1,1.2997123520221172,0.78578657
00015_id00434_wavtolip.mp4,1,FVRA,1,1.3002662557733256,0.7858798
00015_id00589_wavtolip.mp4,1,FVRA,1,1.3003842131760381,0.78589964
00015_id00633_wavtolip.mp4,1,FVRA,1,1.2999492625317484,0.78582644
00015_id00634_wavtolip.mp4,1,FVRA,1,1.300119617121923,0.7858551
00015_id00735_wavtolip.mp4,1,FVRA,1,1.3002035609323805,0.78586924
00015_id00806_wavtolip.mp4,1,FVRA,1,1.299877725633458,0.7858144
00015_id00823_wavtolip.mp4,1,FVRA,1,1.2998107952438462,0.78580314
00015_id00897_wavtolip.mp4,1,FVRA,1,1.2998635602580115,0.785812
00239_id00068_wavtolip.mp4,1,FVRA,1,1.3197607129751334,0.7891419
00239_id00262_wavtolip.mp4,1,FVRA,1,1.3197990416046712,0.7891483
00239_id00328_wavtolip.mp4,1,FVRA,1,1.3197829219840618,0.7891456
00239_id00330_wavtolip.mp4,1,FVRA,1,1.3197399370637108,0.78913844
00239_id00403_wavtolip.mp4,1,FVRA,1,1.3198319977411241,0.78915375
00239_id00491_wavtolip.mp4,1,FVRA,1,1.320334298344192,0.7892373
00239_id00735_wavtolip.mp4,1,FVRA,1,1.3197123556359156,0.78913385
00239_id00826_wavtolip.mp4,1,FVRA,1,1.3197556980771088,0.78914106
00239_id01001_wavtolip.mp4,1,FVRA,1,1.319814444938096,0.78915083
00239_id01002_wavtolip.mp4,1,FVRA,1,1.3204034567181802,0.7892488
00010_id00188_wavtolip.mp4,1,FVRA,1,1.324953563701883,0.7900047
00010_id00374_wavtolip.mp4,1,FVRA,1,1.325149385923884,0.79003716
00010_id00379_wavtolip.mp4,1,FVRA,1,1.3252794672912471,0.79005873
00010_id00434_wavtolip.mp4,1,FVRA,1,1.325825053537895,0.7901492
00010_id00484_wavtolip.mp4,1,FVRA,1,1.3252783892285276,0.79005855
00010_id00495_wavtolip.mp4,1,FVRA,1,1.3246180228323183,0.789949
00010_id00589_wavtolip.mp4,1,FVRA,1,1.3254401061715981,0.7900854
00010_id00826_wavtolip.mp4,1,FVRA,1,1.3253319338251233,0.79006743
00010_id01018_wavtolip.mp4,1,FVRA,1,1.3258322429153935,0.7901504
00010_id03589_wavtolip.mp4,1,FVRA,1,1.3254764047259855,0.7900914
00130_id00042_wavtolip.mp4,1,FVRA,1,1.3268901272633553,0.79032576
00130_id00188_wavtolip.mp4,1,FVRA,1,1.3270088291974635,0.79034543
00130_id00232_wavtolip.mp4,1,FVRA,1,1.3269991169137052,0.7903438
00130_id00262_wavtolip.mp4,1,FVRA,1,1.3269703400982273,0.79033905
00130_id00270_wavtolip.mp4,1,FVRA,1,1.3271505628297313,0.7903689
00130_id00287_wavtolip.mp4,1,FVRA,1,1.3268685459725067,0.7903222
00130_id00735_wavtolip.mp4,1,FVRA,1,1.3272246718606648,0.7903812
00130_id00813_wavtolip.mp4,1,FVRA,1,1.3270408441503148,0.79035074
00130_id01002_wavtolip.mp4,1,FVRA,1,1.3269307727620856,0.7903325
00130_id03589_wavtolip.mp4,1,FVRA,1,1.3269617071473516,0.7903376
00001_id00270_wavtolip.mp4,1,FVRA,1,1.3047094989849253,0.7866265
00001_id00287_wavtolip.mp4,1,FVRA,1,1.3045333700020119,0.78659695
00001_id00325_wavtolip.mp4,1,FVRA,1,1.304486855033221,0.78658915
00001_id00374_wavtolip.mp4,1,FVRA,1,1.304854037462685,0.7866508
00001_id00395_wavtolip.mp4,1,FVRA,1,1.3047563750168238,0.7866344
00001_id00434_wavtolip.mp4,1,FVRA,1,1.3045546749819692,0.78660053
00001_id00491_wavtolip.mp4,1,FVRA,1,1.3046430934292532,0.7866154
00001_id00589_wavtolip.mp4,1,FVRA,1,1.3046295995611858,0.7866131
00001_id01001_wavtolip.mp4,1,FVRA,1,1.3044758478556524,0.7865873
00001_id03716_wavtolip.mp4,1,FVRA,1,1.3045614216131958,0.78660166
00088_id00232_wavtolip.mp4,1,FVRA,1,1.3305974903177504,0.79093945
00088_id00234_wavtolip.mp4,1,FVRA,1,1.3306000135843292,0.79093987
00088_id00271_wavtolip.mp4,1,FVRA,1,1.3300712899466276,0.7908524
00088_id00633_wavtolip.mp4,1,FVRA,1,1.330733031025116,0.79096186
00088_id00735_wavtolip.mp4,1,FVRA,1,1.3304338463681076,0.7909124
00088_id01001_wavtolip.mp4,1,FVRA,1,1.3302248084802042,0.7908778
00088_id01002_wavtolip.mp4,1,FVRA,1,1.3300222822219092,0.7908443
00088_id01018_wavtolip.mp4,1,FVRA,1,1.3307492533686338,0.79096454
00088_id03589_wavtolip.mp4,1,FVRA,1,1.3303768990446758,0.790903
00088_id03620_wavtolip.mp4,1,FVRA,1,1.3307337520149094,0.790962
00078_id00234_wavtolip.mp4,1,FVRA,1,1.3267566872817744,0.79030365
00078_id00287_wavtolip.mp4,1,FVRA,1,1.3264438092670767,0.7902518
00078_id00325_wavtolip.mp4,1,FVRA,1,1.3266466340523377,0.7902854
00078_id00373_wavtolip.mp4,1,FVRA,1,1.3267458974385609,0.79030186
00078_id00491_wavtolip.mp4,1,FVRA,1,1.3265718306425742,0.790273
00078_id00569_wavtolip.mp4,1,FVRA,1,1.326502424614883,0.7902615
00078_id00633_wavtolip.mp4,1,FVRA,1,1.3266495111714356,0.7902859
00078_id00897_wavtolip.mp4,1,FVRA,1,1.326669651139687,0.7902892
00078_id01001_wavtolip.mp4,1,FVRA,1,1.3264294254374176,0.7902494
00078_id03941_wavtolip.mp4,1,FVRA,1,1.3265319128445587,0.7902664
00037_id00188_wavtolip.mp4,1,FVRA,1,1.2472998538585562,0.7768321
00037_id00232_wavtolip.mp4,1,FVRA,1,1.2471355191278293,0.7768036
00037_id00234_wavtolip.mp4,1,FVRA,1,1.2474786450249067,0.7768631
00037_id00262_wavtolip.mp4,1,FVRA,1,1.2483350250793739,0.7770115
00037_id00330_wavtolip.mp4,1,FVRA,1,1.2477475527626516,0.7769097
00037_id00496_wavtolip.mp4,1,FVRA,1,1.247903688929749,0.77693677
00037_id00569_wavtolip.mp4,1,FVRA,1,1.2469292623821275,0.77676785
00037_id00581_wavtolip.mp4,1,FVRA,1,1.2473723996787494,0.7768447
00037_id00823_wavtolip.mp4,1,FVRA,1,1.244431986736876,0.7763345
00037_id03649_wavtolip.mp4,1,FVRA,1,1.247904376784146,0.7769369
00005_id00042_wavtolip.mp4,1,FVRA,1,1.1902258148688165,0.76678145
00005_id00068_wavtolip.mp4,1,FVRA,1,1.1913010408090152,0.7669737
00005_id00373_wavtolip.mp4,1,FVRA,1,1.1961102708325793,0.7678321
00005_id00495_wavtolip.mp4,1,FVRA,1,1.189135549010216,0.7665864
00005_id00591_wavtolip.mp4,1,FVRA,1,1.1883136037941173,0.7664393
00005_id00806_wavtolip.mp4,1,FVRA,1,1.193037375041478,0.76728386
00005_id01018_wavtolip.mp4,1,FVRA,1,1.1925357279651072,0.7671943
00005_id03371_wavtolip.mp4,1,FVRA,1,1.1925177072194653,0.76719105
00005_id03716_wavtolip.mp4,1,FVRA,1,1.1919284577014506,0.7670858
00005_id03816_wavtolip.mp4,1,FVRA,1,1.1887408504686547,0.7665158
00169_id00042_wavtolip.mp4,1,FVRA,1,1.3237920226737907,0.7898119
00169_id00325_wavtolip.mp4,1,FVRA,1,1.3234987082234058,0.7897632
00169_id00379_wavtolip.mp4,1,FVRA,1,1.3237561185940347,0.78980595
00169_id00395_wavtolip.mp4,1,FVRA,1,1.3233615819742548,0.78974044
00169_id00806_wavtolip.mp4,1,FVRA,1,1.323334301611678,0.7897359
00169_id01001_wavtolip.mp4,1,FVRA,1,1.3237916636292946,0.78981185
00169_id03371_wavtolip.mp4,1,FVRA,1,1.3234283488914769,0.7897515
00169_id03589_wavtolip.mp4,1,FVRA,1,1.3231659625995986,0.78970796
00169_id03649_wavtolip.mp4,1,FVRA,1,1.3237173430271116,0.7897995
00169_id03858_wavtolip.mp4,1,FVRA,1,1.3232327219488396,0.78971905
00125_id00234_wavtolip.mp4,1,FVRA,1,1.2094574332034453,0.77020293
00125_id00271_wavtolip.mp4,1,FVRA,1,1.2110739508378854,0.7704889
00125_id00365_wavtolip.mp4,1,FVRA,1,1.209520746617754,0.77021414
00125_id00633_wavtolip.mp4,1,FVRA,1,1.2097938947438218,0.7702625
00125_id00735_wavtolip.mp4,1,FVRA,1,1.2096527687904088,0.7702375
00125_id00823_wavtolip.mp4,1,FVRA,1,1.2098602512398238,0.7702742
00125_id01018_wavtolip.mp4,1,FVRA,1,1.2097568439287456,0.7702559
00125_id03371_wavtolip.mp4,1,FVRA,1,1.2096126896350703,0.7702304
00125_id03651_wavtolip.mp4,1,FVRA,1,1.2096322239048496,0.77023387
00125_id03858_wavtolip.mp4,1,FVRA,1,1.210038111862144,0.7703057
00065_id00068_wavtolip.mp4,1,FVRA,1,1.3380710686011326,0.79217255
00065_id00373_wavtolip.mp4,1,FVRA,1,1.3380746890120443,0.79217315
00065_id00395_wavtolip.mp4,1,FVRA,1,1.3377955777967117,0.7921272
00065_id00495_wavtolip.mp4,1,FVRA,1,1.3379411009221485,0.79215115
00065_id00633_wavtolip.mp4,1,FVRA,1,1.33808229189989,0.7921744
00065_id00806_wavtolip.mp4,1,FVRA,1,1.338055500921488,0.79217
00065_id01018_wavtolip.mp4,1,FVRA,1,1.3380710686011326,0.79217255
00065_id03651_wavtolip.mp4,1,FVRA,1,1.3379544954635096,0.79215336
00065_id03716_wavtolip.mp4,1,FVRA,1,1.3380160392982479,0.7921635
00065_id03816_wavtolip.mp4,1,FVRA,1,1.3380471740812057,0.7921686
00005_id00234_wavtolip.mp4,1,FVRA,1,1.2833970190504655,0.78302747
00005_id00328_wavtolip.mp4,1,FVRA,1,1.2826418406368625,0.78289914
00005_id00374_wavtolip.mp4,1,FVRA,1,1.2825643417442985,0.78288597
00005_id00491_wavtolip.mp4,1,FVRA,1,1.2839205369425244,0.7831164
00005_id00496_wavtolip.mp4,1,FVRA,1,1.280731308865057,0.78257424
00005_id00589_wavtolip.mp4,1,FVRA,1,1.2832440632186792,0.7830015
00005_id00591_wavtolip.mp4,1,FVRA,1,1.2847092647145746,0.78325033
00005_id00806_wavtolip.mp4,1,FVRA,1,1.279517225722811,0.7823676
00005_id00823_wavtolip.mp4,1,FVRA,1,1.2835464795130558,0.78305286
00005_id00897_wavtolip.mp4,1,FVRA,1,1.2798589197580472,0.78242576
00086_id00068_wavtolip.mp4,1,FVRA,1,1.314698768917855,0.78829837
00086_id00234_wavtolip.mp4,1,FVRA,1,1.314596980729394,0.7882814
00086_id00262_wavtolip.mp4,1,FVRA,1,1.3146805537505308,0.7882953
00086_id00287_wavtolip.mp4,1,FVRA,1,1.3158513565844614,0.78849065
00086_id00403_wavtolip.mp4,1,FVRA,1,1.314686982611271,0.7882964
00086_id00434_wavtolip.mp4,1,FVRA,1,1.3146273379850217,0.78828645
00086_id00569_wavtolip.mp4,1,FVRA,1,1.3150088132639297,0.7883501
00086_id01018_wavtolip.mp4,1,FVRA,1,1.3146091235678838,0.7882834
00086_id03649_wavtolip.mp4,1,FVRA,1,1.3150988365227079,0.7883651
00086_id03858_wavtolip.mp4,1,FVRA,1,1.3146394810360513,0.7882885
00043_id00042_wavtolip.mp4,1,FVRA,1,1.322707331074164,0.7896318
00043_id00232_wavtolip.mp4,1,FVRA,1,1.3227227603574734,0.78963435
00043_id00270_wavtolip.mp4,1,FVRA,1,1.322760437093908,0.7896406
00043_id00365_wavtolip.mp4,1,FVRA,1,1.322634851170104,0.78961974
00043_id00379_wavtolip.mp4,1,FVRA,1,1.3227184544970962,0.78963363
00043_id00395_wavtolip.mp4,1,FVRA,1,1.3227496722281606,0.7896388
00043_id00633_wavtolip.mp4,1,FVRA,1,1.3226323395448116,0.7896193
00043_id00823_wavtolip.mp4,1,FVRA,1,1.3226441800960387,0.7896213
00043_id03620_wavtolip.mp4,1,FVRA,1,1.3226685790637427,0.78962535
00043_id03941_wavtolip.mp4,1,FVRA,1,1.3222549196733602,0.7895566
00072_id00234_wavtolip.mp4,1,FVRA,1,1.2834166657133517,0.7830308
00072_id00270_wavtolip.mp4,1,FVRA,1,1.2857003248692873,0.78341854
00072_id00271_wavtolip.mp4,1,FVRA,1,1.291191443864386,0.7843488
00072_id00332_wavtolip.mp4,1,FVRA,1,1.2843030978677406,0.78318137
00072_id00434_wavtolip.mp4,1,FVRA,1,1.2868462515912906,0.7836129
00072_id00496_wavtolip.mp4,1,FVRA,1,1.2868930040621958,0.78362083
00072_id00569_wavtolip.mp4,1,FVRA,1,1.289154069631444,0.784004
00072_id03589_wavtolip.mp4,1,FVRA,1,1.2836078812550245,0.7830633
00072_id03649_wavtolip.mp4,1,FVRA,1,1.2890474233908118,0.7839859
00072_id03941_wavtolip.mp4,1,FVRA,1,1.2902983714843321,0.7841977
00430_id00071_wavtolip.mp4,1,FVRA,1,1.333790223056508,0.7914669
00430_id00188_wavtolip.mp4,1,FVRA,1,1.3340997456367696,0.791518
00430_id00332_wavtolip.mp4,1,FVRA,1,1.3334984489403507,0.79141873
00430_id00365_wavtolip.mp4,1,FVRA,1,1.3342395366858308,0.79154104
00430_id00434_wavtolip.mp4,1,FVRA,1,1.3333377776989752,0.7913922
00430_id00484_wavtolip.mp4,1,FVRA,1,1.3340744616508704,0.7915138
00430_id00569_wavtolip.mp4,1,FVRA,1,1.334083130404048,0.79151523
00430_id00591_wavtolip.mp4,1,FVRA,1,1.3340372587493041,0.79150766
00430_id03589_wavtolip.mp4,1,FVRA,1,1.3336215802320552,0.79143906
00430_id03651_wavtolip.mp4,1,FVRA,1,1.3341145550016003,0.7915204
00002_id00071_wavtolip.mp4,1,FVRA,1,1.3350113016765919,0.79166836
00002_id00234_wavtolip.mp4,1,FVRA,1,1.3349086687024598,0.7916514
00002_id00270_wavtolip.mp4,1,FVRA,1,1.3352205618813722,0.79170287
00002_id00332_wavtolip.mp4,1,FVRA,1,1.3349896181419463,0.7916648
00002_id00374_wavtolip.mp4,1,FVRA,1,1.3349957617822499,0.7916658
00002_id00495_wavtolip.mp4,1,FVRA,1,1.3346958332791563,0.7916163
00002_id00589_wavtolip.mp4,1,FVRA,1,1.3348403705858616,0.79164016
00002_id00633_wavtolip.mp4,1,FVRA,1,1.3348833727864733,0.79164726
00002_id03844_wavtolip.mp4,1,FVRA,1,1.3344971143748674,0.79158354
00002_id03858_wavtolip.mp4,1,FVRA,1,1.3350412976849875,0.7916733
00081_id00068_wavtolip.mp4,1,FVRA,1,1.321653084121668,0.7894566
00081_id00270_wavtolip.mp4,1,FVRA,1,1.3217061577289735,0.7894654
00081_id00328_wavtolip.mp4,1,FVRA,1,1.3221964484998832,0.7895469
00081_id00379_wavtolip.mp4,1,FVRA,1,1.3217140471881992,0.78946674
00081_id00496_wavtolip.mp4,1,FVRA,1,1.3201555027287872,0.7892076
00081_id00581_wavtolip.mp4,1,FVRA,1,1.3210622124690483,0.7893584
00081_id00589_wavtolip.mp4,1,FVRA,1,1.3217287503674575,0.7894692
00081_id00633_wavtolip.mp4,1,FVRA,1,1.3213895332669767,0.7894128
00081_id00806_wavtolip.mp4,1,FVRA,1,1.3194523237979388,0.7890906
00081_id03844_wavtolip.mp4,1,FVRA,1,1.3214694907060596,0.7894261
00001_id00271_wavtolip.mp4,1,FVRA,1,1.3218958733473778,0.78949696
00001_id00325_wavtolip.mp4,1,FVRA,1,1.3218671815572682,0.7894922
00001_id00330_wavtolip.mp4,1,FVRA,1,1.321892286847548,0.78949636
00001_id00373_wavtolip.mp4,1,FVRA,1,1.3219184684675653,0.7895007
00001_id00374_wavtolip.mp4,1,FVRA,1,1.3219500304001282,0.78950596
00001_id00403_wavtolip.mp4,1,FVRA,1,1.3217818262997818,0.789478
00001_id00491_wavtolip.mp4,1,FVRA,1,1.3217061577289735,0.7894654
00001_id00495_wavtolip.mp4,1,FVRA,1,1.3216742416480363,0.7894601
00001_id00581_wavtolip.mp4,1,FVRA,1,1.3217613847003065,0.7894746
00001_id00823_wavtolip.mp4,1,FVRA,1,1.3217929437624647,0.78947985
00092_id00188_wavtolip.mp4,1,FVRA,1,1.3381072730549228,0.7921785
00092_id00234_wavtolip.mp4,1,FVRA,1,1.3381449264994059,0.7921847
00092_id00325_wavtolip.mp4,1,FVRA,1,1.3381547020483457,0.7921863
00092_id00395_wavtolip.mp4,1,FVRA,1,1.3381608570522538,0.79218733
00092_id00581_wavtolip.mp4,1,FVRA,1,1.3381275478836179,0.79218185
00092_id00591_wavtolip.mp4,1,FVRA,1,1.3382028564933854,0.79219425
00092_id00633_wavtolip.mp4,1,FVRA,1,1.3381275478836179,0.79218185
00092_id01001_wavtolip.mp4,1,FVRA,1,1.338193442735915,0.7921927
00092_id03649_wavtolip.mp4,1,FVRA,1,1.338173529188833,0.7921894
00092_id03858_wavtolip.mp4,1,FVRA,1,1.3381032905275125,0.79217786
00040_id00068_wavtolip.mp4,1,FVRA,1,1.3270210595586336,0.79034746
00040_id00234_wavtolip.mp4,1,FVRA,1,1.3275783525781697,0.7904398
00040_id00328_wavtolip.mp4,1,FVRA,1,1.3268347358272272,0.7903166
00040_id00330_wavtolip.mp4,1,FVRA,1,1.3268894078826365,0.79032564
00040_id00365_wavtolip.mp4,1,FVRA,1,1.3265257993896105,0.7902654
00040_id00373_wavtolip.mp4,1,FVRA,1,1.3287575733903298,0.79063505
00040_id00633_wavtolip.mp4,1,FVRA,1,1.3273966458812687,0.7904097
00040_id00813_wavtolip.mp4,1,FVRA,1,1.3284011302457477,0.79057604
00040_id00826_wavtolip.mp4,1,FVRA,1,1.3264103670481118,0.79024625
00040_id03716_wavtolip.mp4,1,FVRA,1,1.3286693558367695,0.79062045
00093_id00232_wavtolip.mp4,1,FVRA,1,1.2950899862759162,0.7850075
00093_id00234_wavtolip.mp4,1,FVRA,1,1.2950582013262766,0.7850021
00093_id00330_wavtolip.mp4,1,FVRA,1,1.2952008849433034,0.7850262
00093_id00491_wavtolip.mp4,1,FVRA,1,1.2961575887668637,0.7851876
00093_id00569_wavtolip.mp4,1,FVRA,1,1.2959823188847481,0.78515804
00093_id00735_wavtolip.mp4,1,FVRA,1,1.295152145175038,0.78501797
00093_id03620_wavtolip.mp4,1,FVRA,1,1.2951426092918106,0.78501636
00093_id03651_wavtolip.mp4,1,FVRA,1,1.2962148379680007,0.78519726
00093_id03844_wavtolip.mp4,1,FVRA,1,1.2959466309952299,0.785152
00093_id03858_wavtolip.mp4,1,FVRA,1,1.2951097638685574,0.7850108
00028_id00042_wavtolip.mp4,1,FVRA,1,1.3232460023423946,0.78972125
00028_id00271_wavtolip.mp4,1,FVRA,1,1.3228788550479071,0.7896603
00028_id00365_wavtolip.mp4,1,FVRA,1,1.3231935992212553,0.78971255
00028_id00379_wavtolip.mp4,1,FVRA,1,1.3233666073512416,0.7897413
00028_id00434_wavtolip.mp4,1,FVRA,1,1.3233267636927994,0.78973466
00028_id00484_wavtolip.mp4,1,FVRA,1,1.3232043668559883,0.78971434
00028_id00591_wavtolip.mp4,1,FVRA,1,1.3229628290653623,0.7896742
00028_id00813_wavtolip.mp4,1,FVRA,1,1.32338635004537,0.78974456
00028_id00897_wavtolip.mp4,1,FVRA,1,1.3233109700647707,0.78973204
00028_id03620_wavtolip.mp4,1,FVRA,1,1.3232276969617114,0.7897182
00092_id00271_wavtolip.mp4,1,FVRA,1,1.3089006493235154,0.78732914
00092_id00328_wavtolip.mp4,1,FVRA,1,1.3125146697860786,0.78793365
00092_id00374_wavtolip.mp4,1,FVRA,1,1.3124900567775575,0.78792953
00092_id00379_wavtolip.mp4,1,FVRA,1,1.312729424168854,0.7879695
00092_id00484_wavtolip.mp4,1,FVRA,1,1.3125335756672045,0.7879368
00092_id00496_wavtolip.mp4,1,FVRA,1,1.312140161734341,0.78787106
00092_id00591_wavtolip.mp4,1,FVRA,1,1.3092427720050286,0.7873864
00092_id03651_wavtolip.mp4,1,FVRA,1,1.3099500150779955,0.7875048
00092_id03844_wavtolip.mp4,1,FVRA,1,1.3114088554963679,0.7877488
00092_id03858_wavtolip.mp4,1,FVRA,1,1.3121294626908364,0.7878693
00021_id00068_wavtolip.mp4,1,FVRA,1,1.1200939710142048,0.75400615
00021_id00071_wavtolip.mp4,1,FVRA,1,1.120259152855561,0.7540368
00021_id00262_wavtolip.mp4,1,FVRA,1,1.1204590607054943,0.75407386
00021_id00332_wavtolip.mp4,1,FVRA,1,1.1198288734923292,0.753957
00021_id00374_wavtolip.mp4,1,FVRA,1,1.1201174298475325,0.7540105
00021_id00434_wavtolip.mp4,1,FVRA,1,1.1198995626744868,0.7539701
00021_id00581_wavtolip.mp4,1,FVRA,1,1.1200342004559019,0.75399506
00021_id00826_wavtolip.mp4,1,FVRA,1,1.1198356209865092,0.7539582
00021_id00897_wavtolip.mp4,1,FVRA,1,1.1201119668065802,0.7540095
00021_id03651_wavtolip.mp4,1,FVRA,1,1.1176673310226628,0.7535558
00028_id00188_wavtolip.mp4,1,FVFA,1,1.223715232020844,0.7727167
00028_id00374_wavtolip.mp4,1,FVFA,1,1.2277260562690995,0.77342033
00028_id00403_wavtolip.mp4,1,FVFA,1,1.2274090835688767,0.7733648
00028_id00633_wavtolip.mp4,1,FVFA,1,1.2272043728880893,0.7733289
00028_id00735_wavtolip.mp4,1,FVFA,1,1.223643283872964,0.77270406
00028_id00823_wavtolip.mp4,1,FVFA,1,1.223293764647961,0.7726427
00028_id01002_wavtolip.mp4,1,FVFA,1,1.2249031239810753,0.77292526
00028_id03716_wavtolip.mp4,1,FVFA,1,1.2273458316436463,0.7733537
00028_id03858_wavtolip.mp4,1,FVFA,1,1.2270319848183475,0.7732987
00004_id00071_wavtolip.mp4,1,FVFA,1,1.0300426832086633,0.7369242
00004_id00270_wavtolip.mp4,1,FVFA,1,1.0263822664721918,0.7362139
00004_id00287_wavtolip.mp4,1,FVFA,1,1.0298883482921133,0.73689425
00004_id00373_wavtolip.mp4,1,FVFA,1,1.0254113964173315,0.73602533
00004_id00403_wavtolip.mp4,1,FVFA,1,1.0264071270819195,0.73621875
00004_id00813_wavtolip.mp4,1,FVFA,1,1.025710526692208,0.73608345
00004_id00823_wavtolip.mp4,1,FVFA,1,1.023420418219983,0.7356383
00004_id00897_wavtolip.mp4,1,FVFA,1,1.02520095673586,0.73598444
00004_id01002_wavtolip.mp4,1,FVFA,1,1.0273621797405286,0.7364042
00014_id00262_wavtolip.mp4,1,FVFA,1,1.33534237103459,0.79172295
00014_id00271_wavtolip.mp4,1,FVFA,1,1.335300803139872,0.7917161
00014_id00328_wavtolip.mp4,1,FVFA,1,1.3351995985678573,0.7916994
00014_id00403_wavtolip.mp4,1,FVFA,1,1.3352346580466885,0.7917052
00014_id03371_wavtolip.mp4,1,FVFA,1,1.3353275510608345,0.7917205
00014_id03651_wavtolip.mp4,1,FVFA,1,1.3353279125220845,0.79172057
00014_id03716_wavtolip.mp4,1,FVFA,1,1.335145745713594,0.7916905
00020_id00232_wavtolip.mp4,1,FVFA,1,1.3055612767448301,0.78676945
00020_id00262_wavtolip.mp4,1,FVFA,1,1.3056323362260296,0.7867814
00020_id00270_wavtolip.mp4,1,FVFA,1,1.3056596948984602,0.78678596
00020_id00271_wavtolip.mp4,1,FVFA,1,1.305509405152215,0.78676075
00020_id00330_wavtolip.mp4,1,FVFA,1,1.305718677393011,0.78679585
00020_id00374_wavtolip.mp4,1,FVFA,1,1.3056760392452804,0.7867887
00020_id00581_wavtolip.mp4,1,FVFA,1,1.3055513286485663,0.7867678
00020_id00806_wavtolip.mp4,1,FVFA,1,1.305685277422131,0.78679025
00020_id03844_wavtolip.mp4,1,FVFA,1,1.3063452230916635,0.78690094
00025_id00071_wavtolip.mp4,1,FVFA,1,1.2926854915589692,0.7846014
00025_id00270_wavtolip.mp4,1,FVFA,1,1.2920165736958555,0.7844883
00025_id00374_wavtolip.mp4,1,FVFA,1,1.2939651494705728,0.7848176
00025_id00496_wavtolip.mp4,1,FVFA,1,1.2935395517885333,0.7847457
00025_id00569_wavtolip.mp4,1,FVFA,1,1.2934202900148075,0.78472555
00025_id00826_wavtolip.mp4,1,FVFA,1,1.292345182596978,0.7845439
00025_id01018_wavtolip.mp4,1,FVFA,1,1.2936634091275523,0.7847666
00025_id03589_wavtolip.mp4,1,FVFA,1,1.293872327912496,0.7848019
00025_id03716_wavtolip.mp4,1,FVFA,1,1.2935159104974077,0.7847417
00025_id03844_wavtolip.mp4,1,FVFA,1,1.2931683849613214,0.784683
00063_id00232_wavtolip.mp4,1,FVFA,1,1.3371354491351528,0.7920185
00063_id00234_wavtolip.mp4,1,FVFA,1,1.3368847103799828,0.79197717
00063_id00403_wavtolip.mp4,1,FVFA,1,1.3370800880698277,0.79200935
00063_id00434_wavtolip.mp4,1,FVFA,1,1.3368706006321283,0.79197484
00063_id00634_wavtolip.mp4,1,FVFA,1,1.3370301560951874,0.7920011
00063_id00826_wavtolip.mp4,1,FVFA,1,1.3376659929902714,0.79210585
00063_id01002_wavtolip.mp4,1,FVFA,1,1.3374177098453006,0.79206496
00063_id03649_wavtolip.mp4,1,FVFA,1,1.3373894816800933,0.7920603
00028_id00071_wavtolip.mp4,1,FVFA,1,1.3410550753684192,0.7926634
00028_id00328_wavtolip.mp4,1,FVFA,1,1.3407109332797265,0.79260683
00028_id00379_wavtolip.mp4,1,FVFA,1,1.3408969572238607,0.7926374
00028_id00395_wavtolip.mp4,1,FVFA,1,1.341109839880779,0.7926724
00028_id00496_wavtolip.mp4,1,FVFA,1,1.340047141542567,0.7924977
00028_id00813_wavtolip.mp4,1,FVFA,1,1.3401982937258683,0.79252255
00028_id01002_wavtolip.mp4,1,FVFA,1,1.340952079319198,0.79264647
00028_id03651_wavtolip.mp4,1,FVFA,1,1.3411127413608657,0.7926729
00028_id03941_wavtolip.mp4,1,FVFA,1,1.3408998583424383,0.7926379
00088_id00042_wavtolip.mp4,1,FVFA,1,1.3154904206326794,0.78843045
00088_id00332_wavtolip.mp4,1,FVFA,1,1.3157505728446452,0.78847384
00088_id00395_wavtolip.mp4,1,FVFA,1,1.3136750875232042,0.7881275
00088_id00495_wavtolip.mp4,1,FVFA,1,1.3132314537285168,0.7880534
00088_id00496_wavtolip.mp4,1,FVFA,1,1.3155561697026048,0.7884414
00088_id00897_wavtolip.mp4,1,FVFA,1,1.3154361080644597,0.7884214
00088_id03716_wavtolip.mp4,1,FVFA,1,1.3155018550744007,0.78843236
00088_id03844_wavtolip.mp4,1,FVFA,1,1.3138646390309845,0.78815913
00088_id03858_wavtolip.mp4,1,FVFA,1,1.3156337139302643,0.78845435
00028_id00271_wavtolip.mp4,1,FVFA,1,1.3283438901977926,0.79056656
00028_id00374_wavtolip.mp4,1,FVFA,1,1.3283071711695251,0.7905605
00028_id00434_wavtolip.mp4,1,FVFA,1,1.3283348903634762,0.7905651
00028_id00581_wavtolip.mp4,1,FVFA,1,1.3283035713069662,0.7905599
00028_id00591_wavtolip.mp4,1,FVFA,1,1.328312570977484,0.7905614
00028_id00806_wavtolip.mp4,1,FVFA,1,1.3282949316675499,0.79055846
00028_id03589_wavtolip.mp4,1,FVFA,1,1.3282607335205217,0.7905528
00028_id03649_wavtolip.mp4,1,FVFA,1,1.328125027573238,0.7905303
00005_id00071_wavtolip.mp4,1,FVFA,1,1.322606147098792,0.789615
00005_id00634_wavtolip.mp4,1,FVFA,1,1.322507121715979,0.7895985
00005_id00823_wavtolip.mp4,1,FVFA,1,1.3214705663919026,0.78942627
00005_id00897_wavtolip.mp4,1,FVFA,1,1.3226664261997803,0.789625
00005_id01002_wavtolip.mp4,1,FVFA,1,1.322572420424813,0.7896094
00005_id03620_wavtolip.mp4,1,FVFA,1,1.3225444349614714,0.7896047
00005_id03858_wavtolip.mp4,1,FVFA,1,1.322592512832101,0.7896127
00015_id00188_wavtolip.mp4,1,FVFA,1,1.2579364108928464,0.77867067
00015_id00271_wavtolip.mp4,1,FVFA,1,1.2619336979043094,0.7793588
00015_id00330_wavtolip.mp4,1,FVFA,1,1.2627647436433396,0.7795017
00015_id00569_wavtolip.mp4,1,FVFA,1,1.2581847481128048,0.77871346
00015_id00806_wavtolip.mp4,1,FVFA,1,1.2664850855238392,0.78014046
00015_id00813_wavtolip.mp4,1,FVFA,1,1.2665017658773867,0.7801433
00015_id00823_wavtolip.mp4,1,FVFA,1,1.2585638918435287,0.7787788
00015_id03589_wavtolip.mp4,1,FVFA,1,1.2657506095070707,0.78001446
00015_id03844_wavtolip.mp4,1,FVFA,1,1.2589721836542977,0.7788491
00092_id00271_wavtolip.mp4,1,FVFA,1,1.3382625988537749,0.7922041
00092_id00287_wavtolip.mp4,1,FVFA,1,1.3382249428199668,0.7921979
00092_id00374_wavtolip.mp4,1,FVFA,1,1.3382904793357893,0.7922087
00092_id00569_wavtolip.mp4,1,FVFA,1,1.33808229189989,0.7921744
00092_id00633_wavtolip.mp4,1,FVFA,1,1.338286496381974,0.792208
00092_id00634_wavtolip.mp4,1,FVFA,1,1.3383353787292214,0.79221606
00092_id00806_wavtolip.mp4,1,FVFA,1,1.3383078596063878,0.79221153
00092_id01002_wavtolip.mp4,1,FVFA,1,1.3377937678854912,0.7921269
00118_id00262_wavtolip.mp4,1,FVFA,1,1.3138678519468618,0.78815967
00118_id00328_wavtolip.mp4,1,FVFA,1,1.3120977225828747,0.78786397
00118_id00374_wavtolip.mp4,1,FVFA,1,1.3135308851779115,0.7881034
00118_id00434_wavtolip.mp4,1,FVFA,1,1.3139446067059628,0.7881725
00118_id00591_wavtolip.mp4,1,FVFA,1,1.3107277446491934,0.7876349
00118_id00633_wavtolip.mp4,1,FVFA,1,1.313848217553854,0.7881564
00118_id01002_wavtolip.mp4,1,FVFA,1,1.311610638167323,0.78778255
00118_id03844_wavtolip.mp4,1,FVFA,1,1.3106308212102846,0.7876187
00118_id03858_wavtolip.mp4,1,FVFA,1,1.3125114593738787,0.7879331
00293_id00042_wavtolip.mp4,1,FVFA,1,1.295159208825663,0.78501916
00293_id00071_wavtolip.mp4,1,FVFA,1,1.2955767211017504,0.7850896
00293_id00379_wavtolip.mp4,1,FVFA,1,1.2951178868729856,0.7850122
00293_id00395_wavtolip.mp4,1,FVFA,1,1.2941889296028393,0.78485537
00293_id00403_wavtolip.mp4,1,FVFA,1,1.296110235901997,0.7851796
00293_id00496_wavtolip.mp4,1,FVFA,1,1.2951217718014427,0.78501284
00293_id00569_wavtolip.mp4,1,FVFA,1,1.2942034021708335,0.7848578
00293_id00806_wavtolip.mp4,1,FVFA,1,1.2952227829612304,0.7850299
00293_id03371_wavtolip.mp4,1,FVFA,1,1.2952898914928626,0.7850412
00293_id03844_wavtolip.mp4,1,FVFA,1,1.29470613323362,0.7849427
00078_id00234_wavtolip.mp4,1,FVFA,1,1.3374278431463438,0.79206663
00078_id00270_wavtolip.mp4,1,FVFA,1,1.3374893680474693,0.79207677
00078_id00287_wavtolip.mp4,1,FVFA,1,1.3375490855073606,0.7920866
00078_id00330_wavtolip.mp4,1,FVFA,1,1.3374412336718648,0.79206884
00078_id00332_wavtolip.mp4,1,FVFA,1,1.3373858627182154,0.7920597
00078_id00395_wavtolip.mp4,1,FVFA,1,1.3378086092139982,0.79212934
00078_id00495_wavtolip.mp4,1,FVFA,1,1.3377615517859907,0.7921216
00078_id00897_wavtolip.mp4,1,FVFA,1,1.3374325479136457,0.7920674
00078_id03371_wavtolip.mp4,1,FVFA,1,1.3374195193589449,0.79206526
00028_id00188_wavtolip.mp4,1,FVFA,1,1.3318595861114846,0.79114807
00028_id00232_wavtolip.mp4,1,FVFA,1,1.3323838087054343,0.7912347
00028_id00234_wavtolip.mp4,1,FVFA,1,1.332400407492417,0.7912374
00028_id00270_wavtolip.mp4,1,FVFA,1,1.3319757455196655,0.79116726
00028_id00569_wavtolip.mp4,1,FVFA,1,1.3319472460554878,0.79116255
00028_id00591_wavtolip.mp4,1,FVFA,1,1.3320763993111377,0.7911839
00028_id01018_wavtolip.mp4,1,FVFA,1,1.3324675259631849,0.7912485
00028_id03371_wavtolip.mp4,1,FVFA,1,1.332146752238365,0.7911955
00028_id03844_wavtolip.mp4,1,FVFA,1,1.3321139205136132,0.7911901
00311_id00287_wavtolip.mp4,1,FVFA,1,1.3304626811754845,0.79091716
00311_id00374_wavtolip.mp4,1,FVFA,1,1.3308098181375843,0.79097456
00311_id00491_wavtolip.mp4,1,FVFA,1,1.3306407468288701,0.7909466
00311_id00581_wavtolip.mp4,1,FVFA,1,1.3309370832086787,0.7909956
00311_id00823_wavtolip.mp4,1,FVFA,1,1.3304839471558778,0.7909207
00311_id00897_wavtolip.mp4,1,FVFA,1,1.3308963429392222,0.79098886
00311_id01018_wavtolip.mp4,1,FVFA,1,1.330850556355598,0.7909813
00311_id03371_wavtolip.mp4,1,FVFA,1,1.330858487802402,0.7909826
00311_id03844_wavtolip.mp4,1,FVFA,1,1.3305589208468809,0.7909331
00311_id03941_wavtolip.mp4,1,FVFA,1,1.3307438459037786,0.79096365
00043_id00232_wavtolip.mp4,1,FVFA,1,1.301369627734197,0.7860654
00043_id00379_wavtolip.mp4,1,FVFA,1,1.3016730530794876,0.7861164
00043_id00403_wavtolip.mp4,1,FVFA,1,1.3016464658091527,0.78611195
00043_id00581_wavtolip.mp4,1,FVFA,1,1.3016106622575603,0.78610593
00043_id00735_wavtolip.mp4,1,FVFA,1,1.301288817716947,0.7860518
00043_id00806_wavtolip.mp4,1,FVFA,1,1.301659227648432,0.7861141
00043_id00823_wavtolip.mp4,1,FVFA,1,1.3009769544355345,0.78599936
00043_id03620_wavtolip.mp4,1,FVFA,1,1.301738282229612,0.7861274
00043_id03649_wavtolip.mp4,1,FVFA,1,1.3009507321044154,0.78599495
00043_id03858_wavtolip.mp4,1,FVFA,1,1.3014947488596633,0.78608644
00420_id00042_wavtolip.mp4,1,FVFA,1,1.3251350128943429,0.7900348
00420_id00232_wavtolip.mp4,1,FVFA,1,1.3251059078765415,0.79002994
00420_id00234_wavtolip.mp4,1,FVFA,1,1.3251425587199104,0.790036
00420_id00328_wavtolip.mp4,1,FVFA,1,1.3251015960638424,0.7900292
00420_id00395_wavtolip.mp4,1,FVFA,1,1.3254954527880725,0.79009455
00420_id00484_wavtolip.mp4,1,FVFA,1,1.3251033926511564,0.7900295
00420_id00591_wavtolip.mp4,1,FVFA,1,1.3255763195464823,0.79010797
00420_id00633_wavtolip.mp4,1,FVFA,1,1.325079677849364,0.7900256
00420_id03941_wavtolip.mp4,1,FVFA,1,1.3250746474788004,0.79002476
00052_id00287_wavtolip.mp4,1,FVFA,1,1.3371372583504981,0.7920188
00052_id00330_wavtolip.mp4,1,FVFA,1,1.3374263955282368,0.7920664
00052_id00403_wavtolip.mp4,1,FVFA,1,1.337544018490488,0.79208577
00052_id00484_wavtolip.mp4,1,FVFA,1,1.3366387109192668,0.79193664
00052_id00591_wavtolip.mp4,1,FVFA,1,1.3365996436681435,0.7919302
00052_id00897_wavtolip.mp4,1,FVFA,1,1.338497605711346,0.79224277
00052_id03589_wavtolip.mp4,1,FVFA,1,1.3385845193510444,0.7922571
00052_id03620_wavtolip.mp4,1,FVFA,1,1.3384773264973724,0.7922394
00052_id03716_wavtolip.mp4,1,FVFA,1,1.338532732775756,0.79224855
00046_id00232_wavtolip.mp4,1,FVFA,1,1.2475818018268328,0.776881
00046_id00234_wavtolip.mp4,1,FVFA,1,1.2488566185731766,0.7771019
00046_id00330_wavtolip.mp4,1,FVFA,1,1.2491983509329978,0.77716106
00046_id00373_wavtolip.mp4,1,FVFA,1,1.249864450490384,0.7772764
00046_id00484_wavtolip.mp4,1,FVFA,1,1.2492678754094528,0.7771731
00046_id00591_wavtolip.mp4,1,FVFA,1,1.2496485866366855,0.777239
00046_id00813_wavtolip.mp4,1,FVFA,1,1.2481984585456822,0.77698785
00046_id00897_wavtolip.mp4,1,FVFA,1,1.248496028621911,0.7770394
00046_id03651_wavtolip.mp4,1,FVFA,1,1.2511302011849132,0.77749544
00046_id03716_wavtolip.mp4,1,FVFA,1,1.2481399823328443,0.7769777
00202_id00188_wavtolip.mp4,1,FVFA,1,1.3020442536207966,0.7861788
00202_id00232_wavtolip.mp4,1,FVFA,1,1.3014912042285771,0.78608584
00202_id00271_wavtolip.mp4,1,FVFA,1,1.301994259267981,0.7861704
00202_id00495_wavtolip.mp4,1,FVFA,1,1.3022279331006041,0.7862097
00202_id00496_wavtolip.mp4,1,FVFA,1,1.3014341366576574,0.78607625
00202_id00735_wavtolip.mp4,1,FVFA,1,1.3021123333377977,0.7861903
00202_id00806_wavtolip.mp4,1,FVFA,1,1.3013770709500103,0.78606665
00202_id01002_wavtolip.mp4,1,FVFA,1,1.3016276777153664,0.7861088
00202_id03716_wavtolip.mp4,1,FVFA,1,1.3015082185233555,0.7860887
00122_id00234_wavtolip.mp4,1,FVFA,1,1.331424599248772,0.7910762
00122_id00271_wavtolip.mp4,1,FVFA,1,1.3311346691916635,0.79102826
00122_id00373_wavtolip.mp4,1,FVFA,1,1.3314195502968043,0.79107535
00122_id00403_wavtolip.mp4,1,FVFA,1,1.3315115156771578,0.79109055
00122_id00496_wavtolip.mp4,1,FVFA,1,1.3314613849181918,0.79108226
00122_id03620_wavtolip.mp4,1,FVFA,1,1.3313420146839874,0.79106253
00122_id03651_wavtolip.mp4,1,FVFA,1,1.3308116206931806,0.79097486
00122_id03844_wavtolip.mp4,1,FVFA,1,1.3307701623928436,0.790968
00122_id03941_wavtolip.mp4,1,FVFA,1,1.3311862327762292,0.7910368
00027_id00270_wavtolip.mp4,1,FVFA,1,1.0943386663516002,0.74919784
00027_id00271_wavtolip.mp4,1,FVFA,1,1.0939570942190557,0.74912614
00027_id00373_wavtolip.mp4,1,FVFA,1,1.0939459938714693,0.74912405
00027_id00379_wavtolip.mp4,1,FVFA,1,1.094199097056093,0.7491716
00027_id00403_wavtolip.mp4,1,FVFA,1,1.094886252400853,0.7493007
00027_id00434_wavtolip.mp4,1,FVFA,1,1.0945911845675576,0.7492453
00027_id00897_wavtolip.mp4,1,FVFA,1,1.0937620541916917,0.7490895
00027_id01002_wavtolip.mp4,1,FVFA,1,1.094689218419812,0.7492637
00027_id01018_wavtolip.mp4,1,FVFA,1,1.094212101966665,0.74917406
00027_id03649_wavtolip.mp4,1,FVFA,1,1.0933954936473502,0.7490206
00015_id00232_wavtolip.mp4,1,FVFA,1,1.3000204481908577,0.7858384
00015_id00330_wavtolip.mp4,1,FVFA,1,1.3001961227105516,0.785868
00015_id00374_wavtolip.mp4,1,FVFA,1,1.300118200383321,0.7858549
00015_id00379_wavtolip.mp4,1,FVFA,1,1.2998419582812881,0.7858084
00015_id00434_wavtolip.mp4,1,FVFA,1,1.2998855166388454,0.7858157
00015_id00823_wavtolip.mp4,1,FVFA,1,1.2998313344561596,0.7858066
00015_id03716_wavtolip.mp4,1,FVFA,1,1.3001982479135605,0.78586835
00239_id00232_wavtolip.mp4,1,FVFA,1,1.3199122413955306,0.7891671
00239_id00271_wavtolip.mp4,1,FVFA,1,1.320090653578331,0.7891968
00239_id00287_wavtolip.mp4,1,FVFA,1,1.3205023615841949,0.7892653
00239_id00332_wavtolip.mp4,1,FVFA,1,1.3198559988009937,0.78915775
00239_id00434_wavtolip.mp4,1,FVFA,1,1.3198033401955453,0.789149
00239_id00633_wavtolip.mp4,1,FVFA,1,1.3196865656079069,0.78912956
00239_id00897_wavtolip.mp4,1,FVFA,1,1.3199054348695927,0.789166
00239_id01002_wavtolip.mp4,1,FVFA,1,1.320234328175889,0.7892207
00239_id01018_wavtolip.mp4,1,FVFA,1,1.3197650114707298,0.7891426
00010_id00234_wavtolip.mp4,1,FVFA,1,1.3256158557871127,0.7901145
00010_id00330_wavtolip.mp4,1,FVFA,1,1.3252959976707077,0.7900615
00010_id00332_wavtolip.mp4,1,FVFA,1,1.3252672492865722,0.7900567
00010_id00434_wavtolip.mp4,1,FVFA,1,1.325623044291943,0.7901157
00010_id00495_wavtolip.mp4,1,FVFA,1,1.3238218236274548,0.78981686
00010_id00591_wavtolip.mp4,1,FVFA,1,1.323755400520061,0.7898058
00010_id01018_wavtolip.mp4,1,FVFA,1,1.3254695762266848,0.79009026
00010_id03589_wavtolip.mp4,1,FVFA,1,1.325557989415365,0.7901049
00010_id03620_wavtolip.mp4,1,FVFA,1,1.3258383539098502,0.7901514
00130_id00270_wavtolip.mp4,1,FVFA,1,1.326762801556267,0.79030466
00130_id00287_wavtolip.mp4,1,FVFA,1,1.3265959256170121,0.790277
00130_id00374_wavtolip.mp4,1,FVFA,1,1.3267599242479196,0.7903042
00130_id00581_wavtolip.mp4,1,FVFA,1,1.3269703400982273,0.79033905
00130_id00591_wavtolip.mp4,1,FVFA,1,1.326891206334997,0.79032594
00130_id00813_wavtolip.mp4,1,FVFA,1,1.3268948032453514,0.79032654
00130_id00826_wavtolip.mp4,1,FVFA,1,1.326891206334997,0.79032594
00130_id00897_wavtolip.mp4,1,FVFA,1,1.3269980377744464,0.79034364
00130_id03651_wavtolip.mp4,1,FVFA,1,1.3269469592897192,0.7903352
00001_id00071_wavtolip.mp4,1,FVFA,1,1.304377851529585,0.78657085
00001_id00234_wavtolip.mp4,1,FVFA,1,1.3046388321964821,0.78661466
00001_id00270_wavtolip.mp4,1,FVFA,1,1.3045940898807984,0.78660715
00001_id00328_wavtolip.mp4,1,FVFA,1,1.3047837199505008,0.786639
00001_id00332_wavtolip.mp4,1,FVFA,1,1.3046519710309574,0.78661686
00001_id00484_wavtolip.mp4,1,FVFA,1,1.3046832205483596,0.7866221
00001_id00581_wavtolip.mp4,1,FVFA,1,1.3047439456432206,0.7866323
00001_id00633_wavtolip.mp4,1,FVFA,1,1.3047151808610968,0.7866275
00001_id01018_wavtolip.mp4,1,FVFA,1,1.304624983261861,0.78661233
00001_id03589_wavtolip.mp4,1,FVFA,1,1.3046654650720728,0.7866191
00088_id00042_wavtolip.mp4,1,FVFA,1,1.3301938153712296,0.7908727
00088_id00330_wavtolip.mp4,1,FVFA,1,1.330346263606919,0.7908979
00088_id00496_wavtolip.mp4,1,FVFA,1,1.3307463693852601,0.79096407
00088_id00591_wavtolip.mp4,1,FVFA,1,1.3305881182171795,0.7909379
00088_id00735_wavtolip.mp4,1,FVFA,1,1.3300103908522716,0.79084235
00088_id03844_wavtolip.mp4,1,FVFA,1,1.3303833866192019,0.79090405
00078_id00042_wavtolip.mp4,1,FVFA,1,1.3265157302169932,0.7902637
00078_id00270_wavtolip.mp4,1,FVFA,1,1.3263758467288398,0.7902405
00078_id00287_wavtolip.mp4,1,FVFA,1,1.326406051970373,0.79024553
00078_id00330_wavtolip.mp4,1,FVFA,1,1.326384836328703,0.790242
00078_id00403_wavtolip.mp4,1,FVFA,1,1.3262514354837456,0.7902199
00078_id00484_wavtolip.mp4,1,FVFA,1,1.3266121089980116,0.7902797
00078_id00496_wavtolip.mp4,1,FVFA,1,1.326707773867216,0.79029554
00078_id00569_wavtolip.mp4,1,FVFA,1,1.3261849187062291,0.7902089
00078_id00813_wavtolip.mp4,1,FVFA,1,1.326697703630768,0.7902939
00037_id00271_wavtolip.mp4,1,FVFA,1,1.2432384971793322,0.7761272
00037_id00332_wavtolip.mp4,1,FVFA,1,1.247003512097671,0.7767807
00037_id00379_wavtolip.mp4,1,FVFA,1,1.2430333703439878,0.7760916
00037_id00484_wavtolip.mp4,1,FVFA,1,1.2451090362372057,0.77645206
00037_id00496_wavtolip.mp4,1,FVFA,1,1.2478311217630338,0.7769242
00037_id00634_wavtolip.mp4,1,FVFA,1,1.2467536189532162,0.7767374
00037_id00823_wavtolip.mp4,1,FVFA,1,1.2443839299735082,0.7763262
00037_id00826_wavtolip.mp4,1,FVFA,1,1.2441299368523775,0.7762821
00037_id01002_wavtolip.mp4,1,FVFA,1,1.2436858777708701,0.77620494
00005_id00287_wavtolip.mp4,1,FVFA,1,1.1882110524296665,0.76642096
00005_id00328_wavtolip.mp4,1,FVFA,1,1.1902328143446528,0.7667827
00005_id00330_wavtolip.mp4,1,FVFA,1,1.1908395349246184,0.7668912
00005_id00332_wavtolip.mp4,1,FVFA,1,1.189794897484704,0.7667044
00005_id00373_wavtolip.mp4,1,FVFA,1,1.191484140761836,0.7670064
00005_id00591_wavtolip.mp4,1,FVFA,1,1.1928504515603056,0.7672505
00005_id03716_wavtolip.mp4,1,FVFA,1,1.1938600603571996,0.7674307
00005_id03858_wavtolip.mp4,1,FVFA,1,1.1898778738738576,0.7667192
00169_id00234_wavtolip.mp4,1,FVFA,1,1.3241047788108347,0.7898638
00169_id00325_wavtolip.mp4,1,FVFA,1,1.32291402315632,0.7896661
00169_id00330_wavtolip.mp4,1,FVFA,1,1.3241532592925975,0.7898719
00169_id00395_wavtolip.mp4,1,FVFA,1,1.3231447867863575,0.78970444
00169_id00434_wavtolip.mp4,1,FVFA,1,1.3233439932700457,0.7897375
00169_id03589_wavtolip.mp4,1,FVFA,1,1.3232826136862645,0.78972733
00169_id03649_wavtolip.mp4,1,FVFA,1,1.3231860619169138,0.7897113
00169_id03716_wavtolip.mp4,1,FVFA,1,1.3236835946318792,0.7897939
00169_id03844_wavtolip.mp4,1,FVFA,1,1.3231821138182531,0.78971064
00125_id00188_wavtolip.mp4,1,FVFA,1,1.215681266678887,0.77130264
00125_id00271_wavtolip.mp4,1,FVFA,1,1.2114289114109533,0.7705517
00125_id00332_wavtolip.mp4,1,FVFA,1,1.2095476891532575,0.7702189
00125_id00374_wavtolip.mp4,1,FVFA,1,1.209470903961237,0.7702053
00125_id00403_wavtolip.mp4,1,FVFA,1,1.2095092961589569,0.7702121
00125_id00434_wavtolip.mp4,1,FVFA,1,1.2096904911414739,0.7702442
00125_id00496_wavtolip.mp4,1,FVFA,1,1.2098686722851406,0.7702757
00125_id00633_wavtolip.mp4,1,FVFA,1,1.2098397040501228,0.7702706
00125_id00826_wavtolip.mp4,1,FVFA,1,1.2104902512703002,0.7703857
00065_id00287_wavtolip.mp4,1,FVFA,1,1.3379552194957587,0.7921535
00065_id00325_wavtolip.mp4,1,FVFA,1,1.3380732408467606,0.7921729
00065_id00374_wavtolip.mp4,1,FVFA,1,1.3381025664326156,0.79217774
00065_id00379_wavtolip.mp4,1,FVFA,1,1.337946893143386,0.7921521
00065_id00495_wavtolip.mp4,1,FVFA,1,1.3377579320374233,0.792121
00065_id00569_wavtolip.mp4,1,FVFA,1,1.3373652347815879,0.7920563
00065_id00806_wavtolip.mp4,1,FVFA,1,1.3381108935424295,0.7921791
00065_id00897_wavtolip.mp4,1,FVFA,1,1.3381271858309989,0.7921818
00065_id03620_wavtolip.mp4,1,FVFA,1,1.3380826539430108,0.79217446
00065_id03651_wavtolip.mp4,1,FVFA,1,1.3380308825543554,0.79216594
00005_id00042_wavtolip.mp4,1,FVFA,1,1.2839500157547656,0.7831214
00005_id00232_wavtolip.mp4,1,FVFA,1,1.2823855111137135,0.7828556
00005_id00271_wavtolip.mp4,1,FVFA,1,1.284108999260862,0.7831484
00005_id00287_wavtolip.mp4,1,FVFA,1,1.2833493066359298,0.78301936
00005_id00379_wavtolip.mp4,1,FVFA,1,1.2839728270781348,0.7831253
00005_id00491_wavtolip.mp4,1,FVFA,1,1.2837345510203253,0.7830848
00005_id00495_wavtolip.mp4,1,FVFA,1,1.2815722353022931,0.7827173
00005_id00496_wavtolip.mp4,1,FVFA,1,1.280956217527181,0.7826125
00005_id01002_wavtolip.mp4,1,FVFA,1,1.2837496397141948,0.7830874
00005_id03651_wavtolip.mp4,1,FVFA,1,1.279483620035079,0.78236187
00086_id00042_wavtolip.mp4,1,FVFA,1,1.3154586189882291,0.78842515
00086_id00232_wavtolip.mp4,1,FVFA,1,1.3145769809454375,0.78827804
00086_id00287_wavtolip.mp4,1,FVFA,1,1.3160643798013503,0.7885262
00086_id00496_wavtolip.mp4,1,FVFA,1,1.3146823395427905,0.7882956
00086_id00735_wavtolip.mp4,1,FVFA,1,1.3161426616900331,0.78853923
00086_id00823_wavtolip.mp4,1,FVFA,1,1.3175026142714632,0.7887659
00086_id00826_wavtolip.mp4,1,FVFA,1,1.3160243465947872,0.7885195
00086_id03371_wavtolip.mp4,1,FVFA,1,1.31467233912982,0.78829396
00086_id03651_wavtolip.mp4,1,FVFA,1,1.3181230472381846,0.78886926
00043_id00234_wavtolip.mp4,1,FVFA,1,1.3226954900897998,0.7896298
00043_id00434_wavtolip.mp4,1,FVFA,1,1.3227518251959398,0.7896392
00043_id00569_wavtolip.mp4,1,FVFA,1,1.322039339448099,0.7895208
00043_id00813_wavtolip.mp4,1,FVFA,1,1.3227665372142956,0.7896416
00043_id00826_wavtolip.mp4,1,FVFA,1,1.322312316615927,0.78956616
00043_id00897_wavtolip.mp4,1,FVFA,1,1.3226660673893809,0.7896249
00043_id01018_wavtolip.mp4,1,FVFA,1,1.3226542266880377,0.78962296
00043_id03858_wavtolip.mp4,1,FVFA,1,1.3226463329322595,0.78962165
00043_id03941_wavtolip.mp4,1,FVFA,1,1.3221774368270642,0.78954375
00072_id00071_wavtolip.mp4,1,FVFA,1,1.291340157154601,0.78437394
00072_id00234_wavtolip.mp4,1,FVFA,1,1.2826558679489395,0.7829015
00072_id00270_wavtolip.mp4,1,FVFA,1,1.2910504950094819,0.78432494
00072_id00271_wavtolip.mp4,1,FVFA,1,1.2910705795310775,0.78432834
00072_id00330_wavtolip.mp4,1,FVFA,1,1.2870983077840341,0.78365564
00072_id00332_wavtolip.mp4,1,FVFA,1,1.286942218528977,0.7836292
00072_id00374_wavtolip.mp4,1,FVFA,1,1.2867748949470352,0.7836008
00072_id00491_wavtolip.mp4,1,FVFA,1,1.2898296459005414,0.78411835
00072_id00581_wavtolip.mp4,1,FVFA,1,1.283668934246105,0.78307366
00072_id03651_wavtolip.mp4,1,FVFA,1,1.2911632531895747,0.784344
00430_id00188_wavtolip.mp4,1,FVFA,1,1.3340675989190105,0.79151267
00430_id00262_wavtolip.mp4,1,FVFA,1,1.3333171984246646,0.7913888
00430_id00330_wavtolip.mp4,1,FVFA,1,1.3339187927493332,0.7914881
00430_id00484_wavtolip.mp4,1,FVFA,1,1.3340856587986443,0.79151565
00430_id00491_wavtolip.mp4,1,FVFA,1,1.3340636257710103,0.791512
00430_id00581_wavtolip.mp4,1,FVFA,1,1.3336504686184532,0.7914438
00430_id00591_wavtolip.mp4,1,FVFA,1,1.3344718245299152,0.79157937
00430_id00897_wavtolip.mp4,1,FVFA,1,1.3332796509110096,0.7913826
00430_id03649_wavtolip.mp4,1,FVFA,1,1.3344075177470345,0.79156876
00002_id00188_wavtolip.mp4,1,FVFA,1,1.3347876130568286,0.79163146
00002_id00262_wavtolip.mp4,1,FVFA,1,1.33496829626699,0.79166126
00002_id00270_wavtolip.mp4,1,FVFA,1,1.3349531181447047,0.79165876
00002_id00373_wavtolip.mp4,1,FVFA,1,1.3349346877483035,0.7916557
00002_id00495_wavtolip.mp4,1,FVFA,1,1.3348869864659056,0.79164785
00002_id00806_wavtolip.mp4,1,FVFA,1,1.334910114194647,0.79165167
00002_id01002_wavtolip.mp4,1,FVFA,1,1.334857354519413,0.79164296
00002_id03371_wavtolip.mp4,1,FVFA,1,1.3349451677533286,0.79165745
00081_id00262_wavtolip.mp4,1,FVFA,1,1.3197008933537613,0.78913194
00081_id00270_wavtolip.mp4,1,FVFA,1,1.3216652765628507,0.78945863
00081_id00328_wavtolip.mp4,1,FVFA,1,1.3215763454378504,0.78944385
00081_id00332_wavtolip.mp4,1,FVFA,1,1.3215046301233697,0.7894319
00081_id00634_wavtolip.mp4,1,FVFA,1,1.3216129213946575,0.78944993
00081_id00823_wavtolip.mp4,1,FVFA,1,1.3227697666985216,0.78964216
00081_id01018_wavtolip.mp4,1,FVFA,1,1.3214429573339534,0.7894217
00081_id03589_wavtolip.mp4,1,FVFA,1,1.321636588602928,0.78945386
00081_id03651_wavtolip.mp4,1,FVFA,1,1.3220357526503288,0.7895202
00081_id03716_wavtolip.mp4,1,FVFA,1,1.3211159849042535,0.7893673
00001_id00234_wavtolip.mp4,1,FVFA,1,1.3218291656695171,0.7894859
00001_id00271_wavtolip.mp4,1,FVFA,1,1.3218101580394137,0.7894827
00001_id00325_wavtolip.mp4,1,FVFA,1,1.3218302415793632,0.78948605
00001_id00374_wavtolip.mp4,1,FVFA,1,1.3218460216674375,0.7894887
00001_id00434_wavtolip.mp4,1,FVFA,1,1.3218112339374195,0.7894829
00001_id00484_wavtolip.mp4,1,FVFA,1,1.3217362813126203,0.78947043
00001_id00633_wavtolip.mp4,1,FVFA,1,1.3218384902437814,0.7894874
00001_id00813_wavtolip.mp4,1,FVFA,1,1.3217961714263244,0.7894804
00001_id03620_wavtolip.mp4,1,FVFA,1,1.3218460216674375,0.7894887
00001_id03649_wavtolip.mp4,1,FVFA,1,1.3221921439518578,0.7895462
00092_id00042_wavtolip.mp4,1,FVFA,1,1.3381463747253548,0.79218495
00092_id00232_wavtolip.mp4,1,FVFA,1,1.3381112555916013,0.79217917
00092_id00270_wavtolip.mp4,1,FVFA,1,1.3381362371694507,0.7921833
00092_id00287_wavtolip.mp4,1,FVFA,1,1.3381101694443154,0.792179
00092_id00332_wavtolip.mp4,1,FVFA,1,1.3381644776531294,0.7921879
00092_id00495_wavtolip.mp4,1,FVFA,1,1.3384063511412603,0.79222775
00092_id00806_wavtolip.mp4,1,FVFA,1,1.338123565309023,0.7921812
00092_id03589_wavtolip.mp4,1,FVFA,1,1.3381217550509077,0.7921809
00092_id03858_wavtolip.mp4,1,FVFA,1,1.3381043766704326,0.79217803
00040_id00262_wavtolip.mp4,1,FVFA,1,1.3287089631584081,0.790627
00040_id00270_wavtolip.mp4,1,FVFA,1,1.327034369168015,0.79034966
00040_id00330_wavtolip.mp4,1,FVFA,1,1.326390589697234,0.79024297
00040_id00434_wavtolip.mp4,1,FVFA,1,1.3276150560609552,0.79044586
00040_id00495_wavtolip.mp4,1,FVFA,1,1.3268077601235315,0.7903121
00040_id00897_wavtolip.mp4,1,FVFA,1,1.3286491924596435,0.7906171
00040_id03716_wavtolip.mp4,1,FVFA,1,1.3276704726059025,0.79045504
00040_id03844_wavtolip.mp4,1,FVFA,1,1.326932571257643,0.7903328
00093_id00071_wavtolip.mp4,1,FVFA,1,1.2967729389273461,0.7852914
00093_id00395_wavtolip.mp4,1,FVFA,1,1.2974882324621577,0.78541195
00093_id00569_wavtolip.mp4,1,FVFA,1,1.297541988508705,0.785421
00093_id00591_wavtolip.mp4,1,FVFA,1,1.2976877039834545,0.7854456
00093_id00633_wavtolip.mp4,1,FVFA,1,1.2951722766543001,0.78502136
00093_id01002_wavtolip.mp4,1,FVFA,1,1.2962402826574742,0.78520155
00093_id03941_wavtolip.mp4,1,FVFA,1,1.2962823378844013,0.78520864
00028_id00188_wavtolip.mp4,1,FVFA,1,1.3226793434238258,0.78962713
00028_id00271_wavtolip.mp4,1,FVFA,1,1.3229994344028,0.7896803
00028_id00332_wavtolip.mp4,1,FVFA,1,1.323212622088113,0.7897157
00028_id00403_wavtolip.mp4,1,FVFA,1,1.3233867090055358,0.7897446
00028_id00495_wavtolip.mp4,1,FVFA,1,1.322563091886629,0.7896078
00028_id00569_wavtolip.mp4,1,FVFA,1,1.3228034972281975,0.78964776
00028_id00735_wavtolip.mp4,1,FVFA,1,1.3230593683470244,0.78969026
00028_id00806_wavtolip.mp4,1,FVFA,1,1.3232686151395443,0.789725
00028_id01002_wavtolip.mp4,1,FVFA,1,1.3230952579326272,0.7896962
00028_id03620_wavtolip.mp4,1,FVFA,1,1.3232535399085232,0.7897225
00092_id00188_wavtolip.mp4,1,FVFA,1,1.308198458327063,0.78721154
00092_id00262_wavtolip.mp4,1,FVFA,1,1.312119120344761,0.78786755
00092_id00270_wavtolip.mp4,1,FVFA,1,1.3090028162741996,0.78734624
00092_id00379_wavtolip.mp4,1,FVFA,1,1.3099133282299626,0.78749865
00092_id00434_wavtolip.mp4,1,FVFA,1,1.312067052917194,0.78785884
00092_id00495_wavtolip.mp4,1,FVFA,1,1.3081504221594262,0.7872035
00092_id00735_wavtolip.mp4,1,FVFA,1,1.3078682809077644,0.7871562
00092_id00813_wavtolip.mp4,1,FVFA,1,1.3120392367119786,0.7878542
00092_id03589_wavtolip.mp4,1,FVFA,1,1.3121162672946123,0.78786707
00021_id00071_wavtolip.mp4,1,FVFA,1,1.1250390430442432,0.7549222
00021_id00328_wavtolip.mp4,1,FVFA,1,1.1201727038205167,0.75402075
00021_id00332_wavtolip.mp4,1,FVFA,1,1.1196903943142693,0.7539313
00021_id00379_wavtolip.mp4,1,FVFA,1,1.1187495720821,0.7537567
00021_id00491_wavtolip.mp4,1,FVFA,1,1.12004319805832,0.75399673
00021_id00735_wavtolip.mp4,1,FVFA,1,1.1245983753017113,0.7548407
00021_id00806_wavtolip.mp4,1,FVFA,1,1.1200968631840267,0.7540067
00021_id03649_wavtolip.mp4,1,FVFA,1,1.1261788602937581,0.75513303
00021_id03716_wavtolip.mp4,1,FVFA,1,1.1199053464471742,0.75397116
