sample_id,label,category,prediction,logit,probability
00028.mp4,0,RVRA,1,0.13370967948816814,0.5333777
00004.mp4,0,RVRA,1,0.13369171806426186,0.53337324
00014.mp4,0,RVRA,1,0.13372069583881876,0.53338045
00020.mp4,0,RVRA,1,0.1337187799511672,0.53338
00025.mp4,0,RVRA,1,0.13371638509194717,0.5333794
00063.mp4,0,RVRA,1,0.1337183009792926,0.53337985
00028.mp4,0,RVRA,1,0.13372285121271996,0.533381
00088.mp4,0,RVRA,1,0.13371566663425577,0.5333792
00028.mp4,0,RVRA,1,0.13371949840900782,0.53338015
00005.mp4,0,RVRA,1,0.1337192589230572,0.5333801
00015.mp4,0,RVRA,1,0.1337149481765989,0.533379
00092.mp4,0,RVRA,1,0.13372213275471842,0.5333808
00118.mp4,0,RVRA,1,0.1337161456060462,0.5333793
00293.mp4,0,RVRA,1,0.13371399023310995,0.5333788
00078.mp4,0,RVRA,1,0.1337216537827366,0.5333807
00028.mp4,0,RVRA,1,0.1337197378949623,0.5333802
00311.mp4,0,RVRA,1,0.1337211748107701,0.53338057
00043.mp4,0,RVRA,1,0.13372285121271996,0.533381
00420.mp4,0,RVRA,1,0.13372045635284893,0.5333804
00052.mp4,0,RVRA,1,0.1337197378949623,0.5333802
00046.mp4,0,RVRA,1,0.13371207434631596,0.5333783
00202.mp4,0,RVRA,1,0.13371662457785197,0.53337944
00122.mp4,0,RVRA,1,0.1337197378949623,0.5333802
00027.mp4,0,RVRA,1,0.13371135588883135,0.5333781
00015.mp4,0,RVRA,1,0.1337223722407151,0.53338087
00239.mp4,0,RVRA,1,0.13372093532479262,0.5333805
00010.mp4,0,RVRA,1,0.13372404864279902,0.5333813
00130.mp4,0,RVRA,1,0.13372045635284893,0.5333804
00001.mp4,0,RVRA,1,0.13371782200743312,0.53337973
00088.mp4,0,RVRA,1,0.13371949840900782,0.53338015
00078.mp4,0,RVRA,1,0.13372333018473995,0.5333811
00037.mp4,0,RVRA,1,0.1337115953746558,0.5333782
00005.mp4,0,RVRA,1,0.13371183486048405,0.53337824
00169.mp4,0,RVRA,1,0.1337187799511672,0.53338
00125.mp4,0,RVRA,1,0.13370608720166396,0.5333768
00065.mp4,0,RVRA,1,0.13372021686688296,0.5333803
00005.mp4,0,RVRA,1,0.1337149481765989,0.533379
00086.mp4,0,RVRA,1,0.13371303228968237,0.53337854
00043.mp4,0,RVRA,1,0.1337199773809208,0.53338027
00072.mp4,0,RVRA,1,0.13371566663425577,0.5333792
00430.mp4,0,RVRA,1,0.1337218932687256,0.53338075
00002.mp4,0,RVRA,1,0.13372021686688296,0.5333803
00081.mp4,0,RVRA,1,0.13371806149336093,0.5333798
00001.mp4,0,RVRA,1,0.1337199773809208,0.53338027
00092.mp4,0,RVRA,1,0.1337218932687256,0.53338075
00040.mp4,0,RVRA,1,0.13372045635284893,0.5333804
00093.mp4,0,RVRA,1,0.13371782200743312,0.53337973
00028.mp4,0,RVRA,1,0.13371758252150934,0.5333797
00092.mp4,0,RVRA,1,0.13371638509194717,0.5333794
00021.mp4,0,RVRA,1,0.1337115953746558,0.5333782
00028_fake.mp4,1,RVFA,1,0.13371015845976694,0.5333778
00004_fake.mp4,1,RVFA,1,0.1336921970352866,0.53337336
00014_fake.mp4,1,RVFA,1,0.13372093532479262,0.5333805
00020_fake.mp4,1,RVFA,1,0.1337192589230572,0.5333801
00025_fake.mp4,1,RVFA,1,0.1337168640637606,0.5333795
00063_fake.mp4,1,RVFA,1,0.1337183009792926,0.53337985
00028_fake.mp4,1,RVFA,1,0.13372285121271996,0.533381
00088_fake.mp4,1,RVFA,1,0.13371590612014905,0.53337926
00028_fake.mp4,1,RVFA,1,0.13371949840900782,0.53338015
00005_fake.mp4,1,RVFA,1,0.1337192589230572,0.5333801
00015_fake.mp4,1,RVFA,1,0.13371542714836632,0.53337914
00092_fake.mp4,1,RVFA,1,0.13372213275471842,0.5333808
00118_fake.mp4,1,RVFA,1,0.13371638509194717,0.5333794
00293_fake.mp4,1,RVFA,1,0.13371399023310995,0.5333788
00078_fake.mp4,1,RVFA,1,0.1337218932687256,0.53338075
00028_fake.mp4,1,RVFA,1,0.1337197378949623,0.5333802
00311_fake.mp4,1,RVFA,1,0.1337211748107701,0.53338057
00043_fake.mp4,1,RVFA,1,0.13372285121271996,0.533381
00420_fake.mp4,1,RVFA,1,0.13372069583881876,0.53338045
00052_fake.mp4,1,RVFA,1,0.13372021686688296,0.5333803
00046_fake.mp4,1,RVFA,1,0.1337123138321519,0.53337836
00202_fake.mp4,1,RVFA,1,0.13371662457785197,0.53337944
00122_fake.mp4,1,RVFA,1,0.1337197378949623,0.5333802
00027_fake.mp4,1,RVFA,1,0.1337115953746558,0.5333782
00015_fake.mp4,1,RVFA,1,0.1337223722407151,0.53338087
00239_fake.mp4,1,RVFA,1,0.13372093532479262,0.5333805
00010_fake.mp4,1,RVFA,1,0.13372428812882617,0.53338134
00130_fake.mp4,1,RVFA,1,0.13372045635284893,0.5333804
00001_fake.mp4,1,RVFA,1,0.13371782200743312,0.53337973
00088_fake.mp4,1,RVFA,1,0.13371949840900782,0.53338015
00078_fake.mp4,1,RVFA,1,0.13372333018473995,0.5333811
00037_fake.mp4,1,RVFA,1,0.13371207434631596,0.5333783
00005_fake.mp4,1,RVFA,1,0.13371207434631596,0.5333783
00169_fake.mp4,1,RVFA,1,0.1337187799511672,0.53338
00125_fake.mp4,1,RVFA,1,0.13370656617314805,0.53337693
00065_fake.mp4,1,RVFA,1,0.13372045635284893,0.5333804
00005_fake.mp4,1,RVFA,1,0.1337151876624807,0.5333791
00086_fake.mp4,1,RVFA,1,0.13371375074724734,0.5333787
00043_fake.mp4,1,RVFA,1,0.1337199773809208,0.53338027
00072_fake.mp4,1,RVFA,1,0.13371590612014905,0.53337926
00430_fake.mp4,1,RVFA,1,0.1337218932687256,0.53338075
00002_fake.mp4,1,RVFA,1,0.13372021686688296,0.5333803
00081_fake.mp4,1,RVFA,1,0.13371806149336093,0.5333798
00001_fake.mp4,1,RVFA,1,0.1337199773809208,0.53338027
00092_fake.mp4,1,RVFA,1,0.1337218932687256,0.53338075
00040_fake.mp4,1,RVFA,1,0.13372069583881876,0.53338045
00093_fake.mp4,1,RVFA,1,0.13371806149336093,0.5333798
00028_fake.mp4,1,RVFA,1,0.13371758252150934,0.5333797
00092_fake.mp4,1,RVFA,1,0.13371638509194717,0.5333794
00021_fake.mp4,1,RVFA,1,0.13371183486048405,0.53337824
00028_0.mp4,1,FVRA,1,0.13371207434631596,0.5333783
00028_id00325_4vJtbNe0L98_faceswap.mp4,1,FVRA,1,0.13371063743138129,0.53337795
00004_0.mp4,1,FVRA,1,0.13372093532479262,0.5333805
00004_1.mp4,1,FVRA,1,0.1337226117267156,0.5333809
00004_2.mp4,1,FVRA,1,0.13372213275471842,0.5333808
00004_3.mp4,1,FVRA,1,0.13372141429675144,0.5333806
00004_id00495_E46aiMUC4A0_faceswap.mp4,1,FVRA,1,0.13369315497738177,0.5333736
00014_id03371_truKMXt8Dak_faceswap.mp4,1,FVRA,1,0.1337211748107701,0.53338057
00020_id00569_gSynmpwioV4_faceswap.mp4,1,FVRA,1,0.1337192589230572,0.5333801
00025_0.mp4,1,FVRA,1,0.13372213275471842,0.5333808
00025_id00365_XV-imLNJvfk_faceswap.mp4,1,FVRA,1,0.1337168640637606,0.5333795
00063_id00403_n4LSCxzFr6o_faceswap.mp4,1,FVRA,1,0.1337187799511672,0.53338
00028_0.mp4,1,FVRA,1,0.13371470869072097,0.53337896
00028_id00287_2NpfYjyMsPM_faceswap.mp4,1,FVRA,1,0.13372333018473995,0.5333811
00088_0.mp4,1,FVRA,1,0.13372333018473995,0.5333811
00088_id00633_UXrTMta1EDM_faceswap.mp4,1,FVRA,1,0.13371638509194717,0.5333794
00028_0.mp4,1,FVRA,1,0.1337235696707558,0.53338116
00028_id00495_E46aiMUC4A0_faceswap.mp4,1,FVRA,1,0.1337197378949623,0.5333802
00005_id00262_3p7sRWAAh1Q_faceswap.mp4,1,FVRA,1,0.1337197378949623,0.5333802
00015_id00042_4yuJSkaZwn0_faceswap.mp4,1,FVRA,1,0.13371566663425577,0.5333792
00092_0.mp4,1,FVRA,1,0.13369291549185222,0.53337353
00092_id00484_u7YTz8eFZv0_faceswap.mp4,1,FVRA,1,0.1337226117267156,0.5333809
00118_id00365_XV-imLNJvfk_faceswap.mp4,1,FVRA,1,0.1337168640637606,0.5333795
00293_0.mp4,1,FVRA,1,0.13372069583881876,0.53338045
00078_0.mp4,1,FVRA,1,0.13369315497738177,0.5333736
00078_id00330_zCFFgGSIZ_s_faceswap.mp4,1,FVRA,1,0.13372213275471842,0.5333808
00028_0.mp4,1,FVRA,1,0.1337161456060462,0.5333793
00311_0.mp4,1,FVRA,1,0.13372093532479262,0.5333805
00311_id00330_zCFFgGSIZ_s_faceswap.mp4,1,FVRA,1,0.1337216537827366,0.5333807
00043_id00633_UXrTMta1EDM_faceswap.mp4,1,FVRA,1,0.1337235696707558,0.53338116
00420_0.mp4,1,FVRA,1,0.13371806149336093,0.5333798
00420_id00823_KgExwCvgrUk_faceswap.mp4,1,FVRA,1,0.13372069583881876,0.53338045
00052_id00234_M3g5KRLJB60_faceswap.mp4,1,FVRA,1,0.13372093532479262,0.5333805
00046_0.mp4,1,FVRA,1,0.13372141429675144,0.5333806
00046_id00330_zCFFgGSIZ_s_faceswap.mp4,1,FVRA,1,0.1337127928038351,0.5333785
00202_0.mp4,1,FVRA,1,0.13372093532479262,0.5333805
00202_id03844_AEAEN1Lns2c_faceswap.mp4,1,FVRA,1,0.1337173430355892,0.5333796
00122_id00633_UXrTMta1EDM_faceswap.mp4,1,FVRA,1,0.13372045635284893,0.5333804
00027_0.mp4,1,FVRA,1,0.1337197378949623,0.5333802
00027_id00395_wM5kGJfTtEM_faceswap.mp4,1,FVRA,1,0.13371183486048405,0.53337824
00015_id00262_3p7sRWAAh1Q_faceswap.mp4,1,FVRA,1,0.1337223722407151,0.53338087
00239_0.mp4,1,FVRA,1,0.1337216537827366,0.5333807
00239_1.mp4,1,FVRA,1,0.13371470869072097,0.53337896
00239_2.mp4,1,FVRA,1,0.1337199773809208,0.53338027
00010_id03371_truKMXt8Dak_faceswap.mp4,1,FVRA,1,0.13372428812882617,0.53338134
00130_0.mp4,1,FVRA,1,0.1337183009792926,0.53337985
00130_id00634_z5t9oJizDQg_faceswap.mp4,1,FVRA,1,0.13372093532479262,0.5333805
00001_id00897_0ayFw8JhoyI_faceswap.mp4,1,FVRA,1,0.13371854046522788,0.5333799
00088_id01002_eQTviHjyISo_faceswap.mp4,1,FVRA,1,0.1337199773809208,0.53338027
00078_0.mp4,1,FVRA,1,0.13369315497738177,0.5333736
00078_id03649_389qfFqUddI_faceswap.mp4,1,FVRA,1,0.1337235696707558,0.53338116
00037_id03844_AEAEN1Lns2c_faceswap.mp4,1,FVRA,1,0.13371255331799148,0.5333784
00005_id00379_fgkgYHCuk4g_faceswap.mp4,1,FVRA,1,0.1337127928038351,0.5333785
00169_id00897_0ayFw8JhoyI_faceswap.mp4,1,FVRA,1,0.13371949840900782,0.53338015
00125_id00395_wM5kGJfTtEM_faceswap.mp4,1,FVRA,1,0.13370704514464746,0.53337705
00065_0.mp4,1,FVRA,1,0.1337183009792926,0.53337985
00065_id00581_7AxvP19LGKg_faceswap.mp4,1,FVRA,1,0.13372093532479262,0.5333805
00005_id00591_1Jo8xElXQMs_faceswap.mp4,1,FVRA,1,0.13371566663425577,0.5333792
00086_id00633_UXrTMta1EDM_faceswap.mp4,1,FVRA,1,0.13371446920484686,0.5333789
00043_0.mp4,1,FVRA,1,0.13372428812882617,0.53338134
00043_id00633_UXrTMta1EDM_faceswap.mp4,1,FVRA,1,0.13372069583881876,0.53338045
00072_id00569_gSynmpwioV4_faceswap.mp4,1,FVRA,1,0.1337161456060462,0.5333793
00430_id00581_7AxvP19LGKg_faceswap.mp4,1,FVRA,1,0.1337223722407151,0.53338087
00002_0.mp4,1,FVRA,1,0.13371662457785197,0.53337944
00002_id00495_E46aiMUC4A0_faceswap.mp4,1,FVRA,1,0.13372045635284893,0.5333804
00081_id00496_SImaDcXQnh8_faceswap.mp4,1,FVRA,1,0.13371854046522788,0.5333799
00001_0.mp4,1,FVRA,1,0.13372333018473995,0.5333811
00001_id00634_z5t9oJizDQg_faceswap.mp4,1,FVRA,1,0.13372045635284893,0.5333804
00092_id03716_s-lxbGafZQA_faceswap.mp4,1,FVRA,1,0.1337223722407151,0.53338087
00040_0.mp4,1,FVRA,1,0.13371566663425577,0.5333792
00040_id03651_EjcoRkL6loI_faceswap.mp4,1,FVRA,1,0.13372093532479262,0.5333805
00093_id03941_SsYtP8Ze88Q_faceswap.mp4,1,FVRA,1,0.1337183009792926,0.53337985
00028_0.mp4,1,FVRA,1,0.1337168640637606,0.5333795
00028_id00484_u7YTz8eFZv0_faceswap.mp4,1,FVRA,1,0.13371806149336093,0.5333798
00092_0.mp4,1,FVRA,1,0.1337183009792926,0.53337985
00092_id00395_wM5kGJfTtEM_faceswap.mp4,1,FVRA,1,0.13371662457785197,0.53337944
00021_0.mp4,1,FVRA,1,0.1337183009792926,0.53337985
00021_id03816_XXD0yTNei50_faceswap.mp4,1,FVRA,1,0.1337123138321519,0.53337836
00028_id00325_4vJtbNe0L98_faceswap_id00325_wavtolip.mp4,1,FVFA,1,0.1337115953746558,0.5333782
00028_id00325_4vJtbNe0L98_faceswap_id00495_wavtolip.mp4,1,FVFA,1,0.1337108769171942,0.533378
00028_id00325_4vJtbNe0L98_faceswap_id00735_wavtolip.mp4,1,FVFA,1,0.1337108769171942,0.533378
00028_id00325_4vJtbNe0L98_faceswap_id03858_wavtolip.mp4,1,FVFA,1,0.13371135588883135,0.5333781
00004_1_id00262_wavtolip.mp4,1,FVFA,1,0.13372285121271996,0.533381
00004_1_id00373_wavtolip.mp4,1,FVFA,1,0.13372285121271996,0.533381
00004_1_id00569_wavtolip.mp4,1,FVFA,1,0.13372309069872812,0.53338104
00004_1_id00581_wavtolip.mp4,1,FVFA,1,0.13372285121271996,0.533381
00004_1_id00633_wavtolip.mp4,1,FVFA,1,0.13372285121271996,0.533381
00004_2_id00068_wavtolip.mp4,1,FVFA,1,0.1337223722407151,0.53338087
00004_2_id00332_wavtolip.mp4,1,FVFA,1,0.1337223722407151,0.53338087
00004_2_id00581_wavtolip.mp4,1,FVFA,1,0.1337223722407151,0.53338087
00004_2_id03716_wavtolip.mp4,1,FVFA,1,0.1337223722407151,0.53338087
00004_3_id00332_wavtolip.mp4,1,FVFA,1,0.1337216537827366,0.5333807
00004_3_id00434_wavtolip.mp4,1,FVFA,1,0.1337216537827366,0.5333807
00004_3_id00495_wavtolip.mp4,1,FVFA,1,0.1337216537827366,0.5333807
00004_3_id03371_wavtolip.mp4,1,FVFA,1,0.1337216537827366,0.5333807
00004_3_id03716_wavtolip.mp4,1,FVFA,1,0.1337216537827366,0.5333807
00004_id00495_E46aiMUC4A0_faceswap_id00071_wavtolip.mp4,1,FVFA,1,0.13369554983288817,0.5333742
00004_id00495_E46aiMUC4A0_faceswap_id00434_wavtolip.mp4,1,FVFA,1,0.13369554983288817,0.5333742
00004_id00495_E46aiMUC4A0_faceswap_id00591_wavtolip.mp4,1,FVFA,1,0.13369387343399364,0.5333738
00004_id00495_E46aiMUC4A0_faceswap_id00813_wavtolip.mp4,1,FVFA,1,0.13369554983288817,0.5333742
00014_id03371_truKMXt8Dak_faceswap_id00271_wavtolip.mp4,1,FVFA,1,0.1337216537827366,0.5333807
00014_id03371_truKMXt8Dak_faceswap_id00806_wavtolip.mp4,1,FVFA,1,0.1337216537827366,0.5333807
00014_id03371_truKMXt8Dak_faceswap_id01018_wavtolip.mp4,1,FVFA,1,0.13372141429675144,0.5333806
00014_id03371_truKMXt8Dak_faceswap_id03716_wavtolip.mp4,1,FVFA,1,0.13372141429675144,0.5333806
00020_id00569_gSynmpwioV4_faceswap_id00270_wavtolip.mp4,1,FVFA,1,0.1337197378949623,0.5333802
00020_id00569_gSynmpwioV4_faceswap_id00328_wavtolip.mp4,1,FVFA,1,0.1337197378949623,0.5333802
00020_id00569_gSynmpwioV4_faceswap_id00395_wavtolip.mp4,1,FVFA,1,0.1337199773809208,0.53338027
00020_id00569_gSynmpwioV4_faceswap_id00491_wavtolip.mp4,1,FVFA,1,0.1337197378949623,0.5333802
00020_id00569_gSynmpwioV4_faceswap_id00581_wavtolip.mp4,1,FVFA,1,0.1337197378949623,0.5333802
00025_id00365_XV-imLNJvfk_faceswap_id00395_wavtolip.mp4,1,FVFA,1,0.13371782200743312,0.53337973
00025_id00365_XV-imLNJvfk_faceswap_id00491_wavtolip.mp4,1,FVFA,1,0.13371782200743312,0.53337973
00025_id00365_XV-imLNJvfk_faceswap_id00581_wavtolip.mp4,1,FVFA,1,0.13371758252150934,0.5333797
00025_id00365_XV-imLNJvfk_faceswap_id00735_wavtolip.mp4,1,FVFA,1,0.13371782200743312,0.53337973
00063_id00403_n4LSCxzFr6o_faceswap_id00071_wavtolip.mp4,1,FVFA,1,0.1337187799511672,0.53338
00063_id00403_n4LSCxzFr6o_faceswap_id00234_wavtolip.mp4,1,FVFA,1,0.1337187799511672,0.53338
00063_id00403_n4LSCxzFr6o_faceswap_id00495_wavtolip.mp4,1,FVFA,1,0.13371854046522788,0.5333799
00063_id00403_n4LSCxzFr6o_faceswap_id00581_wavtolip.mp4,1,FVFA,1,0.1337187799511672,0.53338
00063_id00403_n4LSCxzFr6o_faceswap_id03941_wavtolip.mp4,1,FVFA,1,0.1337183009792926,0.53337985
00028_id00287_2NpfYjyMsPM_faceswap_id00379_wavtolip.mp4,1,FVFA,1,0.1337235696707558,0.53338116
00028_id00287_2NpfYjyMsPM_faceswap_id01002_wavtolip.mp4,1,FVFA,1,0.1337235696707558,0.53338116
00028_id00287_2NpfYjyMsPM_faceswap_id03620_wavtolip.mp4,1,FVFA,1,0.13372333018473995,0.5333811
00028_id00287_2NpfYjyMsPM_faceswap_id03858_wavtolip.mp4,1,FVFA,1,0.1337235696707558,0.53338116
00028_id00287_2NpfYjyMsPM_faceswap_id03941_wavtolip.mp4,1,FVFA,1,0.1337235696707558,0.53338116
00088_id00633_UXrTMta1EDM_faceswap_id00042_wavtolip.mp4,1,FVFA,1,0.13371638509194717,0.5333794
00088_id00633_UXrTMta1EDM_faceswap_id00434_wavtolip.mp4,1,FVFA,1,0.1337168640637606,0.5333795
00088_id00633_UXrTMta1EDM_faceswap_id03649_wavtolip.mp4,1,FVFA,1,0.13371638509194717,0.5333794
00028_id00495_E46aiMUC4A0_faceswap_id00328_wavtolip.mp4,1,FVFA,1,0.13372021686688296,0.5333803
00028_id00495_E46aiMUC4A0_faceswap_id00484_wavtolip.mp4,1,FVFA,1,0.13372021686688296,0.5333803
00028_id00495_E46aiMUC4A0_faceswap_id00826_wavtolip.mp4,1,FVFA,1,0.13372021686688296,0.5333803
00028_id00495_E46aiMUC4A0_faceswap_id03620_wavtolip.mp4,1,FVFA,1,0.13372021686688296,0.5333803
00028_id00495_E46aiMUC4A0_faceswap_id03716_wavtolip.mp4,1,FVFA,1,0.13372021686688296,0.5333803
00005_id00262_3p7sRWAAh1Q_faceswap_id00271_wavtolip.mp4,1,FVFA,1,0.13372045635284893,0.5333804
00005_id00262_3p7sRWAAh1Q_faceswap_id00897_wavtolip.mp4,1,FVFA,1,0.13372021686688296,0.5333803
00005_id00262_3p7sRWAAh1Q_faceswap_id03589_wavtolip.mp4,1,FVFA,1,0.13372021686688296,0.5333803
00005_id00262_3p7sRWAAh1Q_faceswap_id03941_wavtolip.mp4,1,FVFA,1,0.13372021686688296,0.5333803
00015_id00042_4yuJSkaZwn0_faceswap_id00188_wavtolip.mp4,1,FVFA,1,0.13371662457785197,0.53337944
00015_id00042_4yuJSkaZwn0_faceswap_id00232_wavtolip.mp4,1,FVFA,1,0.13371638509194717,0.5333794
00015_id00042_4yuJSkaZwn0_faceswap_id00484_wavtolip.mp4,1,FVFA,1,0.1337168640637606,0.5333795
00015_id00042_4yuJSkaZwn0_faceswap_id00591_wavtolip.mp4,1,FVFA,1,0.1337168640637606,0.5333795
00092_id00484_u7YTz8eFZv0_faceswap_id00287_wavtolip.mp4,1,FVFA,1,0.13372285121271996,0.533381
00092_id00484_u7YTz8eFZv0_faceswap_id00484_wavtolip.mp4,1,FVFA,1,0.1337226117267156,0.5333809
00092_id00484_u7YTz8eFZv0_faceswap_id01002_wavtolip.mp4,1,FVFA,1,0.1337226117267156,0.5333809
00092_id00484_u7YTz8eFZv0_faceswap_id03589_wavtolip.mp4,1,FVFA,1,0.1337226117267156,0.5333809
00118_id00365_XV-imLNJvfk_faceswap_id00262_wavtolip.mp4,1,FVFA,1,0.13371758252150934,0.5333797
00118_id00365_XV-imLNJvfk_faceswap_id00328_wavtolip.mp4,1,FVFA,1,0.1337173430355892,0.5333796
00118_id00365_XV-imLNJvfk_faceswap_id00569_wavtolip.mp4,1,FVFA,1,0.1337173430355892,0.5333796
00118_id00365_XV-imLNJvfk_faceswap_id00897_wavtolip.mp4,1,FVFA,1,0.13371758252150934,0.5333797
00118_id00365_XV-imLNJvfk_faceswap_id03716_wavtolip.mp4,1,FVFA,1,0.13371758252150934,0.5333797
00078_0_id00271_wavtolip.mp4,1,FVFA,1,0.13369554983288817,0.5333742
00078_0_id00569_wavtolip.mp4,1,FVFA,1,0.13369554983288817,0.5333742
00078_0_id00634_wavtolip.mp4,1,FVFA,1,0.1336943524050871,0.5333739
00078_0_id03816_wavtolip.mp4,1,FVFA,1,0.13369531034732024,0.53337413
00078_id00330_zCFFgGSIZ_s_faceswap_id00042_wavtolip.mp4,1,FVFA,1,0.1337223722407151,0.53338087
00078_id00330_zCFFgGSIZ_s_faceswap_id00379_wavtolip.mp4,1,FVFA,1,0.1337223722407151,0.53338087
00078_id00330_zCFFgGSIZ_s_faceswap_id00569_wavtolip.mp4,1,FVFA,1,0.1337223722407151,0.53338087
00078_id00330_zCFFgGSIZ_s_faceswap_id03716_wavtolip.mp4,1,FVFA,1,0.1337223722407151,0.53338087
00311_id00330_zCFFgGSIZ_s_faceswap_id00262_wavtolip.mp4,1,FVFA,1,0.1337218932687256,0.53338075
00311_id00330_zCFFgGSIZ_s_faceswap_id00365_wavtolip.mp4,1,FVFA,1,0.1337218932687256,0.53338075
00311_id00330_zCFFgGSIZ_s_faceswap_id00591_wavtolip.mp4,1,FVFA,1,0.1337218932687256,0.53338075
00311_id00330_zCFFgGSIZ_s_faceswap_id00633_wavtolip.mp4,1,FVFA,1,0.1337218932687256,0.53338075
00311_id00330_zCFFgGSIZ_s_faceswap_id03716_wavtolip.mp4,1,FVFA,1,0.1337218932687256,0.53338075
00043_id00633_UXrTMta1EDM_faceswap_id00071_wavtolip.mp4,1,FVFA,1,0.1337235696707558,0.53338116
00043_id00633_UXrTMta1EDM_faceswap_id00270_wavtolip.mp4,1,FVFA,1,0.1337235696707558,0.53338116
00043_id00633_UXrTMta1EDM_faceswap_id00332_wavtolip.mp4,1,FVFA,1,0.1337235696707558,0.53338116
00043_id00633_UXrTMta1EDM_faceswap_id00395_wavtolip.mp4,1,FVFA,1,0.1337235696707558,0.53338116
00043_id00633_UXrTMta1EDM_faceswap_id01018_wavtolip.mp4,1,FVFA,1,0.1337235696707558,0.53338116
00420_id00823_KgExwCvgrUk_faceswap_id00188_wavtolip.mp4,1,FVFA,1,0.1337211748107701,0.53338057
00420_id00823_KgExwCvgrUk_faceswap_id00271_wavtolip.mp4,1,FVFA,1,0.13372093532479262,0.5333805
00420_id00823_KgExwCvgrUk_faceswap_id00330_wavtolip.mp4,1,FVFA,1,0.13372093532479262,0.5333805
00420_id00823_KgExwCvgrUk_faceswap_id00897_wavtolip.mp4,1,FVFA,1,0.13372093532479262,0.5333805
00052_id00234_M3g5KRLJB60_faceswap_id00232_wavtolip.mp4,1,FVFA,1,0.13372141429675144,0.5333806
00052_id00234_M3g5KRLJB60_faceswap_id00365_wavtolip.mp4,1,FVFA,1,0.1337211748107701,0.53338057
00052_id00234_M3g5KRLJB60_faceswap_id00806_wavtolip.mp4,1,FVFA,1,0.13372093532479262,0.5333805
00052_id00234_M3g5KRLJB60_faceswap_id01018_wavtolip.mp4,1,FVFA,1,0.13372093532479262,0.5333805
00046_id00330_zCFFgGSIZ_s_faceswap_id00325_wavtolip.mp4,1,FVFA,1,0.13371399023310995,0.5333788
00046_id00330_zCFFgGSIZ_s_faceswap_id00403_wavtolip.mp4,1,FVFA,1,0.13371399023310995,0.5333788
00046_id00330_zCFFgGSIZ_s_faceswap_id00633_wavtolip.mp4,1,FVFA,1,0.13371399023310995,0.5333788
00046_id00330_zCFFgGSIZ_s_faceswap_id00806_wavtolip.mp4,1,FVFA,1,0.13371399023310995,0.5333788
00046_id00330_zCFFgGSIZ_s_faceswap_id00823_wavtolip.mp4,1,FVFA,1,0.1337142297189766,0.53337884
00202_id03844_AEAEN1Lns2c_faceswap_id00395_wavtolip.mp4,1,FVFA,1,0.1337173430355892,0.5333796
00202_id03844_AEAEN1Lns2c_faceswap_id00484_wavtolip.mp4,1,FVFA,1,0.13371782200743312,0.53337973
00202_id03844_AEAEN1Lns2c_faceswap_id00826_wavtolip.mp4,1,FVFA,1,0.13371782200743312,0.53337973
00202_id03844_AEAEN1Lns2c_faceswap_id01002_wavtolip.mp4,1,FVFA,1,0.13371782200743312,0.53337973
00122_id00633_UXrTMta1EDM_faceswap_id00569_wavtolip.mp4,1,FVFA,1,0.13372069583881876,0.53338045
00122_id00633_UXrTMta1EDM_faceswap_id01002_wavtolip.mp4,1,FVFA,1,0.13372069583881876,0.53338045
00122_id00633_UXrTMta1EDM_faceswap_id03620_wavtolip.mp4,1,FVFA,1,0.13372069583881876,0.53338045
00122_id00633_UXrTMta1EDM_faceswap_id03716_wavtolip.mp4,1,FVFA,1,0.13372069583881876,0.53338045
00122_id00633_UXrTMta1EDM_faceswap_id03941_wavtolip.mp4,1,FVFA,1,0.13372069583881876,0.53338045
00027_id00395_wM5kGJfTtEM_faceswap_id00271_wavtolip.mp4,1,FVFA,1,0.1337127928038351,0.5333785
00027_id00395_wM5kGJfTtEM_faceswap_id00330_wavtolip.mp4,1,FVFA,1,0.1337127928038351,0.5333785
00027_id00395_wM5kGJfTtEM_faceswap_id00496_wavtolip.mp4,1,FVFA,1,0.1337127928038351,0.5333785
00027_id00395_wM5kGJfTtEM_faceswap_id03649_wavtolip.mp4,1,FVFA,1,0.1337127928038351,0.5333785
00027_id00395_wM5kGJfTtEM_faceswap_id03651_wavtolip.mp4,1,FVFA,1,0.1337127928038351,0.5333785
00015_id00262_3p7sRWAAh1Q_faceswap_id00188_wavtolip.mp4,1,FVFA,1,0.1337226117267156,0.5333809
00015_id00262_3p7sRWAAh1Q_faceswap_id00234_wavtolip.mp4,1,FVFA,1,0.1337223722407151,0.53338087
00015_id00262_3p7sRWAAh1Q_faceswap_id00374_wavtolip.mp4,1,FVFA,1,0.1337223722407151,0.53338087
00239_0_id00330_wavtolip.mp4,1,FVFA,1,0.13372069583881876,0.53338045
00239_0_id00491_wavtolip.mp4,1,FVFA,1,0.13372069583881876,0.53338045
00239_0_id03589_wavtolip.mp4,1,FVFA,1,0.13372069583881876,0.53338045
00239_0_id03816_wavtolip.mp4,1,FVFA,1,0.13372069583881876,0.53338045
00239_0_id03941_wavtolip.mp4,1,FVFA,1,0.13372069583881876,0.53338045
00239_1_id00262_wavtolip.mp4,1,FVFA,1,0.13371542714836632,0.53337914
00239_1_id00735_wavtolip.mp4,1,FVFA,1,0.13371542714836632,0.53337914
00239_1_id01002_wavtolip.mp4,1,FVFA,1,0.13371542714836632,0.53337914
00239_1_id03649_wavtolip.mp4,1,FVFA,1,0.13371542714836632,0.53337914
00239_1_id03716_wavtolip.mp4,1,FVFA,1,0.13371542714836632,0.53337914
00239_2_id00287_wavtolip.mp4,1,FVFA,1,0.13372021686688296,0.5333803
00239_2_id00332_wavtolip.mp4,1,FVFA,1,0.13372021686688296,0.5333803
00239_2_id00633_wavtolip.mp4,1,FVFA,1,0.13372021686688296,0.5333803
00239_2_id00735_wavtolip.mp4,1,FVFA,1,0.13372021686688296,0.5333803
00239_2_id03371_wavtolip.mp4,1,FVFA,1,0.1337199773809208,0.53338027
00010_id03371_truKMXt8Dak_faceswap_id00271_wavtolip.mp4,1,FVFA,1,0.13372428812882617,0.53338134
00010_id03371_truKMXt8Dak_faceswap_id00330_wavtolip.mp4,1,FVFA,1,0.13372428812882617,0.53338134
00010_id03371_truKMXt8Dak_faceswap_id00496_wavtolip.mp4,1,FVFA,1,0.13372428812882617,0.53338134
00010_id03371_truKMXt8Dak_faceswap_id01018_wavtolip.mp4,1,FVFA,1,0.13372428812882617,0.53338134
00130_id00634_z5t9oJizDQg_faceswap_id00071_wavtolip.mp4,1,FVFA,1,0.13372069583881876,0.53338045
00130_id00634_z5t9oJizDQg_faceswap_id00325_wavtolip.mp4,1,FVFA,1,0.13372093532479262,0.5333805
00130_id00634_z5t9oJizDQg_faceswap_id00395_wavtolip.mp4,1,FVFA,1,0.13372093532479262,0.5333805
00130_id00634_z5t9oJizDQg_faceswap_id00591_wavtolip.mp4,1,FVFA,1,0.13372093532479262,0.5333805
00130_id00634_z5t9oJizDQg_faceswap_id00823_wavtolip.mp4,1,FVFA,1,0.13372093532479262,0.5333805
00001_id00897_0ayFw8JhoyI_faceswap_id00262_wavtolip.mp4,1,FVFA,1,0.1337192589230572,0.5333801
00001_id00897_0ayFw8JhoyI_faceswap_id00633_wavtolip.mp4,1,FVFA,1,0.1337192589230572,0.5333801
00001_id00897_0ayFw8JhoyI_faceswap_id03371_wavtolip.mp4,1,FVFA,1,0.1337192589230572,0.5333801
00088_id01002_eQTviHjyISo_faceswap_id00232_wavtolip.mp4,1,FVFA,1,0.1337197378949623,0.5333802
00088_id01002_eQTviHjyISo_faceswap_id00270_wavtolip.mp4,1,FVFA,1,0.1337199773809208,0.53338027
00088_id01002_eQTviHjyISo_faceswap_id00735_wavtolip.mp4,1,FVFA,1,0.1337199773809208,0.53338027
00088_id01002_eQTviHjyISo_faceswap_id03620_wavtolip.mp4,1,FVFA,1,0.13372021686688296,0.5333803
00078_id03649_389qfFqUddI_faceswap_id00188_wavtolip.mp4,1,FVFA,1,0.13372380915677548,0.5333812
00078_id03649_389qfFqUddI_faceswap_id00569_wavtolip.mp4,1,FVFA,1,0.1337235696707558,0.53338116
00078_id03649_389qfFqUddI_faceswap_id00581_wavtolip.mp4,1,FVFA,1,0.1337235696707558,0.53338116
00078_id03649_389qfFqUddI_faceswap_id01002_wavtolip.mp4,1,FVFA,1,0.1337235696707558,0.53338116
00078_id03649_389qfFqUddI_faceswap_id03941_wavtolip.mp4,1,FVFA,1,0.1337235696707558,0.53338116
00037_id03844_AEAEN1Lns2c_faceswap_id00234_wavtolip.mp4,1,FVFA,1,0.13371327177553366,0.5333786
00037_id03844_AEAEN1Lns2c_faceswap_id00328_wavtolip.mp4,1,FVFA,1,0.13371303228968237,0.53337854
00037_id03844_AEAEN1Lns2c_faceswap_id00332_wavtolip.mp4,1,FVFA,1,0.13371327177553366,0.5333786
00037_id03844_AEAEN1Lns2c_faceswap_id00373_wavtolip.mp4,1,FVFA,1,0.13371327177553366,0.5333786
00037_id03844_AEAEN1Lns2c_faceswap_id00569_wavtolip.mp4,1,FVFA,1,0.13371303228968237,0.53337854
00005_id00379_fgkgYHCuk4g_faceswap_id00188_wavtolip.mp4,1,FVFA,1,0.13371399023310995,0.5333788
00005_id00379_fgkgYHCuk4g_faceswap_id00232_wavtolip.mp4,1,FVFA,1,0.13371399023310995,0.5333788
00005_id00379_fgkgYHCuk4g_faceswap_id00403_wavtolip.mp4,1,FVFA,1,0.13371399023310995,0.5333788
00005_id00379_fgkgYHCuk4g_faceswap_id00569_wavtolip.mp4,1,FVFA,1,0.13371399023310995,0.5333788
00169_id00897_0ayFw8JhoyI_faceswap_id00234_wavtolip.mp4,1,FVFA,1,0.13372045635284893,0.5333804
00169_id00897_0ayFw8JhoyI_faceswap_id00271_wavtolip.mp4,1,FVFA,1,0.13372021686688296,0.5333803
00169_id00897_0ayFw8JhoyI_faceswap_id00634_wavtolip.mp4,1,FVFA,1,0.13372021686688296,0.5333803
00169_id00897_0ayFw8JhoyI_faceswap_id03716_wavtolip.mp4,1,FVFA,1,0.13372021686688296,0.5333803
00169_id00897_0ayFw8JhoyI_faceswap_id03844_wavtolip.mp4,1,FVFA,1,0.13372021686688296,0.5333803
00125_id00395_wM5kGJfTtEM_faceswap_id00332_wavtolip.mp4,1,FVFA,1,0.1337082425734631,0.53337735
00125_id00395_wM5kGJfTtEM_faceswap_id00379_wavtolip.mp4,1,FVFA,1,0.13370848205923763,0.5333774
00125_id00395_wM5kGJfTtEM_faceswap_id03651_wavtolip.mp4,1,FVFA,1,0.13370991897396572,0.53337777
00125_id00395_wM5kGJfTtEM_faceswap_id03858_wavtolip.mp4,1,FVFA,1,0.1337082425734631,0.53337735
00125_id00395_wM5kGJfTtEM_faceswap_id03941_wavtolip.mp4,1,FVFA,1,0.13370848205923763,0.5333774
00065_id00581_7AxvP19LGKg_faceswap_id00071_wavtolip.mp4,1,FVFA,1,0.13372141429675144,0.5333806
00065_id00581_7AxvP19LGKg_faceswap_id00188_wavtolip.mp4,1,FVFA,1,0.1337211748107701,0.53338057
00065_id00581_7AxvP19LGKg_faceswap_id00806_wavtolip.mp4,1,FVFA,1,0.13372141429675144,0.5333806
00065_id00581_7AxvP19LGKg_faceswap_id00823_wavtolip.mp4,1,FVFA,1,0.1337211748107701,0.53338057
00065_id00581_7AxvP19LGKg_faceswap_id01018_wavtolip.mp4,1,FVFA,1,0.13372141429675144,0.5333806
00005_id00591_1Jo8xElXQMs_faceswap_id00188_wavtolip.mp4,1,FVFA,1,0.13371662457785197,0.53337944
00005_id00591_1Jo8xElXQMs_faceswap_id00332_wavtolip.mp4,1,FVFA,1,0.13371662457785197,0.53337944
00005_id00591_1Jo8xElXQMs_faceswap_id00735_wavtolip.mp4,1,FVFA,1,0.1337168640637606,0.5333795
00005_id00591_1Jo8xElXQMs_faceswap_id00897_wavtolip.mp4,1,FVFA,1,0.1337161456060462,0.5333793
00005_id00591_1Jo8xElXQMs_faceswap_id03858_wavtolip.mp4,1,FVFA,1,0.13371662457785197,0.53337944
00086_id00633_UXrTMta1EDM_faceswap_id00330_wavtolip.mp4,1,FVFA,1,0.1337149481765989,0.533379
00086_id00633_UXrTMta1EDM_faceswap_id00395_wavtolip.mp4,1,FVFA,1,0.1337173430355892,0.5333796
00086_id00633_UXrTMta1EDM_faceswap_id00495_wavtolip.mp4,1,FVFA,1,0.13371758252150934,0.5333797
00086_id00633_UXrTMta1EDM_faceswap_id00897_wavtolip.mp4,1,FVFA,1,0.1337149481765989,0.533379
00086_id00633_UXrTMta1EDM_faceswap_id03651_wavtolip.mp4,1,FVFA,1,0.13371758252150934,0.5333797
00043_id00633_UXrTMta1EDM_faceswap_id00042_wavtolip.mp4,1,FVFA,1,0.13372093532479262,0.5333805
00043_id00633_UXrTMta1EDM_faceswap_id00365_wavtolip.mp4,1,FVFA,1,0.13372093532479262,0.5333805
00043_id00633_UXrTMta1EDM_faceswap_id00897_wavtolip.mp4,1,FVFA,1,0.13372093532479262,0.5333805
00043_id00633_UXrTMta1EDM_faceswap_id03620_wavtolip.mp4,1,FVFA,1,0.13372093532479262,0.5333805
00072_id00569_gSynmpwioV4_faceswap_id00232_wavtolip.mp4,1,FVFA,1,0.13371662457785197,0.53337944
00072_id00569_gSynmpwioV4_faceswap_id00262_wavtolip.mp4,1,FVFA,1,0.13371662457785197,0.53337944
00072_id00569_gSynmpwioV4_faceswap_id00270_wavtolip.mp4,1,FVFA,1,0.1337173430355892,0.5333796
00072_id00569_gSynmpwioV4_faceswap_id00330_wavtolip.mp4,1,FVFA,1,0.1337168640637606,0.5333795
00430_id00581_7AxvP19LGKg_faceswap_id00234_wavtolip.mp4,1,FVFA,1,0.1337223722407151,0.53338087
00430_id00581_7AxvP19LGKg_faceswap_id00823_wavtolip.mp4,1,FVFA,1,0.1337223722407151,0.53338087
00430_id00581_7AxvP19LGKg_faceswap_id00897_wavtolip.mp4,1,FVFA,1,0.1337223722407151,0.53338087
00430_id00581_7AxvP19LGKg_faceswap_id03371_wavtolip.mp4,1,FVFA,1,0.1337223722407151,0.53338087
00002_id00495_E46aiMUC4A0_faceswap_id00271_wavtolip.mp4,1,FVFA,1,0.13372141429675144,0.5333806
00002_id00495_E46aiMUC4A0_faceswap_id00328_wavtolip.mp4,1,FVFA,1,0.1337211748107701,0.53338057
00002_id00495_E46aiMUC4A0_faceswap_id00434_wavtolip.mp4,1,FVFA,1,0.13372093532479262,0.5333805
00002_id00495_E46aiMUC4A0_faceswap_id01002_wavtolip.mp4,1,FVFA,1,0.13372141429675144,0.5333806
00081_id00496_SImaDcXQnh8_faceswap_id00234_wavtolip.mp4,1,FVFA,1,0.13371949840900782,0.53338015
00081_id00496_SImaDcXQnh8_faceswap_id00332_wavtolip.mp4,1,FVFA,1,0.1337197378949623,0.5333802
00081_id00496_SImaDcXQnh8_faceswap_id03589_wavtolip.mp4,1,FVFA,1,0.13371949840900782,0.53338015
00081_id00496_SImaDcXQnh8_faceswap_id03649_wavtolip.mp4,1,FVFA,1,0.13372045635284893,0.5333804
00001_id00634_z5t9oJizDQg_faceswap_id00325_wavtolip.mp4,1,FVFA,1,0.13372093532479262,0.5333805
00001_id00634_z5t9oJizDQg_faceswap_id00495_wavtolip.mp4,1,FVFA,1,0.13372093532479262,0.5333805
00001_id00634_z5t9oJizDQg_faceswap_id03844_wavtolip.mp4,1,FVFA,1,0.13372093532479262,0.5333805
00092_id03716_s-lxbGafZQA_faceswap_id00403_wavtolip.mp4,1,FVFA,1,0.1337226117267156,0.5333809
00092_id03716_s-lxbGafZQA_faceswap_id00434_wavtolip.mp4,1,FVFA,1,0.1337226117267156,0.5333809
00092_id03716_s-lxbGafZQA_faceswap_id00813_wavtolip.mp4,1,FVFA,1,0.1337226117267156,0.5333809
00092_id03716_s-lxbGafZQA_faceswap_id01018_wavtolip.mp4,1,FVFA,1,0.1337226117267156,0.5333809
00092_id03716_s-lxbGafZQA_faceswap_id03858_wavtolip.mp4,1,FVFA,1,0.1337226117267156,0.5333809
00040_id03651_EjcoRkL6loI_faceswap_id00234_wavtolip.mp4,1,FVFA,1,0.1337211748107701,0.53338057
00040_id03651_EjcoRkL6loI_faceswap_id00403_wavtolip.mp4,1,FVFA,1,0.1337211748107701,0.53338057
00040_id03651_EjcoRkL6loI_faceswap_id00735_wavtolip.mp4,1,FVFA,1,0.13372141429675144,0.5333806
00040_id03651_EjcoRkL6loI_faceswap_id01002_wavtolip.mp4,1,FVFA,1,0.1337211748107701,0.53338057
00040_id03651_EjcoRkL6loI_faceswap_id03844_wavtolip.mp4,1,FVFA,1,0.13372141429675144,0.5333806
00093_id03941_SsYtP8Ze88Q_faceswap_id00287_wavtolip.mp4,1,FVFA,1,0.13371901943711018,0.53338003
00093_id03941_SsYtP8Ze88Q_faceswap_id00325_wavtolip.mp4,1,FVFA,1,0.1337187799511672,0.53338
00093_id03941_SsYtP8Ze88Q_faceswap_id00813_wavtolip.mp4,1,FVFA,1,0.1337187799511672,0.53338
00093_id03941_SsYtP8Ze88Q_faceswap_id00826_wavtolip.mp4,1,FVFA,1,0.13371901943711018,0.53338003
00093_id03941_SsYtP8Ze88Q_faceswap_id03716_wavtolip.mp4,1,FVFA,1,0.1337187799511672,0.53338
00028_id00484_u7YTz8eFZv0_faceswap_id00374_wavtolip.mp4,1,FVFA,1,0.13371854046522788,0.5333799
00028_id00484_u7YTz8eFZv0_faceswap_id00591_wavtolip.mp4,1,FVFA,1,0.13371854046522788,0.5333799
00028_id00484_u7YTz8eFZv0_faceswap_id00735_wavtolip.mp4,1,FVFA,1,0.13371854046522788,0.5333799
00028_id00484_u7YTz8eFZv0_faceswap_id03620_wavtolip.mp4,1,FVFA,1,0.13371854046522788,0.5333799
00092_id00395_wM5kGJfTtEM_faceswap_id00262_wavtolip.mp4,1,FVFA,1,0.1337173430355892,0.5333796
00092_id00395_wM5kGJfTtEM_faceswap_id00365_wavtolip.mp4,1,FVFA,1,0.13371758252150934,0.5333797
00092_id00395_wM5kGJfTtEM_faceswap_id00374_wavtolip.mp4,1,FVFA,1,0.13371758252150934,0.5333797
00092_id00395_wM5kGJfTtEM_faceswap_id00496_wavtolip.mp4,1,FVFA,1,0.1337173430355892,0.5333796
00092_id00395_wM5kGJfTtEM_faceswap_id01018_wavtolip.mp4,1,FVFA,1,0.1337173430355892,0.5333796
00021_id03816_XXD0yTNei50_faceswap_id00328_wavtolip.mp4,1,FVFA,1,0.13371327177553366,0.5333786
00021_id03816_XXD0yTNei50_faceswap_id00379_wavtolip.mp4,1,FVFA,1,0.13371303228968237,0.53337854
00021_id03816_XXD0yTNei50_faceswap_id00484_wavtolip.mp4,1,FVFA,1,0.13371351126138858,0.53337866
00021_id03816_XXD0yTNei50_faceswap_id00591_wavtolip.mp4,1,FVFA,1,0.13371399023310995,0.5333788
00021_id03816_XXD0yTNei50_faceswap_id03649_wavtolip.mp4,1,FVFA,1,0.13371375074724734,0.5333787
00028_id00287_2NpfYjyMsPM.mp4,1,FVRA,1,0.13370991897396572,0.53337777
00028_id00325_4vJtbNe0L98.mp4,1,FVRA,1,0.13371039794557218,0.5333779
00028_id00330_zCFFgGSIZ_s.mp4,1,FVRA,1,0.13370704514464746,0.53337705
00028_id00374_w1qI7y9AGTc.mp4,1,FVRA,1,0.13370967948816814,0.5333777
00028_id00569_gSynmpwioV4.mp4,1,FVRA,1,0.13371063743138129,0.53337795
00028_id01002_eQTviHjyISo.mp4,1,FVRA,1,0.13370872154501603,0.53337747
00028_id03589_9NxOQlwpMys.mp4,1,FVRA,1,0.13371039794557218,0.5333779
00028_id03620_YkXM5A8w07E.mp4,1,FVRA,1,0.13370848205923763,0.5333774
00028_id03649_389qfFqUddI.mp4,1,FVRA,1,0.13370967948816814,0.5333777
00028_id03651_EjcoRkL6loI.mp4,1,FVRA,1,0.13370991897396572,0.53337777
00004_id00232_kL0cCveU1zg.mp4,1,FVRA,1,0.1336926760063265,0.5333735
00004_id00365_XV-imLNJvfk.mp4,1,FVRA,1,0.13369339446291537,0.53337365
00004_id00395_wM5kGJfTtEM.mp4,1,FVRA,1,0.133690041665796,0.5333728
00004_id00484_u7YTz8eFZv0.mp4,1,FVRA,1,0.1336926760063265,0.5333735
00004_id00495_E46aiMUC4A0.mp4,1,FVRA,1,0.13369243652080465,0.5333734
00004_id00581_7AxvP19LGKg.mp4,1,FVRA,1,0.13369171806426186,0.53337324
00004_id00826_MYagwzy91Yk.mp4,1,FVRA,1,0.1336921970352866,0.53337336
00004_id03371_truKMXt8Dak.mp4,1,FVRA,1,0.13369315497738177,0.5333736
00004_id03589_9NxOQlwpMys.mp4,1,FVRA,1,0.1336943524050871,0.5333739
00004_id03844_AEAEN1Lns2c.mp4,1,FVRA,1,0.1336943524050871,0.5333739
00014_id00188_e-vm5FB3idA.mp4,1,FVRA,1,0.13372141429675144,0.5333806
00014_id00232_kL0cCveU1zg.mp4,1,FVRA,1,0.13372141429675144,0.5333806
00014_id00262_3p7sRWAAh1Q.mp4,1,FVRA,1,0.13372093532479262,0.5333805
00014_id00270_hoEQ70-sDME.mp4,1,FVRA,1,0.13372021686688296,0.5333803
00014_id00379_fgkgYHCuk4g.mp4,1,FVRA,1,0.13372093532479262,0.5333805
00014_id00581_7AxvP19LGKg.mp4,1,FVRA,1,0.1337211748107701,0.53338057
00014_id00735_ivJSkq5hGOQ.mp4,1,FVRA,1,0.13372093532479262,0.5333805
00014_id00897_0ayFw8JhoyI.mp4,1,FVRA,1,0.13372069583881876,0.53338045
00014_id03371_truKMXt8Dak.mp4,1,FVRA,1,0.13372093532479262,0.5333805
00014_id03816_XXD0yTNei50.mp4,1,FVRA,1,0.13372045635284893,0.5333804
00020_id00270_hoEQ70-sDME.mp4,1,FVRA,1,0.13371782200743312,0.53337973
00020_id00373_5NXv3Dxkd6E.mp4,1,FVRA,1,0.1337192589230572,0.5333801
00020_id00374_w1qI7y9AGTc.mp4,1,FVRA,1,0.13371854046522788,0.5333799
00020_id00379_fgkgYHCuk4g.mp4,1,FVRA,1,0.1337187799511672,0.53338
00020_id00491_ShjiTWoOtM4.mp4,1,FVRA,1,0.13371782200743312,0.53337973
00020_id00569_gSynmpwioV4.mp4,1,FVRA,1,0.13371901943711018,0.53338003
00020_id00633_UXrTMta1EDM.mp4,1,FVRA,1,0.13371854046522788,0.5333799
00020_id00897_0ayFw8JhoyI.mp4,1,FVRA,1,0.1337187799511672,0.53338
00020_id01018_VNPt_GB5QiE.mp4,1,FVRA,1,0.13371901943711018,0.53338003
00020_id03649_389qfFqUddI.mp4,1,FVRA,1,0.1337192589230572,0.5333801
00025_id00068_A7uFnQw--bY.mp4,1,FVRA,1,0.1337168640637606,0.5333795
00025_id00287_2NpfYjyMsPM.mp4,1,FVRA,1,0.13371710354967287,0.53337955
00025_id00332__zNddcZV1EU.mp4,1,FVRA,1,0.13371638509194717,0.5333794
00025_id00365_XV-imLNJvfk.mp4,1,FVRA,1,0.13371638509194717,0.5333794
00025_id00484_u7YTz8eFZv0.mp4,1,FVRA,1,0.1337168640637606,0.5333795
00025_id00495_E46aiMUC4A0.mp4,1,FVRA,1,0.13371638509194717,0.5333794
00025_id00897_0ayFw8JhoyI.mp4,1,FVRA,1,0.13371662457785197,0.53337944
00025_id01018_VNPt_GB5QiE.mp4,1,FVRA,1,0.13371662457785197,0.53337944
00025_id03844_AEAEN1Lns2c.mp4,1,FVRA,1,0.1337173430355892,0.5333796
00025_id03858_uKVqPfRf-ac.mp4,1,FVRA,1,0.13371638509194717,0.5333794
00063_id00188_e-vm5FB3idA.mp4,1,FVRA,1,0.13371854046522788,0.5333799
00063_id00271_je6JSLqEEcw.mp4,1,FVRA,1,0.13371806149336093,0.5333798
00063_id00330_zCFFgGSIZ_s.mp4,1,FVRA,1,0.13371758252150934,0.5333797
00063_id00332__zNddcZV1EU.mp4,1,FVRA,1,0.1337183009792926,0.53337985
00063_id00403_n4LSCxzFr6o.mp4,1,FVRA,1,0.13371758252150934,0.5333797
00063_id00434_HPXkk-HGXVI.mp4,1,FVRA,1,0.1337183009792926,0.53337985
00063_id00491_ShjiTWoOtM4.mp4,1,FVRA,1,0.13371758252150934,0.5333797
00063_id00897_0ayFw8JhoyI.mp4,1,FVRA,1,0.1337183009792926,0.53337985
00063_id01002_eQTviHjyISo.mp4,1,FVRA,1,0.13371758252150934,0.5333797
00063_id03371_truKMXt8Dak.mp4,1,FVRA,1,0.1337183009792926,0.53337985
00028_id00071_JU1cVINUTZA.mp4,1,FVRA,1,0.13372309069872812,0.53338104
00028_id00270_hoEQ70-sDME.mp4,1,FVRA,1,0.1337223722407151,0.53338087
00028_id00287_2NpfYjyMsPM.mp4,1,FVRA,1,0.13372333018473995,0.5333811
00028_id00395_wM5kGJfTtEM.mp4,1,FVRA,1,0.13372285121271996,0.533381
00028_id00495_E46aiMUC4A0.mp4,1,FVRA,1,0.13372309069872812,0.53338104
00028_id00496_SImaDcXQnh8.mp4,1,FVRA,1,0.13372309069872812,0.53338104
00028_id00633_UXrTMta1EDM.mp4,1,FVRA,1,0.13372285121271996,0.533381
00028_id00813_dKs9CWJIkSI.mp4,1,FVRA,1,0.1337226117267156,0.5333809
00028_id03816_XXD0yTNei50.mp4,1,FVRA,1,0.1337226117267156,0.5333809
00028_id03941_SsYtP8Ze88Q.mp4,1,FVRA,1,0.13372333018473995,0.5333811
00088_id00188_e-vm5FB3idA.mp4,1,FVRA,1,0.1337173430355892,0.5333796
00088_id00262_3p7sRWAAh1Q.mp4,1,FVRA,1,0.13371662457785197,0.53337944
00088_id00287_2NpfYjyMsPM.mp4,1,FVRA,1,0.1337168640637606,0.5333795
00088_id00332__zNddcZV1EU.mp4,1,FVRA,1,0.13371638509194717,0.5333794
00088_id00379_fgkgYHCuk4g.mp4,1,FVRA,1,0.13371662457785197,0.53337944
00088_id00395_wM5kGJfTtEM.mp4,1,FVRA,1,0.13371638509194717,0.5333794
00088_id00569_gSynmpwioV4.mp4,1,FVRA,1,0.1337168640637606,0.5333795
00088_id00591_1Jo8xElXQMs.mp4,1,FVRA,1,0.13371638509194717,0.5333794
00088_id00633_UXrTMta1EDM.mp4,1,FVRA,1,0.13371662457785197,0.53337944
00088_id03858_uKVqPfRf-ac.mp4,1,FVRA,1,0.13371662457785197,0.53337944
00028_id00287_2NpfYjyMsPM.mp4,1,FVRA,1,0.1337199773809208,0.53338027
00028_id00330_zCFFgGSIZ_s.mp4,1,FVRA,1,0.1337192589230572,0.5333801
00028_id00365_XV-imLNJvfk.mp4,1,FVRA,1,0.1337199773809208,0.53338027
00028_id00395_wM5kGJfTtEM.mp4,1,FVRA,1,0.1337199773809208,0.53338027
00028_id00484_u7YTz8eFZv0.mp4,1,FVRA,1,0.1337199773809208,0.53338027
00028_id00495_E46aiMUC4A0.mp4,1,FVRA,1,0.13372021686688296,0.5333803
00028_id00633_UXrTMta1EDM.mp4,1,FVRA,1,0.1337197378949623,0.5333802
00028_id00634_z5t9oJizDQg.mp4,1,FVRA,1,0.1337199773809208,0.53338027
00028_id00826_MYagwzy91Yk.mp4,1,FVRA,1,0.1337199773809208,0.53338027
00028_id03844_AEAEN1Lns2c.mp4,1,FVRA,1,0.1337199773809208,0.53338027
00005_id00262_3p7sRWAAh1Q.mp4,1,FVRA,1,0.13371949840900782,0.53338015
00005_id00270_hoEQ70-sDME.mp4,1,FVRA,1,0.13371854046522788,0.5333799
00005_id00271_je6JSLqEEcw.mp4,1,FVRA,1,0.1337192589230572,0.5333801
00005_id00325_4vJtbNe0L98.mp4,1,FVRA,1,0.13371949840900782,0.53338015
00005_id00379_fgkgYHCuk4g.mp4,1,FVRA,1,0.1337192589230572,0.5333801
00005_id00403_n4LSCxzFr6o.mp4,1,FVRA,1,0.1337192589230572,0.5333801
00005_id00496_SImaDcXQnh8.mp4,1,FVRA,1,0.13371949840900782,0.53338015
00005_id01002_eQTviHjyISo.mp4,1,FVRA,1,0.13371854046522788,0.5333799
00005_id03589_9NxOQlwpMys.mp4,1,FVRA,1,0.13371949840900782,0.53338015
00005_id03620_YkXM5A8w07E.mp4,1,FVRA,1,0.1337183009792926,0.53337985
00015_id00042_4yuJSkaZwn0.mp4,1,FVRA,1,0.1337161456060462,0.5333793
00015_id00287_2NpfYjyMsPM.mp4,1,FVRA,1,0.1337161456060462,0.5333793
00015_id00365_XV-imLNJvfk.mp4,1,FVRA,1,0.13371566663425577,0.5333792
00015_id00591_1Jo8xElXQMs.mp4,1,FVRA,1,0.1337149481765989,0.533379
00015_id00633_UXrTMta1EDM.mp4,1,FVRA,1,0.13371542714836632,0.53337914
00015_id00897_0ayFw8JhoyI.mp4,1,FVRA,1,0.13371566663425577,0.5333792
00015_id01002_eQTviHjyISo.mp4,1,FVRA,1,0.13371446920484686,0.5333789
00015_id03620_YkXM5A8w07E.mp4,1,FVRA,1,0.13371446920484686,0.5333789
00015_id03649_389qfFqUddI.mp4,1,FVRA,1,0.13371590612014905,0.53337926
00015_id03651_EjcoRkL6loI.mp4,1,FVRA,1,0.13371566663425577,0.5333792
00092_id00188_e-vm5FB3idA.mp4,1,FVRA,1,0.1337226117267156,0.5333809
00092_id00232_kL0cCveU1zg.mp4,1,FVRA,1,0.1337226117267156,0.5333809
00092_id00373_5NXv3Dxkd6E.mp4,1,FVRA,1,0.1337226117267156,0.5333809
00092_id00403_n4LSCxzFr6o.mp4,1,FVRA,1,0.1337223722407151,0.53338087
00092_id00484_u7YTz8eFZv0.mp4,1,FVRA,1,0.1337226117267156,0.5333809
00092_id00495_E46aiMUC4A0.mp4,1,FVRA,1,0.1337226117267156,0.5333809
00092_id03371_truKMXt8Dak.mp4,1,FVRA,1,0.1337226117267156,0.5333809
00092_id03620_YkXM5A8w07E.mp4,1,FVRA,1,0.1337218932687256,0.53338075
00092_id03844_AEAEN1Lns2c.mp4,1,FVRA,1,0.1337226117267156,0.5333809
00092_id03858_uKVqPfRf-ac.mp4,1,FVRA,1,0.13372213275471842,0.5333808
00118_id00332__zNddcZV1EU.mp4,1,FVRA,1,0.1337183009792926,0.53337985
00118_id00365_XV-imLNJvfk.mp4,1,FVRA,1,0.13371854046522788,0.5333799
00118_id00374_w1qI7y9AGTc.mp4,1,FVRA,1,0.13371806149336093,0.5333798
00118_id00434_HPXkk-HGXVI.mp4,1,FVRA,1,0.13371901943711018,0.53338003
00118_id00491_ShjiTWoOtM4.mp4,1,FVRA,1,0.13371758252150934,0.5333797
00118_id00581_7AxvP19LGKg.mp4,1,FVRA,1,0.1337183009792926,0.53337985
00118_id00823_KgExwCvgrUk.mp4,1,FVRA,1,0.13371758252150934,0.5333797
00118_id00897_0ayFw8JhoyI.mp4,1,FVRA,1,0.1337183009792926,0.53337985
00118_id03371_truKMXt8Dak.mp4,1,FVRA,1,0.1337183009792926,0.53337985
00118_id03844_AEAEN1Lns2c.mp4,1,FVRA,1,0.1337187799511672,0.53338
00293_id00234_M3g5KRLJB60.mp4,1,FVRA,1,0.1337149481765989,0.533379
00293_id00270_hoEQ70-sDME.mp4,1,FVRA,1,0.13371375074724734,0.5333787
00293_id00330_zCFFgGSIZ_s.mp4,1,FVRA,1,0.13371351126138858,0.53337866
00293_id00434_HPXkk-HGXVI.mp4,1,FVRA,1,0.13371470869072097,0.53337896
00293_id00591_1Jo8xElXQMs.mp4,1,FVRA,1,0.13371399023310995,0.5333788
00293_id00633_UXrTMta1EDM.mp4,1,FVRA,1,0.13371446920484686,0.5333789
00293_id00897_0ayFw8JhoyI.mp4,1,FVRA,1,0.13371446920484686,0.5333789
00293_id03858_uKVqPfRf-ac.mp4,1,FVRA,1,0.13371470869072097,0.53337896
00078_id00068_A7uFnQw--bY.mp4,1,FVRA,1,0.1337218932687256,0.53338075
00078_id00232_kL0cCveU1zg.mp4,1,FVRA,1,0.13372213275471842,0.5333808
00078_id00287_2NpfYjyMsPM.mp4,1,FVRA,1,0.1337218932687256,0.53338075
00078_id00484_u7YTz8eFZv0.mp4,1,FVRA,1,0.1337218932687256,0.53338075
00078_id00495_E46aiMUC4A0.mp4,1,FVRA,1,0.1337218932687256,0.53338075
00078_id00813_dKs9CWJIkSI.mp4,1,FVRA,1,0.13372141429675144,0.5333806
00078_id03858_uKVqPfRf-ac.mp4,1,FVRA,1,0.1337216537827366,0.5333807
00028_id00188_e-vm5FB3idA.mp4,1,FVRA,1,0.1337199773809208,0.53338027
00028_id00328_ytKnCbJSEcU.mp4,1,FVRA,1,0.1337197378949623,0.5333802
00028_id00330_zCFFgGSIZ_s.mp4,1,FVRA,1,0.1337192589230572,0.5333801
00028_id00374_w1qI7y9AGTc.mp4,1,FVRA,1,0.13371949840900782,0.53338015
00028_id00484_u7YTz8eFZv0.mp4,1,FVRA,1,0.1337197378949623,0.5333802
00028_id00495_E46aiMUC4A0.mp4,1,FVRA,1,0.1337199773809208,0.53338027
00028_id00569_gSynmpwioV4.mp4,1,FVRA,1,0.1337199773809208,0.53338027
00028_id00589_uOzKwYEVR6s.mp4,1,FVRA,1,0.1337197378949623,0.5333802
00028_id00823_KgExwCvgrUk.mp4,1,FVRA,1,0.13371949840900782,0.53338015
00028_id00897_0ayFw8JhoyI.mp4,1,FVRA,1,0.1337197378949623,0.5333802
00311_id00188_e-vm5FB3idA.mp4,1,FVRA,1,0.1337216537827366,0.5333807
00311_id00262_3p7sRWAAh1Q.mp4,1,FVRA,1,0.1337211748107701,0.53338057
00311_id00330_zCFFgGSIZ_s.mp4,1,FVRA,1,0.13372069583881876,0.53338045
00311_id00373_5NXv3Dxkd6E.mp4,1,FVRA,1,0.1337216537827366,0.5333807
00311_id00434_HPXkk-HGXVI.mp4,1,FVRA,1,0.13372141429675144,0.5333806
00311_id00633_UXrTMta1EDM.mp4,1,FVRA,1,0.1337211748107701,0.53338057
00311_id00826_MYagwzy91Yk.mp4,1,FVRA,1,0.1337211748107701,0.53338057
00311_id00897_0ayFw8JhoyI.mp4,1,FVRA,1,0.1337211748107701,0.53338057
00311_id03620_YkXM5A8w07E.mp4,1,FVRA,1,0.13372021686688296,0.5333803
00043_id00188_e-vm5FB3idA.mp4,1,FVRA,1,0.13372309069872812,0.53338104
00043_id00262_3p7sRWAAh1Q.mp4,1,FVRA,1,0.13372285121271996,0.533381
00043_id00270_hoEQ70-sDME.mp4,1,FVRA,1,0.1337223722407151,0.53338087
00043_id00287_2NpfYjyMsPM.mp4,1,FVRA,1,0.13372333018473995,0.5333811
00043_id00496_SImaDcXQnh8.mp4,1,FVRA,1,0.13372285121271996,0.533381
00043_id00633_UXrTMta1EDM.mp4,1,FVRA,1,0.13372285121271996,0.533381
00043_id00806_0sk9s9lFIAk.mp4,1,FVRA,1,0.1337223722407151,0.53338087
00043_id00897_0ayFw8JhoyI.mp4,1,FVRA,1,0.13372285121271996,0.533381
00043_id03716_s-lxbGafZQA.mp4,1,FVRA,1,0.13372309069872812,0.53338104
00420_id00068_A7uFnQw--bY.mp4,1,FVRA,1,0.13372093532479262,0.5333805
00420_id00262_3p7sRWAAh1Q.mp4,1,FVRA,1,0.13372069583881876,0.53338045
00420_id00495_E46aiMUC4A0.mp4,1,FVRA,1,0.13372069583881876,0.53338045
00420_id00581_7AxvP19LGKg.mp4,1,FVRA,1,0.13372069583881876,0.53338045
00420_id00634_z5t9oJizDQg.mp4,1,FVRA,1,0.13372093532479262,0.5333805
00420_id00813_dKs9CWJIkSI.mp4,1,FVRA,1,0.13372021686688296,0.5333803
00420_id00823_KgExwCvgrUk.mp4,1,FVRA,1,0.13372021686688296,0.5333803
00420_id03716_s-lxbGafZQA.mp4,1,FVRA,1,0.13372069583881876,0.53338045
00420_id03816_XXD0yTNei50.mp4,1,FVRA,1,0.1337199773809208,0.53338027
00420_id03858_uKVqPfRf-ac.mp4,1,FVRA,1,0.13372045635284893,0.5333804
00052_id00071_JU1cVINUTZA.mp4,1,FVRA,1,0.13372069583881876,0.53338045
00052_id00188_e-vm5FB3idA.mp4,1,FVRA,1,0.1337211748107701,0.53338057
00052_id00234_M3g5KRLJB60.mp4,1,FVRA,1,0.13372069583881876,0.53338045
00052_id00271_je6JSLqEEcw.mp4,1,FVRA,1,0.13372045635284893,0.5333804
00052_id00287_2NpfYjyMsPM.mp4,1,FVRA,1,0.13372093532479262,0.5333805
00052_id00373_5NXv3Dxkd6E.mp4,1,FVRA,1,0.13372069583881876,0.53338045
00052_id00374_w1qI7y9AGTc.mp4,1,FVRA,1,0.13372045635284893,0.5333804
00052_id00484_u7YTz8eFZv0.mp4,1,FVRA,1,0.13372093532479262,0.5333805
00052_id00897_0ayFw8JhoyI.mp4,1,FVRA,1,0.13372069583881876,0.53338045
00052_id03649_389qfFqUddI.mp4,1,FVRA,1,0.13372069583881876,0.53338045
00046_id00068_A7uFnQw--bY.mp4,1,FVRA,1,0.13371327177553366,0.5333786
00046_id00234_M3g5KRLJB60.mp4,1,FVRA,1,0.1337127928038351,0.5333785
00046_id00330_zCFFgGSIZ_s.mp4,1,FVRA,1,0.13371135588883135,0.5333781
00046_id00332__zNddcZV1EU.mp4,1,FVRA,1,0.13371255331799148,0.5333784
00046_id00374_w1qI7y9AGTc.mp4,1,FVRA,1,0.13371255331799148,0.5333784
00046_id00569_gSynmpwioV4.mp4,1,FVRA,1,0.13371303228968237,0.53337854
00046_id00591_1Jo8xElXQMs.mp4,1,FVRA,1,0.13371183486048405,0.53337824
00046_id00633_UXrTMta1EDM.mp4,1,FVRA,1,0.1337123138321519,0.53337836
00046_id00897_0ayFw8JhoyI.mp4,1,FVRA,1,0.1337127928038351,0.5333785
00046_id03371_truKMXt8Dak.mp4,1,FVRA,1,0.13371303228968237,0.53337854
00202_id00068_A7uFnQw--bY.mp4,1,FVRA,1,0.1337173430355892,0.5333796
00202_id00271_je6JSLqEEcw.mp4,1,FVRA,1,0.13371662457785197,0.53337944
00202_id00328_ytKnCbJSEcU.mp4,1,FVRA,1,0.13371662457785197,0.53337944
00202_id00373_5NXv3Dxkd6E.mp4,1,FVRA,1,0.1337168640637606,0.5333795
00202_id00495_E46aiMUC4A0.mp4,1,FVRA,1,0.1337168640637606,0.5333795
00202_id00569_gSynmpwioV4.mp4,1,FVRA,1,0.13371710354967287,0.53337955
00202_id00581_7AxvP19LGKg.mp4,1,FVRA,1,0.1337168640637606,0.5333795
00202_id00826_MYagwzy91Yk.mp4,1,FVRA,1,0.13371662457785197,0.53337944
00202_id03844_AEAEN1Lns2c.mp4,1,FVRA,1,0.1337173430355892,0.5333796
00202_id03858_uKVqPfRf-ac.mp4,1,FVRA,1,0.13371662457785197,0.53337944
00122_id00188_e-vm5FB3idA.mp4,1,FVRA,1,0.13372069583881876,0.53338045
00122_id00234_M3g5KRLJB60.mp4,1,FVRA,1,0.13372045635284893,0.5333804
00122_id00330_zCFFgGSIZ_s.mp4,1,FVRA,1,0.1337197378949623,0.5333802
00122_id00569_gSynmpwioV4.mp4,1,FVRA,1,0.13372069583881876,0.53338045
00122_id00591_1Jo8xElXQMs.mp4,1,FVRA,1,0.1337199773809208,0.53338027
00122_id00633_UXrTMta1EDM.mp4,1,FVRA,1,0.13372021686688296,0.5333803
00122_id01002_eQTviHjyISo.mp4,1,FVRA,1,0.1337199773809208,0.53338027
00122_id01018_VNPt_GB5QiE.mp4,1,FVRA,1,0.13372045635284893,0.5333804
00122_id03371_truKMXt8Dak.mp4,1,FVRA,1,0.13372045635284893,0.5333804
00122_id03858_uKVqPfRf-ac.mp4,1,FVRA,1,0.13372045635284893,0.5333804
00027_id00068_A7uFnQw--bY.mp4,1,FVRA,1,0.13371255331799148,0.5333784
00027_id00262_3p7sRWAAh1Q.mp4,1,FVRA,1,0.13371135588883135,0.5333781
00027_id00271_je6JSLqEEcw.mp4,1,FVRA,1,0.13371135588883135,0.5333781
00027_id00395_wM5kGJfTtEM.mp4,1,FVRA,1,0.1337108769171942,0.533378
00027_id00484_u7YTz8eFZv0.mp4,1,FVRA,1,0.13371255331799148,0.5333784
00027_id00581_7AxvP19LGKg.mp4,1,FVRA,1,0.13371183486048405,0.53337824
00027_id00634_z5t9oJizDQg.mp4,1,FVRA,1,0.1337115953746558,0.5333782
00027_id03589_9NxOQlwpMys.mp4,1,FVRA,1,0.1337123138321519,0.53337836
00027_id03858_uKVqPfRf-ac.mp4,1,FVRA,1,0.13371183486048405,0.53337824
00027_id03941_SsYtP8Ze88Q.mp4,1,FVRA,1,0.13371255331799148,0.5333784
00015_id00262_3p7sRWAAh1Q.mp4,1,FVRA,1,0.13372213275471842,0.5333808
00015_id00287_2NpfYjyMsPM.mp4,1,FVRA,1,0.1337223722407151,0.53338087
00015_id00373_5NXv3Dxkd6E.mp4,1,FVRA,1,0.1337226117267156,0.5333809
00015_id00569_gSynmpwioV4.mp4,1,FVRA,1,0.1337223722407151,0.53338087
00015_id00813_dKs9CWJIkSI.mp4,1,FVRA,1,0.13372213275471842,0.5333808
00015_id00897_0ayFw8JhoyI.mp4,1,FVRA,1,0.13372213275471842,0.5333808
00015_id03589_9NxOQlwpMys.mp4,1,FVRA,1,0.13372213275471842,0.5333808
00015_id03620_YkXM5A8w07E.mp4,1,FVRA,1,0.1337216537827366,0.5333807
00015_id03858_uKVqPfRf-ac.mp4,1,FVRA,1,0.13372213275471842,0.5333808
00239_id00188_e-vm5FB3idA.mp4,1,FVRA,1,0.1337211748107701,0.53338057
00239_id00270_hoEQ70-sDME.mp4,1,FVRA,1,0.13372021686688296,0.5333803
00239_id00373_5NXv3Dxkd6E.mp4,1,FVRA,1,0.13372093532479262,0.5333805
00239_id00484_u7YTz8eFZv0.mp4,1,FVRA,1,0.13372093532479262,0.5333805
00239_id00491_ShjiTWoOtM4.mp4,1,FVRA,1,0.13372021686688296,0.5333803
00239_id00633_UXrTMta1EDM.mp4,1,FVRA,1,0.13372069583881876,0.53338045
00239_id00897_0ayFw8JhoyI.mp4,1,FVRA,1,0.13372069583881876,0.53338045
00239_id01002_eQTviHjyISo.mp4,1,FVRA,1,0.13372021686688296,0.5333803
00239_id01018_VNPt_GB5QiE.mp4,1,FVRA,1,0.13372093532479262,0.5333805
00239_id03371_truKMXt8Dak.mp4,1,FVRA,1,0.13372093532479262,0.5333805
00010_id00068_A7uFnQw--bY.mp4,1,FVRA,1,0.13372404864279902,0.5333813
00010_id00330_zCFFgGSIZ_s.mp4,1,FVRA,1,0.1337235696707558,0.53338116
00010_id00395_wM5kGJfTtEM.mp4,1,FVRA,1,0.13372380915677548,0.5333812
00010_id00495_E46aiMUC4A0.mp4,1,FVRA,1,0.13372404864279902,0.5333813
00010_id00591_1Jo8xElXQMs.mp4,1,FVRA,1,0.13372380915677548,0.5333812
00010_id00826_MYagwzy91Yk.mp4,1,FVRA,1,0.13372380915677548,0.5333812
00010_id03371_truKMXt8Dak.mp4,1,FVRA,1,0.13372380915677548,0.5333812
00010_id03858_uKVqPfRf-ac.mp4,1,FVRA,1,0.13372380915677548,0.5333812
00130_id00271_je6JSLqEEcw.mp4,1,FVRA,1,0.13372069583881876,0.53338045
00130_id00373_5NXv3Dxkd6E.mp4,1,FVRA,1,0.13372069583881876,0.53338045
00130_id00495_E46aiMUC4A0.mp4,1,FVRA,1,0.13372069583881876,0.53338045
00130_id00591_1Jo8xElXQMs.mp4,1,FVRA,1,0.13372021686688296,0.5333803
00130_id00634_z5t9oJizDQg.mp4,1,FVRA,1,0.13372045635284893,0.5333804
00130_id00897_0ayFw8JhoyI.mp4,1,FVRA,1,0.13372069583881876,0.53338045
00130_id03589_9NxOQlwpMys.mp4,1,FVRA,1,0.13372069583881876,0.53338045
00130_id03620_YkXM5A8w07E.mp4,1,FVRA,1,0.1337199773809208,0.53338027
00130_id03649_389qfFqUddI.mp4,1,FVRA,1,0.13372069583881876,0.53338045
00130_id03858_uKVqPfRf-ac.mp4,1,FVRA,1,0.13372045635284893,0.5333804
00001_id00188_e-vm5FB3idA.mp4,1,FVRA,1,0.1337192589230572,0.5333801
00001_id00270_hoEQ70-sDME.mp4,1,FVRA,1,0.13371782200743312,0.53337973
00001_id00374_w1qI7y9AGTc.mp4,1,FVRA,1,0.1337183009792926,0.53337985
00001_id00581_7AxvP19LGKg.mp4,1,FVRA,1,0.13371854046522788,0.5333799
00001_id00633_UXrTMta1EDM.mp4,1,FVRA,1,0.13371854046522788,0.5333799
00001_id00634_z5t9oJizDQg.mp4,1,FVRA,1,0.1337187799511672,0.53338
00001_id00897_0ayFw8JhoyI.mp4,1,FVRA,1,0.13371854046522788,0.5333799
00001_id03649_389qfFqUddI.mp4,1,FVRA,1,0.1337187799511672,0.53338
00001_id03716_s-lxbGafZQA.mp4,1,FVRA,1,0.1337187799511672,0.53338
00001_id03844_AEAEN1Lns2c.mp4,1,FVRA,1,0.1337192589230572,0.5333801
00088_id00188_e-vm5FB3idA.mp4,1,FVRA,1,0.1337199773809208,0.53338027
00088_id00262_3p7sRWAAh1Q.mp4,1,FVRA,1,0.1337197378949623,0.5333802
00088_id00270_hoEQ70-sDME.mp4,1,FVRA,1,0.13371901943711018,0.53338003
00088_id00332__zNddcZV1EU.mp4,1,FVRA,1,0.13371949840900782,0.53338015
00088_id00379_fgkgYHCuk4g.mp4,1,FVRA,1,0.1337197378949623,0.5333802
00088_id00491_ShjiTWoOtM4.mp4,1,FVRA,1,0.1337192589230572,0.5333801
00088_id00569_gSynmpwioV4.mp4,1,FVRA,1,0.1337199773809208,0.53338027
00088_id00581_7AxvP19LGKg.mp4,1,FVRA,1,0.1337197378949623,0.5333802
00088_id01001_dHJc8dh9X8c.mp4,1,FVRA,1,0.13371949840900782,0.53338015
00088_id01002_eQTviHjyISo.mp4,1,FVRA,1,0.13371949840900782,0.53338015
00078_id00395_wM5kGJfTtEM.mp4,1,FVRA,1,0.13372285121271996,0.533381
00078_id00484_u7YTz8eFZv0.mp4,1,FVRA,1,0.13372333018473995,0.5333811
00078_id00495_E46aiMUC4A0.mp4,1,FVRA,1,0.13372333018473995,0.5333811
00078_id00581_7AxvP19LGKg.mp4,1,FVRA,1,0.13372333018473995,0.5333811
00078_id00589_uOzKwYEVR6s.mp4,1,FVRA,1,0.1337226117267156,0.5333809
00078_id00591_1Jo8xElXQMs.mp4,1,FVRA,1,0.1337226117267156,0.5333809
00078_id00823_KgExwCvgrUk.mp4,1,FVRA,1,0.1337226117267156,0.5333809
00078_id00826_MYagwzy91Yk.mp4,1,FVRA,1,0.1337226117267156,0.5333809
00078_id03589_9NxOQlwpMys.mp4,1,FVRA,1,0.13372309069872812,0.53338104
00078_id03649_389qfFqUddI.mp4,1,FVRA,1,0.13372285121271996,0.533381
00037_id00068_A7uFnQw--bY.mp4,1,FVRA,1,0.1337115953746558,0.5333782
00037_id00188_e-vm5FB3idA.mp4,1,FVRA,1,0.13371303228968237,0.53337854
00037_id00262_3p7sRWAAh1Q.mp4,1,FVRA,1,0.1337115953746558,0.5333782
00037_id00373_5NXv3Dxkd6E.mp4,1,FVRA,1,0.13371183486048405,0.53337824
00037_id00495_E46aiMUC4A0.mp4,1,FVRA,1,0.13371135588883135,0.5333781
00037_id00826_MYagwzy91Yk.mp4,1,FVRA,1,0.13371135588883135,0.5333781
00037_id03371_truKMXt8Dak.mp4,1,FVRA,1,0.13371255331799148,0.5333784
00037_id03844_AEAEN1Lns2c.mp4,1,FVRA,1,0.13371255331799148,0.5333784
00037_id03941_SsYtP8Ze88Q.mp4,1,FVRA,1,0.1337123138321519,0.53337836
00005_id00365_XV-imLNJvfk.mp4,1,FVRA,1,0.13371351126138858,0.53337866
00005_id00373_5NXv3Dxkd6E.mp4,1,FVRA,1,0.13371351126138858,0.53337866
00005_id00379_fgkgYHCuk4g.mp4,1,FVRA,1,0.13371351126138858,0.53337866
00005_id00569_gSynmpwioV4.mp4,1,FVRA,1,0.13371399023310995,0.5333788
00005_id00813_dKs9CWJIkSI.mp4,1,FVRA,1,0.1337127928038351,0.5333785
00005_id01002_eQTviHjyISo.mp4,1,FVRA,1,0.13371255331799148,0.5333784
00005_id03858_uKVqPfRf-ac.mp4,1,FVRA,1,0.13371327177553366,0.5333786
00169_id00262_3p7sRWAAh1Q.mp4,1,FVRA,1,0.13371949840900782,0.53338015
00169_id00330_zCFFgGSIZ_s.mp4,1,FVRA,1,0.1337183009792926,0.53337985
00169_id00365_XV-imLNJvfk.mp4,1,FVRA,1,0.1337192589230572,0.5333801
00169_id00395_wM5kGJfTtEM.mp4,1,FVRA,1,0.1337192589230572,0.5333801
00169_id00496_SImaDcXQnh8.mp4,1,FVRA,1,0.1337192589230572,0.5333801
00169_id00806_0sk9s9lFIAk.mp4,1,FVRA,1,0.1337183009792926,0.53337985
00169_id00823_KgExwCvgrUk.mp4,1,FVRA,1,0.13371854046522788,0.5333799
00169_id00897_0ayFw8JhoyI.mp4,1,FVRA,1,0.1337192589230572,0.5333801
00169_id03589_9NxOQlwpMys.mp4,1,FVRA,1,0.13371949840900782,0.53338015
00169_id03858_uKVqPfRf-ac.mp4,1,FVRA,1,0.1337192589230572,0.5333801
00125_id00262_3p7sRWAAh1Q.mp4,1,FVRA,1,0.1337077636019253,0.53337723
00125_id00330_zCFFgGSIZ_s.mp4,1,FVRA,1,0.13370512925874187,0.5333766
00125_id00373_5NXv3Dxkd6E.mp4,1,FVRA,1,0.1337077636019253,0.53337723
00125_id00395_wM5kGJfTtEM.mp4,1,FVRA,1,0.13370752411616224,0.5333772
00125_id00495_E46aiMUC4A0.mp4,1,FVRA,1,0.1337077636019253,0.53337723
00125_id00581_7AxvP19LGKg.mp4,1,FVRA,1,0.1337077636019253,0.53337723
00125_id00634_z5t9oJizDQg.mp4,1,FVRA,1,0.1337077636019253,0.53337723
00125_id00813_dKs9CWJIkSI.mp4,1,FVRA,1,0.13370752411616224,0.5333772
00125_id03589_9NxOQlwpMys.mp4,1,FVRA,1,0.13370872154501603,0.53337747
00125_id03858_uKVqPfRf-ac.mp4,1,FVRA,1,0.1337077636019253,0.53337723
00065_id00068_A7uFnQw--bY.mp4,1,FVRA,1,0.13372093532479262,0.5333805
00065_id00271_je6JSLqEEcw.mp4,1,FVRA,1,0.13372093532479262,0.5333805
00065_id00374_w1qI7y9AGTc.mp4,1,FVRA,1,0.13372045635284893,0.5333804
00065_id00484_u7YTz8eFZv0.mp4,1,FVRA,1,0.13372093532479262,0.5333805
00065_id00495_E46aiMUC4A0.mp4,1,FVRA,1,0.13372069583881876,0.53338045
00065_id00581_7AxvP19LGKg.mp4,1,FVRA,1,0.13372069583881876,0.53338045
00065_id00634_z5t9oJizDQg.mp4,1,FVRA,1,0.13372069583881876,0.53338045
00065_id00735_ivJSkq5hGOQ.mp4,1,FVRA,1,0.13372093532479262,0.5333805
00065_id03371_truKMXt8Dak.mp4,1,FVRA,1,0.13372069583881876,0.53338045
00065_id03649_389qfFqUddI.mp4,1,FVRA,1,0.13372069583881876,0.53338045
00005_id00188_e-vm5FB3idA.mp4,1,FVRA,1,0.1337161456060462,0.5333793
00005_id00234_M3g5KRLJB60.mp4,1,FVRA,1,0.13371566663425577,0.5333792
00005_id00330_zCFFgGSIZ_s.mp4,1,FVRA,1,0.1337149481765989,0.533379
00005_id00332__zNddcZV1EU.mp4,1,FVRA,1,0.13371566663425577,0.5333792
00005_id00373_5NXv3Dxkd6E.mp4,1,FVRA,1,0.13371566663425577,0.5333792
00005_id00496_SImaDcXQnh8.mp4,1,FVRA,1,0.13371566663425577,0.5333792
00005_id00569_gSynmpwioV4.mp4,1,FVRA,1,0.13371590612014905,0.53337926
00005_id00591_1Jo8xElXQMs.mp4,1,FVRA,1,0.13371542714836632,0.53337914
00005_id00813_dKs9CWJIkSI.mp4,1,FVRA,1,0.13371566663425577,0.5333792
00005_id03371_truKMXt8Dak.mp4,1,FVRA,1,0.13371566663425577,0.5333792
00086_id00188_e-vm5FB3idA.mp4,1,FVRA,1,0.1337149481765989,0.533379
00086_id00262_3p7sRWAAh1Q.mp4,1,FVRA,1,0.13371399023310995,0.5333788
00086_id00332__zNddcZV1EU.mp4,1,FVRA,1,0.13371399023310995,0.5333788
00086_id00374_w1qI7y9AGTc.mp4,1,FVRA,1,0.13371399023310995,0.5333788
00086_id00569_gSynmpwioV4.mp4,1,FVRA,1,0.13371470869072097,0.53337896
00086_id00633_UXrTMta1EDM.mp4,1,FVRA,1,0.13371399023310995,0.5333788
00086_id00735_ivJSkq5hGOQ.mp4,1,FVRA,1,0.13371446920484686,0.5333789
00086_id01002_eQTviHjyISo.mp4,1,FVRA,1,0.13371303228968237,0.53337854
00086_id03816_XXD0yTNei50.mp4,1,FVRA,1,0.13371351126138858,0.53337866
00043_id00188_e-vm5FB3idA.mp4,1,FVRA,1,0.13372141429675144,0.5333806
00043_id00287_2NpfYjyMsPM.mp4,1,FVRA,1,0.13372093532479262,0.5333805
00043_id00325_4vJtbNe0L98.mp4,1,FVRA,1,0.1337211748107701,0.53338057
00043_id00491_ShjiTWoOtM4.mp4,1,FVRA,1,0.13371949840900782,0.53338015
00043_id00569_gSynmpwioV4.mp4,1,FVRA,1,0.13372093532479262,0.5333805
00043_id00581_7AxvP19LGKg.mp4,1,FVRA,1,0.13372093532479262,0.5333805
00043_id00633_UXrTMta1EDM.mp4,1,FVRA,1,0.13372069583881876,0.53338045
00043_id01001_dHJc8dh9X8c.mp4,1,FVRA,1,0.13372069583881876,0.53338045
00043_id03371_truKMXt8Dak.mp4,1,FVRA,1,0.13372093532479262,0.5333805
00043_id03651_EjcoRkL6loI.mp4,1,FVRA,1,0.13372093532479262,0.5333805
00072_id00232_kL0cCveU1zg.mp4,1,FVRA,1,0.13371662457785197,0.53337944
00072_id00287_2NpfYjyMsPM.mp4,1,FVRA,1,0.13371662457785197,0.53337944
00072_id00491_ShjiTWoOtM4.mp4,1,FVRA,1,0.13371566663425577,0.5333792
00072_id00569_gSynmpwioV4.mp4,1,FVRA,1,0.13371638509194717,0.5333794
00072_id00591_1Jo8xElXQMs.mp4,1,FVRA,1,0.1337161456060462,0.5333793
00072_id03620_YkXM5A8w07E.mp4,1,FVRA,1,0.13371566663425577,0.5333792
00072_id03649_389qfFqUddI.mp4,1,FVRA,1,0.13371662457785197,0.53337944
00072_id03651_EjcoRkL6loI.mp4,1,FVRA,1,0.1337161456060462,0.5333793
00430_id00068_A7uFnQw--bY.mp4,1,FVRA,1,0.13372213275471842,0.5333808
00430_id00330_zCFFgGSIZ_s.mp4,1,FVRA,1,0.1337211748107701,0.53338057
00430_id00491_ShjiTWoOtM4.mp4,1,FVRA,1,0.13372093532479262,0.5333805
00430_id00569_gSynmpwioV4.mp4,1,FVRA,1,0.13372213275471842,0.5333808
00430_id00581_7AxvP19LGKg.mp4,1,FVRA,1,0.13372213275471842,0.5333808
00430_id00806_0sk9s9lFIAk.mp4,1,FVRA,1,0.13372141429675144,0.5333806
00430_id03858_uKVqPfRf-ac.mp4,1,FVRA,1,0.1337216537827366,0.5333807
00002_id00068_A7uFnQw--bY.mp4,1,FVRA,1,0.13372069583881876,0.53338045
00002_id00262_3p7sRWAAh1Q.mp4,1,FVRA,1,0.13372069583881876,0.53338045
00002_id00287_2NpfYjyMsPM.mp4,1,FVRA,1,0.13372069583881876,0.53338045
00002_id00395_wM5kGJfTtEM.mp4,1,FVRA,1,0.13372021686688296,0.5333803
00002_id00495_E46aiMUC4A0.mp4,1,FVRA,1,0.13372069583881876,0.53338045
00002_id00496_SImaDcXQnh8.mp4,1,FVRA,1,0.13372045635284893,0.5333804
00002_id00589_uOzKwYEVR6s.mp4,1,FVRA,1,0.13372021686688296,0.5333803
00002_id00634_z5t9oJizDQg.mp4,1,FVRA,1,0.13372069583881876,0.53338045
00002_id03649_389qfFqUddI.mp4,1,FVRA,1,0.13372045635284893,0.5333804
00002_id03858_uKVqPfRf-ac.mp4,1,FVRA,1,0.13372021686688296,0.5333803
00081_id00188_e-vm5FB3idA.mp4,1,FVRA,1,0.1337192589230572,0.5333801
00081_id00287_2NpfYjyMsPM.mp4,1,FVRA,1,0.13371901943711018,0.53338003
00081_id00325_4vJtbNe0L98.mp4,1,FVRA,1,0.1337187799511672,0.53338
00081_id00365_XV-imLNJvfk.mp4,1,FVRA,1,0.1337187799511672,0.53338
00081_id00373_5NXv3Dxkd6E.mp4,1,FVRA,1,0.1337192589230572,0.5333801
00081_id00374_w1qI7y9AGTc.mp4,1,FVRA,1,0.1337187799511672,0.53338
00081_id00496_SImaDcXQnh8.mp4,1,FVRA,1,0.13371901943711018,0.53338003
00081_id01018_VNPt_GB5QiE.mp4,1,FVRA,1,0.13371901943711018,0.53338003
00081_id03651_EjcoRkL6loI.mp4,1,FVRA,1,0.1337187799511672,0.53338
00081_id03844_AEAEN1Lns2c.mp4,1,FVRA,1,0.1337192589230572,0.5333801
00001_id00068_A7uFnQw--bY.mp4,1,FVRA,1,0.13372045635284893,0.5333804
00001_id00188_e-vm5FB3idA.mp4,1,FVRA,1,0.13372069583881876,0.53338045
00001_id00325_4vJtbNe0L98.mp4,1,FVRA,1,0.13372045635284893,0.5333804
00001_id00569_gSynmpwioV4.mp4,1,FVRA,1,0.13372045635284893,0.5333804
00001_id00589_uOzKwYEVR6s.mp4,1,FVRA,1,0.1337199773809208,0.53338027
00001_id00591_1Jo8xElXQMs.mp4,1,FVRA,1,0.13371949840900782,0.53338015
00001_id00633_UXrTMta1EDM.mp4,1,FVRA,1,0.13372021686688296,0.5333803
00001_id00634_z5t9oJizDQg.mp4,1,FVRA,1,0.13372021686688296,0.5333803
00001_id00826_MYagwzy91Yk.mp4,1,FVRA,1,0.1337199773809208,0.53338027
00001_id03589_9NxOQlwpMys.mp4,1,FVRA,1,0.13372045635284893,0.5333804
00092_id00325_4vJtbNe0L98.mp4,1,FVRA,1,0.13372213275471842,0.5333808
00092_id00395_wM5kGJfTtEM.mp4,1,FVRA,1,0.13372213275471842,0.5333808
00092_id00897_0ayFw8JhoyI.mp4,1,FVRA,1,0.1337218932687256,0.53338075
00092_id01002_eQTviHjyISo.mp4,1,FVRA,1,0.1337218932687256,0.53338075
00092_id01018_VNPt_GB5QiE.mp4,1,FVRA,1,0.1337223722407151,0.53338087
00092_id03371_truKMXt8Dak.mp4,1,FVRA,1,0.1337223722407151,0.53338087
00092_id03620_YkXM5A8w07E.mp4,1,FVRA,1,0.1337216537827366,0.5333807
00092_id03649_389qfFqUddI.mp4,1,FVRA,1,0.1337223722407151,0.53338087
00092_id03716_s-lxbGafZQA.mp4,1,FVRA,1,0.13372213275471842,0.5333808
00092_id03858_uKVqPfRf-ac.mp4,1,FVRA,1,0.1337223722407151,0.53338087
00040_id00332__zNddcZV1EU.mp4,1,FVRA,1,0.13372069583881876,0.53338045
00040_id00365_XV-imLNJvfk.mp4,1,FVRA,1,0.13372093532479262,0.5333805
00040_id00379_fgkgYHCuk4g.mp4,1,FVRA,1,0.13372093532479262,0.5333805
00040_id00395_wM5kGJfTtEM.mp4,1,FVRA,1,0.13372069583881876,0.53338045
00040_id00591_1Jo8xElXQMs.mp4,1,FVRA,1,0.13372021686688296,0.5333803
00040_id00633_UXrTMta1EDM.mp4,1,FVRA,1,0.13372093532479262,0.5333805
00040_id00897_0ayFw8JhoyI.mp4,1,FVRA,1,0.13372069583881876,0.53338045
00040_id03651_EjcoRkL6loI.mp4,1,FVRA,1,0.13372069583881876,0.53338045
00040_id03816_XXD0yTNei50.mp4,1,FVRA,1,0.13372045635284893,0.5333804
00040_id03858_uKVqPfRf-ac.mp4,1,FVRA,1,0.13372093532479262,0.5333805
00093_id00071_JU1cVINUTZA.mp4,1,FVRA,1,0.1337187799511672,0.53338
00093_id00262_3p7sRWAAh1Q.mp4,1,FVRA,1,0.13371854046522788,0.5333799
00093_id00287_2NpfYjyMsPM.mp4,1,FVRA,1,0.13371901943711018,0.53338003
00093_id00379_fgkgYHCuk4g.mp4,1,FVRA,1,0.1337187799511672,0.53338
00093_id00395_wM5kGJfTtEM.mp4,1,FVRA,1,0.13371854046522788,0.5333799
00093_id00495_E46aiMUC4A0.mp4,1,FVRA,1,0.13371901943711018,0.53338003
00093_id00633_UXrTMta1EDM.mp4,1,FVRA,1,0.1337187799511672,0.53338
00093_id00897_0ayFw8JhoyI.mp4,1,FVRA,1,0.13371854046522788,0.5333799
00093_id01018_VNPt_GB5QiE.mp4,1,FVRA,1,0.13371901943711018,0.53338003
00093_id03941_SsYtP8Ze88Q.mp4,1,FVRA,1,0.1337192589230572,0.5333801
00028_id00068_A7uFnQw--bY.mp4,1,FVRA,1,0.13371758252150934,0.5333797
00028_id00330_zCFFgGSIZ_s.mp4,1,FVRA,1,0.1337149481765989,0.533379
00028_id00332__zNddcZV1EU.mp4,1,FVRA,1,0.1337173430355892,0.5333796
00028_id00365_XV-imLNJvfk.mp4,1,FVRA,1,0.1337173430355892,0.5333796
00028_id00484_u7YTz8eFZv0.mp4,1,FVRA,1,0.13371758252150934,0.5333797
00028_id00495_E46aiMUC4A0.mp4,1,FVRA,1,0.13371710354967287,0.53337955
00028_id00496_SImaDcXQnh8.mp4,1,FVRA,1,0.13371758252150934,0.5333797
00028_id00735_ivJSkq5hGOQ.mp4,1,FVRA,1,0.1337173430355892,0.5333796
00028_id03858_uKVqPfRf-ac.mp4,1,FVRA,1,0.13371710354967287,0.53337955
00092_id00270_hoEQ70-sDME.mp4,1,FVRA,1,0.1337161456060462,0.5333793
00092_id00365_XV-imLNJvfk.mp4,1,FVRA,1,0.1337168640637606,0.5333795
00092_id00395_wM5kGJfTtEM.mp4,1,FVRA,1,0.13371662457785197,0.53337944
00092_id00484_u7YTz8eFZv0.mp4,1,FVRA,1,0.13371662457785197,0.53337944
00092_id00495_E46aiMUC4A0.mp4,1,FVRA,1,0.1337168640637606,0.5333795
00092_id00581_7AxvP19LGKg.mp4,1,FVRA,1,0.13371710354967287,0.53337955
00092_id00823_KgExwCvgrUk.mp4,1,FVRA,1,0.13371638509194717,0.5333794
00092_id03371_truKMXt8Dak.mp4,1,FVRA,1,0.1337168640637606,0.5333795
00092_id03716_s-lxbGafZQA.mp4,1,FVRA,1,0.13371662457785197,0.53337944
00092_id03844_AEAEN1Lns2c.mp4,1,FVRA,1,0.1337168640637606,0.5333795
00021_id00068_A7uFnQw--bY.mp4,1,FVRA,1,0.13371255331799148,0.5333784
00021_id00262_3p7sRWAAh1Q.mp4,1,FVRA,1,0.13371207434631596,0.5333783
00021_id00287_2NpfYjyMsPM.mp4,1,FVRA,1,0.13371255331799148,0.5333784
00021_id00332__zNddcZV1EU.mp4,1,FVRA,1,0.13371207434631596,0.5333783
00021_id00365_XV-imLNJvfk.mp4,1,FVRA,1,0.13371207434631596,0.5333783
00021_id00495_E46aiMUC4A0.mp4,1,FVRA,1,0.13371207434631596,0.5333783
00021_id00735_ivJSkq5hGOQ.mp4,1,FVRA,1,0.13371255331799148,0.5333784
00021_id00806_0sk9s9lFIAk.mp4,1,FVRA,1,0.13371015845976694,0.5333778
00021_id01001_dHJc8dh9X8c.mp4,1,FVRA,1,0.13371207434631596,0.5333783
00021_id03816_XXD0yTNei50.mp4,1,FVRA,1,0.1337115953746558,0.5333782
00028_id00287_2NpfYjyMsPM_id00262_wavtolip.mp4,1,FVFA,1,0.13371063743138129,0.53337795
00028_id00325_4vJtbNe0L98_id00823_wavtolip.mp4,1,FVFA,1,0.13371063743138129,0.53337795
00028_id00330_zCFFgGSIZ_s_id00484_wavtolip.mp4,1,FVFA,1,0.13370800308769237,0.5333773
00028_id00569_gSynmpwioV4_id00806_wavtolip.mp4,1,FVFA,1,0.1337115953746558,0.5333782
00028_id01002_eQTviHjyISo_id00270_wavtolip.mp4,1,FVFA,1,0.13370944000237442,0.53337765
00028_id03620_YkXM5A8w07E_id03844_wavtolip.mp4,1,FVFA,1,0.13370896103079824,0.5333775
00028_id03649_389qfFqUddI_id00374_wavtolip.mp4,1,FVFA,1,0.13371063743138129,0.53337795
00028_id03651_EjcoRkL6loI_id00262_wavtolip.mp4,1,FVFA,1,0.13371063743138129,0.53337795
00004_id00232_kL0cCveU1zg_id00806_wavtolip.mp4,1,FVFA,1,0.13369507086175633,0.5333741
00004_id00395_wM5kGJfTtEM_id00634_wavtolip.mp4,1,FVFA,1,0.13369171806426186,0.53337324
00004_id00484_u7YTz8eFZv0_id00188_wavtolip.mp4,1,FVFA,1,0.13369507086175633,0.5333741
00004_id00495_E46aiMUC4A0_id00496_wavtolip.mp4,1,FVFA,1,0.1336948313761961,0.533374
00004_id00581_7AxvP19LGKg_id00581_wavtolip.mp4,1,FVFA,1,0.13369411291953856,0.53337383
00004_id00826_MYagwzy91Yk_id00403_wavtolip.mp4,1,FVFA,1,0.13369387343399364,0.5333738
00004_id03371_truKMXt8Dak_id00823_wavtolip.mp4,1,FVFA,1,0.13369411291953856,0.53337383
00004_id03589_9NxOQlwpMys_id00735_wavtolip.mp4,1,FVFA,1,0.13369698674637573,0.53337455
00004_id03844_AEAEN1Lns2c_id00633_wavtolip.mp4,1,FVFA,1,0.13369650777519784,0.5333744
00014_id00188_e-vm5FB3idA_id03651_wavtolip.mp4,1,FVFA,1,0.1337218932687256,0.53338075
00014_id00232_kL0cCveU1zg_id00806_wavtolip.mp4,1,FVFA,1,0.1337216537827366,0.5333807
00014_id00262_3p7sRWAAh1Q_id00270_wavtolip.mp4,1,FVFA,1,0.13372141429675144,0.5333806
00014_id00270_hoEQ70-sDME_id00591_wavtolip.mp4,1,FVFA,1,0.13372069583881876,0.53338045
00014_id00379_fgkgYHCuk4g_id03620_wavtolip.mp4,1,FVFA,1,0.13372141429675144,0.5333806
00014_id00581_7AxvP19LGKg_id00232_wavtolip.mp4,1,FVFA,1,0.13372141429675144,0.5333806
00014_id00735_ivJSkq5hGOQ_id03589_wavtolip.mp4,1,FVFA,1,0.13372141429675144,0.5333806
00014_id00897_0ayFw8JhoyI_id00496_wavtolip.mp4,1,FVFA,1,0.13372093532479262,0.5333805
00014_id03371_truKMXt8Dak_id00071_wavtolip.mp4,1,FVFA,1,0.13372141429675144,0.5333806
00014_id03816_XXD0yTNei50_id00271_wavtolip.mp4,1,FVFA,1,0.13372093532479262,0.5333805
00020_id00270_hoEQ70-sDME_id03651_wavtolip.mp4,1,FVFA,1,0.13371901943711018,0.53338003
00020_id00373_5NXv3Dxkd6E_id00826_wavtolip.mp4,1,FVFA,1,0.1337197378949623,0.5333802
00020_id00374_w1qI7y9AGTc_id00806_wavtolip.mp4,1,FVFA,1,0.1337192589230572,0.5333801
00020_id00379_fgkgYHCuk4g_id00634_wavtolip.mp4,1,FVFA,1,0.1337192589230572,0.5333801
00020_id00491_ShjiTWoOtM4_id00330_wavtolip.mp4,1,FVFA,1,0.13371854046522788,0.5333799
00020_id00569_gSynmpwioV4_id00262_wavtolip.mp4,1,FVFA,1,0.13371949840900782,0.53338015
00020_id00897_0ayFw8JhoyI_id03649_wavtolip.mp4,1,FVFA,1,0.13371949840900782,0.53338015
00020_id01018_VNPt_GB5QiE_id00735_wavtolip.mp4,1,FVFA,1,0.13371949840900782,0.53338015
00020_id03649_389qfFqUddI_id03620_wavtolip.mp4,1,FVFA,1,0.13371949840900782,0.53338015
00025_id00068_A7uFnQw--bY_id00496_wavtolip.mp4,1,FVFA,1,0.13371758252150934,0.5333797
00025_id00332__zNddcZV1EU_id03651_wavtolip.mp4,1,FVFA,1,0.13371758252150934,0.5333797
00025_id00365_XV-imLNJvfk_id00897_wavtolip.mp4,1,FVFA,1,0.13371710354967287,0.53337955
00025_id00484_u7YTz8eFZv0_id00270_wavtolip.mp4,1,FVFA,1,0.13371758252150934,0.5333797
00025_id00495_E46aiMUC4A0_id03844_wavtolip.mp4,1,FVFA,1,0.1337173430355892,0.5333796
00025_id03844_AEAEN1Lns2c_id00484_wavtolip.mp4,1,FVFA,1,0.13371806149336093,0.5333798
00063_id00271_je6JSLqEEcw_id00897_wavtolip.mp4,1,FVFA,1,0.1337183009792926,0.53337985
00063_id00330_zCFFgGSIZ_s_id00569_wavtolip.mp4,1,FVFA,1,0.13371782200743312,0.53337973
00063_id00332__zNddcZV1EU_id00071_wavtolip.mp4,1,FVFA,1,0.1337183009792926,0.53337985
00063_id00403_n4LSCxzFr6o_id00826_wavtolip.mp4,1,FVFA,1,0.13371758252150934,0.5333797
00063_id00434_HPXkk-HGXVI_id00188_wavtolip.mp4,1,FVFA,1,0.1337183009792926,0.53337985
00063_id00491_ShjiTWoOtM4_id03941_wavtolip.mp4,1,FVFA,1,0.1337173430355892,0.5333796
00063_id00897_0ayFw8JhoyI_id00373_wavtolip.mp4,1,FVFA,1,0.13371854046522788,0.5333799
00063_id01002_eQTviHjyISo_id03620_wavtolip.mp4,1,FVFA,1,0.13371782200743312,0.53337973
00063_id03371_truKMXt8Dak_id00569_wavtolip.mp4,1,FVFA,1,0.1337183009792926,0.53337985
00028_id00071_JU1cVINUTZA_id00484_wavtolip.mp4,1,FVFA,1,0.13372333018473995,0.5333811
00028_id00270_hoEQ70-sDME_id03651_wavtolip.mp4,1,FVFA,1,0.13372285121271996,0.533381
00028_id00395_wM5kGJfTtEM_id03371_wavtolip.mp4,1,FVFA,1,0.13372333018473995,0.5333811
00028_id00495_E46aiMUC4A0_id00591_wavtolip.mp4,1,FVFA,1,0.13372333018473995,0.5333811
00028_id00496_SImaDcXQnh8_id00271_wavtolip.mp4,1,FVFA,1,0.13372333018473995,0.5333811
00028_id00633_UXrTMta1EDM_id00806_wavtolip.mp4,1,FVFA,1,0.13372333018473995,0.5333811
00028_id00813_dKs9CWJIkSI_id00434_wavtolip.mp4,1,FVFA,1,0.13372285121271996,0.533381
00028_id03816_XXD0yTNei50_id03716_wavtolip.mp4,1,FVFA,1,0.13372285121271996,0.533381
00028_id03941_SsYtP8Ze88Q_id00325_wavtolip.mp4,1,FVFA,1,0.13372333018473995,0.5333811
00088_id00188_e-vm5FB3idA_id00403_wavtolip.mp4,1,FVFA,1,0.13371662457785197,0.53337944
00088_id00262_3p7sRWAAh1Q_id00484_wavtolip.mp4,1,FVFA,1,0.13371662457785197,0.53337944
00088_id00287_2NpfYjyMsPM_id00042_wavtolip.mp4,1,FVFA,1,0.1337168640637606,0.5333795
00088_id00332__zNddcZV1EU_id00042_wavtolip.mp4,1,FVFA,1,0.13371638509194717,0.5333794
00088_id00379_fgkgYHCuk4g_id03858_wavtolip.mp4,1,FVFA,1,0.13371710354967287,0.53337955
00088_id00395_wM5kGJfTtEM_id03371_wavtolip.mp4,1,FVFA,1,0.1337168640637606,0.5333795
00088_id00569_gSynmpwioV4_id00897_wavtolip.mp4,1,FVFA,1,0.1337173430355892,0.5333796
00088_id00591_1Jo8xElXQMs_id00330_wavtolip.mp4,1,FVFA,1,0.13371566663425577,0.5333792
00088_id00633_UXrTMta1EDM_id03649_wavtolip.mp4,1,FVFA,1,0.13371662457785197,0.53337944
00088_id03858_uKVqPfRf-ac_id00042_wavtolip.mp4,1,FVFA,1,0.13371638509194717,0.5333794
00028_id00287_2NpfYjyMsPM_id03589_wavtolip.mp4,1,FVFA,1,0.13372021686688296,0.5333803
00028_id00330_zCFFgGSIZ_s_id00826_wavtolip.mp4,1,FVFA,1,0.1337197378949623,0.5333802
00028_id00365_XV-imLNJvfk_id00826_wavtolip.mp4,1,FVFA,1,0.13372045635284893,0.5333804
00028_id00395_wM5kGJfTtEM_id00484_wavtolip.mp4,1,FVFA,1,0.13372021686688296,0.5333803
00028_id00484_u7YTz8eFZv0_id00591_wavtolip.mp4,1,FVFA,1,0.1337199773809208,0.53338027
00028_id00495_E46aiMUC4A0_id00569_wavtolip.mp4,1,FVFA,1,0.13372021686688296,0.5333803
00028_id00633_UXrTMta1EDM_id01018_wavtolip.mp4,1,FVFA,1,0.13372021686688296,0.5333803
00028_id00634_z5t9oJizDQg_id00328_wavtolip.mp4,1,FVFA,1,0.13372045635284893,0.5333804
00028_id00826_MYagwzy91Yk_id00271_wavtolip.mp4,1,FVFA,1,0.13372021686688296,0.5333803
00028_id03844_AEAEN1Lns2c_id00633_wavtolip.mp4,1,FVFA,1,0.13372045635284893,0.5333804
00005_id00262_3p7sRWAAh1Q_id00826_wavtolip.mp4,1,FVFA,1,0.1337197378949623,0.5333802
00005_id00271_je6JSLqEEcw_id00232_wavtolip.mp4,1,FVFA,1,0.13371949840900782,0.53338015
00005_id00325_4vJtbNe0L98_id00826_wavtolip.mp4,1,FVFA,1,0.1337199773809208,0.53338027
00005_id00379_fgkgYHCuk4g_id00484_wavtolip.mp4,1,FVFA,1,0.1337197378949623,0.5333802
00005_id00496_SImaDcXQnh8_id00373_wavtolip.mp4,1,FVFA,1,0.1337199773809208,0.53338027
00005_id03589_9NxOQlwpMys_id00287_wavtolip.mp4,1,FVFA,1,0.13372021686688296,0.5333803
00005_id03620_YkXM5A8w07E_id03858_wavtolip.mp4,1,FVFA,1,0.1337187799511672,0.53338
00015_id00042_4yuJSkaZwn0_id00826_wavtolip.mp4,1,FVFA,1,0.1337168640637606,0.5333795
00015_id00287_2NpfYjyMsPM_id03371_wavtolip.mp4,1,FVFA,1,0.13371662457785197,0.53337944
00015_id00365_XV-imLNJvfk_id00332_wavtolip.mp4,1,FVFA,1,0.13371662457785197,0.53337944
00015_id00897_0ayFw8JhoyI_id00484_wavtolip.mp4,1,FVFA,1,0.1337168640637606,0.5333795
00015_id01002_eQTviHjyISo_id00325_wavtolip.mp4,1,FVFA,1,0.1337149481765989,0.533379
00015_id03620_YkXM5A8w07E_id03844_wavtolip.mp4,1,FVFA,1,0.13371590612014905,0.53337926
00015_id03649_389qfFqUddI_id00330_wavtolip.mp4,1,FVFA,1,0.1337161456060462,0.5333793
00015_id03651_EjcoRkL6loI_id00806_wavtolip.mp4,1,FVFA,1,0.13371638509194717,0.5333794
00092_id00188_e-vm5FB3idA_id00271_wavtolip.mp4,1,FVFA,1,0.13372285121271996,0.533381
00092_id00232_kL0cCveU1zg_id03716_wavtolip.mp4,1,FVFA,1,0.13372285121271996,0.533381
00092_id00373_5NXv3Dxkd6E_id03844_wavtolip.mp4,1,FVFA,1,0.13372285121271996,0.533381
00092_id00403_n4LSCxzFr6o_id00806_wavtolip.mp4,1,FVFA,1,0.1337226117267156,0.5333809
00092_id00484_u7YTz8eFZv0_id00496_wavtolip.mp4,1,FVFA,1,0.1337226117267156,0.5333809
00092_id00495_E46aiMUC4A0_id03844_wavtolip.mp4,1,FVFA,1,0.13372285121271996,0.533381
00092_id03371_truKMXt8Dak_id00328_wavtolip.mp4,1,FVFA,1,0.13372285121271996,0.533381
00092_id03620_YkXM5A8w07E_id03858_wavtolip.mp4,1,FVFA,1,0.1337223722407151,0.53338087
00092_id03858_uKVqPfRf-ac_id00634_wavtolip.mp4,1,FVFA,1,0.1337223722407151,0.53338087
00118_id00332__zNddcZV1EU_id00328_wavtolip.mp4,1,FVFA,1,0.1337187799511672,0.53338
00118_id00374_w1qI7y9AGTc_id00735_wavtolip.mp4,1,FVFA,1,0.13371854046522788,0.5333799
00118_id00434_HPXkk-HGXVI_id03371_wavtolip.mp4,1,FVFA,1,0.13371949840900782,0.53338015
00118_id00581_7AxvP19LGKg_id00271_wavtolip.mp4,1,FVFA,1,0.13371854046522788,0.5333799
00118_id03371_truKMXt8Dak_id00328_wavtolip.mp4,1,FVFA,1,0.1337187799511672,0.53338
00118_id03844_AEAEN1Lns2c_id00395_wavtolip.mp4,1,FVFA,1,0.1337192589230572,0.5333801
00293_id00270_hoEQ70-sDME_id00042_wavtolip.mp4,1,FVFA,1,0.13371470869072097,0.53337896
00293_id00330_zCFFgGSIZ_s_id03844_wavtolip.mp4,1,FVFA,1,0.13371446920484686,0.5333789
00293_id00434_HPXkk-HGXVI_id00735_wavtolip.mp4,1,FVFA,1,0.13371566663425577,0.5333792
00293_id00591_1Jo8xElXQMs_id00325_wavtolip.mp4,1,FVFA,1,0.13371470869072097,0.53337896
00293_id00633_UXrTMta1EDM_id00826_wavtolip.mp4,1,FVFA,1,0.13371542714836632,0.53337914
00293_id00897_0ayFw8JhoyI_id00373_wavtolip.mp4,1,FVFA,1,0.1337151876624807,0.5333791
00293_id03858_uKVqPfRf-ac_id00569_wavtolip.mp4,1,FVFA,1,0.13371542714836632,0.53337914
00078_id00068_A7uFnQw--bY_id01002_wavtolip.mp4,1,FVFA,1,0.13372213275471842,0.5333808
00078_id00232_kL0cCveU1zg_id00071_wavtolip.mp4,1,FVFA,1,0.1337223722407151,0.53338087
00078_id00287_2NpfYjyMsPM_id00581_wavtolip.mp4,1,FVFA,1,0.13372213275471842,0.5333808
00078_id00495_E46aiMUC4A0_id03716_wavtolip.mp4,1,FVFA,1,0.13372213275471842,0.5333808
00078_id00813_dKs9CWJIkSI_id00735_wavtolip.mp4,1,FVFA,1,0.1337218932687256,0.53338075
00078_id03858_uKVqPfRf-ac_id00569_wavtolip.mp4,1,FVFA,1,0.13372213275471842,0.5333808
00028_id00188_e-vm5FB3idA_id00634_wavtolip.mp4,1,FVFA,1,0.13372045635284893,0.5333804
00028_id00328_ytKnCbJSEcU_id03716_wavtolip.mp4,1,FVFA,1,0.1337199773809208,0.53338027
00028_id00330_zCFFgGSIZ_s_id03651_wavtolip.mp4,1,FVFA,1,0.1337197378949623,0.5333802
00028_id00374_w1qI7y9AGTc_id00826_wavtolip.mp4,1,FVFA,1,0.1337199773809208,0.53338027
00028_id00484_u7YTz8eFZv0_id00823_wavtolip.mp4,1,FVFA,1,0.1337199773809208,0.53338027
00028_id00495_E46aiMUC4A0_id03651_wavtolip.mp4,1,FVFA,1,0.13372045635284893,0.5333804
00028_id00569_gSynmpwioV4_id00262_wavtolip.mp4,1,FVFA,1,0.13372021686688296,0.5333803
00028_id00589_uOzKwYEVR6s_id00330_wavtolip.mp4,1,FVFA,1,0.1337199773809208,0.53338027
00028_id00823_KgExwCvgrUk_id00434_wavtolip.mp4,1,FVFA,1,0.1337197378949623,0.5333802
00028_id00897_0ayFw8JhoyI_id00271_wavtolip.mp4,1,FVFA,1,0.1337199773809208,0.53338027
00311_id00188_e-vm5FB3idA_id00735_wavtolip.mp4,1,FVFA,1,0.1337218932687256,0.53338075
00311_id00262_3p7sRWAAh1Q_id00823_wavtolip.mp4,1,FVFA,1,0.1337216537827366,0.5333807
00311_id00330_zCFFgGSIZ_s_id00071_wavtolip.mp4,1,FVFA,1,0.13372141429675144,0.5333806
00311_id00373_5NXv3Dxkd6E_id00234_wavtolip.mp4,1,FVFA,1,0.1337218932687256,0.53338075
00311_id00434_HPXkk-HGXVI_id03649_wavtolip.mp4,1,FVFA,1,0.1337218932687256,0.53338075
00311_id00633_UXrTMta1EDM_id00071_wavtolip.mp4,1,FVFA,1,0.1337216537827366,0.5333807
00311_id00826_MYagwzy91Yk_id00813_wavtolip.mp4,1,FVFA,1,0.13372141429675144,0.5333806
00311_id03620_YkXM5A8w07E_id00495_wavtolip.mp4,1,FVFA,1,0.13372069583881876,0.53338045
00043_id00262_3p7sRWAAh1Q_id00188_wavtolip.mp4,1,FVFA,1,0.13372309069872812,0.53338104
00043_id00270_hoEQ70-sDME_id03371_wavtolip.mp4,1,FVFA,1,0.1337226117267156,0.5333809
00043_id00287_2NpfYjyMsPM_id00735_wavtolip.mp4,1,FVFA,1,0.13372333018473995,0.5333811
00043_id00496_SImaDcXQnh8_id00395_wavtolip.mp4,1,FVFA,1,0.13372333018473995,0.5333811
00043_id00633_UXrTMta1EDM_id00325_wavtolip.mp4,1,FVFA,1,0.13372285121271996,0.533381
00043_id00806_0sk9s9lFIAk_id00581_wavtolip.mp4,1,FVFA,1,0.1337226117267156,0.5333809
00043_id00897_0ayFw8JhoyI_id00271_wavtolip.mp4,1,FVFA,1,0.13372285121271996,0.533381
00043_id03716_s-lxbGafZQA_id03620_wavtolip.mp4,1,FVFA,1,0.13372333018473995,0.5333811
00420_id00068_A7uFnQw--bY_id03941_wavtolip.mp4,1,FVFA,1,0.13372093532479262,0.5333805
00420_id00262_3p7sRWAAh1Q_id03844_wavtolip.mp4,1,FVFA,1,0.13372093532479262,0.5333805
00420_id00581_7AxvP19LGKg_id00591_wavtolip.mp4,1,FVFA,1,0.13372093532479262,0.5333805
00420_id00813_dKs9CWJIkSI_id00071_wavtolip.mp4,1,FVFA,1,0.13372045635284893,0.5333804
00420_id00823_KgExwCvgrUk_id03589_wavtolip.mp4,1,FVFA,1,0.13372045635284893,0.5333804
00420_id03716_s-lxbGafZQA_id00328_wavtolip.mp4,1,FVFA,1,0.13372093532479262,0.5333805
00420_id03816_XXD0yTNei50_id00188_wavtolip.mp4,1,FVFA,1,0.13372045635284893,0.5333804
00420_id03858_uKVqPfRf-ac_id00826_wavtolip.mp4,1,FVFA,1,0.13372069583881876,0.53338045
00052_id00071_JU1cVINUTZA_id00806_wavtolip.mp4,1,FVFA,1,0.13372093532479262,0.5333805
00052_id00188_e-vm5FB3idA_id03844_wavtolip.mp4,1,FVFA,1,0.1337218932687256,0.53338075
00052_id00234_M3g5KRLJB60_id00434_wavtolip.mp4,1,FVFA,1,0.13372093532479262,0.5333805
00052_id00271_je6JSLqEEcw_id00581_wavtolip.mp4,1,FVFA,1,0.13372093532479262,0.5333805
00052_id00287_2NpfYjyMsPM_id00379_wavtolip.mp4,1,FVFA,1,0.13372069583881876,0.53338045
00052_id00374_w1qI7y9AGTc_id00271_wavtolip.mp4,1,FVFA,1,0.13372069583881876,0.53338045
00052_id00484_u7YTz8eFZv0_id00188_wavtolip.mp4,1,FVFA,1,0.13372141429675144,0.5333806
00052_id00897_0ayFw8JhoyI_id00403_wavtolip.mp4,1,FVFA,1,0.13372069583881876,0.53338045
00052_id03649_389qfFqUddI_id00042_wavtolip.mp4,1,FVFA,1,0.13372045635284893,0.5333804
00046_id00068_A7uFnQw--bY_id03651_wavtolip.mp4,1,FVFA,1,0.1337151876624807,0.5333791
00046_id00330_zCFFgGSIZ_s_id03716_wavtolip.mp4,1,FVFA,1,0.1337123138321519,0.53337836
00046_id00332__zNddcZV1EU_id00806_wavtolip.mp4,1,FVFA,1,0.13371351126138858,0.53337866
00046_id00374_w1qI7y9AGTc_id00332_wavtolip.mp4,1,FVFA,1,0.13371351126138858,0.53337866
00046_id00569_gSynmpwioV4_id00071_wavtolip.mp4,1,FVFA,1,0.13371446920484686,0.5333789
00046_id00591_1Jo8xElXQMs_id00569_wavtolip.mp4,1,FVFA,1,0.1337127928038351,0.5333785
00046_id00633_UXrTMta1EDM_id00826_wavtolip.mp4,1,FVFA,1,0.13371375074724734,0.5333787
00046_id03371_truKMXt8Dak_id00262_wavtolip.mp4,1,FVFA,1,0.13371399023310995,0.5333788
00202_id00068_A7uFnQw--bY_id03589_wavtolip.mp4,1,FVFA,1,0.13371758252150934,0.5333797
00202_id00271_je6JSLqEEcw_id00330_wavtolip.mp4,1,FVFA,1,0.1337168640637606,0.5333795
00202_id00328_ytKnCbJSEcU_id00374_wavtolip.mp4,1,FVFA,1,0.1337168640637606,0.5333795
00202_id00373_5NXv3Dxkd6E_id01002_wavtolip.mp4,1,FVFA,1,0.13371782200743312,0.53337973
00202_id00569_gSynmpwioV4_id03716_wavtolip.mp4,1,FVFA,1,0.13371758252150934,0.5333797
00202_id00581_7AxvP19LGKg_id03371_wavtolip.mp4,1,FVFA,1,0.1337173430355892,0.5333796
00202_id00826_MYagwzy91Yk_id00395_wavtolip.mp4,1,FVFA,1,0.1337168640637606,0.5333795
00202_id03844_AEAEN1Lns2c_id00042_wavtolip.mp4,1,FVFA,1,0.13371806149336093,0.5333798
00202_id03858_uKVqPfRf-ac_id00826_wavtolip.mp4,1,FVFA,1,0.13371758252150934,0.5333797
00122_id00188_e-vm5FB3idA_id00325_wavtolip.mp4,1,FVFA,1,0.13372093532479262,0.5333805
00122_id00234_M3g5KRLJB60_id00374_wavtolip.mp4,1,FVFA,1,0.13372093532479262,0.5333805
00122_id00330_zCFFgGSIZ_s_id03649_wavtolip.mp4,1,FVFA,1,0.1337199773809208,0.53338027
00122_id00569_gSynmpwioV4_id00591_wavtolip.mp4,1,FVFA,1,0.13372093532479262,0.5333805
00122_id00591_1Jo8xElXQMs_id00581_wavtolip.mp4,1,FVFA,1,0.13372021686688296,0.5333803
00122_id00633_UXrTMta1EDM_id00735_wavtolip.mp4,1,FVFA,1,0.13372069583881876,0.53338045
00122_id01002_eQTviHjyISo_id03371_wavtolip.mp4,1,FVFA,1,0.13372021686688296,0.5333803
00122_id01018_VNPt_GB5QiE_id01002_wavtolip.mp4,1,FVFA,1,0.13372069583881876,0.53338045
00122_id03371_truKMXt8Dak_id00633_wavtolip.mp4,1,FVFA,1,0.13372093532479262,0.5333805
00122_id03858_uKVqPfRf-ac_id00395_wavtolip.mp4,1,FVFA,1,0.13372069583881876,0.53338045
00027_id00068_A7uFnQw--bY_id00634_wavtolip.mp4,1,FVFA,1,0.13371375074724734,0.5333787
00027_id00271_je6JSLqEEcw_id00591_wavtolip.mp4,1,FVFA,1,0.13371207434631596,0.5333783
00027_id00395_wM5kGJfTtEM_id03589_wavtolip.mp4,1,FVFA,1,0.13371183486048405,0.53337824
00027_id00484_u7YTz8eFZv0_id00496_wavtolip.mp4,1,FVFA,1,0.13371351126138858,0.53337866
00027_id00581_7AxvP19LGKg_id00897_wavtolip.mp4,1,FVFA,1,0.1337127928038351,0.5333785
00027_id00634_z5t9oJizDQg_id00262_wavtolip.mp4,1,FVFA,1,0.13371255331799148,0.5333784
00027_id03589_9NxOQlwpMys_id00330_wavtolip.mp4,1,FVFA,1,0.13371351126138858,0.53337866
00027_id03858_uKVqPfRf-ac_id03589_wavtolip.mp4,1,FVFA,1,0.1337127928038351,0.5333785
00027_id03941_SsYtP8Ze88Q_id03371_wavtolip.mp4,1,FVFA,1,0.13371375074724734,0.5333787
00015_id00262_3p7sRWAAh1Q_id00232_wavtolip.mp4,1,FVFA,1,0.1337223722407151,0.53338087
00015_id00287_2NpfYjyMsPM_id00332_wavtolip.mp4,1,FVFA,1,0.1337226117267156,0.5333809
00015_id00373_5NXv3Dxkd6E_id00806_wavtolip.mp4,1,FVFA,1,0.1337226117267156,0.5333809
00015_id00569_gSynmpwioV4_id00569_wavtolip.mp4,1,FVFA,1,0.1337223722407151,0.53338087
00015_id00813_dKs9CWJIkSI_id00897_wavtolip.mp4,1,FVFA,1,0.13372213275471842,0.5333808
00015_id00897_0ayFw8JhoyI_id00735_wavtolip.mp4,1,FVFA,1,0.1337223722407151,0.53338087
00015_id03620_YkXM5A8w07E_id00806_wavtolip.mp4,1,FVFA,1,0.1337218932687256,0.53338075
00015_id03858_uKVqPfRf-ac_id00633_wavtolip.mp4,1,FVFA,1,0.1337223722407151,0.53338087
00239_id00188_e-vm5FB3idA_id00373_wavtolip.mp4,1,FVFA,1,0.13372141429675144,0.5333806
00239_id00373_5NXv3Dxkd6E_id03651_wavtolip.mp4,1,FVFA,1,0.1337216537827366,0.5333807
00239_id00484_u7YTz8eFZv0_id03716_wavtolip.mp4,1,FVFA,1,0.13372093532479262,0.5333805
00239_id00491_ShjiTWoOtM4_id00232_wavtolip.mp4,1,FVFA,1,0.13372045635284893,0.5333804
00239_id00633_UXrTMta1EDM_id00735_wavtolip.mp4,1,FVFA,1,0.13372093532479262,0.5333805
00239_id00897_0ayFw8JhoyI_id03649_wavtolip.mp4,1,FVFA,1,0.1337211748107701,0.53338057
00239_id01002_eQTviHjyISo_id00496_wavtolip.mp4,1,FVFA,1,0.13372021686688296,0.5333803
00239_id01018_VNPt_GB5QiE_id03589_wavtolip.mp4,1,FVFA,1,0.13372093532479262,0.5333805
00239_id03371_truKMXt8Dak_id00271_wavtolip.mp4,1,FVFA,1,0.1337211748107701,0.53338057
00010_id00330_zCFFgGSIZ_s_id00188_wavtolip.mp4,1,FVFA,1,0.13372380915677548,0.5333812
00010_id00395_wM5kGJfTtEM_id00325_wavtolip.mp4,1,FVFA,1,0.13372380915677548,0.5333812
00010_id00495_E46aiMUC4A0_id00806_wavtolip.mp4,1,FVFA,1,0.13372404864279902,0.5333813
00010_id00591_1Jo8xElXQMs_id00735_wavtolip.mp4,1,FVFA,1,0.13372380915677548,0.5333812
00010_id00826_MYagwzy91Yk_id00271_wavtolip.mp4,1,FVFA,1,0.13372380915677548,0.5333812
00010_id03371_truKMXt8Dak_id00287_wavtolip.mp4,1,FVFA,1,0.13372404864279902,0.5333813
00010_id03858_uKVqPfRf-ac_id00735_wavtolip.mp4,1,FVFA,1,0.13372404864279902,0.5333813
00130_id00271_je6JSLqEEcw_id00735_wavtolip.mp4,1,FVFA,1,0.13372069583881876,0.53338045
00130_id00373_5NXv3Dxkd6E_id03371_wavtolip.mp4,1,FVFA,1,0.13372093532479262,0.5333805
00130_id00495_E46aiMUC4A0_id00325_wavtolip.mp4,1,FVFA,1,0.13372069583881876,0.53338045
00130_id00591_1Jo8xElXQMs_id03620_wavtolip.mp4,1,FVFA,1,0.13372045635284893,0.5333804
00130_id00634_z5t9oJizDQg_id00897_wavtolip.mp4,1,FVFA,1,0.13372069583881876,0.53338045
00130_id00897_0ayFw8JhoyI_id00379_wavtolip.mp4,1,FVFA,1,0.13372045635284893,0.5333804
00130_id03589_9NxOQlwpMys_id00897_wavtolip.mp4,1,FVFA,1,0.13372093532479262,0.5333805
00130_id03620_YkXM5A8w07E_id03858_wavtolip.mp4,1,FVFA,1,0.1337199773809208,0.53338027
00130_id03649_389qfFqUddI_id00495_wavtolip.mp4,1,FVFA,1,0.13372069583881876,0.53338045
00130_id03858_uKVqPfRf-ac_id00634_wavtolip.mp4,1,FVFA,1,0.13372045635284893,0.5333804
00001_id00188_e-vm5FB3idA_id03858_wavtolip.mp4,1,FVFA,1,0.1337197378949623,0.5333802
00001_id00270_hoEQ70-sDME_id00270_wavtolip.mp4,1,FVFA,1,0.1337183009792926,0.53337985
00001_id00581_7AxvP19LGKg_id00735_wavtolip.mp4,1,FVFA,1,0.13371901943711018,0.53338003
00001_id00633_UXrTMta1EDM_id00287_wavtolip.mp4,1,FVFA,1,0.1337187799511672,0.53338
00001_id00634_z5t9oJizDQg_id03620_wavtolip.mp4,1,FVFA,1,0.1337192589230572,0.5333801
00001_id00897_0ayFw8JhoyI_id00373_wavtolip.mp4,1,FVFA,1,0.1337192589230572,0.5333801
00001_id03649_389qfFqUddI_id00591_wavtolip.mp4,1,FVFA,1,0.1337192589230572,0.5333801
00001_id03844_AEAEN1Lns2c_id03589_wavtolip.mp4,1,FVFA,1,0.13371949840900782,0.53338015
00088_id00188_e-vm5FB3idA_id00188_wavtolip.mp4,1,FVFA,1,0.1337199773809208,0.53338027
00088_id00270_hoEQ70-sDME_id00823_wavtolip.mp4,1,FVFA,1,0.13371949840900782,0.53338015
00088_id00332__zNddcZV1EU_id00071_wavtolip.mp4,1,FVFA,1,0.13371949840900782,0.53338015
00088_id00379_fgkgYHCuk4g_id00262_wavtolip.mp4,1,FVFA,1,0.1337199773809208,0.53338027
00088_id00491_ShjiTWoOtM4_id03844_wavtolip.mp4,1,FVFA,1,0.13371949840900782,0.53338015
00088_id00569_gSynmpwioV4_id00287_wavtolip.mp4,1,FVFA,1,0.1337199773809208,0.53338027
00088_id00581_7AxvP19LGKg_id00813_wavtolip.mp4,1,FVFA,1,0.1337199773809208,0.53338027
00088_id01001_dHJc8dh9X8c_id00330_wavtolip.mp4,1,FVFA,1,0.13371949840900782,0.53338015
00088_id01002_eQTviHjyISo_id00262_wavtolip.mp4,1,FVFA,1,0.1337197378949623,0.5333802
00078_id00395_wM5kGJfTtEM_id00379_wavtolip.mp4,1,FVFA,1,0.13372333018473995,0.5333811
00078_id00484_u7YTz8eFZv0_id00330_wavtolip.mp4,1,FVFA,1,0.1337235696707558,0.53338116
00078_id00495_E46aiMUC4A0_id00328_wavtolip.mp4,1,FVFA,1,0.1337235696707558,0.53338116
00078_id00581_7AxvP19LGKg_id00434_wavtolip.mp4,1,FVFA,1,0.13372333018473995,0.5333811
00078_id00589_uOzKwYEVR6s_id00330_wavtolip.mp4,1,FVFA,1,0.13372285121271996,0.533381
00078_id00591_1Jo8xElXQMs_id00071_wavtolip.mp4,1,FVFA,1,0.13372285121271996,0.533381
00078_id00826_MYagwzy91Yk_id00806_wavtolip.mp4,1,FVFA,1,0.13372285121271996,0.533381
00078_id03589_9NxOQlwpMys_id00569_wavtolip.mp4,1,FVFA,1,0.13372333018473995,0.5333811
00078_id03649_389qfFqUddI_id00232_wavtolip.mp4,1,FVFA,1,0.13372309069872812,0.53338104
00037_id00068_A7uFnQw--bY_id00374_wavtolip.mp4,1,FVFA,1,0.13371255331799148,0.5333784
00037_id00188_e-vm5FB3idA_id03941_wavtolip.mp4,1,FVFA,1,0.13371399023310995,0.5333788
00037_id00262_3p7sRWAAh1Q_id00271_wavtolip.mp4,1,FVFA,1,0.1337123138321519,0.53337836
00037_id00373_5NXv3Dxkd6E_id00395_wavtolip.mp4,1,FVFA,1,0.1337127928038351,0.5333785
00037_id00495_E46aiMUC4A0_id03941_wavtolip.mp4,1,FVFA,1,0.1337123138321519,0.53337836
00037_id00826_MYagwzy91Yk_id00495_wavtolip.mp4,1,FVFA,1,0.1337123138321519,0.53337836
00037_id03371_truKMXt8Dak_id01002_wavtolip.mp4,1,FVFA,1,0.13371351126138858,0.53337866
00037_id03844_AEAEN1Lns2c_id00735_wavtolip.mp4,1,FVFA,1,0.13371327177553366,0.5333786
00037_id03941_SsYtP8Ze88Q_id00633_wavtolip.mp4,1,FVFA,1,0.13371303228968237,0.53337854
00005_id00365_XV-imLNJvfk_id00496_wavtolip.mp4,1,FVFA,1,0.13371470869072097,0.53337896
00005_id00373_5NXv3Dxkd6E_id00496_wavtolip.mp4,1,FVFA,1,0.13371470869072097,0.53337896
00005_id00379_fgkgYHCuk4g_id00496_wavtolip.mp4,1,FVFA,1,0.13371470869072097,0.53337896
00005_id00569_gSynmpwioV4_id03858_wavtolip.mp4,1,FVFA,1,0.1337149481765989,0.533379
00005_id00813_dKs9CWJIkSI_id01002_wavtolip.mp4,1,FVFA,1,0.13371399023310995,0.5333788
00005_id01002_eQTviHjyISo_id03620_wavtolip.mp4,1,FVFA,1,0.13371375074724734,0.5333787
00005_id03858_uKVqPfRf-ac_id03589_wavtolip.mp4,1,FVFA,1,0.13371446920484686,0.5333789
00169_id00262_3p7sRWAAh1Q_id00634_wavtolip.mp4,1,FVFA,1,0.13372021686688296,0.5333803
00169_id00330_zCFFgGSIZ_s_id03371_wavtolip.mp4,1,FVFA,1,0.13371949840900782,0.53338015
00169_id00365_XV-imLNJvfk_id00823_wavtolip.mp4,1,FVFA,1,0.13372045635284893,0.5333804
00169_id00496_SImaDcXQnh8_id00330_wavtolip.mp4,1,FVFA,1,0.1337199773809208,0.53338027
00169_id00806_0sk9s9lFIAk_id00234_wavtolip.mp4,1,FVFA,1,0.13371949840900782,0.53338015
00169_id00897_0ayFw8JhoyI_id00330_wavtolip.mp4,1,FVFA,1,0.1337197378949623,0.5333802
00169_id03589_9NxOQlwpMys_id00806_wavtolip.mp4,1,FVFA,1,0.1337199773809208,0.53338027
00169_id03858_uKVqPfRf-ac_id00332_wavtolip.mp4,1,FVFA,1,0.13372021686688296,0.5333803
00125_id00262_3p7sRWAAh1Q_id00434_wavtolip.mp4,1,FVFA,1,0.13370872154501603,0.53337747
00125_id00330_zCFFgGSIZ_s_id03858_wavtolip.mp4,1,FVFA,1,0.13370656617314805,0.53337693
00125_id00373_5NXv3Dxkd6E_id03858_wavtolip.mp4,1,FVFA,1,0.13370896103079824,0.5333775
00125_id00395_wM5kGJfTtEM_id00328_wavtolip.mp4,1,FVFA,1,0.13370848205923763,0.5333774
00125_id00495_E46aiMUC4A0_id03620_wavtolip.mp4,1,FVFA,1,0.13370896103079824,0.5333775
00125_id00581_7AxvP19LGKg_id00735_wavtolip.mp4,1,FVFA,1,0.13370872154501603,0.53337747
00125_id00634_z5t9oJizDQg_id00633_wavtolip.mp4,1,FVFA,1,0.13370896103079824,0.5333775
00125_id00813_dKs9CWJIkSI_id00395_wavtolip.mp4,1,FVFA,1,0.13370896103079824,0.5333775
00125_id03589_9NxOQlwpMys_id00403_wavtolip.mp4,1,FVFA,1,0.13370967948816814,0.5333777
00065_id00068_A7uFnQw--bY_id00806_wavtolip.mp4,1,FVFA,1,0.13372141429675144,0.5333806
00065_id00271_je6JSLqEEcw_id00434_wavtolip.mp4,1,FVFA,1,0.13372093532479262,0.5333805
00065_id00374_w1qI7y9AGTc_id00826_wavtolip.mp4,1,FVFA,1,0.13372069583881876,0.53338045
00065_id00484_u7YTz8eFZv0_id03620_wavtolip.mp4,1,FVFA,1,0.1337211748107701,0.53338057
00065_id00495_E46aiMUC4A0_id00806_wavtolip.mp4,1,FVFA,1,0.13372093532479262,0.5333805
00065_id00581_7AxvP19LGKg_id00823_wavtolip.mp4,1,FVFA,1,0.13372093532479262,0.5333805
00065_id00634_z5t9oJizDQg_id03716_wavtolip.mp4,1,FVFA,1,0.13372093532479262,0.5333805
00065_id00735_ivJSkq5hGOQ_id03589_wavtolip.mp4,1,FVFA,1,0.13372141429675144,0.5333806
00065_id03371_truKMXt8Dak_id03858_wavtolip.mp4,1,FVFA,1,0.13372093532479262,0.5333805
00065_id03649_389qfFqUddI_id00495_wavtolip.mp4,1,FVFA,1,0.13372069583881876,0.53338045
00005_id00234_M3g5KRLJB60_id00328_wavtolip.mp4,1,FVFA,1,0.1337168640637606,0.5333795
00005_id00330_zCFFgGSIZ_s_id00328_wavtolip.mp4,1,FVFA,1,0.13371638509194717,0.5333794
00005_id00332__zNddcZV1EU_id00634_wavtolip.mp4,1,FVFA,1,0.13371662457785197,0.53337944
00005_id00496_SImaDcXQnh8_id00232_wavtolip.mp4,1,FVFA,1,0.13371662457785197,0.53337944
00005_id00591_1Jo8xElXQMs_id00328_wavtolip.mp4,1,FVFA,1,0.13371662457785197,0.53337944
00005_id00813_dKs9CWJIkSI_id00484_wavtolip.mp4,1,FVFA,1,0.13371662457785197,0.53337944
00005_id03371_truKMXt8Dak_id03589_wavtolip.mp4,1,FVFA,1,0.1337168640637606,0.5333795
00086_id00188_e-vm5FB3idA_id00379_wavtolip.mp4,1,FVFA,1,0.13371638509194717,0.5333794
00086_id00262_3p7sRWAAh1Q_id03844_wavtolip.mp4,1,FVFA,1,0.1337173430355892,0.5333796
00086_id00332__zNddcZV1EU_id03649_wavtolip.mp4,1,FVFA,1,0.1337173430355892,0.5333796
00086_id00374_w1qI7y9AGTc_id03651_wavtolip.mp4,1,FVFA,1,0.1337173430355892,0.5333796
00086_id00569_gSynmpwioV4_id00806_wavtolip.mp4,1,FVFA,1,0.1337151876624807,0.5333791
00086_id00633_UXrTMta1EDM_id00325_wavtolip.mp4,1,FVFA,1,0.13371446920484686,0.5333789
00086_id00735_ivJSkq5hGOQ_id00271_wavtolip.mp4,1,FVFA,1,0.13371638509194717,0.5333794
00086_id03816_XXD0yTNei50_id00287_wavtolip.mp4,1,FVFA,1,0.13371566663425577,0.5333792
00043_id00188_e-vm5FB3idA_id00232_wavtolip.mp4,1,FVFA,1,0.1337216537827366,0.5333807
00043_id00287_2NpfYjyMsPM_id03649_wavtolip.mp4,1,FVFA,1,0.1337216537827366,0.5333807
00043_id00325_4vJtbNe0L98_id00330_wavtolip.mp4,1,FVFA,1,0.13372141429675144,0.5333806
00043_id00491_ShjiTWoOtM4_id00581_wavtolip.mp4,1,FVFA,1,0.1337199773809208,0.53338027
00043_id00581_7AxvP19LGKg_id00271_wavtolip.mp4,1,FVFA,1,0.13372141429675144,0.5333806
00043_id00633_UXrTMta1EDM_id00484_wavtolip.mp4,1,FVFA,1,0.13372093532479262,0.5333805
00043_id01001_dHJc8dh9X8c_id03844_wavtolip.mp4,1,FVFA,1,0.13372093532479262,0.5333805
00043_id03371_truKMXt8Dak_id00373_wavtolip.mp4,1,FVFA,1,0.13372141429675144,0.5333806
00072_id00232_kL0cCveU1zg_id00270_wavtolip.mp4,1,FVFA,1,0.13371758252150934,0.5333797
00072_id00287_2NpfYjyMsPM_id03589_wavtolip.mp4,1,FVFA,1,0.1337173430355892,0.5333796
00072_id00491_ShjiTWoOtM4_id00496_wavtolip.mp4,1,FVFA,1,0.13371638509194717,0.5333794
00072_id00591_1Jo8xElXQMs_id00735_wavtolip.mp4,1,FVFA,1,0.1337173430355892,0.5333796
00072_id03620_YkXM5A8w07E_id00379_wavtolip.mp4,1,FVFA,1,0.13371662457785197,0.53337944
00072_id03649_389qfFqUddI_id00271_wavtolip.mp4,1,FVFA,1,0.13371782200743312,0.53337973
00072_id03651_EjcoRkL6loI_id00823_wavtolip.mp4,1,FVFA,1,0.1337168640637606,0.5333795
00430_id00068_A7uFnQw--bY_id00735_wavtolip.mp4,1,FVFA,1,0.1337223722407151,0.53338087
00430_id00330_zCFFgGSIZ_s_id00434_wavtolip.mp4,1,FVFA,1,0.1337216537827366,0.5333807
00430_id00491_ShjiTWoOtM4_id00495_wavtolip.mp4,1,FVFA,1,0.13372141429675144,0.5333806
00430_id00569_gSynmpwioV4_id00234_wavtolip.mp4,1,FVFA,1,0.13372213275471842,0.5333808
00430_id00806_0sk9s9lFIAk_id00042_wavtolip.mp4,1,FVFA,1,0.1337216537827366,0.5333807
00430_id03858_uKVqPfRf-ac_id00496_wavtolip.mp4,1,FVFA,1,0.1337218932687256,0.53338075
00002_id00068_A7uFnQw--bY_id00287_wavtolip.mp4,1,FVFA,1,0.1337218932687256,0.53338075
00002_id00262_3p7sRWAAh1Q_id03651_wavtolip.mp4,1,FVFA,1,0.1337218932687256,0.53338075
00002_id00287_2NpfYjyMsPM_id00071_wavtolip.mp4,1,FVFA,1,0.1337216537827366,0.5333807
00002_id00395_wM5kGJfTtEM_id00271_wavtolip.mp4,1,FVFA,1,0.13372093532479262,0.5333805
00002_id00495_E46aiMUC4A0_id00581_wavtolip.mp4,1,FVFA,1,0.13372093532479262,0.5333805
00002_id00496_SImaDcXQnh8_id00271_wavtolip.mp4,1,FVFA,1,0.1337211748107701,0.53338057
00002_id00634_z5t9oJizDQg_id00374_wavtolip.mp4,1,FVFA,1,0.13372069583881876,0.53338045
00002_id03649_389qfFqUddI_id00633_wavtolip.mp4,1,FVFA,1,0.13372069583881876,0.53338045
00002_id03858_uKVqPfRf-ac_id01002_wavtolip.mp4,1,FVFA,1,0.13372093532479262,0.5333805
00081_id00287_2NpfYjyMsPM_id00270_wavtolip.mp4,1,FVFA,1,0.13372045635284893,0.5333804
00081_id00325_4vJtbNe0L98_id00897_wavtolip.mp4,1,FVFA,1,0.1337187799511672,0.53338
00081_id00365_XV-imLNJvfk_id00071_wavtolip.mp4,1,FVFA,1,0.13372045635284893,0.5333804
00081_id00373_5NXv3Dxkd6E_id00484_wavtolip.mp4,1,FVFA,1,0.13372045635284893,0.5333804
00081_id00374_w1qI7y9AGTc_id00232_wavtolip.mp4,1,FVFA,1,0.13372045635284893,0.5333804
00081_id00496_SImaDcXQnh8_id00332_wavtolip.mp4,1,FVFA,1,0.1337199773809208,0.53338027
00081_id01018_VNPt_GB5QiE_id00484_wavtolip.mp4,1,FVFA,1,0.13372021686688296,0.5333803
00081_id03844_AEAEN1Lns2c_id00373_wavtolip.mp4,1,FVFA,1,0.1337199773809208,0.53338027
00001_id00068_A7uFnQw--bY_id00270_wavtolip.mp4,1,FVFA,1,0.13372093532479262,0.5333805
00001_id00188_e-vm5FB3idA_id01002_wavtolip.mp4,1,FVFA,1,0.13372093532479262,0.5333805
00001_id00325_4vJtbNe0L98_id03941_wavtolip.mp4,1,FVFA,1,0.13372093532479262,0.5333805
00001_id00569_gSynmpwioV4_id00434_wavtolip.mp4,1,FVFA,1,0.13372093532479262,0.5333805
00001_id00589_uOzKwYEVR6s_id00373_wavtolip.mp4,1,FVFA,1,0.13372045635284893,0.5333804
00001_id00591_1Jo8xElXQMs_id00287_wavtolip.mp4,1,FVFA,1,0.1337199773809208,0.53338027
00001_id00633_UXrTMta1EDM_id00287_wavtolip.mp4,1,FVFA,1,0.13372069583881876,0.53338045
00001_id00634_z5t9oJizDQg_id03941_wavtolip.mp4,1,FVFA,1,0.13372069583881876,0.53338045
00001_id00826_MYagwzy91Yk_id00634_wavtolip.mp4,1,FVFA,1,0.13372045635284893,0.5333804
00001_id03589_9NxOQlwpMys_id00434_wavtolip.mp4,1,FVFA,1,0.13372093532479262,0.5333805
00092_id00325_4vJtbNe0L98_id00332_wavtolip.mp4,1,FVFA,1,0.1337223722407151,0.53338087
00092_id00395_wM5kGJfTtEM_id00328_wavtolip.mp4,1,FVFA,1,0.1337223722407151,0.53338087
00092_id00897_0ayFw8JhoyI_id00826_wavtolip.mp4,1,FVFA,1,0.13372213275471842,0.5333808
00092_id01002_eQTviHjyISo_id03941_wavtolip.mp4,1,FVFA,1,0.13372213275471842,0.5333808
00092_id01018_VNPt_GB5QiE_id00330_wavtolip.mp4,1,FVFA,1,0.1337226117267156,0.5333809
00092_id03371_truKMXt8Dak_id00325_wavtolip.mp4,1,FVFA,1,0.1337226117267156,0.5333809
00092_id03649_389qfFqUddI_id03651_wavtolip.mp4,1,FVFA,1,0.1337226117267156,0.5333809
00092_id03716_s-lxbGafZQA_id00395_wavtolip.mp4,1,FVFA,1,0.1337226117267156,0.5333809
00092_id03858_uKVqPfRf-ac_id00813_wavtolip.mp4,1,FVFA,1,0.1337223722407151,0.53338087
00040_id00365_XV-imLNJvfk_id03716_wavtolip.mp4,1,FVFA,1,0.13372141429675144,0.5333806
00040_id00379_fgkgYHCuk4g_id00823_wavtolip.mp4,1,FVFA,1,0.13372141429675144,0.5333806
00040_id00395_wM5kGJfTtEM_id00232_wavtolip.mp4,1,FVFA,1,0.13372093532479262,0.5333805
00040_id00591_1Jo8xElXQMs_id00823_wavtolip.mp4,1,FVFA,1,0.13372069583881876,0.53338045
00040_id00633_UXrTMta1EDM_id00826_wavtolip.mp4,1,FVFA,1,0.13372141429675144,0.5333806
00040_id00897_0ayFw8JhoyI_id00232_wavtolip.mp4,1,FVFA,1,0.13372093532479262,0.5333805
00040_id03651_EjcoRkL6loI_id00328_wavtolip.mp4,1,FVFA,1,0.13372141429675144,0.5333806
00040_id03816_XXD0yTNei50_id00581_wavtolip.mp4,1,FVFA,1,0.13372093532479262,0.5333805
00093_id00071_JU1cVINUTZA_id00330_wavtolip.mp4,1,FVFA,1,0.1337192589230572,0.5333801
00093_id00262_3p7sRWAAh1Q_id00826_wavtolip.mp4,1,FVFA,1,0.1337192589230572,0.5333801
00093_id00287_2NpfYjyMsPM_id00270_wavtolip.mp4,1,FVFA,1,0.1337197378949623,0.5333802
00093_id00379_fgkgYHCuk4g_id00484_wavtolip.mp4,1,FVFA,1,0.13371949840900782,0.53338015
00093_id00395_wM5kGJfTtEM_id00332_wavtolip.mp4,1,FVFA,1,0.13371901943711018,0.53338003
00093_id00495_E46aiMUC4A0_id03651_wavtolip.mp4,1,FVFA,1,0.1337197378949623,0.5333802
00093_id00633_UXrTMta1EDM_id00484_wavtolip.mp4,1,FVFA,1,0.13371949840900782,0.53338015
00093_id00897_0ayFw8JhoyI_id00270_wavtolip.mp4,1,FVFA,1,0.1337192589230572,0.5333801
00093_id01018_VNPt_GB5QiE_id03651_wavtolip.mp4,1,FVFA,1,0.1337197378949623,0.5333802
00093_id03941_SsYtP8Ze88Q_id03649_wavtolip.mp4,1,FVFA,1,0.1337197378949623,0.5333802
00028_id00068_A7uFnQw--bY_id03844_wavtolip.mp4,1,FVFA,1,0.13371806149336093,0.5333798
00028_id00330_zCFFgGSIZ_s_id00328_wavtolip.mp4,1,FVFA,1,0.13371590612014905,0.53337926
00028_id00365_XV-imLNJvfk_id00071_wavtolip.mp4,1,FVFA,1,0.13371806149336093,0.5333798
00028_id00484_u7YTz8eFZv0_id00379_wavtolip.mp4,1,FVFA,1,0.1337183009792926,0.53337985
00028_id00495_E46aiMUC4A0_id00374_wavtolip.mp4,1,FVFA,1,0.13371782200743312,0.53337973
00028_id00496_SImaDcXQnh8_id01018_wavtolip.mp4,1,FVFA,1,0.1337183009792926,0.53337985
00028_id00735_ivJSkq5hGOQ_id00634_wavtolip.mp4,1,FVFA,1,0.13371806149336093,0.5333798
00028_id03858_uKVqPfRf-ac_id00374_wavtolip.mp4,1,FVFA,1,0.13371782200743312,0.53337973
00092_id00270_hoEQ70-sDME_id00287_wavtolip.mp4,1,FVFA,1,0.13371662457785197,0.53337944
00092_id00395_wM5kGJfTtEM_id03620_wavtolip.mp4,1,FVFA,1,0.13371710354967287,0.53337955
00092_id00495_E46aiMUC4A0_id03649_wavtolip.mp4,1,FVFA,1,0.13371782200743312,0.53337973
00092_id00581_7AxvP19LGKg_id00581_wavtolip.mp4,1,FVFA,1,0.13371758252150934,0.5333797
00092_id00823_KgExwCvgrUk_id03941_wavtolip.mp4,1,FVFA,1,0.1337173430355892,0.5333796
00092_id03371_truKMXt8Dak_id00735_wavtolip.mp4,1,FVFA,1,0.13371758252150934,0.5333797
00092_id03716_s-lxbGafZQA_id00581_wavtolip.mp4,1,FVFA,1,0.1337173430355892,0.5333796
00092_id03844_AEAEN1Lns2c_id00806_wavtolip.mp4,1,FVFA,1,0.13371758252150934,0.5333797
00021_id00068_A7uFnQw--bY_id00569_wavtolip.mp4,1,FVFA,1,0.13371399023310995,0.5333788
00021_id00262_3p7sRWAAh1Q_id00395_wavtolip.mp4,1,FVFA,1,0.13371351126138858,0.53337866
00021_id00287_2NpfYjyMsPM_id00434_wavtolip.mp4,1,FVFA,1,0.13371375074724734,0.5333787
00021_id00332__zNddcZV1EU_id00271_wavtolip.mp4,1,FVFA,1,0.13371327177553366,0.5333786
00021_id00365_XV-imLNJvfk_id00270_wavtolip.mp4,1,FVFA,1,0.13371303228968237,0.53337854
00021_id00495_E46aiMUC4A0_id01002_wavtolip.mp4,1,FVFA,1,0.13371303228968237,0.53337854
00021_id00735_ivJSkq5hGOQ_id00379_wavtolip.mp4,1,FVFA,1,0.13371351126138858,0.53337866
00021_id00806_0sk9s9lFIAk_id00042_wavtolip.mp4,1,FVFA,1,0.13371135588883135,0.5333781
00021_id01001_dHJc8dh9X8c_id03589_wavtolip.mp4,1,FVFA,1,0.1337127928038351,0.5333785
00021_id03816_XXD0yTNei50_id01002_wavtolip.mp4,1,FVFA,1,0.13371255331799148,0.5333784
00028_id00068_wavtolip.mp4,1,FVRA,1,0.13371063743138129,0.53337795
00028_id00271_wavtolip.mp4,1,FVRA,1,0.13371063743138129,0.53337795
00028_id00325_wavtolip.mp4,1,FVRA,1,0.13371063743138129,0.53337795
00028_id00379_wavtolip.mp4,1,FVRA,1,0.13371063743138129,0.53337795
00028_id00496_wavtolip.mp4,1,FVRA,1,0.13371063743138129,0.53337795
00028_id00569_wavtolip.mp4,1,FVRA,1,0.13371039794557218,0.5333779
00028_id01018_wavtolip.mp4,1,FVRA,1,0.13371063743138129,0.53337795
00028_id03620_wavtolip.mp4,1,FVRA,1,0.13371063743138129,0.53337795
00028_id03716_wavtolip.mp4,1,FVRA,1,0.13371063743138129,0.53337795
00028_id03941_wavtolip.mp4,1,FVRA,1,0.13371039794557218,0.5333779
00004_id00068_wavtolip.mp4,1,FVRA,1,0.13369411291953856,0.53337383
00004_id00071_wavtolip.mp4,1,FVRA,1,0.13369411291953856,0.53337383
00004_id00234_wavtolip.mp4,1,FVRA,1,0.13369411291953856,0.53337383
00004_id00262_wavtolip.mp4,1,FVRA,1,0.13369411291953856,0.53337383
00004_id00365_wavtolip.mp4,1,FVRA,1,0.13369387343399364,0.5333738
00004_id00484_wavtolip.mp4,1,FVRA,1,0.13369411291953856,0.53337383
00004_id00496_wavtolip.mp4,1,FVRA,1,0.13369411291953856,0.53337383
00004_id00591_wavtolip.mp4,1,FVRA,1,0.13369387343399364,0.5333738
00004_id03589_wavtolip.mp4,1,FVRA,1,0.13369411291953856,0.53337383
00004_id03716_wavtolip.mp4,1,FVRA,1,0.13369411291953856,0.53337383
00014_id00188_wavtolip.mp4,1,FVRA,1,0.13372093532479262,0.5333805
00014_id00330_wavtolip.mp4,1,FVRA,1,0.13372093532479262,0.5333805
00014_id00589_wavtolip.mp4,1,FVRA,1,0.13372093532479262,0.5333805
00014_id00633_wavtolip.mp4,1,FVRA,1,0.13372093532479262,0.5333805
00014_id00813_wavtolip.mp4,1,FVRA,1,0.13372093532479262,0.5333805
00014_id01001_wavtolip.mp4,1,FVRA,1,0.13372093532479262,0.5333805
00014_id01018_wavtolip.mp4,1,FVRA,1,0.13372093532479262,0.5333805
00014_id03716_wavtolip.mp4,1,FVRA,1,0.13372093532479262,0.5333805
00014_id03816_wavtolip.mp4,1,FVRA,1,0.13372093532479262,0.5333805
00014_id03844_wavtolip.mp4,1,FVRA,1,0.13372093532479262,0.5333805
00020_id00071_wavtolip.mp4,1,FVRA,1,0.13371949840900782,0.53338015
00020_id00188_wavtolip.mp4,1,FVRA,1,0.13371949840900782,0.53338015
00020_id00262_wavtolip.mp4,1,FVRA,1,0.13371949840900782,0.53338015
00020_id00365_wavtolip.mp4,1,FVRA,1,0.13371949840900782,0.53338015
00020_id00374_wavtolip.mp4,1,FVRA,1,0.13371949840900782,0.53338015
00020_id00633_wavtolip.mp4,1,FVRA,1,0.13371949840900782,0.53338015
00020_id03620_wavtolip.mp4,1,FVRA,1,0.13371949840900782,0.53338015
00020_id03716_wavtolip.mp4,1,FVRA,1,0.13371949840900782,0.53338015
00020_id03816_wavtolip.mp4,1,FVRA,1,0.13371949840900782,0.53338015
00020_id03844_wavtolip.mp4,1,FVRA,1,0.13371949840900782,0.53338015
00025_id00330_wavtolip.mp4,1,FVRA,1,0.1337173430355892,0.5333796
00025_id00332_wavtolip.mp4,1,FVRA,1,0.1337173430355892,0.5333796
00025_id00581_wavtolip.mp4,1,FVRA,1,0.1337173430355892,0.5333796
00025_id00634_wavtolip.mp4,1,FVRA,1,0.1337173430355892,0.5333796
00025_id01002_wavtolip.mp4,1,FVRA,1,0.1337173430355892,0.5333796
00025_id03371_wavtolip.mp4,1,FVRA,1,0.1337173430355892,0.5333796
00025_id03649_wavtolip.mp4,1,FVRA,1,0.1337173430355892,0.5333796
00025_id03651_wavtolip.mp4,1,FVRA,1,0.1337173430355892,0.5333796
00025_id03716_wavtolip.mp4,1,FVRA,1,0.1337173430355892,0.5333796
00025_id03844_wavtolip.mp4,1,FVRA,1,0.1337173430355892,0.5333796
00063_id00071_wavtolip.mp4,1,FVRA,1,0.13371782200743312,0.53337973
00063_id00328_wavtolip.mp4,1,FVRA,1,0.13371806149336093,0.5333798
00063_id00484_wavtolip.mp4,1,FVRA,1,0.13371782200743312,0.53337973
00063_id00569_wavtolip.mp4,1,FVRA,1,0.13371806149336093,0.5333798
00063_id00581_wavtolip.mp4,1,FVRA,1,0.13371854046522788,0.5333799
00063_id00826_wavtolip.mp4,1,FVRA,1,0.13371806149336093,0.5333798
00063_id03371_wavtolip.mp4,1,FVRA,1,0.13371854046522788,0.5333799
00063_id03651_wavtolip.mp4,1,FVRA,1,0.13371806149336093,0.5333798
00063_id03816_wavtolip.mp4,1,FVRA,1,0.13371806149336093,0.5333798
00063_id03844_wavtolip.mp4,1,FVRA,1,0.13371806149336093,0.5333798
00028_id00068_wavtolip.mp4,1,FVRA,1,0.13372309069872812,0.53338104
00028_id00270_wavtolip.mp4,1,FVRA,1,0.13372309069872812,0.53338104
00028_id00271_wavtolip.mp4,1,FVRA,1,0.13372333018473995,0.5333811
00028_id00365_wavtolip.mp4,1,FVRA,1,0.13372333018473995,0.5333811
00028_id00373_wavtolip.mp4,1,FVRA,1,0.13372309069872812,0.53338104
00028_id00496_wavtolip.mp4,1,FVRA,1,0.13372333018473995,0.5333811
00028_id00633_wavtolip.mp4,1,FVRA,1,0.13372333018473995,0.5333811
00028_id00634_wavtolip.mp4,1,FVRA,1,0.13372333018473995,0.5333811
00028_id00826_wavtolip.mp4,1,FVRA,1,0.13372309069872812,0.53338104
00028_id03816_wavtolip.mp4,1,FVRA,1,0.13372309069872812,0.53338104
00088_id00188_wavtolip.mp4,1,FVRA,1,0.13371542714836632,0.53337914
00088_id00234_wavtolip.mp4,1,FVRA,1,0.13371590612014905,0.53337926
00088_id00328_wavtolip.mp4,1,FVRA,1,0.13371590612014905,0.53337926
00088_id00365_wavtolip.mp4,1,FVRA,1,0.13371566663425577,0.5333792
00088_id00373_wavtolip.mp4,1,FVRA,1,0.13371590612014905,0.53337926
00088_id00491_wavtolip.mp4,1,FVRA,1,0.13371566663425577,0.5333792
00088_id00634_wavtolip.mp4,1,FVRA,1,0.13371590612014905,0.53337926
00088_id00826_wavtolip.mp4,1,FVRA,1,0.1337149481765989,0.533379
00088_id00897_wavtolip.mp4,1,FVRA,1,0.13371590612014905,0.53337926
00088_id01002_wavtolip.mp4,1,FVRA,1,0.13371566663425577,0.5333792
00028_id00188_wavtolip.mp4,1,FVRA,1,0.1337199773809208,0.53338027
00028_id00270_wavtolip.mp4,1,FVRA,1,0.1337199773809208,0.53338027
00028_id00365_wavtolip.mp4,1,FVRA,1,0.1337199773809208,0.53338027
00028_id00491_wavtolip.mp4,1,FVRA,1,0.1337199773809208,0.53338027
00028_id00633_wavtolip.mp4,1,FVRA,1,0.1337199773809208,0.53338027
00028_id00806_wavtolip.mp4,1,FVRA,1,0.1337199773809208,0.53338027
00028_id01001_wavtolip.mp4,1,FVRA,1,0.1337199773809208,0.53338027
00028_id01002_wavtolip.mp4,1,FVRA,1,0.1337199773809208,0.53338027
00028_id01018_wavtolip.mp4,1,FVRA,1,0.1337199773809208,0.53338027
00028_id03844_wavtolip.mp4,1,FVRA,1,0.1337199773809208,0.53338027
00005_id00068_wavtolip.mp4,1,FVRA,1,0.1337197378949623,0.5333802
00005_id00188_wavtolip.mp4,1,FVRA,1,0.1337197378949623,0.5333802
00005_id00270_wavtolip.mp4,1,FVRA,1,0.1337197378949623,0.5333802
00005_id00328_wavtolip.mp4,1,FVRA,1,0.1337197378949623,0.5333802
00005_id00365_wavtolip.mp4,1,FVRA,1,0.1337197378949623,0.5333802
00005_id00581_wavtolip.mp4,1,FVRA,1,0.1337197378949623,0.5333802
00005_id00826_wavtolip.mp4,1,FVRA,1,0.1337197378949623,0.5333802
00005_id03371_wavtolip.mp4,1,FVRA,1,0.1337197378949623,0.5333802
00005_id03620_wavtolip.mp4,1,FVRA,1,0.1337197378949623,0.5333802
00005_id03816_wavtolip.mp4,1,FVRA,1,0.1337197378949623,0.5333802
00015_id00042_wavtolip.mp4,1,FVRA,1,0.13371638509194717,0.5333794
00015_id00188_wavtolip.mp4,1,FVRA,1,0.13371590612014905,0.53337926
00015_id00262_wavtolip.mp4,1,FVRA,1,0.13371590612014905,0.53337926
00015_id00569_wavtolip.mp4,1,FVRA,1,0.13371590612014905,0.53337926
00015_id00581_wavtolip.mp4,1,FVRA,1,0.13371590612014905,0.53337926
00015_id00589_wavtolip.mp4,1,FVRA,1,0.13371566663425577,0.5333792
00015_id00591_wavtolip.mp4,1,FVRA,1,0.13371590612014905,0.53337926
00015_id03371_wavtolip.mp4,1,FVRA,1,0.13371590612014905,0.53337926
00015_id03649_wavtolip.mp4,1,FVRA,1,0.13371590612014905,0.53337926
00015_id03858_wavtolip.mp4,1,FVRA,1,0.13371566663425577,0.5333792
00092_id00068_wavtolip.mp4,1,FVRA,1,0.1337223722407151,0.53338087
00092_id00188_wavtolip.mp4,1,FVRA,1,0.1337223722407151,0.53338087
00092_id00271_wavtolip.mp4,1,FVRA,1,0.1337223722407151,0.53338087
00092_id00328_wavtolip.mp4,1,FVRA,1,0.1337223722407151,0.53338087
00092_id00395_wavtolip.mp4,1,FVRA,1,0.1337223722407151,0.53338087
00092_id00491_wavtolip.mp4,1,FVRA,1,0.1337223722407151,0.53338087
00092_id00569_wavtolip.mp4,1,FVRA,1,0.1337223722407151,0.53338087
00092_id00735_wavtolip.mp4,1,FVRA,1,0.1337223722407151,0.53338087
00092_id03651_wavtolip.mp4,1,FVRA,1,0.1337223722407151,0.53338087
00092_id03716_wavtolip.mp4,1,FVRA,1,0.1337223722407151,0.53338087
00118_id00262_wavtolip.mp4,1,FVRA,1,0.1337168640637606,0.5333795
00118_id00395_wavtolip.mp4,1,FVRA,1,0.13371662457785197,0.53337944
00118_id00491_wavtolip.mp4,1,FVRA,1,0.13371662457785197,0.53337944
00118_id00591_wavtolip.mp4,1,FVRA,1,0.13371662457785197,0.53337944
00118_id00633_wavtolip.mp4,1,FVRA,1,0.1337168640637606,0.5333795
00118_id00806_wavtolip.mp4,1,FVRA,1,0.1337168640637606,0.5333795
00118_id01001_wavtolip.mp4,1,FVRA,1,0.1337168640637606,0.5333795
00118_id01002_wavtolip.mp4,1,FVRA,1,0.13371662457785197,0.53337944
00118_id01018_wavtolip.mp4,1,FVRA,1,0.1337168640637606,0.5333795
00118_id03844_wavtolip.mp4,1,FVRA,1,0.13371662457785197,0.53337944
00293_id00188_wavtolip.mp4,1,FVRA,1,0.13371470869072097,0.53337896
00293_id00270_wavtolip.mp4,1,FVRA,1,0.13371470869072097,0.53337896
00293_id00287_wavtolip.mp4,1,FVRA,1,0.13371470869072097,0.53337896
00293_id00365_wavtolip.mp4,1,FVRA,1,0.13371470869072097,0.53337896
00293_id00496_wavtolip.mp4,1,FVRA,1,0.13371470869072097,0.53337896
00293_id00581_wavtolip.mp4,1,FVRA,1,0.13371470869072097,0.53337896
00293_id00591_wavtolip.mp4,1,FVRA,1,0.13371470869072097,0.53337896
00293_id00826_wavtolip.mp4,1,FVRA,1,0.13371446920484686,0.5333789
00293_id01018_wavtolip.mp4,1,FVRA,1,0.13371470869072097,0.53337896
00293_id03371_wavtolip.mp4,1,FVRA,1,0.13371470869072097,0.53337896
00078_id00325_wavtolip.mp4,1,FVRA,1,0.1337218932687256,0.53338075
00078_id00365_wavtolip.mp4,1,FVRA,1,0.1337218932687256,0.53338075
00078_id00379_wavtolip.mp4,1,FVRA,1,0.1337218932687256,0.53338075
00078_id00395_wavtolip.mp4,1,FVRA,1,0.1337218932687256,0.53338075
00078_id00634_wavtolip.mp4,1,FVRA,1,0.1337218932687256,0.53338075
00078_id00735_wavtolip.mp4,1,FVRA,1,0.1337218932687256,0.53338075
00078_id00813_wavtolip.mp4,1,FVRA,1,0.1337218932687256,0.53338075
00078_id00823_wavtolip.mp4,1,FVRA,1,0.1337218932687256,0.53338075
00078_id01002_wavtolip.mp4,1,FVRA,1,0.1337218932687256,0.53338075
00078_id03941_wavtolip.mp4,1,FVRA,1,0.1337218932687256,0.53338075
00028_id00232_wavtolip.mp4,1,FVRA,1,0.13372021686688296,0.5333803
00028_id00379_wavtolip.mp4,1,FVRA,1,0.13372021686688296,0.5333803
00028_id00434_wavtolip.mp4,1,FVRA,1,0.1337199773809208,0.53338027
00028_id00484_wavtolip.mp4,1,FVRA,1,0.13372021686688296,0.5333803
00028_id00495_wavtolip.mp4,1,FVRA,1,0.13372021686688296,0.5333803
00028_id00823_wavtolip.mp4,1,FVRA,1,0.13372021686688296,0.5333803
00028_id01001_wavtolip.mp4,1,FVRA,1,0.13372021686688296,0.5333803
00028_id03371_wavtolip.mp4,1,FVRA,1,0.1337199773809208,0.53338027
00028_id03620_wavtolip.mp4,1,FVRA,1,0.1337199773809208,0.53338027
00028_id03941_wavtolip.mp4,1,FVRA,1,0.13372021686688296,0.5333803
00311_id00188_wavtolip.mp4,1,FVRA,1,0.1337216537827366,0.5333807
00311_id00232_wavtolip.mp4,1,FVRA,1,0.1337216537827366,0.5333807
00311_id00325_wavtolip.mp4,1,FVRA,1,0.1337216537827366,0.5333807
00311_id00328_wavtolip.mp4,1,FVRA,1,0.1337216537827366,0.5333807
00311_id00495_wavtolip.mp4,1,FVRA,1,0.1337216537827366,0.5333807
00311_id00496_wavtolip.mp4,1,FVRA,1,0.1337216537827366,0.5333807
00311_id00589_wavtolip.mp4,1,FVRA,1,0.1337216537827366,0.5333807
00311_id00634_wavtolip.mp4,1,FVRA,1,0.1337216537827366,0.5333807
00311_id00826_wavtolip.mp4,1,FVRA,1,0.1337216537827366,0.5333807
00311_id03716_wavtolip.mp4,1,FVRA,1,0.1337216537827366,0.5333807
00043_id00071_wavtolip.mp4,1,FVRA,1,0.13372333018473995,0.5333811
00043_id00328_wavtolip.mp4,1,FVRA,1,0.13372333018473995,0.5333811
00043_id00330_wavtolip.mp4,1,FVRA,1,0.13372333018473995,0.5333811
00043_id00491_wavtolip.mp4,1,FVRA,1,0.13372333018473995,0.5333811
00043_id00569_wavtolip.mp4,1,FVRA,1,0.13372333018473995,0.5333811
00043_id00581_wavtolip.mp4,1,FVRA,1,0.13372333018473995,0.5333811
00043_id00823_wavtolip.mp4,1,FVRA,1,0.13372333018473995,0.5333811
00043_id00897_wavtolip.mp4,1,FVRA,1,0.13372333018473995,0.5333811
00043_id03371_wavtolip.mp4,1,FVRA,1,0.13372333018473995,0.5333811
00043_id03651_wavtolip.mp4,1,FVRA,1,0.13372333018473995,0.5333811
00420_id00188_wavtolip.mp4,1,FVRA,1,0.13372069583881876,0.53338045
00420_id00234_wavtolip.mp4,1,FVRA,1,0.13372069583881876,0.53338045
00420_id00287_wavtolip.mp4,1,FVRA,1,0.13372069583881876,0.53338045
00420_id00328_wavtolip.mp4,1,FVRA,1,0.13372069583881876,0.53338045
00420_id00332_wavtolip.mp4,1,FVRA,1,0.13372069583881876,0.53338045
00420_id00395_wavtolip.mp4,1,FVRA,1,0.13372069583881876,0.53338045
00420_id00569_wavtolip.mp4,1,FVRA,1,0.13372069583881876,0.53338045
00420_id00581_wavtolip.mp4,1,FVRA,1,0.13372069583881876,0.53338045
00420_id00823_wavtolip.mp4,1,FVRA,1,0.13372069583881876,0.53338045
00420_id01018_wavtolip.mp4,1,FVRA,1,0.13372069583881876,0.53338045
00052_id00068_wavtolip.mp4,1,FVRA,1,0.1337199773809208,0.53338027
00052_id00270_wavtolip.mp4,1,FVRA,1,0.1337199773809208,0.53338027
00052_id00325_wavtolip.mp4,1,FVRA,1,0.1337199773809208,0.53338027
00052_id00365_wavtolip.mp4,1,FVRA,1,0.13372021686688296,0.5333803
00052_id00434_wavtolip.mp4,1,FVRA,1,0.1337199773809208,0.53338027
00052_id00569_wavtolip.mp4,1,FVRA,1,0.13372021686688296,0.5333803
00052_id00591_wavtolip.mp4,1,FVRA,1,0.1337197378949623,0.5333802
00052_id01001_wavtolip.mp4,1,FVRA,1,0.1337199773809208,0.53338027
00052_id01002_wavtolip.mp4,1,FVRA,1,0.1337199773809208,0.53338027
00052_id03858_wavtolip.mp4,1,FVRA,1,0.1337199773809208,0.53338027
00046_id00262_wavtolip.mp4,1,FVRA,1,0.1337127928038351,0.5333785
00046_id00287_wavtolip.mp4,1,FVRA,1,0.13371351126138858,0.53337866
00046_id00325_wavtolip.mp4,1,FVRA,1,0.13371303228968237,0.53337854
00046_id00395_wavtolip.mp4,1,FVRA,1,0.13371351126138858,0.53337866
00046_id00569_wavtolip.mp4,1,FVRA,1,0.13371351126138858,0.53337866
00046_id00806_wavtolip.mp4,1,FVRA,1,0.1337127928038351,0.5333785
00046_id00826_wavtolip.mp4,1,FVRA,1,0.13371303228968237,0.53337854
00046_id00897_wavtolip.mp4,1,FVRA,1,0.13371303228968237,0.53337854
00046_id01002_wavtolip.mp4,1,FVRA,1,0.13371351126138858,0.53337866
00046_id03589_wavtolip.mp4,1,FVRA,1,0.13371303228968237,0.53337854
00202_id00188_wavtolip.mp4,1,FVRA,1,0.1337173430355892,0.5333796
00202_id00232_wavtolip.mp4,1,FVRA,1,0.1337168640637606,0.5333795
00202_id00234_wavtolip.mp4,1,FVRA,1,0.1337168640637606,0.5333795
00202_id00330_wavtolip.mp4,1,FVRA,1,0.1337168640637606,0.5333795
00202_id00379_wavtolip.mp4,1,FVRA,1,0.1337168640637606,0.5333795
00202_id00434_wavtolip.mp4,1,FVRA,1,0.1337168640637606,0.5333795
00202_id00806_wavtolip.mp4,1,FVRA,1,0.1337168640637606,0.5333795
00202_id03371_wavtolip.mp4,1,FVRA,1,0.1337168640637606,0.5333795
00202_id03651_wavtolip.mp4,1,FVRA,1,0.13371758252150934,0.5333797
00202_id03816_wavtolip.mp4,1,FVRA,1,0.1337168640637606,0.5333795
00122_id00262_wavtolip.mp4,1,FVRA,1,0.1337199773809208,0.53338027
00122_id00373_wavtolip.mp4,1,FVRA,1,0.1337199773809208,0.53338027
00122_id00495_wavtolip.mp4,1,FVRA,1,0.1337199773809208,0.53338027
00122_id00496_wavtolip.mp4,1,FVRA,1,0.1337199773809208,0.53338027
00122_id00589_wavtolip.mp4,1,FVRA,1,0.1337199773809208,0.53338027
00122_id01002_wavtolip.mp4,1,FVRA,1,0.1337199773809208,0.53338027
00122_id03371_wavtolip.mp4,1,FVRA,1,0.1337199773809208,0.53338027
00122_id03589_wavtolip.mp4,1,FVRA,1,0.1337199773809208,0.53338027
00122_id03651_wavtolip.mp4,1,FVRA,1,0.1337199773809208,0.53338027
00122_id03844_wavtolip.mp4,1,FVRA,1,0.1337199773809208,0.53338027
00027_id00232_wavtolip.mp4,1,FVRA,1,0.13371255331799148,0.5333784
00027_id00328_wavtolip.mp4,1,FVRA,1,0.13371255331799148,0.5333784
00027_id00374_wavtolip.mp4,1,FVRA,1,0.13371255331799148,0.5333784
00027_id00403_wavtolip.mp4,1,FVRA,1,0.1337123138321519,0.53337836
00027_id00496_wavtolip.mp4,1,FVRA,1,0.13371255331799148,0.5333784
00027_id00569_wavtolip.mp4,1,FVRA,1,0.13371255331799148,0.5333784
00027_id00581_wavtolip.mp4,1,FVRA,1,0.13371255331799148,0.5333784
00027_id00806_wavtolip.mp4,1,FVRA,1,0.1337123138321519,0.53337836
00027_id03620_wavtolip.mp4,1,FVRA,1,0.13371255331799148,0.5333784
00027_id03858_wavtolip.mp4,1,FVRA,1,0.13371255331799148,0.5333784
00015_id00270_wavtolip.mp4,1,FVRA,1,0.1337223722407151,0.53338087
00015_id00287_wavtolip.mp4,1,FVRA,1,0.1337223722407151,0.53338087
00015_id00434_wavtolip.mp4,1,FVRA,1,0.1337223722407151,0.53338087
00015_id00589_wavtolip.mp4,1,FVRA,1,0.1337223722407151,0.53338087
00015_id00633_wavtolip.mp4,1,FVRA,1,0.1337223722407151,0.53338087
00015_id00634_wavtolip.mp4,1,FVRA,1,0.1337223722407151,0.53338087
00015_id00735_wavtolip.mp4,1,FVRA,1,0.1337223722407151,0.53338087
00015_id00806_wavtolip.mp4,1,FVRA,1,0.1337223722407151,0.53338087
00015_id00823_wavtolip.mp4,1,FVRA,1,0.1337223722407151,0.53338087
00015_id00897_wavtolip.mp4,1,FVRA,1,0.1337223722407151,0.53338087
00239_id00068_wavtolip.mp4,1,FVRA,1,0.13372093532479262,0.5333805
00239_id00262_wavtolip.mp4,1,FVRA,1,0.13372093532479262,0.5333805
00239_id00328_wavtolip.mp4,1,FVRA,1,0.13372093532479262,0.5333805
00239_id00330_wavtolip.mp4,1,FVRA,1,0.13372093532479262,0.5333805
00239_id00403_wavtolip.mp4,1,FVRA,1,0.13372093532479262,0.5333805
00239_id00491_wavtolip.mp4,1,FVRA,1,0.13372093532479262,0.5333805
00239_id00735_wavtolip.mp4,1,FVRA,1,0.13372093532479262,0.5333805
00239_id00826_wavtolip.mp4,1,FVRA,1,0.13372093532479262,0.5333805
00239_id01001_wavtolip.mp4,1,FVRA,1,0.13372093532479262,0.5333805
00239_id01002_wavtolip.mp4,1,FVRA,1,0.13372093532479262,0.5333805
00010_id00188_wavtolip.mp4,1,FVRA,1,0.13372428812882617,0.53338134
00010_id00374_wavtolip.mp4,1,FVRA,1,0.13372428812882617,0.53338134
00010_id00379_wavtolip.mp4,1,FVRA,1,0.13372428812882617,0.53338134
00010_id00434_wavtolip.mp4,1,FVRA,1,0.13372428812882617,0.53338134
00010_id00484_wavtolip.mp4,1,FVRA,1,0.13372428812882617,0.53338134
00010_id00495_wavtolip.mp4,1,FVRA,1,0.13372428812882617,0.53338134
00010_id00589_wavtolip.mp4,1,FVRA,1,0.13372428812882617,0.53338134
00010_id00826_wavtolip.mp4,1,FVRA,1,0.13372428812882617,0.53338134
00010_id01018_wavtolip.mp4,1,FVRA,1,0.13372428812882617,0.53338134
00010_id03589_wavtolip.mp4,1,FVRA,1,0.13372428812882617,0.53338134
00130_id00042_wavtolip.mp4,1,FVRA,1,0.13372045635284893,0.5333804
00130_id00188_wavtolip.mp4,1,FVRA,1,0.13372021686688296,0.5333803
00130_id00232_wavtolip.mp4,1,FVRA,1,0.13372069583881876,0.53338045
00130_id00262_wavtolip.mp4,1,FVRA,1,0.13372069583881876,0.53338045
00130_id00270_wavtolip.mp4,1,FVRA,1,0.13372069583881876,0.53338045
00130_id00287_wavtolip.mp4,1,FVRA,1,0.13372045635284893,0.5333804
00130_id00735_wavtolip.mp4,1,FVRA,1,0.13372045635284893,0.5333804
00130_id00813_wavtolip.mp4,1,FVRA,1,0.13372069583881876,0.53338045
00130_id01002_wavtolip.mp4,1,FVRA,1,0.13372021686688296,0.5333803
00130_id03589_wavtolip.mp4,1,FVRA,1,0.13372069583881876,0.53338045
00001_id00270_wavtolip.mp4,1,FVRA,1,0.1337183009792926,0.53337985
00001_id00287_wavtolip.mp4,1,FVRA,1,0.13371854046522788,0.5333799
00001_id00325_wavtolip.mp4,1,FVRA,1,0.13371854046522788,0.5333799
00001_id00374_wavtolip.mp4,1,FVRA,1,0.1337183009792926,0.53337985
00001_id00395_wavtolip.mp4,1,FVRA,1,0.1337183009792926,0.53337985
00001_id00434_wavtolip.mp4,1,FVRA,1,0.13371854046522788,0.5333799
00001_id00491_wavtolip.mp4,1,FVRA,1,0.1337183009792926,0.53337985
00001_id00589_wavtolip.mp4,1,FVRA,1,0.13371854046522788,0.5333799
00001_id01001_wavtolip.mp4,1,FVRA,1,0.1337183009792926,0.53337985
00001_id03716_wavtolip.mp4,1,FVRA,1,0.1337183009792926,0.53337985
00088_id00232_wavtolip.mp4,1,FVRA,1,0.13371949840900782,0.53338015
00088_id00234_wavtolip.mp4,1,FVRA,1,0.13371949840900782,0.53338015
00088_id00271_wavtolip.mp4,1,FVRA,1,0.1337197378949623,0.5333802
00088_id00633_wavtolip.mp4,1,FVRA,1,0.1337197378949623,0.5333802
00088_id00735_wavtolip.mp4,1,FVRA,1,0.13371949840900782,0.53338015
00088_id01001_wavtolip.mp4,1,FVRA,1,0.13371949840900782,0.53338015
00088_id01002_wavtolip.mp4,1,FVRA,1,0.1337197378949623,0.5333802
00088_id01018_wavtolip.mp4,1,FVRA,1,0.1337197378949623,0.5333802
00088_id03589_wavtolip.mp4,1,FVRA,1,0.1337197378949623,0.5333802
00088_id03620_wavtolip.mp4,1,FVRA,1,0.1337197378949623,0.5333802
00078_id00234_wavtolip.mp4,1,FVRA,1,0.13372333018473995,0.5333811
00078_id00287_wavtolip.mp4,1,FVRA,1,0.1337235696707558,0.53338116
00078_id00325_wavtolip.mp4,1,FVRA,1,0.13372333018473995,0.5333811
00078_id00373_wavtolip.mp4,1,FVRA,1,0.13372333018473995,0.5333811
00078_id00491_wavtolip.mp4,1,FVRA,1,0.13372333018473995,0.5333811
00078_id00569_wavtolip.mp4,1,FVRA,1,0.1337235696707558,0.53338116
00078_id00633_wavtolip.mp4,1,FVRA,1,0.13372333018473995,0.5333811
00078_id00897_wavtolip.mp4,1,FVRA,1,0.13372333018473995,0.5333811
00078_id01001_wavtolip.mp4,1,FVRA,1,0.1337235696707558,0.53338116
00078_id03941_wavtolip.mp4,1,FVRA,1,0.1337235696707558,0.53338116
00037_id00188_wavtolip.mp4,1,FVRA,1,0.13371255331799148,0.5333784
00037_id00232_wavtolip.mp4,1,FVRA,1,0.13371255331799148,0.5333784
00037_id00234_wavtolip.mp4,1,FVRA,1,0.13371255331799148,0.5333784
00037_id00262_wavtolip.mp4,1,FVRA,1,0.13371255331799148,0.5333784
00037_id00330_wavtolip.mp4,1,FVRA,1,0.13371255331799148,0.5333784
00037_id00496_wavtolip.mp4,1,FVRA,1,0.13371255331799148,0.5333784
00037_id00569_wavtolip.mp4,1,FVRA,1,0.13371255331799148,0.5333784
00037_id00581_wavtolip.mp4,1,FVRA,1,0.13371255331799148,0.5333784
00037_id00823_wavtolip.mp4,1,FVRA,1,0.13371255331799148,0.5333784
00037_id03649_wavtolip.mp4,1,FVRA,1,0.13371255331799148,0.5333784
00005_id00042_wavtolip.mp4,1,FVRA,1,0.1337127928038351,0.5333785
00005_id00068_wavtolip.mp4,1,FVRA,1,0.13371303228968237,0.53337854
00005_id00373_wavtolip.mp4,1,FVRA,1,0.13371303228968237,0.53337854
00005_id00495_wavtolip.mp4,1,FVRA,1,0.13371303228968237,0.53337854
00005_id00591_wavtolip.mp4,1,FVRA,1,0.13371303228968237,0.53337854
00005_id00806_wavtolip.mp4,1,FVRA,1,0.1337127928038351,0.5333785
00005_id01018_wavtolip.mp4,1,FVRA,1,0.13371351126138858,0.53337866
00005_id03371_wavtolip.mp4,1,FVRA,1,0.13371303228968237,0.53337854
00005_id03716_wavtolip.mp4,1,FVRA,1,0.13371327177553366,0.5333786
00005_id03816_wavtolip.mp4,1,FVRA,1,0.1337127928038351,0.5333785
00169_id00042_wavtolip.mp4,1,FVRA,1,0.1337197378949623,0.5333802
00169_id00325_wavtolip.mp4,1,FVRA,1,0.1337197378949623,0.5333802
00169_id00379_wavtolip.mp4,1,FVRA,1,0.13371949840900782,0.53338015
00169_id00395_wavtolip.mp4,1,FVRA,1,0.13371949840900782,0.53338015
00169_id00806_wavtolip.mp4,1,FVRA,1,0.1337192589230572,0.5333801
00169_id01001_wavtolip.mp4,1,FVRA,1,0.1337197378949623,0.5333802
00169_id03371_wavtolip.mp4,1,FVRA,1,0.13371949840900782,0.53338015
00169_id03589_wavtolip.mp4,1,FVRA,1,0.1337197378949623,0.5333802
00169_id03649_wavtolip.mp4,1,FVRA,1,0.1337199773809208,0.53338027
00169_id03858_wavtolip.mp4,1,FVRA,1,0.1337197378949623,0.5333802
00125_id00234_wavtolip.mp4,1,FVRA,1,0.13370752411616224,0.5333772
00125_id00271_wavtolip.mp4,1,FVRA,1,0.13370800308769237,0.5333773
00125_id00365_wavtolip.mp4,1,FVRA,1,0.13370752411616224,0.5333772
00125_id00633_wavtolip.mp4,1,FVRA,1,0.13370752411616224,0.5333772
00125_id00735_wavtolip.mp4,1,FVRA,1,0.13370752411616224,0.5333772
00125_id00823_wavtolip.mp4,1,FVRA,1,0.13370752411616224,0.5333772
00125_id01018_wavtolip.mp4,1,FVRA,1,0.13370752411616224,0.5333772
00125_id03371_wavtolip.mp4,1,FVRA,1,0.13370752411616224,0.5333772
00125_id03651_wavtolip.mp4,1,FVRA,1,0.1337077636019253,0.53337723
00125_id03858_wavtolip.mp4,1,FVRA,1,0.13370752411616224,0.5333772
00065_id00068_wavtolip.mp4,1,FVRA,1,0.13372069583881876,0.53338045
00065_id00373_wavtolip.mp4,1,FVRA,1,0.13372069583881876,0.53338045
00065_id00395_wavtolip.mp4,1,FVRA,1,0.13372045635284893,0.5333804
00065_id00495_wavtolip.mp4,1,FVRA,1,0.13372045635284893,0.5333804
00065_id00633_wavtolip.mp4,1,FVRA,1,0.13372069583881876,0.53338045
00065_id00806_wavtolip.mp4,1,FVRA,1,0.13372069583881876,0.53338045
00065_id01018_wavtolip.mp4,1,FVRA,1,0.13372069583881876,0.53338045
00065_id03651_wavtolip.mp4,1,FVRA,1,0.13372045635284893,0.5333804
00065_id03716_wavtolip.mp4,1,FVRA,1,0.13372069583881876,0.53338045
00065_id03816_wavtolip.mp4,1,FVRA,1,0.13372045635284893,0.5333804
00005_id00234_wavtolip.mp4,1,FVRA,1,0.1337161456060462,0.5333793
00005_id00328_wavtolip.mp4,1,FVRA,1,0.1337161456060462,0.5333793
00005_id00374_wavtolip.mp4,1,FVRA,1,0.1337161456060462,0.5333793
00005_id00491_wavtolip.mp4,1,FVRA,1,0.1337161456060462,0.5333793
00005_id00496_wavtolip.mp4,1,FVRA,1,0.13371590612014905,0.53337926
00005_id00589_wavtolip.mp4,1,FVRA,1,0.13371638509194717,0.5333794
00005_id00591_wavtolip.mp4,1,FVRA,1,0.13371638509194717,0.5333794
00005_id00806_wavtolip.mp4,1,FVRA,1,0.13371542714836632,0.53337914
00005_id00823_wavtolip.mp4,1,FVRA,1,0.1337161456060462,0.5333793
00005_id00897_wavtolip.mp4,1,FVRA,1,0.13371566663425577,0.5333792
00086_id00068_wavtolip.mp4,1,FVRA,1,0.13371375074724734,0.5333787
00086_id00234_wavtolip.mp4,1,FVRA,1,0.13371375074724734,0.5333787
00086_id00262_wavtolip.mp4,1,FVRA,1,0.13371375074724734,0.5333787
00086_id00287_wavtolip.mp4,1,FVRA,1,0.1337149481765989,0.533379
00086_id00403_wavtolip.mp4,1,FVRA,1,0.13371375074724734,0.5333787
00086_id00434_wavtolip.mp4,1,FVRA,1,0.13371375074724734,0.5333787
00086_id00569_wavtolip.mp4,1,FVRA,1,0.13371470869072097,0.53337896
00086_id01018_wavtolip.mp4,1,FVRA,1,0.13371375074724734,0.5333787
00086_id03649_wavtolip.mp4,1,FVRA,1,0.13371446920484686,0.5333789
00086_id03858_wavtolip.mp4,1,FVRA,1,0.13371375074724734,0.5333787
00043_id00042_wavtolip.mp4,1,FVRA,1,0.13372021686688296,0.5333803
00043_id00232_wavtolip.mp4,1,FVRA,1,0.13372021686688296,0.5333803
00043_id00270_wavtolip.mp4,1,FVRA,1,0.13372021686688296,0.5333803
00043_id00365_wavtolip.mp4,1,FVRA,1,0.13372021686688296,0.5333803
00043_id00379_wavtolip.mp4,1,FVRA,1,0.13372021686688296,0.5333803
00043_id00395_wavtolip.mp4,1,FVRA,1,0.13372021686688296,0.5333803
00043_id00633_wavtolip.mp4,1,FVRA,1,0.13372021686688296,0.5333803
00043_id00823_wavtolip.mp4,1,FVRA,1,0.13372021686688296,0.5333803
00043_id03620_wavtolip.mp4,1,FVRA,1,0.13372021686688296,0.5333803
00043_id03941_wavtolip.mp4,1,FVRA,1,0.13372045635284893,0.5333804
00072_id00234_wavtolip.mp4,1,FVRA,1,0.13371662457785197,0.53337944
00072_id00270_wavtolip.mp4,1,FVRA,1,0.1337168640637606,0.5333795
00072_id00271_wavtolip.mp4,1,FVRA,1,0.1337168640637606,0.5333795
00072_id00332_wavtolip.mp4,1,FVRA,1,0.1337168640637606,0.5333795
00072_id00434_wavtolip.mp4,1,FVRA,1,0.13371662457785197,0.53337944
00072_id00496_wavtolip.mp4,1,FVRA,1,0.13371662457785197,0.53337944
00072_id00569_wavtolip.mp4,1,FVRA,1,0.13371662457785197,0.53337944
00072_id03589_wavtolip.mp4,1,FVRA,1,0.13371662457785197,0.53337944
00072_id03649_wavtolip.mp4,1,FVRA,1,0.13371662457785197,0.53337944
00072_id03941_wavtolip.mp4,1,FVRA,1,0.1337168640637606,0.5333795
00430_id00071_wavtolip.mp4,1,FVRA,1,0.13372213275471842,0.5333808
00430_id00188_wavtolip.mp4,1,FVRA,1,0.1337223722407151,0.53338087
00430_id00332_wavtolip.mp4,1,FVRA,1,0.1337223722407151,0.53338087
00430_id00365_wavtolip.mp4,1,FVRA,1,0.13372213275471842,0.5333808
00430_id00434_wavtolip.mp4,1,FVRA,1,0.13372213275471842,0.5333808
00430_id00484_wavtolip.mp4,1,FVRA,1,0.13372213275471842,0.5333808
00430_id00569_wavtolip.mp4,1,FVRA,1,0.1337223722407151,0.53338087
00430_id00591_wavtolip.mp4,1,FVRA,1,0.13372213275471842,0.5333808
00430_id03589_wavtolip.mp4,1,FVRA,1,0.13372213275471842,0.5333808
00430_id03651_wavtolip.mp4,1,FVRA,1,0.13372213275471842,0.5333808
00002_id00071_wavtolip.mp4,1,FVRA,1,0.1337211748107701,0.53338057
00002_id00234_wavtolip.mp4,1,FVRA,1,0.13372045635284893,0.5333804
00002_id00270_wavtolip.mp4,1,FVRA,1,0.13372045635284893,0.5333804
00002_id00332_wavtolip.mp4,1,FVRA,1,0.13372069583881876,0.53338045
00002_id00374_wavtolip.mp4,1,FVRA,1,0.13372045635284893,0.5333804
00002_id00495_wavtolip.mp4,1,FVRA,1,0.1337211748107701,0.53338057
00002_id00589_wavtolip.mp4,1,FVRA,1,0.13372045635284893,0.5333804
00002_id00633_wavtolip.mp4,1,FVRA,1,0.13372045635284893,0.5333804
00002_id03844_wavtolip.mp4,1,FVRA,1,0.13372093532479262,0.5333805
00002_id03858_wavtolip.mp4,1,FVRA,1,0.13372069583881876,0.53338045
00081_id00068_wavtolip.mp4,1,FVRA,1,0.1337187799511672,0.53338
00081_id00270_wavtolip.mp4,1,FVRA,1,0.1337192589230572,0.5333801
00081_id00328_wavtolip.mp4,1,FVRA,1,0.1337199773809208,0.53338027
00081_id00379_wavtolip.mp4,1,FVRA,1,0.13371949840900782,0.53338015
00081_id00496_wavtolip.mp4,1,FVRA,1,0.1337183009792926,0.53337985
00081_id00581_wavtolip.mp4,1,FVRA,1,0.13371854046522788,0.5333799
00081_id00589_wavtolip.mp4,1,FVRA,1,0.1337192589230572,0.5333801
00081_id00633_wavtolip.mp4,1,FVRA,1,0.1337187799511672,0.53338
00081_id00806_wavtolip.mp4,1,FVRA,1,0.13371806149336093,0.5333798
00081_id03844_wavtolip.mp4,1,FVRA,1,0.13371949840900782,0.53338015
00001_id00271_wavtolip.mp4,1,FVRA,1,0.13372045635284893,0.5333804
00001_id00325_wavtolip.mp4,1,FVRA,1,0.13372045635284893,0.5333804
00001_id00330_wavtolip.mp4,1,FVRA,1,0.13372045635284893,0.5333804
00001_id00373_wavtolip.mp4,1,FVRA,1,0.13372045635284893,0.5333804
00001_id00374_wavtolip.mp4,1,FVRA,1,0.13372045635284893,0.5333804
00001_id00403_wavtolip.mp4,1,FVRA,1,0.13372045635284893,0.5333804
00001_id00491_wavtolip.mp4,1,FVRA,1,0.13372045635284893,0.5333804
00001_id00495_wavtolip.mp4,1,FVRA,1,0.13372045635284893,0.5333804
00001_id00581_wavtolip.mp4,1,FVRA,1,0.13372045635284893,0.5333804
00001_id00823_wavtolip.mp4,1,FVRA,1,0.13372045635284893,0.5333804
00092_id00188_wavtolip.mp4,1,FVRA,1,0.13372213275471842,0.5333808
00092_id00234_wavtolip.mp4,1,FVRA,1,0.1337223722407151,0.53338087
00092_id00325_wavtolip.mp4,1,FVRA,1,0.13372213275471842,0.5333808
00092_id00395_wavtolip.mp4,1,FVRA,1,0.13372213275471842,0.5333808
00092_id00581_wavtolip.mp4,1,FVRA,1,0.13372213275471842,0.5333808
00092_id00591_wavtolip.mp4,1,FVRA,1,0.1337223722407151,0.53338087
00092_id00633_wavtolip.mp4,1,FVRA,1,0.1337223722407151,0.53338087
00092_id01001_wavtolip.mp4,1,FVRA,1,0.1337223722407151,0.53338087
00092_id03649_wavtolip.mp4,1,FVRA,1,0.13372213275471842,0.5333808
00092_id03858_wavtolip.mp4,1,FVRA,1,0.1337223722407151,0.53338087
00040_id00068_wavtolip.mp4,1,FVRA,1,0.13372093532479262,0.5333805
00040_id00234_wavtolip.mp4,1,FVRA,1,0.13372093532479262,0.5333805
00040_id00328_wavtolip.mp4,1,FVRA,1,0.13372093532479262,0.5333805
00040_id00330_wavtolip.mp4,1,FVRA,1,0.13372093532479262,0.5333805
00040_id00365_wavtolip.mp4,1,FVRA,1,0.13372093532479262,0.5333805
00040_id00373_wavtolip.mp4,1,FVRA,1,0.13372093532479262,0.5333805
00040_id00633_wavtolip.mp4,1,FVRA,1,0.13372093532479262,0.5333805
00040_id00813_wavtolip.mp4,1,FVRA,1,0.13372093532479262,0.5333805
00040_id00826_wavtolip.mp4,1,FVRA,1,0.13372093532479262,0.5333805
00040_id03716_wavtolip.mp4,1,FVRA,1,0.13372093532479262,0.5333805
00093_id00232_wavtolip.mp4,1,FVRA,1,0.1337183009792926,0.53337985
00093_id00234_wavtolip.mp4,1,FVRA,1,0.1337183009792926,0.53337985
00093_id00330_wavtolip.mp4,1,FVRA,1,0.1337183009792926,0.53337985
00093_id00491_wavtolip.mp4,1,FVRA,1,0.13371854046522788,0.5333799
00093_id00569_wavtolip.mp4,1,FVRA,1,0.13371854046522788,0.5333799
00093_id00735_wavtolip.mp4,1,FVRA,1,0.1337183009792926,0.53337985
00093_id03620_wavtolip.mp4,1,FVRA,1,0.1337183009792926,0.53337985
00093_id03651_wavtolip.mp4,1,FVRA,1,0.13371854046522788,0.5333799
00093_id03844_wavtolip.mp4,1,FVRA,1,0.13371854046522788,0.5333799
00093_id03858_wavtolip.mp4,1,FVRA,1,0.1337183009792926,0.53337985
00028_id00042_wavtolip.mp4,1,FVRA,1,0.1337183009792926,0.53337985
00028_id00271_wavtolip.mp4,1,FVRA,1,0.1337183009792926,0.53337985
00028_id00365_wavtolip.mp4,1,FVRA,1,0.1337183009792926,0.53337985
00028_id00379_wavtolip.mp4,1,FVRA,1,0.1337183009792926,0.53337985
00028_id00434_wavtolip.mp4,1,FVRA,1,0.1337183009792926,0.53337985
00028_id00484_wavtolip.mp4,1,FVRA,1,0.1337183009792926,0.53337985
00028_id00591_wavtolip.mp4,1,FVRA,1,0.1337183009792926,0.53337985
00028_id00813_wavtolip.mp4,1,FVRA,1,0.1337183009792926,0.53337985
00028_id00897_wavtolip.mp4,1,FVRA,1,0.1337183009792926,0.53337985
00028_id03620_wavtolip.mp4,1,FVRA,1,0.1337183009792926,0.53337985
00092_id00271_wavtolip.mp4,1,FVRA,1,0.1337168640637606,0.5333795
00092_id00328_wavtolip.mp4,1,FVRA,1,0.1337173430355892,0.5333796
00092_id00374_wavtolip.mp4,1,FVRA,1,0.1337173430355892,0.5333796
00092_id00379_wavtolip.mp4,1,FVRA,1,0.1337173430355892,0.5333796
00092_id00484_wavtolip.mp4,1,FVRA,1,0.1337173430355892,0.5333796
00092_id00496_wavtolip.mp4,1,FVRA,1,0.1337168640637606,0.5333795
00092_id00591_wavtolip.mp4,1,FVRA,1,0.1337168640637606,0.5333795
00092_id03651_wavtolip.mp4,1,FVRA,1,0.1337173430355892,0.5333796
00092_id03844_wavtolip.mp4,1,FVRA,1,0.1337168640637606,0.5333795
00092_id03858_wavtolip.mp4,1,FVRA,1,0.1337168640637606,0.5333795
00021_id00068_wavtolip.mp4,1,FVRA,1,0.13371255331799148,0.5333784
00021_id00071_wavtolip.mp4,1,FVRA,1,0.13371255331799148,0.5333784
00021_id00262_wavtolip.mp4,1,FVRA,1,0.13371255331799148,0.5333784
00021_id00332_wavtolip.mp4,1,FVRA,1,0.13371255331799148,0.5333784
00021_id00374_wavtolip.mp4,1,FVRA,1,0.13371255331799148,0.5333784
00021_id00434_wavtolip.mp4,1,FVRA,1,0.13371255331799148,0.5333784
00021_id00581_wavtolip.mp4,1,FVRA,1,0.13371255331799148,0.5333784
00021_id00826_wavtolip.mp4,1,FVRA,1,0.13371255331799148,0.5333784
00021_id00897_wavtolip.mp4,1,FVRA,1,0.13371255331799148,0.5333784
00021_id03651_wavtolip.mp4,1,FVRA,1,0.13371255331799148,0.5333784
00028_id00188_wavtolip.mp4,1,FVFA,1,0.13371015845976694,0.5333778
00028_id00374_wavtolip.mp4,1,FVFA,1,0.13371063743138129,0.53337795
00028_id00403_wavtolip.mp4,1,FVFA,1,0.13371063743138129,0.53337795
00028_id00633_wavtolip.mp4,1,FVFA,1,0.13371063743138129,0.53337795
00028_id00735_wavtolip.mp4,1,FVFA,1,0.13371015845976694,0.5333778
00028_id00823_wavtolip.mp4,1,FVFA,1,0.13370991897396572,0.53337777
00028_id01002_wavtolip.mp4,1,FVFA,1,0.13371039794557218,0.5333779
00028_id03716_wavtolip.mp4,1,FVFA,1,0.13371063743138129,0.53337795
00028_id03858_wavtolip.mp4,1,FVFA,1,0.13371039794557218,0.5333779
00004_id00071_wavtolip.mp4,1,FVFA,1,0.1336943524050871,0.5333739
00004_id00270_wavtolip.mp4,1,FVFA,1,0.13369387343399364,0.5333738
00004_id00287_wavtolip.mp4,1,FVFA,1,0.1336943524050871,0.5333739
00004_id00373_wavtolip.mp4,1,FVFA,1,0.13369411291953856,0.53337383
00004_id00403_wavtolip.mp4,1,FVFA,1,0.13369315497738177,0.5333736
00004_id00813_wavtolip.mp4,1,FVFA,1,0.13369411291953856,0.53337383
00004_id00823_wavtolip.mp4,1,FVFA,1,0.1336926760063265,0.5333735
00004_id00897_wavtolip.mp4,1,FVFA,1,0.13369411291953856,0.53337383
00004_id01002_wavtolip.mp4,1,FVFA,1,0.1336943524050871,0.5333739
00014_id00262_wavtolip.mp4,1,FVFA,1,0.13372093532479262,0.5333805
00014_id00271_wavtolip.mp4,1,FVFA,1,0.1337211748107701,0.53338057
00014_id00328_wavtolip.mp4,1,FVFA,1,0.13372093532479262,0.5333805
00014_id00403_wavtolip.mp4,1,FVFA,1,0.13372093532479262,0.5333805
00014_id03371_wavtolip.mp4,1,FVFA,1,0.13372093532479262,0.5333805
00014_id03651_wavtolip.mp4,1,FVFA,1,0.1337211748107701,0.53338057
00014_id03716_wavtolip.mp4,1,FVFA,1,0.13372093532479262,0.5333805
00020_id00232_wavtolip.mp4,1,FVFA,1,0.13371949840900782,0.53338015
00020_id00262_wavtolip.mp4,1,FVFA,1,0.13371949840900782,0.53338015
00020_id00270_wavtolip.mp4,1,FVFA,1,0.13371949840900782,0.53338015
00020_id00271_wavtolip.mp4,1,FVFA,1,0.13371949840900782,0.53338015
00020_id00330_wavtolip.mp4,1,FVFA,1,0.13371949840900782,0.53338015
00020_id00374_wavtolip.mp4,1,FVFA,1,0.13371949840900782,0.53338015
00020_id00581_wavtolip.mp4,1,FVFA,1,0.13371949840900782,0.53338015
00020_id00806_wavtolip.mp4,1,FVFA,1,0.13371949840900782,0.53338015
00020_id03844_wavtolip.mp4,1,FVFA,1,0.1337197378949623,0.5333802
00025_id00071_wavtolip.mp4,1,FVFA,1,0.1337173430355892,0.5333796
00025_id00270_wavtolip.mp4,1,FVFA,1,0.1337173430355892,0.5333796
00025_id00374_wavtolip.mp4,1,FVFA,1,0.1337173430355892,0.5333796
00025_id00496_wavtolip.mp4,1,FVFA,1,0.1337173430355892,0.5333796
00025_id00569_wavtolip.mp4,1,FVFA,1,0.1337173430355892,0.5333796
00025_id00826_wavtolip.mp4,1,FVFA,1,0.1337173430355892,0.5333796
00025_id01018_wavtolip.mp4,1,FVFA,1,0.1337173430355892,0.5333796
00025_id03589_wavtolip.mp4,1,FVFA,1,0.1337173430355892,0.5333796
00025_id03716_wavtolip.mp4,1,FVFA,1,0.1337173430355892,0.5333796
00025_id03844_wavtolip.mp4,1,FVFA,1,0.1337173430355892,0.5333796
00063_id00232_wavtolip.mp4,1,FVFA,1,0.13371806149336093,0.5333798
00063_id00234_wavtolip.mp4,1,FVFA,1,0.13371854046522788,0.5333799
00063_id00403_wavtolip.mp4,1,FVFA,1,0.13371782200743312,0.53337973
00063_id00434_wavtolip.mp4,1,FVFA,1,0.13371854046522788,0.5333799
00063_id00634_wavtolip.mp4,1,FVFA,1,0.13371758252150934,0.5333797
00063_id00826_wavtolip.mp4,1,FVFA,1,0.1337183009792926,0.53337985
00063_id01002_wavtolip.mp4,1,FVFA,1,0.13371782200743312,0.53337973
00063_id03649_wavtolip.mp4,1,FVFA,1,0.1337183009792926,0.53337985
00028_id00071_wavtolip.mp4,1,FVFA,1,0.13372333018473995,0.5333811
00028_id00328_wavtolip.mp4,1,FVFA,1,0.13372309069872812,0.53338104
00028_id00379_wavtolip.mp4,1,FVFA,1,0.13372333018473995,0.5333811
00028_id00395_wavtolip.mp4,1,FVFA,1,0.13372333018473995,0.5333811
00028_id00496_wavtolip.mp4,1,FVFA,1,0.13372333018473995,0.5333811
00028_id00813_wavtolip.mp4,1,FVFA,1,0.13372333018473995,0.5333811
00028_id01002_wavtolip.mp4,1,FVFA,1,0.13372309069872812,0.53338104
00028_id03651_wavtolip.mp4,1,FVFA,1,0.13372333018473995,0.5333811
00028_id03941_wavtolip.mp4,1,FVFA,1,0.13372333018473995,0.5333811
00088_id00042_wavtolip.mp4,1,FVFA,1,0.13371542714836632,0.53337914
00088_id00332_wavtolip.mp4,1,FVFA,1,0.13371566663425577,0.5333792
00088_id00395_wavtolip.mp4,1,FVFA,1,0.13371542714836632,0.53337914
00088_id00495_wavtolip.mp4,1,FVFA,1,0.13371566663425577,0.5333792
00088_id00496_wavtolip.mp4,1,FVFA,1,0.13371590612014905,0.53337926
00088_id00897_wavtolip.mp4,1,FVFA,1,0.13371590612014905,0.53337926
00088_id03716_wavtolip.mp4,1,FVFA,1,0.13371590612014905,0.53337926
00088_id03844_wavtolip.mp4,1,FVFA,1,0.13371566663425577,0.5333792
00088_id03858_wavtolip.mp4,1,FVFA,1,0.13371590612014905,0.53337926
00028_id00271_wavtolip.mp4,1,FVFA,1,0.1337199773809208,0.53338027
00028_id00374_wavtolip.mp4,1,FVFA,1,0.1337199773809208,0.53338027
00028_id00434_wavtolip.mp4,1,FVFA,1,0.1337199773809208,0.53338027
00028_id00581_wavtolip.mp4,1,FVFA,1,0.1337199773809208,0.53338027
00028_id00591_wavtolip.mp4,1,FVFA,1,0.1337197378949623,0.5333802
00028_id00806_wavtolip.mp4,1,FVFA,1,0.1337199773809208,0.53338027
00028_id03589_wavtolip.mp4,1,FVFA,1,0.1337199773809208,0.53338027
00028_id03649_wavtolip.mp4,1,FVFA,1,0.1337197378949623,0.5333802
00005_id00071_wavtolip.mp4,1,FVFA,1,0.1337199773809208,0.53338027
00005_id00634_wavtolip.mp4,1,FVFA,1,0.1337197378949623,0.5333802
00005_id00823_wavtolip.mp4,1,FVFA,1,0.13372021686688296,0.5333803
00005_id00897_wavtolip.mp4,1,FVFA,1,0.1337197378949623,0.5333802
00005_id01002_wavtolip.mp4,1,FVFA,1,0.1337197378949623,0.5333802
00005_id03620_wavtolip.mp4,1,FVFA,1,0.1337197378949623,0.5333802
00005_id03858_wavtolip.mp4,1,FVFA,1,0.1337197378949623,0.5333802
00015_id00188_wavtolip.mp4,1,FVFA,1,0.13371638509194717,0.5333794
00015_id00271_wavtolip.mp4,1,FVFA,1,0.13371590612014905,0.53337926
00015_id00330_wavtolip.mp4,1,FVFA,1,0.13371566663425577,0.5333792
00015_id00569_wavtolip.mp4,1,FVFA,1,0.13371638509194717,0.5333794
00015_id00806_wavtolip.mp4,1,FVFA,1,0.13371590612014905,0.53337926
00015_id00813_wavtolip.mp4,1,FVFA,1,0.13371590612014905,0.53337926
00015_id00823_wavtolip.mp4,1,FVFA,1,0.13371638509194717,0.5333794
00015_id03589_wavtolip.mp4,1,FVFA,1,0.13371566663425577,0.5333792
00015_id03844_wavtolip.mp4,1,FVFA,1,0.13371638509194717,0.5333794
00092_id00271_wavtolip.mp4,1,FVFA,1,0.1337223722407151,0.53338087
00092_id00287_wavtolip.mp4,1,FVFA,1,0.1337223722407151,0.53338087
00092_id00374_wavtolip.mp4,1,FVFA,1,0.1337223722407151,0.53338087
00092_id00569_wavtolip.mp4,1,FVFA,1,0.1337223722407151,0.53338087
00092_id00633_wavtolip.mp4,1,FVFA,1,0.1337223722407151,0.53338087
00092_id00634_wavtolip.mp4,1,FVFA,1,0.1337223722407151,0.53338087
00092_id00806_wavtolip.mp4,1,FVFA,1,0.1337223722407151,0.53338087
00092_id01002_wavtolip.mp4,1,FVFA,1,0.1337223722407151,0.53338087
00118_id00262_wavtolip.mp4,1,FVFA,1,0.1337168640637606,0.5333795
00118_id00328_wavtolip.mp4,1,FVFA,1,0.13371662457785197,0.53337944
00118_id00374_wavtolip.mp4,1,FVFA,1,0.1337168640637606,0.5333795
00118_id00434_wavtolip.mp4,1,FVFA,1,0.1337168640637606,0.5333795
00118_id00591_wavtolip.mp4,1,FVFA,1,0.13371662457785197,0.53337944
00118_id00633_wavtolip.mp4,1,FVFA,1,0.1337168640637606,0.5333795
00118_id01002_wavtolip.mp4,1,FVFA,1,0.13371638509194717,0.5333794
00118_id03844_wavtolip.mp4,1,FVFA,1,0.13371662457785197,0.53337944
00118_id03858_wavtolip.mp4,1,FVFA,1,0.1337168640637606,0.5333795
00293_id00042_wavtolip.mp4,1,FVFA,1,0.13371470869072097,0.53337896
00293_id00071_wavtolip.mp4,1,FVFA,1,0.13371470869072097,0.53337896
00293_id00379_wavtolip.mp4,1,FVFA,1,0.13371470869072097,0.53337896
00293_id00395_wavtolip.mp4,1,FVFA,1,0.13371446920484686,0.5333789
00293_id00403_wavtolip.mp4,1,FVFA,1,0.13371470869072097,0.53337896
00293_id00496_wavtolip.mp4,1,FVFA,1,0.13371470869072097,0.53337896
00293_id00569_wavtolip.mp4,1,FVFA,1,0.13371446920484686,0.5333789
00293_id00806_wavtolip.mp4,1,FVFA,1,0.13371470869072097,0.53337896
00293_id03371_wavtolip.mp4,1,FVFA,1,0.13371470869072097,0.53337896
00293_id03844_wavtolip.mp4,1,FVFA,1,0.13371470869072097,0.53337896
00078_id00234_wavtolip.mp4,1,FVFA,1,0.1337218932687256,0.53338075
00078_id00270_wavtolip.mp4,1,FVFA,1,0.1337218932687256,0.53338075
00078_id00287_wavtolip.mp4,1,FVFA,1,0.13372213275471842,0.5333808
00078_id00330_wavtolip.mp4,1,FVFA,1,0.1337218932687256,0.53338075
00078_id00332_wavtolip.mp4,1,FVFA,1,0.1337218932687256,0.53338075
00078_id00395_wavtolip.mp4,1,FVFA,1,0.13372213275471842,0.5333808
00078_id00495_wavtolip.mp4,1,FVFA,1,0.13372213275471842,0.5333808
00078_id00897_wavtolip.mp4,1,FVFA,1,0.1337218932687256,0.53338075
00078_id03371_wavtolip.mp4,1,FVFA,1,0.1337218932687256,0.53338075
00028_id00188_wavtolip.mp4,1,FVFA,1,0.1337199773809208,0.53338027
00028_id00232_wavtolip.mp4,1,FVFA,1,0.13372021686688296,0.5333803
00028_id00234_wavtolip.mp4,1,FVFA,1,0.13372021686688296,0.5333803
00028_id00270_wavtolip.mp4,1,FVFA,1,0.13372021686688296,0.5333803
00028_id00569_wavtolip.mp4,1,FVFA,1,0.1337199773809208,0.53338027
00028_id00591_wavtolip.mp4,1,FVFA,1,0.1337199773809208,0.53338027
00028_id01018_wavtolip.mp4,1,FVFA,1,0.13372021686688296,0.5333803
00028_id03371_wavtolip.mp4,1,FVFA,1,0.1337199773809208,0.53338027
00028_id03844_wavtolip.mp4,1,FVFA,1,0.1337199773809208,0.53338027
00311_id00287_wavtolip.mp4,1,FVFA,1,0.1337216537827366,0.5333807
00311_id00374_wavtolip.mp4,1,FVFA,1,0.13372141429675144,0.5333806
00311_id00491_wavtolip.mp4,1,FVFA,1,0.1337216537827366,0.5333807
00311_id00581_wavtolip.mp4,1,FVFA,1,0.1337216537827366,0.5333807
00311_id00823_wavtolip.mp4,1,FVFA,1,0.1337216537827366,0.5333807
00311_id00897_wavtolip.mp4,1,FVFA,1,0.1337216537827366,0.5333807
00311_id01018_wavtolip.mp4,1,FVFA,1,0.1337216537827366,0.5333807
00311_id03371_wavtolip.mp4,1,FVFA,1,0.1337216537827366,0.5333807
00311_id03844_wavtolip.mp4,1,FVFA,1,0.1337216537827366,0.5333807
00311_id03941_wavtolip.mp4,1,FVFA,1,0.1337216537827366,0.5333807
00043_id00232_wavtolip.mp4,1,FVFA,1,0.13372333018473995,0.5333811
00043_id00379_wavtolip.mp4,1,FVFA,1,0.13372333018473995,0.5333811
00043_id00403_wavtolip.mp4,1,FVFA,1,0.13372333018473995,0.5333811
00043_id00581_wavtolip.mp4,1,FVFA,1,0.13372333018473995,0.5333811
00043_id00735_wavtolip.mp4,1,FVFA,1,0.13372333018473995,0.5333811
00043_id00806_wavtolip.mp4,1,FVFA,1,0.13372333018473995,0.5333811
00043_id00823_wavtolip.mp4,1,FVFA,1,0.13372333018473995,0.5333811
00043_id03620_wavtolip.mp4,1,FVFA,1,0.13372333018473995,0.5333811
00043_id03649_wavtolip.mp4,1,FVFA,1,0.13372333018473995,0.5333811
00043_id03858_wavtolip.mp4,1,FVFA,1,0.13372333018473995,0.5333811
00420_id00042_wavtolip.mp4,1,FVFA,1,0.13372069583881876,0.53338045
00420_id00232_wavtolip.mp4,1,FVFA,1,0.13372069583881876,0.53338045
00420_id00234_wavtolip.mp4,1,FVFA,1,0.13372069583881876,0.53338045
00420_id00328_wavtolip.mp4,1,FVFA,1,0.13372069583881876,0.53338045
00420_id00395_wavtolip.mp4,1,FVFA,1,0.13372093532479262,0.5333805
00420_id00484_wavtolip.mp4,1,FVFA,1,0.13372069583881876,0.53338045
00420_id00591_wavtolip.mp4,1,FVFA,1,0.13372093532479262,0.5333805
00420_id00633_wavtolip.mp4,1,FVFA,1,0.13372069583881876,0.53338045
00420_id03941_wavtolip.mp4,1,FVFA,1,0.13372069583881876,0.53338045
00052_id00287_wavtolip.mp4,1,FVFA,1,0.13372045635284893,0.5333804
00052_id00330_wavtolip.mp4,1,FVFA,1,0.1337197378949623,0.5333802
00052_id00403_wavtolip.mp4,1,FVFA,1,0.1337197378949623,0.5333802
00052_id00484_wavtolip.mp4,1,FVFA,1,0.1337199773809208,0.53338027
00052_id00591_wavtolip.mp4,1,FVFA,1,0.13372021686688296,0.5333803
00052_id00897_wavtolip.mp4,1,FVFA,1,0.1337199773809208,0.53338027
00052_id03589_wavtolip.mp4,1,FVFA,1,0.1337199773809208,0.53338027
00052_id03620_wavtolip.mp4,1,FVFA,1,0.1337199773809208,0.53338027
00052_id03716_wavtolip.mp4,1,FVFA,1,0.1337199773809208,0.53338027
00046_id00232_wavtolip.mp4,1,FVFA,1,0.13371303228968237,0.53337854
00046_id00234_wavtolip.mp4,1,FVFA,1,0.13371303228968237,0.53337854
00046_id00330_wavtolip.mp4,1,FVFA,1,0.13371303228968237,0.53337854
00046_id00373_wavtolip.mp4,1,FVFA,1,0.13371303228968237,0.53337854
00046_id00484_wavtolip.mp4,1,FVFA,1,0.13371327177553366,0.5333786
00046_id00591_wavtolip.mp4,1,FVFA,1,0.13371351126138858,0.53337866
00046_id00813_wavtolip.mp4,1,FVFA,1,0.1337127928038351,0.5333785
00046_id00897_wavtolip.mp4,1,FVFA,1,0.13371303228968237,0.53337854
00046_id03651_wavtolip.mp4,1,FVFA,1,0.13371399023310995,0.5333788
00046_id03716_wavtolip.mp4,1,FVFA,1,0.13371303228968237,0.53337854
00202_id00188_wavtolip.mp4,1,FVFA,1,0.1337168640637606,0.5333795
00202_id00232_wavtolip.mp4,1,FVFA,1,0.1337168640637606,0.5333795
00202_id00271_wavtolip.mp4,1,FVFA,1,0.1337173430355892,0.5333796
00202_id00495_wavtolip.mp4,1,FVFA,1,0.1337168640637606,0.5333795
00202_id00496_wavtolip.mp4,1,FVFA,1,0.1337168640637606,0.5333795
00202_id00735_wavtolip.mp4,1,FVFA,1,0.13371758252150934,0.5333797
00202_id00806_wavtolip.mp4,1,FVFA,1,0.1337168640637606,0.5333795
00202_id01002_wavtolip.mp4,1,FVFA,1,0.1337173430355892,0.5333796
00202_id03716_wavtolip.mp4,1,FVFA,1,0.1337168640637606,0.5333795
00122_id00234_wavtolip.mp4,1,FVFA,1,0.1337199773809208,0.53338027
00122_id00271_wavtolip.mp4,1,FVFA,1,0.1337199773809208,0.53338027
00122_id00373_wavtolip.mp4,1,FVFA,1,0.13372021686688296,0.5333803
00122_id00403_wavtolip.mp4,1,FVFA,1,0.1337199773809208,0.53338027
00122_id00496_wavtolip.mp4,1,FVFA,1,0.1337199773809208,0.53338027
00122_id03620_wavtolip.mp4,1,FVFA,1,0.1337199773809208,0.53338027
00122_id03651_wavtolip.mp4,1,FVFA,1,0.1337199773809208,0.53338027
00122_id03844_wavtolip.mp4,1,FVFA,1,0.1337199773809208,0.53338027
00122_id03941_wavtolip.mp4,1,FVFA,1,0.1337199773809208,0.53338027
00027_id00270_wavtolip.mp4,1,FVFA,1,0.13371255331799148,0.5333784
00027_id00271_wavtolip.mp4,1,FVFA,1,0.13371255331799148,0.5333784
00027_id00373_wavtolip.mp4,1,FVFA,1,0.13371255331799148,0.5333784
00027_id00379_wavtolip.mp4,1,FVFA,1,0.13371255331799148,0.5333784
00027_id00403_wavtolip.mp4,1,FVFA,1,0.13371255331799148,0.5333784
00027_id00434_wavtolip.mp4,1,FVFA,1,0.13371255331799148,0.5333784
00027_id00897_wavtolip.mp4,1,FVFA,1,0.13371255331799148,0.5333784
00027_id01002_wavtolip.mp4,1,FVFA,1,0.13371255331799148,0.5333784
00027_id01018_wavtolip.mp4,1,FVFA,1,0.1337123138321519,0.53337836
00027_id03649_wavtolip.mp4,1,FVFA,1,0.13371255331799148,0.5333784
00015_id00232_wavtolip.mp4,1,FVFA,1,0.1337223722407151,0.53338087
00015_id00330_wavtolip.mp4,1,FVFA,1,0.1337223722407151,0.53338087
00015_id00374_wavtolip.mp4,1,FVFA,1,0.1337223722407151,0.53338087
00015_id00379_wavtolip.mp4,1,FVFA,1,0.1337223722407151,0.53338087
00015_id00434_wavtolip.mp4,1,FVFA,1,0.1337223722407151,0.53338087
00015_id00823_wavtolip.mp4,1,FVFA,1,0.1337226117267156,0.5333809
00015_id03716_wavtolip.mp4,1,FVFA,1,0.1337223722407151,0.53338087
00239_id00232_wavtolip.mp4,1,FVFA,1,0.13372093532479262,0.5333805
00239_id00271_wavtolip.mp4,1,FVFA,1,0.13372093532479262,0.5333805
00239_id00287_wavtolip.mp4,1,FVFA,1,0.13372093532479262,0.5333805
00239_id00332_wavtolip.mp4,1,FVFA,1,0.13372093532479262,0.5333805
00239_id00434_wavtolip.mp4,1,FVFA,1,0.13372093532479262,0.5333805
00239_id00633_wavtolip.mp4,1,FVFA,1,0.13372093532479262,0.5333805
00239_id00897_wavtolip.mp4,1,FVFA,1,0.13372093532479262,0.5333805
00239_id01002_wavtolip.mp4,1,FVFA,1,0.13372093532479262,0.5333805
00239_id01018_wavtolip.mp4,1,FVFA,1,0.13372093532479262,0.5333805
00010_id00234_wavtolip.mp4,1,FVFA,1,0.13372428812882617,0.53338134
00010_id00330_wavtolip.mp4,1,FVFA,1,0.13372428812882617,0.53338134
00010_id00332_wavtolip.mp4,1,FVFA,1,0.13372428812882617,0.53338134
00010_id00434_wavtolip.mp4,1,FVFA,1,0.13372428812882617,0.53338134
00010_id00495_wavtolip.mp4,1,FVFA,1,0.13372428812882617,0.53338134
00010_id00591_wavtolip.mp4,1,FVFA,1,0.13372428812882617,0.53338134
00010_id01018_wavtolip.mp4,1,FVFA,1,0.13372428812882617,0.53338134
00010_id03589_wavtolip.mp4,1,FVFA,1,0.13372428812882617,0.53338134
00010_id03620_wavtolip.mp4,1,FVFA,1,0.13372428812882617,0.53338134
00130_id00270_wavtolip.mp4,1,FVFA,1,0.13372045635284893,0.5333804
00130_id00287_wavtolip.mp4,1,FVFA,1,0.13372045635284893,0.5333804
00130_id00374_wavtolip.mp4,1,FVFA,1,0.13372045635284893,0.5333804
00130_id00581_wavtolip.mp4,1,FVFA,1,0.13372069583881876,0.53338045
00130_id00591_wavtolip.mp4,1,FVFA,1,0.13372045635284893,0.5333804
00130_id00813_wavtolip.mp4,1,FVFA,1,0.13372069583881876,0.53338045
00130_id00826_wavtolip.mp4,1,FVFA,1,0.13372045635284893,0.5333804
00130_id00897_wavtolip.mp4,1,FVFA,1,0.13372069583881876,0.53338045
00130_id03651_wavtolip.mp4,1,FVFA,1,0.13372045635284893,0.5333804
00001_id00071_wavtolip.mp4,1,FVFA,1,0.1337183009792926,0.53337985
00001_id00234_wavtolip.mp4,1,FVFA,1,0.13371854046522788,0.5333799
00001_id00270_wavtolip.mp4,1,FVFA,1,0.13371854046522788,0.5333799
00001_id00328_wavtolip.mp4,1,FVFA,1,0.13371854046522788,0.5333799
00001_id00332_wavtolip.mp4,1,FVFA,1,0.1337183009792926,0.53337985
00001_id00484_wavtolip.mp4,1,FVFA,1,0.1337183009792926,0.53337985
00001_id00581_wavtolip.mp4,1,FVFA,1,0.1337183009792926,0.53337985
00001_id00633_wavtolip.mp4,1,FVFA,1,0.1337183009792926,0.53337985
00001_id01018_wavtolip.mp4,1,FVFA,1,0.13371854046522788,0.5333799
00001_id03589_wavtolip.mp4,1,FVFA,1,0.1337183009792926,0.53337985
00088_id00042_wavtolip.mp4,1,FVFA,1,0.13371949840900782,0.53338015
00088_id00330_wavtolip.mp4,1,FVFA,1,0.13371949840900782,0.53338015
00088_id00496_wavtolip.mp4,1,FVFA,1,0.1337197378949623,0.5333802
00088_id00591_wavtolip.mp4,1,FVFA,1,0.1337199773809208,0.53338027
00088_id00735_wavtolip.mp4,1,FVFA,1,0.1337197378949623,0.5333802
00088_id03844_wavtolip.mp4,1,FVFA,1,0.1337197378949623,0.5333802
00078_id00042_wavtolip.mp4,1,FVFA,1,0.1337235696707558,0.53338116
00078_id00270_wavtolip.mp4,1,FVFA,1,0.1337235696707558,0.53338116
00078_id00287_wavtolip.mp4,1,FVFA,1,0.1337235696707558,0.53338116
00078_id00330_wavtolip.mp4,1,FVFA,1,0.1337235696707558,0.53338116
00078_id00403_wavtolip.mp4,1,FVFA,1,0.1337235696707558,0.53338116
00078_id00484_wavtolip.mp4,1,FVFA,1,0.1337235696707558,0.53338116
00078_id00496_wavtolip.mp4,1,FVFA,1,0.13372333018473995,0.5333811
00078_id00569_wavtolip.mp4,1,FVFA,1,0.1337235696707558,0.53338116
00078_id00813_wavtolip.mp4,1,FVFA,1,0.13372333018473995,0.5333811
00037_id00271_wavtolip.mp4,1,FVFA,1,0.1337123138321519,0.53337836
00037_id00332_wavtolip.mp4,1,FVFA,1,0.13371255331799148,0.5333784
00037_id00379_wavtolip.mp4,1,FVFA,1,0.1337123138321519,0.53337836
00037_id00484_wavtolip.mp4,1,FVFA,1,0.13371255331799148,0.5333784
00037_id00496_wavtolip.mp4,1,FVFA,1,0.13371255331799148,0.5333784
00037_id00634_wavtolip.mp4,1,FVFA,1,0.1337123138321519,0.53337836
00037_id00823_wavtolip.mp4,1,FVFA,1,0.13371255331799148,0.5333784
00037_id00826_wavtolip.mp4,1,FVFA,1,0.1337123138321519,0.53337836
00037_id01002_wavtolip.mp4,1,FVFA,1,0.1337123138321519,0.53337836
00005_id00287_wavtolip.mp4,1,FVFA,1,0.13371303228968237,0.53337854
00005_id00328_wavtolip.mp4,1,FVFA,1,0.1337127928038351,0.5333785
00005_id00330_wavtolip.mp4,1,FVFA,1,0.13371303228968237,0.53337854
00005_id00332_wavtolip.mp4,1,FVFA,1,0.1337127928038351,0.5333785
00005_id00373_wavtolip.mp4,1,FVFA,1,0.13371303228968237,0.53337854
00005_id00591_wavtolip.mp4,1,FVFA,1,0.13371303228968237,0.53337854
00005_id03716_wavtolip.mp4,1,FVFA,1,0.13371327177553366,0.5333786
00005_id03858_wavtolip.mp4,1,FVFA,1,0.1337127928038351,0.5333785
00169_id00234_wavtolip.mp4,1,FVFA,1,0.1337199773809208,0.53338027
00169_id00325_wavtolip.mp4,1,FVFA,1,0.13371949840900782,0.53338015
00169_id00330_wavtolip.mp4,1,FVFA,1,0.13371949840900782,0.53338015
00169_id00395_wavtolip.mp4,1,FVFA,1,0.13371949840900782,0.53338015
00169_id00434_wavtolip.mp4,1,FVFA,1,0.13371949840900782,0.53338015
00169_id03589_wavtolip.mp4,1,FVFA,1,0.1337197378949623,0.5333802
00169_id03649_wavtolip.mp4,1,FVFA,1,0.1337197378949623,0.5333802
00169_id03716_wavtolip.mp4,1,FVFA,1,0.13371949840900782,0.53338015
00169_id03844_wavtolip.mp4,1,FVFA,1,0.13371949840900782,0.53338015
00125_id00188_wavtolip.mp4,1,FVFA,1,0.1337077636019253,0.53337723
00125_id00271_wavtolip.mp4,1,FVFA,1,0.13370800308769237,0.5333773
00125_id00332_wavtolip.mp4,1,FVFA,1,0.13370752411616224,0.5333772
00125_id00374_wavtolip.mp4,1,FVFA,1,0.13370752411616224,0.5333772
00125_id00403_wavtolip.mp4,1,FVFA,1,0.13370752411616224,0.5333772
00125_id00434_wavtolip.mp4,1,FVFA,1,0.13370752411616224,0.5333772
00125_id00496_wavtolip.mp4,1,FVFA,1,0.13370752411616224,0.5333772
00125_id00633_wavtolip.mp4,1,FVFA,1,0.13370752411616224,0.5333772
00125_id00826_wavtolip.mp4,1,FVFA,1,0.13370800308769237,0.5333773
00065_id00287_wavtolip.mp4,1,FVFA,1,0.13372045635284893,0.5333804
00065_id00325_wavtolip.mp4,1,FVFA,1,0.13372069583881876,0.53338045
00065_id00374_wavtolip.mp4,1,FVFA,1,0.13372069583881876,0.53338045
00065_id00379_wavtolip.mp4,1,FVFA,1,0.13372045635284893,0.5333804
00065_id00495_wavtolip.mp4,1,FVFA,1,0.13372045635284893,0.5333804
00065_id00569_wavtolip.mp4,1,FVFA,1,0.13372045635284893,0.5333804
00065_id00806_wavtolip.mp4,1,FVFA,1,0.13372069583881876,0.53338045
00065_id00897_wavtolip.mp4,1,FVFA,1,0.13372069583881876,0.53338045
00065_id03620_wavtolip.mp4,1,FVFA,1,0.13372069583881876,0.53338045
00065_id03651_wavtolip.mp4,1,FVFA,1,0.13372093532479262,0.5333805
00005_id00042_wavtolip.mp4,1,FVFA,1,0.13371638509194717,0.5333794
00005_id00232_wavtolip.mp4,1,FVFA,1,0.1337161456060462,0.5333793
00005_id00271_wavtolip.mp4,1,FVFA,1,0.13371638509194717,0.5333794
00005_id00287_wavtolip.mp4,1,FVFA,1,0.13371638509194717,0.5333794
00005_id00379_wavtolip.mp4,1,FVFA,1,0.13371638509194717,0.5333794
00005_id00491_wavtolip.mp4,1,FVFA,1,0.13371638509194717,0.5333794
00005_id00495_wavtolip.mp4,1,FVFA,1,0.1337161456060462,0.5333793
00005_id00496_wavtolip.mp4,1,FVFA,1,0.13371590612014905,0.53337926
00005_id01002_wavtolip.mp4,1,FVFA,1,0.1337161456060462,0.5333793
00005_id03651_wavtolip.mp4,1,FVFA,1,0.13371590612014905,0.53337926
00086_id00042_wavtolip.mp4,1,FVFA,1,0.13371470869072097,0.53337896
00086_id00232_wavtolip.mp4,1,FVFA,1,0.13371399023310995,0.5333788
00086_id00287_wavtolip.mp4,1,FVFA,1,0.1337151876624807,0.5333791
00086_id00496_wavtolip.mp4,1,FVFA,1,0.13371375074724734,0.5333787
00086_id00735_wavtolip.mp4,1,FVFA,1,0.1337151876624807,0.5333791
00086_id00823_wavtolip.mp4,1,FVFA,1,0.13371590612014905,0.53337926
00086_id00826_wavtolip.mp4,1,FVFA,1,0.1337149481765989,0.533379
00086_id03371_wavtolip.mp4,1,FVFA,1,0.13371375074724734,0.5333787
00086_id03651_wavtolip.mp4,1,FVFA,1,0.13371638509194717,0.5333794
00043_id00234_wavtolip.mp4,1,FVFA,1,0.13372021686688296,0.5333803
00043_id00434_wavtolip.mp4,1,FVFA,1,0.13372021686688296,0.5333803
00043_id00569_wavtolip.mp4,1,FVFA,1,0.13372045635284893,0.5333804
00043_id00813_wavtolip.mp4,1,FVFA,1,0.13372021686688296,0.5333803
00043_id00826_wavtolip.mp4,1,FVFA,1,0.13372021686688296,0.5333803
00043_id00897_wavtolip.mp4,1,FVFA,1,0.13372021686688296,0.5333803
00043_id01018_wavtolip.mp4,1,FVFA,1,0.13372021686688296,0.5333803
00043_id03858_wavtolip.mp4,1,FVFA,1,0.13372021686688296,0.5333803
00043_id03941_wavtolip.mp4,1,FVFA,1,0.13372021686688296,0.5333803
00072_id00071_wavtolip.mp4,1,FVFA,1,0.1337168640637606,0.5333795
00072_id00234_wavtolip.mp4,1,FVFA,1,0.13371662457785197,0.53337944
00072_id00270_wavtolip.mp4,1,FVFA,1,0.13371710354967287,0.53337955
00072_id00271_wavtolip.mp4,1,FVFA,1,0.1337168640637606,0.5333795
00072_id00330_wavtolip.mp4,1,FVFA,1,0.1337168640637606,0.5333795
00072_id00332_wavtolip.mp4,1,FVFA,1,0.13371662457785197,0.53337944
00072_id00374_wavtolip.mp4,1,FVFA,1,0.1337168640637606,0.5333795
00072_id00491_wavtolip.mp4,1,FVFA,1,0.1337168640637606,0.5333795
00072_id00581_wavtolip.mp4,1,FVFA,1,0.13371662457785197,0.53337944
00072_id03651_wavtolip.mp4,1,FVFA,1,0.13371710354967287,0.53337955
00430_id00188_wavtolip.mp4,1,FVFA,1,0.13372213275471842,0.5333808
00430_id00262_wavtolip.mp4,1,FVFA,1,0.13372213275471842,0.5333808
00430_id00330_wavtolip.mp4,1,FVFA,1,0.1337223722407151,0.53338087
00430_id00484_wavtolip.mp4,1,FVFA,1,0.13372213275471842,0.5333808
00430_id00491_wavtolip.mp4,1,FVFA,1,0.1337223722407151,0.53338087
00430_id00581_wavtolip.mp4,1,FVFA,1,0.13372213275471842,0.5333808
00430_id00591_wavtolip.mp4,1,FVFA,1,0.13372213275471842,0.5333808
00430_id00897_wavtolip.mp4,1,FVFA,1,0.13372213275471842,0.5333808
00430_id03649_wavtolip.mp4,1,FVFA,1,0.13372213275471842,0.5333808
00002_id00188_wavtolip.mp4,1,FVFA,1,0.13372093532479262,0.5333805
00002_id00262_wavtolip.mp4,1,FVFA,1,0.13372069583881876,0.53338045
00002_id00270_wavtolip.mp4,1,FVFA,1,0.1337211748107701,0.53338057
00002_id00373_wavtolip.mp4,1,FVFA,1,0.13372069583881876,0.53338045
00002_id00495_wavtolip.mp4,1,FVFA,1,0.1337211748107701,0.53338057
00002_id00806_wavtolip.mp4,1,FVFA,1,0.13372069583881876,0.53338045
00002_id01002_wavtolip.mp4,1,FVFA,1,0.13372093532479262,0.5333805
00002_id03371_wavtolip.mp4,1,FVFA,1,0.13372045635284893,0.5333804
00081_id00262_wavtolip.mp4,1,FVFA,1,0.13371782200743312,0.53337973
00081_id00270_wavtolip.mp4,1,FVFA,1,0.1337197378949623,0.5333802
00081_id00328_wavtolip.mp4,1,FVFA,1,0.13371949840900782,0.53338015
00081_id00332_wavtolip.mp4,1,FVFA,1,0.13371949840900782,0.53338015
00081_id00634_wavtolip.mp4,1,FVFA,1,0.13371949840900782,0.53338015
00081_id00823_wavtolip.mp4,1,FVFA,1,0.13372021686688296,0.5333803
00081_id01018_wavtolip.mp4,1,FVFA,1,0.13371901943711018,0.53338003
00081_id03589_wavtolip.mp4,1,FVFA,1,0.1337192589230572,0.5333801
00081_id03651_wavtolip.mp4,1,FVFA,1,0.13372045635284893,0.5333804
00081_id03716_wavtolip.mp4,1,FVFA,1,0.1337187799511672,0.53338
00001_id00234_wavtolip.mp4,1,FVFA,1,0.13372045635284893,0.5333804
00001_id00271_wavtolip.mp4,1,FVFA,1,0.13372045635284893,0.5333804
00001_id00325_wavtolip.mp4,1,FVFA,1,0.13372045635284893,0.5333804
00001_id00374_wavtolip.mp4,1,FVFA,1,0.13372045635284893,0.5333804
00001_id00434_wavtolip.mp4,1,FVFA,1,0.13372045635284893,0.5333804
00001_id00484_wavtolip.mp4,1,FVFA,1,0.13372045635284893,0.5333804
00001_id00633_wavtolip.mp4,1,FVFA,1,0.13372045635284893,0.5333804
00001_id00813_wavtolip.mp4,1,FVFA,1,0.13372045635284893,0.5333804
00001_id03620_wavtolip.mp4,1,FVFA,1,0.13372045635284893,0.5333804
00001_id03649_wavtolip.mp4,1,FVFA,1,0.13372045635284893,0.5333804
00092_id00042_wavtolip.mp4,1,FVFA,1,0.1337223722407151,0.53338087
00092_id00232_wavtolip.mp4,1,FVFA,1,0.1337223722407151,0.53338087
00092_id00270_wavtolip.mp4,1,FVFA,1,0.1337223722407151,0.53338087
00092_id00287_wavtolip.mp4,1,FVFA,1,0.13372213275471842,0.5333808
00092_id00332_wavtolip.mp4,1,FVFA,1,0.1337223722407151,0.53338087
00092_id00495_wavtolip.mp4,1,FVFA,1,0.1337223722407151,0.53338087
00092_id00806_wavtolip.mp4,1,FVFA,1,0.1337223722407151,0.53338087
00092_id03589_wavtolip.mp4,1,FVFA,1,0.1337223722407151,0.53338087
00092_id03858_wavtolip.mp4,1,FVFA,1,0.13372213275471842,0.5333808
00040_id00262_wavtolip.mp4,1,FVFA,1,0.13372093532479262,0.5333805
00040_id00270_wavtolip.mp4,1,FVFA,1,0.13372093532479262,0.5333805
00040_id00330_wavtolip.mp4,1,FVFA,1,0.13372093532479262,0.5333805
00040_id00434_wavtolip.mp4,1,FVFA,1,0.13372093532479262,0.5333805
00040_id00495_wavtolip.mp4,1,FVFA,1,0.13372093532479262,0.5333805
00040_id00897_wavtolip.mp4,1,FVFA,1,0.13372093532479262,0.5333805
00040_id03716_wavtolip.mp4,1,FVFA,1,0.13372093532479262,0.5333805
00040_id03844_wavtolip.mp4,1,FVFA,1,0.13372093532479262,0.5333805
00093_id00071_wavtolip.mp4,1,FVFA,1,0.13371854046522788,0.5333799
00093_id00395_wavtolip.mp4,1,FVFA,1,0.13371854046522788,0.5333799
00093_id00569_wavtolip.mp4,1,FVFA,1,0.13371854046522788,0.5333799
00093_id00591_wavtolip.mp4,1,FVFA,1,0.13371854046522788,0.5333799
00093_id00633_wavtolip.mp4,1,FVFA,1,0.1337183009792926,0.53337985
00093_id01002_wavtolip.mp4,1,FVFA,1,0.13371854046522788,0.5333799
00093_id03941_wavtolip.mp4,1,FVFA,1,0.1337183009792926,0.53337985
00028_id00188_wavtolip.mp4,1,FVFA,1,0.13371806149336093,0.5333798
00028_id00271_wavtolip.mp4,1,FVFA,1,0.1337183009792926,0.53337985
00028_id00332_wavtolip.mp4,1,FVFA,1,0.1337183009792926,0.53337985
00028_id00403_wavtolip.mp4,1,FVFA,1,0.1337183009792926,0.53337985
00028_id00495_wavtolip.mp4,1,FVFA,1,0.1337183009792926,0.53337985
00028_id00569_wavtolip.mp4,1,FVFA,1,0.13371806149336093,0.5333798
00028_id00735_wavtolip.mp4,1,FVFA,1,0.1337183009792926,0.53337985
00028_id00806_wavtolip.mp4,1,FVFA,1,0.1337183009792926,0.53337985
00028_id01002_wavtolip.mp4,1,FVFA,1,0.13371806149336093,0.5333798
00028_id03620_wavtolip.mp4,1,FVFA,1,0.1337183009792926,0.53337985
00092_id00188_wavtolip.mp4,1,FVFA,1,0.1337173430355892,0.5333796
00092_id00262_wavtolip.mp4,1,FVFA,1,0.1337168640637606,0.5333795
00092_id00270_wavtolip.mp4,1,FVFA,1,0.1337168640637606,0.5333795
00092_id00379_wavtolip.mp4,1,FVFA,1,0.1337173430355892,0.5333796
00092_id00434_wavtolip.mp4,1,FVFA,1,0.1337168640637606,0.5333795
00092_id00495_wavtolip.mp4,1,FVFA,1,0.1337173430355892,0.5333796
00092_id00735_wavtolip.mp4,1,FVFA,1,0.1337168640637606,0.5333795
00092_id00813_wavtolip.mp4,1,FVFA,1,0.1337168640637606,0.5333795
00092_id03589_wavtolip.mp4,1,FVFA,1,0.1337168640637606,0.5333795
00021_id00071_wavtolip.mp4,1,FVFA,1,0.13371303228968237,0.53337854
00021_id00328_wavtolip.mp4,1,FVFA,1,0.13371255331799148,0.5333784
00021_id00332_wavtolip.mp4,1,FVFA,1,0.13371255331799148,0.5333784
00021_id00379_wavtolip.mp4,1,FVFA,1,0.13371255331799148,0.5333784
00021_id00491_wavtolip.mp4,1,FVFA,1,0.13371255331799148,0.5333784
00021_id00735_wavtolip.mp4,1,FVFA,1,0.13371303228968237,0.53337854
00021_id00806_wavtolip.mp4,1,FVFA,1,0.13371255331799148,0.5333784
00021_id03649_wavtolip.mp4,1,FVFA,1,0.13371303228968237,0.53337854
00021_id03716_wavtolip.mp4,1,FVFA,1,0.13371255331799148,0.5333784
