sample_id,label,category,original_prob,visual_prob,audio_prob,silence_prob,replace_prob,silence_delta,replace_delta
00028.mp4,0,RVRA,0.49855247139930725,0.5333797,0.5,0.49124882,0.49124882,-0.00730365514755249,-0.00730365514755249
00004.mp4,0,RVRA,0.5156202912330627,0.53337324,0.5,0.49124882,0.49124882,-0.024371474981307983,-0.024371474981307983
00014.mp4,0,RVRA,0.5272679924964905,0.53338045,0.5,0.49124882,0.49124882,-0.03601917624473572,-0.03601917624473572
00020.mp4,0,RVRA,0.5245827436447144,0.53338,0.5,0.49124882,0.49124882,-0.033333927392959595,-0.033333927392959595
00025.mp4,0,RVRA,0.5147071480751038,0.5333794,0.5,0.49124882,0.49124882,-0.023458331823349,-0.023458331823349
00063.mp4,0,RVRA,0.5169139504432678,0.53337985,0.5,0.49124882,0.49124882,-0.02566513419151306,-0.02566513419151306
00028.mp4,0,RVRA,0.49855247139930725,0.5333797,0.5,0.49124882,0.49124882,-0.00730365514755249,-0.00730365514755249
00088.mp4,0,RVRA,0.5921730399131775,0.53338015,0.5,0.49124882,0.49124882,-0.10092422366142273,-0.10092422366142273
00028.mp4,0,RVRA,0.49855247139930725,0.5333797,0.5,0.49124882,0.49124882,-0.00730365514755249,-0.00730365514755249
00005.mp4,0,RVRA,0.5439041256904602,0.533379,0.5,0.49124882,0.49124882,-0.052655309438705444,-0.052655309438705444
00015.mp4,0,RVRA,0.5328633189201355,0.53338087,0.5,0.49124882,0.49124882,-0.04161450266838074,-0.04161450266838074
00092.mp4,0,RVRA,0.5153206586837769,0.5333794,0.5,0.49124882,0.49124882,-0.024071842432022095,-0.024071842432022095
00118.mp4,0,RVRA,0.4980049133300781,0.5333793,0.5,0.49124882,0.49124882,-0.006756097078323364,-0.006756097078323364
00293.mp4,0,RVRA,0.527783215045929,0.5333788,0.5,0.49124882,0.49124882,-0.036534398794174194,-0.036534398794174194
00078.mp4,0,RVRA,0.5448764562606812,0.5333811,0.5,0.49124882,0.49124882,-0.05362764000892639,-0.05362764000892639
00028.mp4,0,RVRA,0.49855247139930725,0.5333797,0.5,0.49124882,0.49124882,-0.00730365514755249,-0.00730365514755249
00311.mp4,0,RVRA,0.5762965083122253,0.53338057,0.5,0.49124882,0.49124882,-0.08504769206047058,-0.08504769206047058
00043.mp4,0,RVRA,0.5032194256782532,0.53338027,0.5,0.49124882,0.49124882,-0.011970609426498413,-0.011970609426498413
00420.mp4,0,RVRA,0.507686972618103,0.5333804,0.5,0.49124882,0.49124882,-0.016438156366348267,-0.016438156366348267
00052.mp4,0,RVRA,0.5016078352928162,0.5333802,0.5,0.49124882,0.49124882,-0.010359019041061401,-0.010359019041061401
00046.mp4,0,RVRA,0.5059065222740173,0.5333783,0.5,0.49124882,0.49124882,-0.014657706022262573,-0.014657706022262573
00202.mp4,0,RVRA,0.5141501426696777,0.53337944,0.5,0.49124882,0.49124882,-0.022901326417922974,-0.022901326417922974
00122.mp4,0,RVRA,0.49802443385124207,0.5333802,0.5,0.49124882,0.49124882,-0.006775617599487305,-0.006775617599487305
00027.mp4,0,RVRA,0.5006598234176636,0.5333781,0.5,0.49124882,0.49124882,-0.009411007165908813,-0.009411007165908813
00015.mp4,0,RVRA,0.5328633189201355,0.53338087,0.5,0.49124882,0.49124882,-0.04161450266838074,-0.04161450266838074
00239.mp4,0,RVRA,0.5698908567428589,0.5333805,0.5,0.49124882,0.49124882,-0.07864204049110413,-0.07864204049110413
00010.mp4,0,RVRA,0.5206490159034729,0.5333813,0.5,0.49124882,0.49124882,-0.02940019965171814,-0.02940019965171814
00130.mp4,0,RVRA,0.5258169174194336,0.5333804,0.5,0.49124882,0.49124882,-0.03456810116767883,-0.03456810116767883
00001.mp4,0,RVRA,0.5065277814865112,0.53338027,0.5,0.49124882,0.49124882,-0.01527896523475647,-0.01527896523475647
00088.mp4,0,RVRA,0.5921730399131775,0.53338015,0.5,0.49124882,0.49124882,-0.10092422366142273,-0.10092422366142273
00078.mp4,0,RVRA,0.5448764562606812,0.5333811,0.5,0.49124882,0.49124882,-0.05362764000892639,-0.05362764000892639
00037.mp4,0,RVRA,0.49648573994636536,0.5333782,0.5,0.49124882,0.49124882,-0.005236923694610596,-0.005236923694610596
00005.mp4,0,RVRA,0.5439041256904602,0.533379,0.5,0.49124882,0.49124882,-0.052655309438705444,-0.052655309438705444
00169.mp4,0,RVRA,0.5116850137710571,0.53338,0.5,0.49124882,0.49124882,-0.020436197519302368,-0.020436197519302368
00125.mp4,0,RVRA,0.505290150642395,0.5333768,0.5,0.49124882,0.49124882,-0.014041334390640259,-0.014041334390640259
00065.mp4,0,RVRA,0.5409079194068909,0.5333803,0.5,0.49124882,0.49124882,-0.04965910315513611,-0.04965910315513611
00005.mp4,0,RVRA,0.5439041256904602,0.533379,0.5,0.49124882,0.49124882,-0.052655309438705444,-0.052655309438705444
00086.mp4,0,RVRA,0.5220865607261658,0.53337854,0.5,0.49124882,0.49124882,-0.03083774447441101,-0.03083774447441101
00043.mp4,0,RVRA,0.5032194256782532,0.53338027,0.5,0.49124882,0.49124882,-0.011970609426498413,-0.011970609426498413
00072.mp4,0,RVRA,0.5058774352073669,0.5333792,0.5,0.49124882,0.49124882,-0.014628618955612183,-0.014628618955612183
00430.mp4,0,RVRA,0.5254064798355103,0.53338075,0.5,0.49124882,0.49124882,-0.03415766358375549,-0.03415766358375549
00002.mp4,0,RVRA,0.5047870874404907,0.5333803,0.5,0.49124882,0.49124882,-0.013538271188735962,-0.013538271188735962
00081.mp4,0,RVRA,0.5468257665634155,0.5333798,0.5,0.49124882,0.49124882,-0.05557695031166077,-0.05557695031166077
00001.mp4,0,RVRA,0.5065277814865112,0.53338027,0.5,0.49124882,0.49124882,-0.01527896523475647,-0.01527896523475647
00092.mp4,0,RVRA,0.5153206586837769,0.5333794,0.5,0.49124882,0.49124882,-0.024071842432022095,-0.024071842432022095
00040.mp4,0,RVRA,0.5045610666275024,0.5333804,0.5,0.49124882,0.49124882,-0.01331225037574768,-0.01331225037574768
00093.mp4,0,RVRA,0.5057480335235596,0.53337973,0.5,0.49124882,0.49124882,-0.01449921727180481,-0.01449921727180481
00028.mp4,0,RVRA,0.49855247139930725,0.5333797,0.5,0.49124882,0.49124882,-0.00730365514755249,-0.00730365514755249
00092.mp4,0,RVRA,0.5153206586837769,0.5333794,0.5,0.49124882,0.49124882,-0.024071842432022095,-0.024071842432022095
00021.mp4,0,RVRA,0.5631924867630005,0.5333782,0.5,0.49124882,0.49124882,-0.07194367051124573,-0.07194367051124573
00028_fake.mp4,1,RVFA,0.9724549055099487,0.5333797,0.5,0.49124882,0.49124882,-0.48120608925819397,-0.48120608925819397
00004_fake.mp4,1,RVFA,0.9664000868797302,0.53337336,0.5,0.49124882,0.49124882,-0.47515127062797546,-0.47515127062797546
00014_fake.mp4,1,RVFA,0.9998877048492432,0.5333805,0.5,0.49124882,0.49124882,-0.5086388885974884,-0.5086388885974884
00020_fake.mp4,1,RVFA,0.9970678687095642,0.5333801,0.5,0.49124882,0.49124882,-0.5058190524578094,-0.5058190524578094
00025_fake.mp4,1,RVFA,0.9918336868286133,0.5333795,0.5,0.49124882,0.49124882,-0.5005848705768585,-0.5005848705768585
00063_fake.mp4,1,RVFA,0.9983540773391724,0.53337985,0.5,0.49124882,0.49124882,-0.5071052610874176,-0.5071052610874176
00028_fake.mp4,1,RVFA,0.9724549055099487,0.5333797,0.5,0.49124882,0.49124882,-0.48120608925819397,-0.48120608925819397
00088_fake.mp4,1,RVFA,0.9988969564437866,0.53338015,0.5,0.49124882,0.49124882,-0.5076481401920319,-0.5076481401920319
00028_fake.mp4,1,RVFA,0.9724549055099487,0.5333797,0.5,0.49124882,0.49124882,-0.48120608925819397,-0.48120608925819397
00005_fake.mp4,1,RVFA,0.985524594783783,0.5333791,0.5,0.49124882,0.49124882,-0.4942757785320282,-0.4942757785320282
00015_fake.mp4,1,RVFA,0.6013984084129333,0.53338087,0.5,0.49124882,0.49124882,-0.11014959216117859,-0.11014959216117859
00092_fake.mp4,1,RVFA,0.9998492002487183,0.5333794,0.5,0.49124882,0.49124882,-0.5086003839969635,-0.5086003839969635
00118_fake.mp4,1,RVFA,0.9736165404319763,0.5333794,0.5,0.49124882,0.49124882,-0.48236772418022156,-0.48236772418022156
00293_fake.mp4,1,RVFA,0.9940991401672363,0.5333788,0.5,0.49124882,0.49124882,-0.5028503239154816,-0.5028503239154816
00078_fake.mp4,1,RVFA,0.9973195195198059,0.5333811,0.5,0.49124882,0.49124882,-0.5060707032680511,-0.5060707032680511
00028_fake.mp4,1,RVFA,0.9724549055099487,0.5333797,0.5,0.49124882,0.49124882,-0.48120608925819397,-0.48120608925819397
00311_fake.mp4,1,RVFA,0.5904114246368408,0.53338057,0.5,0.49124882,0.49124882,-0.09916260838508606,-0.09916260838508606
00043_fake.mp4,1,RVFA,0.9999585151672363,0.53338027,0.5,0.49124882,0.49124882,-0.5087096989154816,-0.5087096989154816
00420_fake.mp4,1,RVFA,0.9811112284660339,0.53338045,0.5,0.49124882,0.49124882,-0.4898624122142792,-0.4898624122142792
00052_fake.mp4,1,RVFA,0.9998825788497925,0.5333803,0.5,0.49124882,0.49124882,-0.5086337625980377,-0.5086337625980377
00046_fake.mp4,1,RVFA,0.9615979194641113,0.53337836,0.5,0.49124882,0.49124882,-0.47034910321235657,-0.47034910321235657
00202_fake.mp4,1,RVFA,0.9995519518852234,0.53337944,0.5,0.49124882,0.49124882,-0.5083031356334686,-0.5083031356334686
00122_fake.mp4,1,RVFA,0.997731626033783,0.5333802,0.5,0.49124882,0.49124882,-0.5064828097820282,-0.5064828097820282
00027_fake.mp4,1,RVFA,0.999588668346405,0.5333782,0.5,0.49124882,0.49124882,-0.5083398520946503,-0.5083398520946503
00015_fake.mp4,1,RVFA,0.6013984084129333,0.53338087,0.5,0.49124882,0.49124882,-0.11014959216117859,-0.11014959216117859
00239_fake.mp4,1,RVFA,0.9995244741439819,0.5333805,0.5,0.49124882,0.49124882,-0.5082756578922272,-0.5082756578922272
00010_fake.mp4,1,RVFA,0.9968895316123962,0.53338134,0.5,0.49124882,0.49124882,-0.5056407153606415,-0.5056407153606415
00130_fake.mp4,1,RVFA,0.9658348560333252,0.5333804,0.5,0.49124882,0.49124882,-0.47458603978157043,-0.47458603978157043
00001_fake.mp4,1,RVFA,0.9969145059585571,0.53338027,0.5,0.49124882,0.49124882,-0.5056656897068024,-0.5056656897068024
00088_fake.mp4,1,RVFA,0.9988969564437866,0.53338015,0.5,0.49124882,0.49124882,-0.5076481401920319,-0.5076481401920319
00078_fake.mp4,1,RVFA,0.9973195195198059,0.5333811,0.5,0.49124882,0.49124882,-0.5060707032680511,-0.5060707032680511
00037_fake.mp4,1,RVFA,0.9982080459594727,0.5333783,0.5,0.49124882,0.49124882,-0.5069592297077179,-0.5069592297077179
00005_fake.mp4,1,RVFA,0.985524594783783,0.5333791,0.5,0.49124882,0.49124882,-0.4942757785320282,-0.4942757785320282
00169_fake.mp4,1,RVFA,0.9292222857475281,0.53338,0.5,0.49124882,0.49124882,-0.4379734694957733,-0.4379734694957733
00125_fake.mp4,1,RVFA,0.9996001124382019,0.53337693,0.5,0.49124882,0.49124882,-0.5083512961864471,-0.5083512961864471
00065_fake.mp4,1,RVFA,0.9999788999557495,0.5333804,0.5,0.49124882,0.49124882,-0.5087300837039948,-0.5087300837039948
00005_fake.mp4,1,RVFA,0.985524594783783,0.5333791,0.5,0.49124882,0.49124882,-0.4942757785320282,-0.4942757785320282
00086_fake.mp4,1,RVFA,0.9631258845329285,0.5333787,0.5,0.49124882,0.49124882,-0.4718770682811737,-0.4718770682811737
00043_fake.mp4,1,RVFA,0.9999585151672363,0.53338027,0.5,0.49124882,0.49124882,-0.5087096989154816,-0.5087096989154816
00072_fake.mp4,1,RVFA,0.9993595480918884,0.53337926,0.5,0.49124882,0.49124882,-0.5081107318401337,-0.5081107318401337
00430_fake.mp4,1,RVFA,0.9994742274284363,0.53338075,0.5,0.49124882,0.49124882,-0.5082254111766815,-0.5082254111766815
00002_fake.mp4,1,RVFA,0.9999604225158691,0.5333803,0.5,0.49124882,0.49124882,-0.5087116062641144,-0.5087116062641144
00081_fake.mp4,1,RVFA,0.891920804977417,0.5333798,0.5,0.49124882,0.49124882,-0.40067198872566223,-0.40067198872566223
00001_fake.mp4,1,RVFA,0.9969145059585571,0.53338027,0.5,0.49124882,0.49124882,-0.5056656897068024,-0.5056656897068024
00092_fake.mp4,1,RVFA,0.9998492002487183,0.5333794,0.5,0.49124882,0.49124882,-0.5086003839969635,-0.5086003839969635
00040_fake.mp4,1,RVFA,0.9997461438179016,0.53338045,0.5,0.49124882,0.49124882,-0.5084973275661469,-0.5084973275661469
00093_fake.mp4,1,RVFA,0.7948403358459473,0.5333798,0.5,0.49124882,0.49124882,-0.3035915195941925,-0.3035915195941925
00028_fake.mp4,1,RVFA,0.9724549055099487,0.5333797,0.5,0.49124882,0.49124882,-0.48120608925819397,-0.48120608925819397
00092_fake.mp4,1,RVFA,0.9998492002487183,0.5333794,0.5,0.49124882,0.49124882,-0.5086003839969635,-0.5086003839969635
00021_fake.mp4,1,RVFA,0.9989230036735535,0.53337824,0.5,0.49124882,0.49124882,-0.5076741874217987,-0.5076741874217987
00028_0.mp4,1,FVRA,0.4998018443584442,0.5333795,0.5,0.49124882,0.49124882,-0.008553028106689453,-0.008553028106689453
00028_id00325_4vJtbNe0L98_faceswap.mp4,1,FVRA,0.5157762765884399,0.53337795,0.5,0.49124882,0.49124882,-0.02452746033668518,-0.02452746033668518
00004_0.mp4,1,FVRA,0.5067806243896484,0.5333805,0.5,0.49124882,0.49124882,-0.015531808137893677,-0.015531808137893677
00004_1.mp4,1,FVRA,0.5381831526756287,0.5333809,0.5,0.49124882,0.49124882,-0.0469343364238739,-0.0469343364238739
00004_2.mp4,1,FVRA,0.537947952747345,0.5333808,0.5,0.49124882,0.49124882,-0.04669913649559021,-0.04669913649559021
00004_3.mp4,1,FVRA,0.5300929546356201,0.5333806,0.5,0.49124882,0.49124882,-0.038844138383865356,-0.038844138383865356
00004_id00495_E46aiMUC4A0_faceswap.mp4,1,FVRA,0.5173591375350952,0.5333736,0.5,0.49124882,0.49124882,-0.026110321283340454,-0.026110321283340454
00014_id03371_truKMXt8Dak_faceswap.mp4,1,FVRA,0.5310952663421631,0.53338057,0.5,0.49124882,0.49124882,-0.039846450090408325,-0.039846450090408325
00020_id00569_gSynmpwioV4_faceswap.mp4,1,FVRA,0.5184130668640137,0.5333801,0.5,0.49124882,0.49124882,-0.02716425061225891,-0.02716425061225891
00025_0.mp4,1,FVRA,0.5347787141799927,0.5333808,0.5,0.49124882,0.49124882,-0.043529897928237915,-0.043529897928237915
00025_id00365_XV-imLNJvfk_faceswap.mp4,1,FVRA,0.5137961506843567,0.5333795,0.5,0.49124882,0.49124882,-0.02254733443260193,-0.02254733443260193
00063_id00403_n4LSCxzFr6o_faceswap.mp4,1,FVRA,0.51874840259552,0.53338,0.5,0.49124882,0.49124882,-0.02749958634376526,-0.02749958634376526
00028_0.mp4,1,FVRA,0.4998018443584442,0.5333795,0.5,0.49124882,0.49124882,-0.008553028106689453,-0.008553028106689453
00028_id00287_2NpfYjyMsPM_faceswap.mp4,1,FVRA,0.536503255367279,0.5333811,0.5,0.49124882,0.49124882,-0.04525443911552429,-0.04525443911552429
00088_0.mp4,1,FVRA,0.5460195541381836,0.5333811,0.5,0.49124882,0.49124882,-0.05477073788642883,-0.05477073788642883
00088_id00633_UXrTMta1EDM_faceswap.mp4,1,FVRA,0.5073971152305603,0.5333794,0.5,0.49124882,0.49124882,-0.016148298978805542,-0.016148298978805542
00028_0.mp4,1,FVRA,0.4998018443584442,0.5333795,0.5,0.49124882,0.49124882,-0.008553028106689453,-0.008553028106689453
00028_id00495_E46aiMUC4A0_faceswap.mp4,1,FVRA,0.5064464211463928,0.5333802,0.5,0.49124882,0.49124882,-0.015197604894638062,-0.015197604894638062
00005_id00262_3p7sRWAAh1Q_faceswap.mp4,1,FVRA,0.5252196192741394,0.5333802,0.5,0.49124882,0.49124882,-0.033970803022384644,-0.033970803022384644
00015_id00042_4yuJSkaZwn0_faceswap.mp4,1,FVRA,0.5261561274528503,0.5333792,0.5,0.49124882,0.49124882,-0.03490731120109558,-0.03490731120109558
00092_0.mp4,1,FVRA,0.5060204267501831,0.53337985,0.5,0.49124882,0.49124882,-0.014771610498428345,-0.014771610498428345
00092_id00484_u7YTz8eFZv0_faceswap.mp4,1,FVRA,0.5388221740722656,0.5333809,0.5,0.49124882,0.49124882,-0.047573357820510864,-0.047573357820510864
00118_id00365_XV-imLNJvfk_faceswap.mp4,1,FVRA,0.4995492100715637,0.5333795,0.5,0.49124882,0.49124882,-0.00830039381980896,-0.00830039381980896
00293_0.mp4,1,FVRA,0.5283766388893127,0.53338045,0.5,0.49124882,0.49124882,-0.03712782263755798,-0.03712782263755798
00078_0.mp4,1,FVRA,0.5176265239715576,0.5333736,0.5,0.49124882,0.49124882,-0.026377707719802856,-0.026377707719802856
00078_id00330_zCFFgGSIZ_s_faceswap.mp4,1,FVRA,0.5339025259017944,0.5333808,0.5,0.49124882,0.49124882,-0.04265370965003967,-0.04265370965003967
00028_0.mp4,1,FVRA,0.4998018443584442,0.5333795,0.5,0.49124882,0.49124882,-0.008553028106689453,-0.008553028106689453
00311_0.mp4,1,FVRA,0.5128284096717834,0.5333805,0.5,0.49124882,0.49124882,-0.021579593420028687,-0.021579593420028687
00311_id00330_zCFFgGSIZ_s_faceswap.mp4,1,FVRA,0.5755078196525574,0.5333807,0.5,0.49124882,0.49124882,-0.08425900340080261,-0.08425900340080261
00043_id00633_UXrTMta1EDM_faceswap.mp4,1,FVRA,0.506279468536377,0.53338045,0.5,0.49124882,0.49124882,-0.015030652284622192,-0.015030652284622192
00420_0.mp4,1,FVRA,0.4964567720890045,0.5333798,0.5,0.49124882,0.49124882,-0.005207955837249756,-0.005207955837249756
00420_id00823_KgExwCvgrUk_faceswap.mp4,1,FVRA,0.5115827322006226,0.53338045,0.5,0.49124882,0.49124882,-0.020333915948867798,-0.020333915948867798
00052_id00234_M3g5KRLJB60_faceswap.mp4,1,FVRA,0.5038516521453857,0.5333805,0.5,0.49124882,0.49124882,-0.012602835893630981,-0.012602835893630981
00046_0.mp4,1,FVRA,0.580790638923645,0.5333806,0.5,0.49124882,0.49124882,-0.08954182267189026,-0.08954182267189026
00046_id00330_zCFFgGSIZ_s_faceswap.mp4,1,FVRA,0.5086888670921326,0.5333785,0.5,0.49124882,0.49124882,-0.017440050840377808,-0.017440050840377808
00202_0.mp4,1,FVRA,0.5130385160446167,0.5333805,0.5,0.49124882,0.49124882,-0.02178969979286194,-0.02178969979286194
00202_id03844_AEAEN1Lns2c_faceswap.mp4,1,FVRA,0.5115833282470703,0.5333796,0.5,0.49124882,0.49124882,-0.020334511995315552,-0.020334511995315552
00122_id00633_UXrTMta1EDM_faceswap.mp4,1,FVRA,0.500535249710083,0.5333804,0.5,0.49124882,0.49124882,-0.009286433458328247,-0.009286433458328247
00027_0.mp4,1,FVRA,0.5279598832130432,0.5333802,0.5,0.49124882,0.49124882,-0.03671106696128845,-0.03671106696128845
00027_id00395_wM5kGJfTtEM_faceswap.mp4,1,FVRA,0.49946340918540955,0.53337824,0.5,0.49124882,0.49124882,-0.008214592933654785,-0.008214592933654785
00015_id00262_3p7sRWAAh1Q_faceswap.mp4,1,FVRA,0.5312271118164062,0.53338087,0.5,0.49124882,0.49124882,-0.03997829556465149,-0.03997829556465149
00239_0.mp4,1,FVRA,0.5769834518432617,0.5333807,0.5,0.49124882,0.49124882,-0.08573463559150696,-0.08573463559150696
00239_1.mp4,1,FVRA,0.5268611311912537,0.53337896,0.5,0.49124882,0.49124882,-0.0356123149394989,-0.0356123149394989
00239_2.mp4,1,FVRA,0.5712604522705078,0.53338027,0.5,0.49124882,0.49124882,-0.08001163601875305,-0.08001163601875305
00010_id03371_truKMXt8Dak_faceswap.mp4,1,FVRA,0.521109402179718,0.53338134,0.5,0.49124882,0.49124882,-0.029860585927963257,-0.029860585927963257
00130_0.mp4,1,FVRA,0.5038170218467712,0.53337985,0.5,0.49124882,0.49124882,-0.01256820559501648,-0.01256820559501648
00130_id00634_z5t9oJizDQg_faceswap.mp4,1,FVRA,0.5291421413421631,0.5333805,0.5,0.49124882,0.49124882,-0.037893325090408325,-0.037893325090408325
00001_id00897_0ayFw8JhoyI_faceswap.mp4,1,FVRA,0.589388906955719,0.5333799,0.5,0.49124882,0.49124882,-0.09814009070396423,-0.09814009070396423
00088_id01002_eQTviHjyISo_faceswap.mp4,1,FVRA,0.5955901741981506,0.53338027,0.5,0.49124882,0.49124882,-0.10434135794639587,-0.10434135794639587
00078_0.mp4,1,FVRA,0.5176265239715576,0.5333736,0.5,0.49124882,0.49124882,-0.026377707719802856,-0.026377707719802856
00078_id03649_389qfFqUddI_faceswap.mp4,1,FVRA,0.5448959469795227,0.53338116,0.5,0.49124882,0.49124882,-0.053647130727767944,-0.053647130727767944
00037_id03844_AEAEN1Lns2c_faceswap.mp4,1,FVRA,0.50192791223526,0.5333784,0.5,0.49124882,0.49124882,-0.010679095983505249,-0.010679095983505249
00005_id00379_fgkgYHCuk4g_faceswap.mp4,1,FVRA,0.5131189227104187,0.5333785,0.5,0.49124882,0.49124882,-0.02187010645866394,-0.02187010645866394
00169_id00897_0ayFw8JhoyI_faceswap.mp4,1,FVRA,0.5166641473770142,0.53338015,0.5,0.49124882,0.49124882,-0.0254153311252594,-0.0254153311252594
00125_id00395_wM5kGJfTtEM_faceswap.mp4,1,FVRA,0.5082810521125793,0.53337705,0.5,0.49124882,0.49124882,-0.017032235860824585,-0.017032235860824585
00065_0.mp4,1,FVRA,0.5090315937995911,0.53337985,0.5,0.49124882,0.49124882,-0.017782777547836304,-0.017782777547836304
00065_id00581_7AxvP19LGKg_faceswap.mp4,1,FVRA,0.5459073781967163,0.5333805,0.5,0.49124882,0.49124882,-0.05465856194496155,-0.05465856194496155
00005_id00591_1Jo8xElXQMs_faceswap.mp4,1,FVRA,0.5470247268676758,0.5333792,0.5,0.49124882,0.49124882,-0.05577591061592102,-0.05577591061592102
00086_id00633_UXrTMta1EDM_faceswap.mp4,1,FVRA,0.5221900939941406,0.5333789,0.5,0.49124882,0.49124882,-0.030941277742385864,-0.030941277742385864
00043_0.mp4,1,FVRA,0.5220041871070862,0.53338134,0.5,0.49124882,0.49124882,-0.03075537085533142,-0.03075537085533142
00043_id00633_UXrTMta1EDM_faceswap.mp4,1,FVRA,0.506279468536377,0.53338045,0.5,0.49124882,0.49124882,-0.015030652284622192,-0.015030652284622192
00072_id00569_gSynmpwioV4_faceswap.mp4,1,FVRA,0.5053977370262146,0.5333793,0.5,0.49124882,0.49124882,-0.014148920774459839,-0.014148920774459839
00430_id00581_7AxvP19LGKg_faceswap.mp4,1,FVRA,0.5276716351509094,0.53338087,0.5,0.49124882,0.49124882,-0.03642281889915466,-0.03642281889915466
00002_0.mp4,1,FVRA,0.5176606774330139,0.53337944,0.5,0.49124882,0.49124882,-0.026411861181259155,-0.026411861181259155
00002_id00495_E46aiMUC4A0_faceswap.mp4,1,FVRA,0.5057278275489807,0.5333804,0.5,0.49124882,0.49124882,-0.014479011297225952,-0.014479011297225952
00081_id00496_SImaDcXQnh8_faceswap.mp4,1,FVRA,0.5484673976898193,0.5333799,0.5,0.49124882,0.49124882,-0.057218581438064575,-0.057218581438064575
00001_0.mp4,1,FVRA,0.5381314158439636,0.5333811,0.5,0.49124882,0.49124882,-0.04688259959220886,-0.04688259959220886
00001_id00634_z5t9oJizDQg_faceswap.mp4,1,FVRA,0.507004976272583,0.5333804,0.5,0.49124882,0.49124882,-0.015756160020828247,-0.015756160020828247
00092_id03716_s-lxbGafZQA_faceswap.mp4,1,FVRA,0.5142743587493896,0.53338087,0.5,0.49124882,0.49124882,-0.023025542497634888,-0.023025542497634888
00040_0.mp4,1,FVRA,0.5299637913703918,0.5333792,0.5,0.49124882,0.49124882,-0.038714975118637085,-0.038714975118637085
00040_id03651_EjcoRkL6loI_faceswap.mp4,1,FVRA,0.5081532001495361,0.5333805,0.5,0.49124882,0.49124882,-0.016904383897781372,-0.016904383897781372
00093_id03941_SsYtP8Ze88Q_faceswap.mp4,1,FVRA,0.50872403383255,0.53337985,0.5,0.49124882,0.49124882,-0.017475217580795288,-0.017475217580795288
00028_0.mp4,1,FVRA,0.4998018443584442,0.5333795,0.5,0.49124882,0.49124882,-0.008553028106689453,-0.008553028106689453
00028_id00484_u7YTz8eFZv0_faceswap.mp4,1,FVRA,0.49876460433006287,0.5333798,0.5,0.49124882,0.49124882,-0.0075157880783081055,-0.0075157880783081055
00092_0.mp4,1,FVRA,0.5060204267501831,0.53337985,0.5,0.49124882,0.49124882,-0.014771610498428345,-0.014771610498428345
00092_id00395_wM5kGJfTtEM_faceswap.mp4,1,FVRA,0.5163552165031433,0.53337944,0.5,0.49124882,0.49124882,-0.02510640025138855,-0.02510640025138855
00021_0.mp4,1,FVRA,0.5513520836830139,0.53337985,0.5,0.49124882,0.49124882,-0.060103267431259155,-0.060103267431259155
00021_id03816_XXD0yTNei50_faceswap.mp4,1,FVRA,0.5675979852676392,0.53337836,0.5,0.49124882,0.49124882,-0.0763491690158844,-0.0763491690158844
00028_id00325_4vJtbNe0L98_faceswap_id00325_wavtolip.mp4,1,FVFA,0.9999980926513672,0.5333782,0.5,0.49124882,0.49124882,-0.5087492763996124,-0.5087492763996124
00028_id00325_4vJtbNe0L98_faceswap_id00495_wavtolip.mp4,1,FVFA,0.9982731342315674,0.533378,0.5,0.49124882,0.49124882,-0.5070243179798126,-0.5070243179798126
00028_id00325_4vJtbNe0L98_faceswap_id00735_wavtolip.mp4,1,FVFA,0.9999985694885254,0.533378,0.5,0.49124882,0.49124882,-0.5087497532367706,-0.5087497532367706
00028_id00325_4vJtbNe0L98_faceswap_id03858_wavtolip.mp4,1,FVFA,0.9999974966049194,0.5333781,0.5,0.49124882,0.49124882,-0.5087486803531647,-0.5087486803531647
00004_1_id00262_wavtolip.mp4,1,FVFA,0.9999879598617554,0.533381,0.5,0.49124882,0.49124882,-0.5087391436100006,-0.5087391436100006
00004_1_id00373_wavtolip.mp4,1,FVFA,0.9999971389770508,0.533381,0.5,0.49124882,0.49124882,-0.508748322725296,-0.508748322725296
00004_1_id00569_wavtolip.mp4,1,FVFA,0.9854509830474854,0.53338104,0.5,0.49124882,0.49124882,-0.4942021667957306,-0.4942021667957306
00004_1_id00581_wavtolip.mp4,1,FVFA,0.9999943971633911,0.533381,0.5,0.49124882,0.49124882,-0.5087455809116364,-0.5087455809116364
00004_1_id00633_wavtolip.mp4,1,FVFA,0.9999958276748657,0.533381,0.5,0.49124882,0.49124882,-0.508747011423111,-0.508747011423111
00004_2_id00068_wavtolip.mp4,1,FVFA,0.9997778534889221,0.53338087,0.5,0.49124882,0.49124882,-0.5085290372371674,-0.5085290372371674
00004_2_id00332_wavtolip.mp4,1,FVFA,0.9999865293502808,0.53338087,0.5,0.49124882,0.49124882,-0.508737713098526,-0.508737713098526
00004_2_id00581_wavtolip.mp4,1,FVFA,0.9999948740005493,0.53338087,0.5,0.49124882,0.49124882,-0.5087460577487946,-0.5087460577487946
00004_2_id03716_wavtolip.mp4,1,FVFA,0.999996542930603,0.53338087,0.5,0.49124882,0.49124882,-0.5087477266788483,-0.5087477266788483
00004_3_id00332_wavtolip.mp4,1,FVFA,0.9999841451644897,0.5333807,0.5,0.49124882,0.49124882,-0.508735328912735,-0.508735328912735
00004_3_id00434_wavtolip.mp4,1,FVFA,0.999996542930603,0.5333807,0.5,0.49124882,0.49124882,-0.5087477266788483,-0.5087477266788483
00004_3_id00495_wavtolip.mp4,1,FVFA,0.9981755018234253,0.5333807,0.5,0.49124882,0.49124882,-0.5069266855716705,-0.5069266855716705
00004_3_id03371_wavtolip.mp4,1,FVFA,0.9999971389770508,0.5333807,0.5,0.49124882,0.49124882,-0.508748322725296,-0.508748322725296
00004_3_id03716_wavtolip.mp4,1,FVFA,0.9999963045120239,0.5333807,0.5,0.49124882,0.49124882,-0.5087474882602692,-0.5087474882602692
00004_id00495_E46aiMUC4A0_faceswap_id00071_wavtolip.mp4,1,FVFA,0.9998871088027954,0.5333742,0.5,0.49124882,0.49124882,-0.5086382925510406,-0.5086382925510406
00004_id00495_E46aiMUC4A0_faceswap_id00434_wavtolip.mp4,1,FVFA,0.999997615814209,0.5333742,0.5,0.49124882,0.49124882,-0.5087487995624542,-0.5087487995624542
00004_id00495_E46aiMUC4A0_faceswap_id00591_wavtolip.mp4,1,FVFA,0.9988716244697571,0.5333738,0.5,0.49124882,0.49124882,-0.5076228082180023,-0.5076228082180023
00004_id00495_E46aiMUC4A0_faceswap_id00813_wavtolip.mp4,1,FVFA,0.9999953508377075,0.5333742,0.5,0.49124882,0.49124882,-0.5087465345859528,-0.5087465345859528
00014_id03371_truKMXt8Dak_faceswap_id00271_wavtolip.mp4,1,FVFA,0.9901639819145203,0.5333807,0.5,0.49124882,0.49124882,-0.4989151656627655,-0.4989151656627655
00014_id03371_truKMXt8Dak_faceswap_id00806_wavtolip.mp4,1,FVFA,0.9998859167098999,0.5333807,0.5,0.49124882,0.49124882,-0.5086371004581451,-0.5086371004581451
00014_id03371_truKMXt8Dak_faceswap_id01018_wavtolip.mp4,1,FVFA,0.9999980926513672,0.5333806,0.5,0.49124882,0.49124882,-0.5087492763996124,-0.5087492763996124
00014_id03371_truKMXt8Dak_faceswap_id03716_wavtolip.mp4,1,FVFA,0.9999963045120239,0.5333806,0.5,0.49124882,0.49124882,-0.5087474882602692,-0.5087474882602692
00020_id00569_gSynmpwioV4_faceswap_id00270_wavtolip.mp4,1,FVFA,0.9999955892562866,0.5333802,0.5,0.49124882,0.49124882,-0.5087467730045319,-0.5087467730045319
00020_id00569_gSynmpwioV4_faceswap_id00328_wavtolip.mp4,1,FVFA,0.9999990463256836,0.5333802,0.5,0.49124882,0.49124882,-0.5087502300739288,-0.5087502300739288
00020_id00569_gSynmpwioV4_faceswap_id00395_wavtolip.mp4,1,FVFA,0.9685810208320618,0.53338027,0.5,0.49124882,0.49124882,-0.477332204580307,-0.477332204580307
00020_id00569_gSynmpwioV4_faceswap_id00491_wavtolip.mp4,1,FVFA,0.9998472929000854,0.5333802,0.5,0.49124882,0.49124882,-0.5085984766483307,-0.5085984766483307
00020_id00569_gSynmpwioV4_faceswap_id00581_wavtolip.mp4,1,FVFA,0.9999947547912598,0.5333802,0.5,0.49124882,0.49124882,-0.508745938539505,-0.508745938539505
00025_id00365_XV-imLNJvfk_faceswap_id00395_wavtolip.mp4,1,FVFA,0.9654698967933655,0.53337973,0.5,0.49124882,0.49124882,-0.4742210805416107,-0.4742210805416107
00025_id00365_XV-imLNJvfk_faceswap_id00491_wavtolip.mp4,1,FVFA,0.9998399019241333,0.53337973,0.5,0.49124882,0.49124882,-0.5085910856723785,-0.5085910856723785
00025_id00365_XV-imLNJvfk_faceswap_id00581_wavtolip.mp4,1,FVFA,0.9999969005584717,0.5333797,0.5,0.49124882,0.49124882,-0.5087480843067169,-0.5087480843067169
00025_id00365_XV-imLNJvfk_faceswap_id00735_wavtolip.mp4,1,FVFA,0.9990954399108887,0.53337973,0.5,0.49124882,0.49124882,-0.5078466236591339,-0.5078466236591339
00063_id00403_n4LSCxzFr6o_faceswap_id00071_wavtolip.mp4,1,FVFA,0.9998863935470581,0.53338,0.5,0.49124882,0.49124882,-0.5086375772953033,-0.5086375772953033
00063_id00403_n4LSCxzFr6o_faceswap_id00234_wavtolip.mp4,1,FVFA,0.9999986886978149,0.53338,0.5,0.49124882,0.49124882,-0.5087498724460602,-0.5087498724460602
00063_id00403_n4LSCxzFr6o_faceswap_id00495_wavtolip.mp4,1,FVFA,0.9983898401260376,0.5333799,0.5,0.49124882,0.49124882,-0.5071410238742828,-0.5071410238742828
00063_id00403_n4LSCxzFr6o_faceswap_id00581_wavtolip.mp4,1,FVFA,0.9999985694885254,0.53338,0.5,0.49124882,0.49124882,-0.5087497532367706,-0.5087497532367706
00063_id00403_n4LSCxzFr6o_faceswap_id03941_wavtolip.mp4,1,FVFA,0.9930590391159058,0.53337985,0.5,0.49124882,0.49124882,-0.501810222864151,-0.501810222864151
00028_id00287_2NpfYjyMsPM_faceswap_id00379_wavtolip.mp4,1,FVFA,0.8885970711708069,0.53338116,0.5,0.49124882,0.49124882,-0.3973482549190521,-0.3973482549190521
00028_id00287_2NpfYjyMsPM_faceswap_id01002_wavtolip.mp4,1,FVFA,0.9999388456344604,0.53338116,0.5,0.49124882,0.49124882,-0.5086900293827057,-0.5086900293827057
00028_id00287_2NpfYjyMsPM_faceswap_id03620_wavtolip.mp4,1,FVFA,0.999995231628418,0.5333811,0.5,0.49124882,0.49124882,-0.5087464153766632,-0.5087464153766632
00028_id00287_2NpfYjyMsPM_faceswap_id03858_wavtolip.mp4,1,FVFA,0.9998489618301392,0.53338116,0.5,0.49124882,0.49124882,-0.5086001455783844,-0.5086001455783844
00028_id00287_2NpfYjyMsPM_faceswap_id03941_wavtolip.mp4,1,FVFA,0.9928722381591797,0.53338116,0.5,0.49124882,0.49124882,-0.5016234219074249,-0.5016234219074249
00088_id00633_UXrTMta1EDM_faceswap_id00042_wavtolip.mp4,1,FVFA,0.9744682908058167,0.5333794,0.5,0.49124882,0.49124882,-0.4832194745540619,-0.4832194745540619
00088_id00633_UXrTMta1EDM_faceswap_id00434_wavtolip.mp4,1,FVFA,0.9999974966049194,0.5333795,0.5,0.49124882,0.49124882,-0.5087486803531647,-0.5087486803531647
00088_id00633_UXrTMta1EDM_faceswap_id03649_wavtolip.mp4,1,FVFA,0.9948616623878479,0.5333794,0.5,0.49124882,0.49124882,-0.5036128461360931,-0.5036128461360931
00028_id00495_E46aiMUC4A0_faceswap_id00328_wavtolip.mp4,1,FVFA,0.9999984502792358,0.5333803,0.5,0.49124882,0.49124882,-0.5087496340274811,-0.5087496340274811
00028_id00495_E46aiMUC4A0_faceswap_id00484_wavtolip.mp4,1,FVFA,0.9999932050704956,0.5333803,0.5,0.49124882,0.49124882,-0.5087443888187408,-0.5087443888187408
00028_id00495_E46aiMUC4A0_faceswap_id00826_wavtolip.mp4,1,FVFA,0.9999991655349731,0.5333803,0.5,0.49124882,0.49124882,-0.5087503492832184,-0.5087503492832184
00028_id00495_E46aiMUC4A0_faceswap_id03620_wavtolip.mp4,1,FVFA,0.9999969005584717,0.5333803,0.5,0.49124882,0.49124882,-0.5087480843067169,-0.5087480843067169
00028_id00495_E46aiMUC4A0_faceswap_id03716_wavtolip.mp4,1,FVFA,0.9999969005584717,0.5333803,0.5,0.49124882,0.49124882,-0.5087480843067169,-0.5087480843067169
00005_id00262_3p7sRWAAh1Q_faceswap_id00271_wavtolip.mp4,1,FVFA,0.9908022880554199,0.5333804,0.5,0.49124882,0.49124882,-0.49955347180366516,-0.49955347180366516
00005_id00262_3p7sRWAAh1Q_faceswap_id00897_wavtolip.mp4,1,FVFA,0.9999977350234985,0.5333803,0.5,0.49124882,0.49124882,-0.5087489187717438,-0.5087489187717438
00005_id00262_3p7sRWAAh1Q_faceswap_id03589_wavtolip.mp4,1,FVFA,0.9999969005584717,0.5333803,0.5,0.49124882,0.49124882,-0.5087480843067169,-0.5087480843067169
00005_id00262_3p7sRWAAh1Q_faceswap_id03941_wavtolip.mp4,1,FVFA,0.9999940395355225,0.5333803,0.5,0.49124882,0.49124882,-0.5087452232837677,-0.5087452232837677
00015_id00042_4yuJSkaZwn0_faceswap_id00188_wavtolip.mp4,1,FVFA,0.9996241331100464,0.53337944,0.5,0.49124882,0.49124882,-0.5083753168582916,-0.5083753168582916
00015_id00042_4yuJSkaZwn0_faceswap_id00232_wavtolip.mp4,1,FVFA,0.9999948740005493,0.5333794,0.5,0.49124882,0.49124882,-0.5087460577487946,-0.5087460577487946
00015_id00042_4yuJSkaZwn0_faceswap_id00484_wavtolip.mp4,1,FVFA,0.9995861649513245,0.5333795,0.5,0.49124882,0.49124882,-0.5083373486995697,-0.5083373486995697
00015_id00042_4yuJSkaZwn0_faceswap_id00591_wavtolip.mp4,1,FVFA,0.9987924098968506,0.5333795,0.5,0.49124882,0.49124882,-0.5075435936450958,-0.5075435936450958
00092_id00484_u7YTz8eFZv0_faceswap_id00287_wavtolip.mp4,1,FVFA,0.9999258518218994,0.533381,0.5,0.49124882,0.49124882,-0.5086770355701447,-0.5086770355701447
00092_id00484_u7YTz8eFZv0_faceswap_id00484_wavtolip.mp4,1,FVFA,0.9995492100715637,0.5333809,0.5,0.49124882,0.49124882,-0.508300393819809,-0.508300393819809
00092_id00484_u7YTz8eFZv0_faceswap_id01002_wavtolip.mp4,1,FVFA,0.9999368190765381,0.5333809,0.5,0.49124882,0.49124882,-0.5086880028247833,-0.5086880028247833
00092_id00484_u7YTz8eFZv0_faceswap_id03589_wavtolip.mp4,1,FVFA,0.9999973773956299,0.5333809,0.5,0.49124882,0.49124882,-0.5087485611438751,-0.5087485611438751
00118_id00365_XV-imLNJvfk_faceswap_id00262_wavtolip.mp4,1,FVFA,0.9999946355819702,0.5333797,0.5,0.49124882,0.49124882,-0.5087458193302155,-0.5087458193302155
00118_id00365_XV-imLNJvfk_faceswap_id00328_wavtolip.mp4,1,FVFA,0.998325526714325,0.5333796,0.5,0.49124882,0.49124882,-0.5070767104625702,-0.5070767104625702
00118_id00365_XV-imLNJvfk_faceswap_id00569_wavtolip.mp4,1,FVFA,0.9850316047668457,0.5333796,0.5,0.49124882,0.49124882,-0.49378278851509094,-0.49378278851509094
00118_id00365_XV-imLNJvfk_faceswap_id00897_wavtolip.mp4,1,FVFA,0.9999984502792358,0.5333797,0.5,0.49124882,0.49124882,-0.5087496340274811,-0.5087496340274811
00118_id00365_XV-imLNJvfk_faceswap_id03716_wavtolip.mp4,1,FVFA,0.9999971389770508,0.5333797,0.5,0.49124882,0.49124882,-0.508748322725296,-0.508748322725296
00078_0_id00271_wavtolip.mp4,1,FVFA,0.991047203540802,0.5333742,0.5,0.49124882,0.49124882,-0.49979838728904724,-0.49979838728904724
00078_0_id00569_wavtolip.mp4,1,FVFA,0.9879775047302246,0.5333742,0.5,0.49124882,0.49124882,-0.49672868847846985,-0.49672868847846985
00078_0_id00634_wavtolip.mp4,1,FVFA,0.9999983310699463,0.5333739,0.5,0.49124882,0.49124882,-0.5087495148181915,-0.5087495148181915
00078_0_id03816_wavtolip.mp4,1,FVFA,0.9865136742591858,0.53337413,0.5,0.49124882,0.49124882,-0.49526485800743103,-0.49526485800743103
00078_id00330_zCFFgGSIZ_s_faceswap_id00042_wavtolip.mp4,1,FVFA,0.999997615814209,0.53338087,0.5,0.49124882,0.49124882,-0.5087487995624542,-0.5087487995624542
00078_id00330_zCFFgGSIZ_s_faceswap_id00379_wavtolip.mp4,1,FVFA,0.9999972581863403,0.53338087,0.5,0.49124882,0.49124882,-0.5087484419345856,-0.5087484419345856
00078_id00330_zCFFgGSIZ_s_faceswap_id00569_wavtolip.mp4,1,FVFA,0.9874259233474731,0.53338087,0.5,0.49124882,0.49124882,-0.4961771070957184,-0.4961771070957184
00078_id00330_zCFFgGSIZ_s_faceswap_id03716_wavtolip.mp4,1,FVFA,0.999996542930603,0.53338087,0.5,0.49124882,0.49124882,-0.5087477266788483,-0.5087477266788483
00311_id00330_zCFFgGSIZ_s_faceswap_id00262_wavtolip.mp4,1,FVFA,0.9999946355819702,0.53338075,0.5,0.49124882,0.49124882,-0.5087458193302155,-0.5087458193302155
00311_id00330_zCFFgGSIZ_s_faceswap_id00365_wavtolip.mp4,1,FVFA,0.6780281066894531,0.53338075,0.5,0.49124882,0.49124882,-0.18677929043769836,-0.18677929043769836
00311_id00330_zCFFgGSIZ_s_faceswap_id00591_wavtolip.mp4,1,FVFA,0.9987744688987732,0.53338075,0.5,0.49124882,0.49124882,-0.5075256526470184,-0.5075256526470184
00311_id00330_zCFFgGSIZ_s_faceswap_id00633_wavtolip.mp4,1,FVFA,0.9999959468841553,0.53338075,0.5,0.49124882,0.49124882,-0.5087471306324005,-0.5087471306324005
00311_id00330_zCFFgGSIZ_s_faceswap_id03716_wavtolip.mp4,1,FVFA,0.999996542930603,0.53338075,0.5,0.49124882,0.49124882,-0.5087477266788483,-0.5087477266788483
00043_id00633_UXrTMta1EDM_faceswap_id00071_wavtolip.mp4,1,FVFA,0.9998812675476074,0.53338116,0.5,0.49124882,0.49124882,-0.5086324512958527,-0.5086324512958527
00043_id00633_UXrTMta1EDM_faceswap_id00270_wavtolip.mp4,1,FVFA,0.9999954700469971,0.53338116,0.5,0.49124882,0.49124882,-0.5087466537952423,-0.5087466537952423
00043_id00633_UXrTMta1EDM_faceswap_id00332_wavtolip.mp4,1,FVFA,0.9999971389770508,0.53338116,0.5,0.49124882,0.49124882,-0.508748322725296,-0.508748322725296
00043_id00633_UXrTMta1EDM_faceswap_id00395_wavtolip.mp4,1,FVFA,0.9670073390007019,0.53338116,0.5,0.49124882,0.49124882,-0.47575852274894714,-0.47575852274894714
00043_id00633_UXrTMta1EDM_faceswap_id01018_wavtolip.mp4,1,FVFA,0.9999984502792358,0.53338116,0.5,0.49124882,0.49124882,-0.5087496340274811,-0.5087496340274811
00420_id00823_KgExwCvgrUk_faceswap_id00188_wavtolip.mp4,1,FVFA,0.9999969005584717,0.53338057,0.5,0.49124882,0.49124882,-0.5087480843067169,-0.5087480843067169
00420_id00823_KgExwCvgrUk_faceswap_id00271_wavtolip.mp4,1,FVFA,0.990327775478363,0.5333805,0.5,0.49124882,0.49124882,-0.4990789592266083,-0.4990789592266083
00420_id00823_KgExwCvgrUk_faceswap_id00330_wavtolip.mp4,1,FVFA,0.9999568462371826,0.5333805,0.5,0.49124882,0.49124882,-0.5087080299854279,-0.5087080299854279
00420_id00823_KgExwCvgrUk_faceswap_id00897_wavtolip.mp4,1,FVFA,0.9999978542327881,0.5333805,0.5,0.49124882,0.49124882,-0.5087490379810333,-0.5087490379810333
00052_id00234_M3g5KRLJB60_faceswap_id00232_wavtolip.mp4,1,FVFA,0.9999947547912598,0.5333806,0.5,0.49124882,0.49124882,-0.508745938539505,-0.508745938539505
00052_id00234_M3g5KRLJB60_faceswap_id00365_wavtolip.mp4,1,FVFA,0.6609877347946167,0.53338057,0.5,0.49124882,0.49124882,-0.16973891854286194,-0.16973891854286194
00052_id00234_M3g5KRLJB60_faceswap_id00806_wavtolip.mp4,1,FVFA,0.9999815225601196,0.5333805,0.5,0.49124882,0.49124882,-0.5087327063083649,-0.5087327063083649
00052_id00234_M3g5KRLJB60_faceswap_id01018_wavtolip.mp4,1,FVFA,0.999998927116394,0.5333805,0.5,0.49124882,0.49124882,-0.5087501108646393,-0.5087501108646393
00046_id00330_zCFFgGSIZ_s_faceswap_id00325_wavtolip.mp4,1,FVFA,0.9984561204910278,0.5333788,0.5,0.49124882,0.49124882,-0.5072073042392731,-0.5072073042392731
00046_id00330_zCFFgGSIZ_s_faceswap_id00403_wavtolip.mp4,1,FVFA,0.9999415874481201,0.5333788,0.5,0.49124882,0.49124882,-0.5086927711963654,-0.5086927711963654
00046_id00330_zCFFgGSIZ_s_faceswap_id00633_wavtolip.mp4,1,FVFA,0.9987815022468567,0.5333788,0.5,0.49124882,0.49124882,-0.5075326859951019,-0.5075326859951019
00046_id00330_zCFFgGSIZ_s_faceswap_id00806_wavtolip.mp4,1,FVFA,0.9999957084655762,0.5333788,0.5,0.49124882,0.49124882,-0.5087468922138214,-0.5087468922138214
00046_id00330_zCFFgGSIZ_s_faceswap_id00823_wavtolip.mp4,1,FVFA,0.9998807907104492,0.53337884,0.5,0.49124882,0.49124882,-0.5086319744586945,-0.5086319744586945
00202_id03844_AEAEN1Lns2c_faceswap_id00395_wavtolip.mp4,1,FVFA,0.9673581719398499,0.5333796,0.5,0.49124882,0.49124882,-0.4761093556880951,-0.4761093556880951
00202_id03844_AEAEN1Lns2c_faceswap_id00484_wavtolip.mp4,1,FVFA,0.9999970197677612,0.53337973,0.5,0.49124882,0.49124882,-0.5087482035160065,-0.5087482035160065
00202_id03844_AEAEN1Lns2c_faceswap_id00826_wavtolip.mp4,1,FVFA,0.9999991655349731,0.53337973,0.5,0.49124882,0.49124882,-0.5087503492832184,-0.5087503492832184
00202_id03844_AEAEN1Lns2c_faceswap_id01002_wavtolip.mp4,1,FVFA,0.9999384880065918,0.53337973,0.5,0.49124882,0.49124882,-0.508689671754837,-0.508689671754837
00122_id00633_UXrTMta1EDM_faceswap_id00569_wavtolip.mp4,1,FVFA,0.9998891353607178,0.53338045,0.5,0.49124882,0.49124882,-0.508640319108963,-0.508640319108963
00122_id00633_UXrTMta1EDM_faceswap_id01002_wavtolip.mp4,1,FVFA,0.9999395608901978,0.53338045,0.5,0.49124882,0.49124882,-0.508690744638443,-0.508690744638443
00122_id00633_UXrTMta1EDM_faceswap_id03620_wavtolip.mp4,1,FVFA,0.9999967813491821,0.53338045,0.5,0.49124882,0.49124882,-0.5087479650974274,-0.5087479650974274
00122_id00633_UXrTMta1EDM_faceswap_id03716_wavtolip.mp4,1,FVFA,0.9999967813491821,0.53338045,0.5,0.49124882,0.49124882,-0.5087479650974274,-0.5087479650974274
00122_id00633_UXrTMta1EDM_faceswap_id03941_wavtolip.mp4,1,FVFA,0.9921707510948181,0.53338045,0.5,0.49124882,0.49124882,-0.5009219348430634,-0.5009219348430634
00027_id00395_wM5kGJfTtEM_faceswap_id00271_wavtolip.mp4,1,FVFA,0.989639163017273,0.5333785,0.5,0.49124882,0.49124882,-0.4983903467655182,-0.4983903467655182
00027_id00395_wM5kGJfTtEM_faceswap_id00330_wavtolip.mp4,1,FVFA,0.9999674558639526,0.5333785,0.5,0.49124882,0.49124882,-0.5087186396121979,-0.5087186396121979
00027_id00395_wM5kGJfTtEM_faceswap_id00496_wavtolip.mp4,1,FVFA,0.9999446868896484,0.5333785,0.5,0.49124882,0.49124882,-0.5086958706378937,-0.5086958706378937
00027_id00395_wM5kGJfTtEM_faceswap_id03649_wavtolip.mp4,1,FVFA,0.9999979734420776,0.5333785,0.5,0.49124882,0.49124882,-0.5087491571903229,-0.5087491571903229
00027_id00395_wM5kGJfTtEM_faceswap_id03651_wavtolip.mp4,1,FVFA,0.9999980926513672,0.5333785,0.5,0.49124882,0.49124882,-0.5087492763996124,-0.5087492763996124
00015_id00262_3p7sRWAAh1Q_faceswap_id00188_wavtolip.mp4,1,FVFA,0.999619722366333,0.5333809,0.5,0.49124882,0.49124882,-0.5083709061145782,-0.5083709061145782
00015_id00262_3p7sRWAAh1Q_faceswap_id00234_wavtolip.mp4,1,FVFA,0.9977424144744873,0.53338087,0.5,0.49124882,0.49124882,-0.5064935982227325,-0.5064935982227325
00015_id00262_3p7sRWAAh1Q_faceswap_id00374_wavtolip.mp4,1,FVFA,0.5760728716850281,0.53338087,0.5,0.49124882,0.49124882,-0.08482405543327332,-0.08482405543327332
00239_0_id00330_wavtolip.mp4,1,FVFA,0.9999549388885498,0.53338045,0.5,0.49124882,0.49124882,-0.508706122636795,-0.508706122636795
00239_0_id00491_wavtolip.mp4,1,FVFA,0.999982476234436,0.53338045,0.5,0.49124882,0.49124882,-0.5087336599826813,-0.5087336599826813
00239_0_id03589_wavtolip.mp4,1,FVFA,0.9999966621398926,0.53338045,0.5,0.49124882,0.49124882,-0.5087478458881378,-0.5087478458881378
00239_0_id03816_wavtolip.mp4,1,FVFA,0.9999988079071045,0.53338045,0.5,0.49124882,0.49124882,-0.5087499916553497,-0.5087499916553497
00239_0_id03941_wavtolip.mp4,1,FVFA,0.9919214248657227,0.53338045,0.5,0.49124882,0.49124882,-0.5006726086139679,-0.5006726086139679
00239_1_id00262_wavtolip.mp4,1,FVFA,0.999994158744812,0.53337914,0.5,0.49124882,0.49124882,-0.5087453424930573,-0.5087453424930573
00239_1_id00735_wavtolip.mp4,1,FVFA,0.999147891998291,0.53337914,0.5,0.49124882,0.49124882,-0.5078990757465363,-0.5078990757465363
00239_1_id01002_wavtolip.mp4,1,FVFA,0.9999386072158813,0.53337914,0.5,0.49124882,0.49124882,-0.5086897909641266,-0.5086897909641266
00239_1_id03649_wavtolip.mp4,1,FVFA,0.9953048229217529,0.53337914,0.5,0.49124882,0.49124882,-0.5040560066699982,-0.5040560066699982
00239_1_id03716_wavtolip.mp4,1,FVFA,0.9999969005584717,0.53337914,0.5,0.49124882,0.49124882,-0.5087480843067169,-0.5087480843067169
00239_2_id00287_wavtolip.mp4,1,FVFA,0.999925971031189,0.5333803,0.5,0.49124882,0.49124882,-0.5086771547794342,-0.5086771547794342
00239_2_id00332_wavtolip.mp4,1,FVFA,0.9916669726371765,0.5333803,0.5,0.49124882,0.49124882,-0.5004181563854218,-0.5004181563854218
00239_2_id00633_wavtolip.mp4,1,FVFA,0.9986526966094971,0.5333803,0.5,0.49124882,0.49124882,-0.5074038803577423,-0.5074038803577423
00239_2_id00735_wavtolip.mp4,1,FVFA,0.9991092085838318,0.5333803,0.5,0.49124882,0.49124882,-0.507860392332077,-0.507860392332077
00239_2_id03371_wavtolip.mp4,1,FVFA,0.9990678429603577,0.53338027,0.5,0.49124882,0.49124882,-0.5078190267086029,-0.5078190267086029
00010_id03371_truKMXt8Dak_faceswap_id00271_wavtolip.mp4,1,FVFA,0.9901651740074158,0.53338134,0.5,0.49124882,0.49124882,-0.498916357755661,-0.498916357755661
00010_id03371_truKMXt8Dak_faceswap_id00330_wavtolip.mp4,1,FVFA,0.9861378073692322,0.53338134,0.5,0.49124882,0.49124882,-0.4948889911174774,-0.4948889911174774
00010_id03371_truKMXt8Dak_faceswap_id00496_wavtolip.mp4,1,FVFA,0.9999325275421143,0.53338134,0.5,0.49124882,0.49124882,-0.5086837112903595,-0.5086837112903595
00010_id03371_truKMXt8Dak_faceswap_id01018_wavtolip.mp4,1,FVFA,0.9999991655349731,0.53338134,0.5,0.49124882,0.49124882,-0.5087503492832184,-0.5087503492832184
00130_id00634_z5t9oJizDQg_faceswap_id00071_wavtolip.mp4,1,FVFA,0.999880313873291,0.53338045,0.5,0.49124882,0.49124882,-0.5086314976215363,-0.5086314976215363
00130_id00634_z5t9oJizDQg_faceswap_id00325_wavtolip.mp4,1,FVFA,0.9999986886978149,0.5333805,0.5,0.49124882,0.49124882,-0.5087498724460602,-0.5087498724460602
00130_id00634_z5t9oJizDQg_faceswap_id00395_wavtolip.mp4,1,FVFA,0.9714013338088989,0.5333805,0.5,0.49124882,0.49124882,-0.48015251755714417,-0.48015251755714417
00130_id00634_z5t9oJizDQg_faceswap_id00591_wavtolip.mp4,1,FVFA,0.9988223910331726,0.5333805,0.5,0.49124882,0.49124882,-0.5075735747814178,-0.5075735747814178
00130_id00634_z5t9oJizDQg_faceswap_id00823_wavtolip.mp4,1,FVFA,0.999875545501709,0.5333805,0.5,0.49124882,0.49124882,-0.5086267292499542,-0.5086267292499542
00001_id00897_0ayFw8JhoyI_faceswap_id00262_wavtolip.mp4,1,FVFA,0.9999854564666748,0.5333801,0.5,0.49124882,0.49124882,-0.50873664021492,-0.50873664021492
00001_id00897_0ayFw8JhoyI_faceswap_id00633_wavtolip.mp4,1,FVFA,0.9999936819076538,0.5333801,0.5,0.49124882,0.49124882,-0.508744865655899,-0.508744865655899
00001_id00897_0ayFw8JhoyI_faceswap_id03371_wavtolip.mp4,1,FVFA,0.999997615814209,0.5333801,0.5,0.49124882,0.49124882,-0.5087487995624542,-0.5087487995624542
00088_id01002_eQTviHjyISo_faceswap_id00232_wavtolip.mp4,1,FVFA,0.9985101819038391,0.5333802,0.5,0.49124882,0.49124882,-0.5072613656520844,-0.5072613656520844
00088_id01002_eQTviHjyISo_faceswap_id00270_wavtolip.mp4,1,FVFA,0.9208944439888,0.53338027,0.5,0.49124882,0.49124882,-0.4296456277370453,-0.4296456277370453
00088_id01002_eQTviHjyISo_faceswap_id00735_wavtolip.mp4,1,FVFA,0.999060332775116,0.53338027,0.5,0.49124882,0.49124882,-0.5078115165233612,-0.5078115165233612
00088_id01002_eQTviHjyISo_faceswap_id03620_wavtolip.mp4,1,FVFA,0.9999972581863403,0.5333803,0.5,0.49124882,0.49124882,-0.5087484419345856,-0.5087484419345856
00078_id03649_389qfFqUddI_faceswap_id00188_wavtolip.mp4,1,FVFA,0.9996097683906555,0.5333812,0.5,0.49124882,0.49124882,-0.5083609521389008,-0.5083609521389008
00078_id03649_389qfFqUddI_faceswap_id00569_wavtolip.mp4,1,FVFA,0.9863207936286926,0.53338116,0.5,0.49124882,0.49124882,-0.49507197737693787,-0.49507197737693787
00078_id03649_389qfFqUddI_faceswap_id00581_wavtolip.mp4,1,FVFA,0.9999980926513672,0.53338116,0.5,0.49124882,0.49124882,-0.5087492763996124,-0.5087492763996124
00078_id03649_389qfFqUddI_faceswap_id01002_wavtolip.mp4,1,FVFA,0.999937891960144,0.53338116,0.5,0.49124882,0.49124882,-0.5086890757083893,-0.5086890757083893
00078_id03649_389qfFqUddI_faceswap_id03941_wavtolip.mp4,1,FVFA,0.9920177459716797,0.53338116,0.5,0.49124882,0.49124882,-0.5007689297199249,-0.5007689297199249
00037_id03844_AEAEN1Lns2c_faceswap_id00234_wavtolip.mp4,1,FVFA,0.9999978542327881,0.5333786,0.5,0.49124882,0.49124882,-0.5087490379810333,-0.5087490379810333
00037_id03844_AEAEN1Lns2c_faceswap_id00328_wavtolip.mp4,1,FVFA,0.9983674883842468,0.53337854,0.5,0.49124882,0.49124882,-0.5071186721324921,-0.5071186721324921
00037_id03844_AEAEN1Lns2c_faceswap_id00332_wavtolip.mp4,1,FVFA,0.9999974966049194,0.5333786,0.5,0.49124882,0.49124882,-0.5087486803531647,-0.5087486803531647
00037_id03844_AEAEN1Lns2c_faceswap_id00373_wavtolip.mp4,1,FVFA,0.999997615814209,0.5333786,0.5,0.49124882,0.49124882,-0.5087487995624542,-0.5087487995624542
00037_id03844_AEAEN1Lns2c_faceswap_id00569_wavtolip.mp4,1,FVFA,0.9857446551322937,0.53337854,0.5,0.49124882,0.49124882,-0.49449583888053894,-0.49449583888053894
00005_id00379_fgkgYHCuk4g_faceswap_id00188_wavtolip.mp4,1,FVFA,0.9996305704116821,0.5333788,0.5,0.49124882,0.49124882,-0.5083817541599274,-0.5083817541599274
00005_id00379_fgkgYHCuk4g_faceswap_id00232_wavtolip.mp4,1,FVFA,0.9985985159873962,0.5333788,0.5,0.49124882,0.49124882,-0.5073496997356415,-0.5073496997356415
00005_id00379_fgkgYHCuk4g_faceswap_id00403_wavtolip.mp4,1,FVFA,0.9999369382858276,0.5333788,0.5,0.49124882,0.49124882,-0.5086881220340729,-0.5086881220340729
00005_id00379_fgkgYHCuk4g_faceswap_id00569_wavtolip.mp4,1,FVFA,0.98777174949646,0.5333788,0.5,0.49124882,0.49124882,-0.4965229332447052,-0.4965229332447052
00169_id00897_0ayFw8JhoyI_faceswap_id00234_wavtolip.mp4,1,FVFA,0.997724711894989,0.5333804,0.5,0.49124882,0.49124882,-0.5064758956432343,-0.5064758956432343
00169_id00897_0ayFw8JhoyI_faceswap_id00271_wavtolip.mp4,1,FVFA,0.9893640279769897,0.5333803,0.5,0.49124882,0.49124882,-0.498115211725235,-0.498115211725235
00169_id00897_0ayFw8JhoyI_faceswap_id00634_wavtolip.mp4,1,FVFA,0.9995232820510864,0.5333803,0.5,0.49124882,0.49124882,-0.5082744657993317,-0.5082744657993317
00169_id00897_0ayFw8JhoyI_faceswap_id03716_wavtolip.mp4,1,FVFA,0.9999977350234985,0.5333803,0.5,0.49124882,0.49124882,-0.5087489187717438,-0.5087489187717438
00169_id00897_0ayFw8JhoyI_faceswap_id03844_wavtolip.mp4,1,FVFA,0.9989012479782104,0.5333803,0.5,0.49124882,0.49124882,-0.5076524317264557,-0.5076524317264557
00125_id00395_wM5kGJfTtEM_faceswap_id00332_wavtolip.mp4,1,FVFA,0.9999871253967285,0.53337735,0.5,0.49124882,0.49124882,-0.5087383091449738,-0.5087383091449738
00125_id00395_wM5kGJfTtEM_faceswap_id00379_wavtolip.mp4,1,FVFA,0.9999974966049194,0.5333774,0.5,0.49124882,0.49124882,-0.5087486803531647,-0.5087486803531647
00125_id00395_wM5kGJfTtEM_faceswap_id03651_wavtolip.mp4,1,FVFA,0.9997523427009583,0.53337777,0.5,0.49124882,0.49124882,-0.5085035264492035,-0.5085035264492035
00125_id00395_wM5kGJfTtEM_faceswap_id03858_wavtolip.mp4,1,FVFA,0.9999958276748657,0.53337735,0.5,0.49124882,0.49124882,-0.508747011423111,-0.508747011423111
00125_id00395_wM5kGJfTtEM_faceswap_id03941_wavtolip.mp4,1,FVFA,0.9929428100585938,0.5333774,0.5,0.49124882,0.49124882,-0.501693993806839,-0.501693993806839
00065_id00581_7AxvP19LGKg_faceswap_id00071_wavtolip.mp4,1,FVFA,0.9998836517333984,0.5333806,0.5,0.49124882,0.49124882,-0.5086348354816437,-0.5086348354816437
00065_id00581_7AxvP19LGKg_faceswap_id00188_wavtolip.mp4,1,FVFA,0.9996272325515747,0.53338057,0.5,0.49124882,0.49124882,-0.50837841629982,-0.50837841629982
00065_id00581_7AxvP19LGKg_faceswap_id00806_wavtolip.mp4,1,FVFA,0.9999620914459229,0.5333806,0.5,0.49124882,0.49124882,-0.5087132751941681,-0.5087132751941681
00065_id00581_7AxvP19LGKg_faceswap_id00823_wavtolip.mp4,1,FVFA,0.9998751878738403,0.53338057,0.5,0.49124882,0.49124882,-0.5086263716220856,-0.5086263716220856
00065_id00581_7AxvP19LGKg_faceswap_id01018_wavtolip.mp4,1,FVFA,0.9999985694885254,0.5333806,0.5,0.49124882,0.49124882,-0.5087497532367706,-0.5087497532367706
00005_id00591_1Jo8xElXQMs_faceswap_id00188_wavtolip.mp4,1,FVFA,0.9996277093887329,0.53337944,0.5,0.49124882,0.49124882,-0.5083788931369781,-0.5083788931369781
00005_id00591_1Jo8xElXQMs_faceswap_id00332_wavtolip.mp4,1,FVFA,0.9921032786369324,0.53337944,0.5,0.49124882,0.49124882,-0.5008544623851776,-0.5008544623851776
00005_id00591_1Jo8xElXQMs_faceswap_id00735_wavtolip.mp4,1,FVFA,0.9991472959518433,0.5333795,0.5,0.49124882,0.49124882,-0.5078984797000885,-0.5078984797000885
00005_id00591_1Jo8xElXQMs_faceswap_id00897_wavtolip.mp4,1,FVFA,0.9999985694885254,0.5333793,0.5,0.49124882,0.49124882,-0.5087497532367706,-0.5087497532367706
00005_id00591_1Jo8xElXQMs_faceswap_id03858_wavtolip.mp4,1,FVFA,0.9998548030853271,0.53337944,0.5,0.49124882,0.49124882,-0.5086059868335724,-0.5086059868335724
00086_id00633_UXrTMta1EDM_faceswap_id00330_wavtolip.mp4,1,FVFA,0.9999607801437378,0.533379,0.5,0.49124882,0.49124882,-0.508711963891983,-0.508711963891983
00086_id00633_UXrTMta1EDM_faceswap_id00395_wavtolip.mp4,1,FVFA,0.9685560464859009,0.5333796,0.5,0.49124882,0.49124882,-0.4773072302341461,-0.4773072302341461
00086_id00633_UXrTMta1EDM_faceswap_id00495_wavtolip.mp4,1,FVFA,0.9983144998550415,0.5333797,0.5,0.49124882,0.49124882,-0.5070656836032867,-0.5070656836032867
00086_id00633_UXrTMta1EDM_faceswap_id00897_wavtolip.mp4,1,FVFA,0.9999978542327881,0.533379,0.5,0.49124882,0.49124882,-0.5087490379810333,-0.5087490379810333
00086_id00633_UXrTMta1EDM_faceswap_id03651_wavtolip.mp4,1,FVFA,0.9997225403785706,0.5333797,0.5,0.49124882,0.49124882,-0.5084737241268158,-0.5084737241268158
00043_id00633_UXrTMta1EDM_faceswap_id00042_wavtolip.mp4,1,FVFA,0.9999973773956299,0.5333805,0.5,0.49124882,0.49124882,-0.5087485611438751,-0.5087485611438751
00043_id00633_UXrTMta1EDM_faceswap_id00365_wavtolip.mp4,1,FVFA,0.9999972581863403,0.5333805,0.5,0.49124882,0.49124882,-0.5087484419345856,-0.5087484419345856
00043_id00633_UXrTMta1EDM_faceswap_id00897_wavtolip.mp4,1,FVFA,0.9999977350234985,0.5333805,0.5,0.49124882,0.49124882,-0.5087489187717438,-0.5087489187717438
00043_id00633_UXrTMta1EDM_faceswap_id03620_wavtolip.mp4,1,FVFA,0.9999966621398926,0.5333805,0.5,0.49124882,0.49124882,-0.5087478458881378,-0.5087478458881378
00072_id00569_gSynmpwioV4_faceswap_id00232_wavtolip.mp4,1,FVFA,0.9986453652381897,0.53337944,0.5,0.49124882,0.49124882,-0.5073965489864349,-0.5073965489864349
00072_id00569_gSynmpwioV4_faceswap_id00262_wavtolip.mp4,1,FVFA,0.9999948740005493,0.53337944,0.5,0.49124882,0.49124882,-0.5087460577487946,-0.5087460577487946
00072_id00569_gSynmpwioV4_faceswap_id00270_wavtolip.mp4,1,FVFA,0.9174532294273376,0.5333796,0.5,0.49124882,0.49124882,-0.4262044131755829,-0.4262044131755829
00072_id00569_gSynmpwioV4_faceswap_id00330_wavtolip.mp4,1,FVFA,0.9860928654670715,0.5333795,0.5,0.49124882,0.49124882,-0.4948440492153168,-0.4948440492153168
00430_id00581_7AxvP19LGKg_faceswap_id00234_wavtolip.mp4,1,FVFA,0.9978396892547607,0.53338087,0.5,0.49124882,0.49124882,-0.506590873003006,-0.506590873003006
00430_id00581_7AxvP19LGKg_faceswap_id00823_wavtolip.mp4,1,FVFA,0.9998751878738403,0.53338087,0.5,0.49124882,0.49124882,-0.5086263716220856,-0.5086263716220856
00430_id00581_7AxvP19LGKg_faceswap_id00897_wavtolip.mp4,1,FVFA,0.9999986886978149,0.53338087,0.5,0.49124882,0.49124882,-0.5087498724460602,-0.5087498724460602
00430_id00581_7AxvP19LGKg_faceswap_id03371_wavtolip.mp4,1,FVFA,0.9999986886978149,0.53338087,0.5,0.49124882,0.49124882,-0.5087498724460602,-0.5087498724460602
00002_id00495_E46aiMUC4A0_faceswap_id00271_wavtolip.mp4,1,FVFA,0.989841639995575,0.5333806,0.5,0.49124882,0.49124882,-0.4985928237438202,-0.4985928237438202
00002_id00495_E46aiMUC4A0_faceswap_id00328_wavtolip.mp4,1,FVFA,0.9984461665153503,0.53338057,0.5,0.49124882,0.49124882,-0.5071973502635956,-0.5071973502635956
00002_id00495_E46aiMUC4A0_faceswap_id00434_wavtolip.mp4,1,FVFA,0.9999977350234985,0.5333805,0.5,0.49124882,0.49124882,-0.5087489187717438,-0.5087489187717438
00002_id00495_E46aiMUC4A0_faceswap_id01002_wavtolip.mp4,1,FVFA,0.9999426603317261,0.5333806,0.5,0.49124882,0.49124882,-0.5086938440799713,-0.5086938440799713
00081_id00496_SImaDcXQnh8_faceswap_id00234_wavtolip.mp4,1,FVFA,0.9976315498352051,0.53338015,0.5,0.49124882,0.49124882,-0.5063827335834503,-0.5063827335834503
00081_id00496_SImaDcXQnh8_faceswap_id00332_wavtolip.mp4,1,FVFA,0.9914029240608215,0.5333802,0.5,0.49124882,0.49124882,-0.5001541078090668,-0.5001541078090668
00081_id00496_SImaDcXQnh8_faceswap_id03589_wavtolip.mp4,1,FVFA,0.9999513626098633,0.53338015,0.5,0.49124882,0.49124882,-0.5087025463581085,-0.5087025463581085
00081_id00496_SImaDcXQnh8_faceswap_id03649_wavtolip.mp4,1,FVFA,0.9946898221969604,0.5333804,0.5,0.49124882,0.49124882,-0.5034410059452057,-0.5034410059452057
00001_id00634_z5t9oJizDQg_faceswap_id00325_wavtolip.mp4,1,FVFA,0.9999978542327881,0.5333805,0.5,0.49124882,0.49124882,-0.5087490379810333,-0.5087490379810333
00001_id00634_z5t9oJizDQg_faceswap_id00495_wavtolip.mp4,1,FVFA,0.9982520937919617,0.5333805,0.5,0.49124882,0.49124882,-0.5070032775402069,-0.5070032775402069
00001_id00634_z5t9oJizDQg_faceswap_id03844_wavtolip.mp4,1,FVFA,0.9989296793937683,0.5333805,0.5,0.49124882,0.49124882,-0.5076808631420135,-0.5076808631420135
00092_id03716_s-lxbGafZQA_faceswap_id00403_wavtolip.mp4,1,FVFA,0.9999985694885254,0.5333809,0.5,0.49124882,0.49124882,-0.5087497532367706,-0.5087497532367706
00092_id03716_s-lxbGafZQA_faceswap_id00434_wavtolip.mp4,1,FVFA,0.9999963045120239,0.5333809,0.5,0.49124882,0.49124882,-0.5087474882602692,-0.5087474882602692
00092_id03716_s-lxbGafZQA_faceswap_id00813_wavtolip.mp4,1,FVFA,0.9999936819076538,0.5333809,0.5,0.49124882,0.49124882,-0.508744865655899,-0.508744865655899
00092_id03716_s-lxbGafZQA_faceswap_id01018_wavtolip.mp4,1,FVFA,0.9999980926513672,0.5333809,0.5,0.49124882,0.49124882,-0.5087492763996124,-0.5087492763996124
00092_id03716_s-lxbGafZQA_faceswap_id03858_wavtolip.mp4,1,FVFA,0.9999948740005493,0.5333809,0.5,0.49124882,0.49124882,-0.5087460577487946,-0.5087460577487946
00040_id03651_EjcoRkL6loI_faceswap_id00234_wavtolip.mp4,1,FVFA,0.997480571269989,0.53338057,0.5,0.49124882,0.49124882,-0.5062317550182343,-0.5062317550182343
00040_id03651_EjcoRkL6loI_faceswap_id00403_wavtolip.mp4,1,FVFA,0.9999287128448486,0.53338057,0.5,0.49124882,0.49124882,-0.5086798965930939,-0.5086798965930939
00040_id03651_EjcoRkL6loI_faceswap_id00735_wavtolip.mp4,1,FVFA,0.9989867806434631,0.5333806,0.5,0.49124882,0.49124882,-0.5077379643917084,-0.5077379643917084
00040_id03651_EjcoRkL6loI_faceswap_id01002_wavtolip.mp4,1,FVFA,0.9999306201934814,0.53338057,0.5,0.49124882,0.49124882,-0.5086818039417267,-0.5086818039417267
00040_id03651_EjcoRkL6loI_faceswap_id03844_wavtolip.mp4,1,FVFA,0.9987597465515137,0.5333806,0.5,0.49124882,0.49124882,-0.5075109302997589,-0.5075109302997589
00093_id03941_SsYtP8Ze88Q_faceswap_id00287_wavtolip.mp4,1,FVFA,0.9999297857284546,0.53338003,0.5,0.49124882,0.49124882,-0.5086809694766998,-0.5086809694766998
00093_id03941_SsYtP8Ze88Q_faceswap_id00325_wavtolip.mp4,1,FVFA,0.9999979734420776,0.53338,0.5,0.49124882,0.49124882,-0.5087491571903229,-0.5087491571903229
00093_id03941_SsYtP8Ze88Q_faceswap_id00813_wavtolip.mp4,1,FVFA,0.9999959468841553,0.53338,0.5,0.49124882,0.49124882,-0.5087471306324005,-0.5087471306324005
00093_id03941_SsYtP8Ze88Q_faceswap_id00826_wavtolip.mp4,1,FVFA,0.9999991655349731,0.53338003,0.5,0.49124882,0.49124882,-0.5087503492832184,-0.5087503492832184
00093_id03941_SsYtP8Ze88Q_faceswap_id03716_wavtolip.mp4,1,FVFA,0.9999964237213135,0.53338,0.5,0.49124882,0.49124882,-0.5087476074695587,-0.5087476074695587
00028_id00484_u7YTz8eFZv0_faceswap_id00374_wavtolip.mp4,1,FVFA,0.9999845027923584,0.5333799,0.5,0.49124882,0.49124882,-0.5087356865406036,-0.5087356865406036
00028_id00484_u7YTz8eFZv0_faceswap_id00591_wavtolip.mp4,1,FVFA,0.9988033771514893,0.5333799,0.5,0.49124882,0.49124882,-0.5075545608997345,-0.5075545608997345
00028_id00484_u7YTz8eFZv0_faceswap_id00735_wavtolip.mp4,1,FVFA,0.9999988079071045,0.5333799,0.5,0.49124882,0.49124882,-0.5087499916553497,-0.5087499916553497
00028_id00484_u7YTz8eFZv0_faceswap_id03620_wavtolip.mp4,1,FVFA,0.9999971389770508,0.5333799,0.5,0.49124882,0.49124882,-0.508748322725296,-0.508748322725296
00092_id00395_wM5kGJfTtEM_faceswap_id00262_wavtolip.mp4,1,FVFA,0.9999945163726807,0.5333796,0.5,0.49124882,0.49124882,-0.5087457001209259,-0.5087457001209259
00092_id00395_wM5kGJfTtEM_faceswap_id00365_wavtolip.mp4,1,FVFA,0.6769935488700867,0.5333797,0.5,0.49124882,0.49124882,-0.1857447326183319,-0.1857447326183319
00092_id00395_wM5kGJfTtEM_faceswap_id00374_wavtolip.mp4,1,FVFA,0.5812158584594727,0.5333797,0.5,0.49124882,0.49124882,-0.0899670422077179,-0.0899670422077179
00092_id00395_wM5kGJfTtEM_faceswap_id00496_wavtolip.mp4,1,FVFA,0.9999717473983765,0.5333796,0.5,0.49124882,0.49124882,-0.5087229311466217,-0.5087229311466217
00092_id00395_wM5kGJfTtEM_faceswap_id01018_wavtolip.mp4,1,FVFA,0.9999990463256836,0.5333796,0.5,0.49124882,0.49124882,-0.5087502300739288,-0.5087502300739288
00021_id03816_XXD0yTNei50_faceswap_id00328_wavtolip.mp4,1,FVFA,0.9999980926513672,0.5333786,0.5,0.49124882,0.49124882,-0.5087492763996124,-0.5087492763996124
00021_id03816_XXD0yTNei50_faceswap_id00379_wavtolip.mp4,1,FVFA,0.9999971389770508,0.53337854,0.5,0.49124882,0.49124882,-0.508748322725296,-0.508748322725296
00021_id03816_XXD0yTNei50_faceswap_id00484_wavtolip.mp4,1,FVFA,0.9999972581863403,0.53337866,0.5,0.49124882,0.49124882,-0.5087484419345856,-0.5087484419345856
00021_id03816_XXD0yTNei50_faceswap_id00591_wavtolip.mp4,1,FVFA,0.9987554550170898,0.5333788,0.5,0.49124882,0.49124882,-0.5075066387653351,-0.5075066387653351
00021_id03816_XXD0yTNei50_faceswap_id03649_wavtolip.mp4,1,FVFA,0.9999977350234985,0.5333787,0.5,0.49124882,0.49124882,-0.5087489187717438,-0.5087489187717438
00028_id00287_2NpfYjyMsPM.mp4,1,FVRA,0.5082544684410095,0.53338027,0.5,0.49124882,0.49124882,-0.01700565218925476,-0.01700565218925476
00028_id00325_4vJtbNe0L98.mp4,1,FVRA,0.5153096318244934,0.5333779,0.5,0.49124882,0.49124882,-0.024060815572738647,-0.024060815572738647
00028_id00330_zCFFgGSIZ_s.mp4,1,FVRA,0.4954986572265625,0.533379,0.5,0.49124882,0.49124882,-0.004249840974807739,-0.004249840974807739
00028_id00374_w1qI7y9AGTc.mp4,1,FVRA,0.5747071504592896,0.53338015,0.5,0.49124882,0.49124882,-0.08345833420753479,-0.08345833420753479
00028_id00569_gSynmpwioV4.mp4,1,FVRA,0.576501190662384,0.53338027,0.5,0.49124882,0.49124882,-0.08525237441062927,-0.08525237441062927
00028_id01002_eQTviHjyISo.mp4,1,FVRA,0.507843017578125,0.53337747,0.5,0.49124882,0.49124882,-0.01659420132637024,-0.01659420132637024
00028_id03589_9NxOQlwpMys.mp4,1,FVRA,0.5175347924232483,0.5333779,0.5,0.49124882,0.49124882,-0.02628597617149353,-0.02628597617149353
00028_id03620_YkXM5A8w07E.mp4,1,FVRA,0.5087212324142456,0.5333774,0.5,0.49124882,0.49124882,-0.017472416162490845,-0.017472416162490845
00028_id03649_389qfFqUddI.mp4,1,FVRA,0.5187361836433411,0.5333777,0.5,0.49124882,0.49124882,-0.027487367391586304,-0.027487367391586304
00028_id03651_EjcoRkL6loI.mp4,1,FVRA,0.5154421329498291,0.53337777,0.5,0.49124882,0.49124882,-0.02419331669807434,-0.02419331669807434
00004_id00232_kL0cCveU1zg.mp4,1,FVRA,0.5187196731567383,0.5333735,0.5,0.49124882,0.49124882,-0.02747085690498352,-0.02747085690498352
00004_id00365_XV-imLNJvfk.mp4,1,FVRA,0.5146734714508057,0.53337365,0.5,0.49124882,0.49124882,-0.023424655199050903,-0.023424655199050903
00004_id00395_wM5kGJfTtEM.mp4,1,FVRA,0.5140253305435181,0.5333728,0.5,0.49124882,0.49124882,-0.022776514291763306,-0.022776514291763306
00004_id00484_u7YTz8eFZv0.mp4,1,FVRA,0.5179842114448547,0.5333735,0.5,0.49124882,0.49124882,-0.026735395193099976,-0.026735395193099976
00004_id00495_E46aiMUC4A0.mp4,1,FVRA,0.5190939903259277,0.5333734,0.5,0.49124882,0.49124882,-0.027845174074172974,-0.027845174074172974
00004_id00581_7AxvP19LGKg.mp4,1,FVRA,0.5157402753829956,0.53337324,0.5,0.49124882,0.49124882,-0.024491459131240845,-0.024491459131240845
00004_id00826_MYagwzy91Yk.mp4,1,FVRA,0.5140327215194702,0.53337336,0.5,0.49124882,0.49124882,-0.022783905267715454,-0.022783905267715454
00004_id03371_truKMXt8Dak.mp4,1,FVRA,0.519936740398407,0.5333736,0.5,0.49124882,0.49124882,-0.02868792414665222,-0.02868792414665222
00004_id03589_9NxOQlwpMys.mp4,1,FVRA,0.5228515267372131,0.5333739,0.5,0.49124882,0.49124882,-0.031602710485458374,-0.031602710485458374
00004_id03844_AEAEN1Lns2c.mp4,1,FVRA,0.5178172588348389,0.5333739,0.5,0.49124882,0.49124882,-0.026568442583084106,-0.026568442583084106
00014_id00188_e-vm5FB3idA.mp4,1,FVRA,0.5352986454963684,0.5333806,0.5,0.49124882,0.49124882,-0.04404982924461365,-0.04404982924461365
00014_id00232_kL0cCveU1zg.mp4,1,FVRA,0.5371391773223877,0.5333806,0.5,0.49124882,0.49124882,-0.045890361070632935,-0.045890361070632935
00014_id00262_3p7sRWAAh1Q.mp4,1,FVRA,0.528836727142334,0.5333805,0.5,0.49124882,0.49124882,-0.037587910890579224,-0.037587910890579224
00014_id00270_hoEQ70-sDME.mp4,1,FVRA,0.5235355496406555,0.5333803,0.5,0.49124882,0.49124882,-0.03228673338890076,-0.03228673338890076
00014_id00379_fgkgYHCuk4g.mp4,1,FVRA,0.5295424461364746,0.5333805,0.5,0.49124882,0.49124882,-0.03829362988471985,-0.03829362988471985
00014_id00581_7AxvP19LGKg.mp4,1,FVRA,0.5357807874679565,0.53338057,0.5,0.49124882,0.49124882,-0.04453197121620178,-0.04453197121620178
00014_id00735_ivJSkq5hGOQ.mp4,1,FVRA,0.5317875742912292,0.5333805,0.5,0.49124882,0.49124882,-0.04053875803947449,-0.04053875803947449
00014_id00897_0ayFw8JhoyI.mp4,1,FVRA,0.5305681824684143,0.53338045,0.5,0.49124882,0.49124882,-0.039319366216659546,-0.039319366216659546
00014_id03371_truKMXt8Dak.mp4,1,FVRA,0.5344097018241882,0.5333805,0.5,0.49124882,0.49124882,-0.04316088557243347,-0.04316088557243347
00014_id03816_XXD0yTNei50.mp4,1,FVRA,0.5278098583221436,0.5333804,0.5,0.49124882,0.49124882,-0.036561042070388794,-0.036561042070388794
00020_id00270_hoEQ70-sDME.mp4,1,FVRA,0.5134772658348083,0.53337973,0.5,0.49124882,0.49124882,-0.02222844958305359,-0.02222844958305359
00020_id00373_5NXv3Dxkd6E.mp4,1,FVRA,0.5233175754547119,0.5333801,0.5,0.49124882,0.49124882,-0.03206875920295715,-0.03206875920295715
00020_id00374_w1qI7y9AGTc.mp4,1,FVRA,0.5194458365440369,0.5333799,0.5,0.49124882,0.49124882,-0.028197020292282104,-0.028197020292282104
00020_id00379_fgkgYHCuk4g.mp4,1,FVRA,0.5172016024589539,0.53338,0.5,0.49124882,0.49124882,-0.025952786207199097,-0.025952786207199097
00020_id00491_ShjiTWoOtM4.mp4,1,FVRA,0.5103593468666077,0.53337973,0.5,0.49124882,0.49124882,-0.019110530614852905,-0.019110530614852905
00020_id00569_gSynmpwioV4.mp4,1,FVRA,0.5175336599349976,0.53338003,0.5,0.49124882,0.49124882,-0.026284843683242798,-0.026284843683242798
00020_id00633_UXrTMta1EDM.mp4,1,FVRA,0.5152597427368164,0.5333799,0.5,0.49124882,0.49124882,-0.024010926485061646,-0.024010926485061646
00020_id00897_0ayFw8JhoyI.mp4,1,FVRA,0.5191394090652466,0.53338,0.5,0.49124882,0.49124882,-0.02789059281349182,-0.02789059281349182
00020_id01018_VNPt_GB5QiE.mp4,1,FVRA,0.5194222331047058,0.53338003,0.5,0.49124882,0.49124882,-0.02817341685295105,-0.02817341685295105
00020_id03649_389qfFqUddI.mp4,1,FVRA,0.5198753476142883,0.5333801,0.5,0.49124882,0.49124882,-0.02862653136253357,-0.02862653136253357
00025_id00068_A7uFnQw--bY.mp4,1,FVRA,0.5173039436340332,0.5333795,0.5,0.49124882,0.49124882,-0.026055127382278442,-0.026055127382278442
00025_id00287_2NpfYjyMsPM.mp4,1,FVRA,0.5211329460144043,0.53337955,0.5,0.49124882,0.49124882,-0.029884129762649536,-0.029884129762649536
00025_id00332__zNddcZV1EU.mp4,1,FVRA,0.5134915113449097,0.5333794,0.5,0.49124882,0.49124882,-0.022242695093154907,-0.022242695093154907
00025_id00365_XV-imLNJvfk.mp4,1,FVRA,0.5090793371200562,0.5333794,0.5,0.49124882,0.49124882,-0.01783052086830139,-0.01783052086830139
00025_id00484_u7YTz8eFZv0.mp4,1,FVRA,0.5160221457481384,0.5333795,0.5,0.49124882,0.49124882,-0.024773329496383667,-0.024773329496383667
00025_id00495_E46aiMUC4A0.mp4,1,FVRA,0.5156375169754028,0.5333794,0.5,0.49124882,0.49124882,-0.02438870072364807,-0.02438870072364807
00025_id00897_0ayFw8JhoyI.mp4,1,FVRA,0.5133316516876221,0.53337944,0.5,0.49124882,0.49124882,-0.02208283543586731,-0.02208283543586731
00025_id01018_VNPt_GB5QiE.mp4,1,FVRA,0.5186137557029724,0.53337944,0.5,0.49124882,0.49124882,-0.02736493945121765,-0.02736493945121765
00025_id03844_AEAEN1Lns2c.mp4,1,FVRA,0.5201634764671326,0.5333796,0.5,0.49124882,0.49124882,-0.028914660215377808,-0.028914660215377808
00025_id03858_uKVqPfRf-ac.mp4,1,FVRA,0.5139657258987427,0.5333794,0.5,0.49124882,0.49124882,-0.022716909646987915,-0.022716909646987915
00063_id00188_e-vm5FB3idA.mp4,1,FVRA,0.5457309484481812,0.5333799,0.5,0.49124882,0.49124882,-0.05448213219642639,-0.05448213219642639
00063_id00271_je6JSLqEEcw.mp4,1,FVRA,0.5355251431465149,0.5333798,0.5,0.49124882,0.49124882,-0.04427632689476013,-0.04427632689476013
00063_id00330_zCFFgGSIZ_s.mp4,1,FVRA,0.5325464606285095,0.5333797,0.5,0.49124882,0.49124882,-0.04129764437675476,-0.04129764437675476
00063_id00332__zNddcZV1EU.mp4,1,FVRA,0.5420845746994019,0.53337985,0.5,0.49124882,0.49124882,-0.050835758447647095,-0.050835758447647095
00063_id00403_n4LSCxzFr6o.mp4,1,FVRA,0.5398017764091492,0.5333797,0.5,0.49124882,0.49124882,-0.04855296015739441,-0.04855296015739441
00063_id00434_HPXkk-HGXVI.mp4,1,FVRA,0.5448461174964905,0.53337985,0.5,0.49124882,0.49124882,-0.05359730124473572,-0.05359730124473572
00063_id00491_ShjiTWoOtM4.mp4,1,FVRA,0.5322182774543762,0.5333797,0.5,0.49124882,0.49124882,-0.04096946120262146,-0.04096946120262146
00063_id00897_0ayFw8JhoyI.mp4,1,FVRA,0.5436972379684448,0.53337985,0.5,0.49124882,0.49124882,-0.052448421716690063,-0.052448421716690063
00063_id01002_eQTviHjyISo.mp4,1,FVRA,0.5302892923355103,0.5333797,0.5,0.49124882,0.49124882,-0.03904047608375549,-0.03904047608375549
00063_id03371_truKMXt8Dak.mp4,1,FVRA,0.5424643754959106,0.53337985,0.5,0.49124882,0.49124882,-0.051215559244155884,-0.051215559244155884
00028_id00071_JU1cVINUTZA.mp4,1,FVRA,0.5408906936645508,0.53338104,0.5,0.49124882,0.49124882,-0.04964187741279602,-0.04964187741279602
00028_id00270_hoEQ70-sDME.mp4,1,FVRA,0.5303163528442383,0.53338087,0.5,0.49124882,0.49124882,-0.03906753659248352,-0.03906753659248352
00028_id00287_2NpfYjyMsPM.mp4,1,FVRA,0.5082544684410095,0.53338027,0.5,0.49124882,0.49124882,-0.01700565218925476,-0.01700565218925476
00028_id00395_wM5kGJfTtEM.mp4,1,FVRA,0.5094509124755859,0.53338027,0.5,0.49124882,0.49124882,-0.018202096223831177,-0.018202096223831177
00028_id00495_E46aiMUC4A0.mp4,1,FVRA,0.4976702332496643,0.53337955,0.5,0.49124882,0.49124882,-0.006421416997909546,-0.006421416997909546
00028_id00496_SImaDcXQnh8.mp4,1,FVRA,0.4981987774372101,0.5333797,0.5,0.49124882,0.49124882,-0.006949961185455322,-0.006949961185455322
00028_id00633_UXrTMta1EDM.mp4,1,FVRA,0.507832944393158,0.5333802,0.5,0.49124882,0.49124882,-0.016584128141403198,-0.016584128141403198
00028_id00813_dKs9CWJIkSI.mp4,1,FVRA,0.5388399362564087,0.5333809,0.5,0.49124882,0.49124882,-0.04759112000465393,-0.04759112000465393
00028_id03816_XXD0yTNei50.mp4,1,FVRA,0.5340650081634521,0.5333809,0.5,0.49124882,0.49124882,-0.04281619191169739,-0.04281619191169739
00028_id03941_SsYtP8Ze88Q.mp4,1,FVRA,0.547616720199585,0.5333811,0.5,0.49124882,0.49124882,-0.0563679039478302,-0.0563679039478302
00088_id00188_e-vm5FB3idA.mp4,1,FVRA,0.6114507913589478,0.53338027,0.5,0.49124882,0.49124882,-0.120201975107193,-0.120201975107193
00088_id00262_3p7sRWAAh1Q.mp4,1,FVRA,0.6051649451255798,0.5333802,0.5,0.49124882,0.49124882,-0.11391612887382507,-0.11391612887382507
00088_id00287_2NpfYjyMsPM.mp4,1,FVRA,0.5125460624694824,0.5333795,0.5,0.49124882,0.49124882,-0.02129724621772766,-0.02129724621772766
00088_id00332__zNddcZV1EU.mp4,1,FVRA,0.6052822470664978,0.53338015,0.5,0.49124882,0.49124882,-0.11403343081474304,-0.11403343081474304
00088_id00379_fgkgYHCuk4g.mp4,1,FVRA,0.607638955116272,0.5333802,0.5,0.49124882,0.49124882,-0.11639013886451721,-0.11639013886451721
00088_id00395_wM5kGJfTtEM.mp4,1,FVRA,0.5109259486198425,0.5333794,0.5,0.49124882,0.49124882,-0.01967713236808777,-0.01967713236808777
00088_id00569_gSynmpwioV4.mp4,1,FVRA,0.6087197661399841,0.53338027,0.5,0.49124882,0.49124882,-0.11747094988822937,-0.11747094988822937
00088_id00591_1Jo8xElXQMs.mp4,1,FVRA,0.5069770216941833,0.5333794,0.5,0.49124882,0.49124882,-0.01572820544242859,-0.01572820544242859
00088_id00633_UXrTMta1EDM.mp4,1,FVRA,0.5121630430221558,0.53337944,0.5,0.49124882,0.49124882,-0.020914226770401,-0.020914226770401
00088_id03858_uKVqPfRf-ac.mp4,1,FVRA,0.5145596861839294,0.53337944,0.5,0.49124882,0.49124882,-0.023310869932174683,-0.023310869932174683
00028_id00287_2NpfYjyMsPM.mp4,1,FVRA,0.5082544684410095,0.53338027,0.5,0.49124882,0.49124882,-0.01700565218925476,-0.01700565218925476
00028_id00330_zCFFgGSIZ_s.mp4,1,FVRA,0.4954986572265625,0.533379,0.5,0.49124882,0.49124882,-0.004249840974807739,-0.004249840974807739
00028_id00365_XV-imLNJvfk.mp4,1,FVRA,0.4959753155708313,0.5333796,0.5,0.49124882,0.49124882,-0.004726499319076538,-0.004726499319076538
00028_id00395_wM5kGJfTtEM.mp4,1,FVRA,0.5094509124755859,0.53338027,0.5,0.49124882,0.49124882,-0.018202096223831177,-0.018202096223831177
00028_id00484_u7YTz8eFZv0.mp4,1,FVRA,0.5026936531066895,0.5333797,0.5,0.49124882,0.49124882,-0.011444836854934692,-0.011444836854934692
00028_id00495_E46aiMUC4A0.mp4,1,FVRA,0.4976702332496643,0.53337955,0.5,0.49124882,0.49124882,-0.006421416997909546,-0.006421416997909546
00028_id00633_UXrTMta1EDM.mp4,1,FVRA,0.507832944393158,0.5333802,0.5,0.49124882,0.49124882,-0.016584128141403198,-0.016584128141403198
00028_id00634_z5t9oJizDQg.mp4,1,FVRA,0.5080998539924622,0.53338027,0.5,0.49124882,0.49124882,-0.016851037740707397,-0.016851037740707397
00028_id00826_MYagwzy91Yk.mp4,1,FVRA,0.5089523196220398,0.53338027,0.5,0.49124882,0.49124882,-0.017703503370285034,-0.017703503370285034
00028_id03844_AEAEN1Lns2c.mp4,1,FVRA,0.5101436376571655,0.53338027,0.5,0.49124882,0.49124882,-0.018894821405410767,-0.018894821405410767
00005_id00262_3p7sRWAAh1Q.mp4,1,FVRA,0.5196981430053711,0.53338015,0.5,0.49124882,0.49124882,-0.028449326753616333,-0.028449326753616333
00005_id00270_hoEQ70-sDME.mp4,1,FVRA,0.5148796439170837,0.5333799,0.5,0.49124882,0.49124882,-0.02363082766532898,-0.02363082766532898
00005_id00271_je6JSLqEEcw.mp4,1,FVRA,0.51731938123703,0.5333801,0.5,0.49124882,0.49124882,-0.02607056498527527,-0.02607056498527527
00005_id00325_4vJtbNe0L98.mp4,1,FVRA,0.5235423445701599,0.53338015,0.5,0.49124882,0.49124882,-0.03229352831840515,-0.03229352831840515
00005_id00379_fgkgYHCuk4g.mp4,1,FVRA,0.5154107809066772,0.53337866,0.5,0.49124882,0.49124882,-0.024161964654922485,-0.024161964654922485
00005_id00403_n4LSCxzFr6o.mp4,1,FVRA,0.5192957520484924,0.5333801,0.5,0.49124882,0.49124882,-0.02804693579673767,-0.02804693579673767
00005_id00496_SImaDcXQnh8.mp4,1,FVRA,0.5526581406593323,0.5333792,0.5,0.49124882,0.49124882,-0.061409324407577515,-0.061409324407577515
00005_id01002_eQTviHjyISo.mp4,1,FVRA,0.51665860414505,0.5333784,0.5,0.49124882,0.49124882,-0.025409787893295288,-0.025409787893295288
00005_id03589_9NxOQlwpMys.mp4,1,FVRA,0.5223628282546997,0.53338015,0.5,0.49124882,0.49124882,-0.031114012002944946,-0.031114012002944946
00005_id03620_YkXM5A8w07E.mp4,1,FVRA,0.5127490758895874,0.53337985,0.5,0.49124882,0.49124882,-0.02150025963783264,-0.02150025963783264
00015_id00042_4yuJSkaZwn0.mp4,1,FVRA,0.5434839725494385,0.5333793,0.5,0.49124882,0.49124882,-0.052235156297683716,-0.052235156297683716
00015_id00287_2NpfYjyMsPM.mp4,1,FVRA,0.5370620489120483,0.53338087,0.5,0.49124882,0.49124882,-0.04581323266029358,-0.04581323266029358
00015_id00365_XV-imLNJvfk.mp4,1,FVRA,0.542622447013855,0.5333792,0.5,0.49124882,0.49124882,-0.05137363076210022,-0.05137363076210022
00015_id00591_1Jo8xElXQMs.mp4,1,FVRA,0.5404974222183228,0.533379,0.5,0.49124882,0.49124882,-0.04924860596656799,-0.04924860596656799
00015_id00633_UXrTMta1EDM.mp4,1,FVRA,0.539598286151886,0.53337914,0.5,0.49124882,0.49124882,-0.048349469900131226,-0.048349469900131226
00015_id00897_0ayFw8JhoyI.mp4,1,FVRA,0.5333491563796997,0.5333808,0.5,0.49124882,0.49124882,-0.042100340127944946,-0.042100340127944946
00015_id01002_eQTviHjyISo.mp4,1,FVRA,0.5372000932693481,0.5333789,0.5,0.49124882,0.49124882,-0.045951277017593384,-0.045951277017593384
00015_id03620_YkXM5A8w07E.mp4,1,FVRA,0.5293174386024475,0.5333807,0.5,0.49124882,0.49124882,-0.03806862235069275,-0.03806862235069275
00015_id03649_389qfFqUddI.mp4,1,FVRA,0.5457580089569092,0.53337926,0.5,0.49124882,0.49124882,-0.05450919270515442,-0.05450919270515442
00015_id03651_EjcoRkL6loI.mp4,1,FVRA,0.5475215315818787,0.5333792,0.5,0.49124882,0.49124882,-0.0562727153301239,-0.0562727153301239
00092_id00188_e-vm5FB3idA.mp4,1,FVRA,0.5418776869773865,0.5333809,0.5,0.49124882,0.49124882,-0.050628870725631714,-0.050628870725631714
00092_id00232_kL0cCveU1zg.mp4,1,FVRA,0.5410623550415039,0.5333809,0.5,0.49124882,0.49124882,-0.049813538789749146,-0.049813538789749146
00092_id00373_5NXv3Dxkd6E.mp4,1,FVRA,0.5387606024742126,0.5333809,0.5,0.49124882,0.49124882,-0.047511786222457886,-0.047511786222457886
00092_id00403_n4LSCxzFr6o.mp4,1,FVRA,0.539632260799408,0.53338087,0.5,0.49124882,0.49124882,-0.0483834445476532,-0.0483834445476532
00092_id00484_u7YTz8eFZv0.mp4,1,FVRA,0.5198937058448792,0.53337944,0.5,0.49124882,0.49124882,-0.02864488959312439,-0.02864488959312439
00092_id00495_E46aiMUC4A0.mp4,1,FVRA,0.523512601852417,0.5333795,0.5,0.49124882,0.49124882,-0.03226378560066223,-0.03226378560066223
00092_id03371_truKMXt8Dak.mp4,1,FVRA,0.5215505361557007,0.5333795,0.5,0.49124882,0.49124882,-0.030301719903945923,-0.030301719903945923
00092_id03620_YkXM5A8w07E.mp4,1,FVRA,0.5127195119857788,0.5333807,0.5,0.49124882,0.49124882,-0.021470695734024048,-0.021470695734024048
00092_id03844_AEAEN1Lns2c.mp4,1,FVRA,0.5225598216056824,0.5333795,0.5,0.49124882,0.49124882,-0.03131100535392761,-0.03131100535392761
00092_id03858_uKVqPfRf-ac.mp4,1,FVRA,0.5188793540000916,0.53338087,0.5,0.49124882,0.49124882,-0.027630537748336792,-0.027630537748336792
00118_id00332__zNddcZV1EU.mp4,1,FVRA,0.5201798677444458,0.53337985,0.5,0.49124882,0.49124882,-0.02893105149269104,-0.02893105149269104
00118_id00365_XV-imLNJvfk.mp4,1,FVRA,0.5166944861412048,0.5333799,0.5,0.49124882,0.49124882,-0.025445669889450073,-0.025445669889450073
00118_id00374_w1qI7y9AGTc.mp4,1,FVRA,0.5205901265144348,0.5333798,0.5,0.49124882,0.49124882,-0.029341310262680054,-0.029341310262680054
00118_id00434_HPXkk-HGXVI.mp4,1,FVRA,0.5247988104820251,0.53338003,0.5,0.49124882,0.49124882,-0.033549994230270386,-0.033549994230270386
00118_id00491_ShjiTWoOtM4.mp4,1,FVRA,0.5167507529258728,0.5333797,0.5,0.49124882,0.49124882,-0.025501936674118042,-0.025501936674118042
00118_id00581_7AxvP19LGKg.mp4,1,FVRA,0.5215307474136353,0.53337985,0.5,0.49124882,0.49124882,-0.030281931161880493,-0.030281931161880493
00118_id00823_KgExwCvgrUk.mp4,1,FVRA,0.5144047141075134,0.5333797,0.5,0.49124882,0.49124882,-0.023155897855758667,-0.023155897855758667
00118_id00897_0ayFw8JhoyI.mp4,1,FVRA,0.5219640731811523,0.53337985,0.5,0.49124882,0.49124882,-0.030715256929397583,-0.030715256929397583
00118_id03371_truKMXt8Dak.mp4,1,FVRA,0.5234469175338745,0.53337985,0.5,0.49124882,0.49124882,-0.03219810128211975,-0.03219810128211975
00118_id03844_AEAEN1Lns2c.mp4,1,FVRA,0.5244660377502441,0.53338,0.5,0.49124882,0.49124882,-0.03321722149848938,-0.03321722149848938
00293_id00234_M3g5KRLJB60.mp4,1,FVRA,0.5323797464370728,0.533379,0.5,0.49124882,0.49124882,-0.04113093018531799,-0.04113093018531799
00293_id00270_hoEQ70-sDME.mp4,1,FVRA,0.521409809589386,0.5333787,0.5,0.49124882,0.49124882,-0.030160993337631226,-0.030160993337631226
00293_id00330_zCFFgGSIZ_s.mp4,1,FVRA,0.5201693773269653,0.53337866,0.5,0.49124882,0.49124882,-0.02892056107521057,-0.02892056107521057
00293_id00434_HPXkk-HGXVI.mp4,1,FVRA,0.5287848114967346,0.53337896,0.5,0.49124882,0.49124882,-0.03753599524497986,-0.03753599524497986
00293_id00591_1Jo8xElXQMs.mp4,1,FVRA,0.5264758467674255,0.5333788,0.5,0.49124882,0.49124882,-0.035227030515670776,-0.035227030515670776
00293_id00633_UXrTMta1EDM.mp4,1,FVRA,0.5295526385307312,0.5333789,0.5,0.49124882,0.49124882,-0.03830382227897644,-0.03830382227897644
00293_id00897_0ayFw8JhoyI.mp4,1,FVRA,0.5251284837722778,0.5333789,0.5,0.49124882,0.49124882,-0.03387966752052307,-0.03387966752052307
00293_id03858_uKVqPfRf-ac.mp4,1,FVRA,0.5352675318717957,0.53337896,0.5,0.49124882,0.49124882,-0.044018715620040894,-0.044018715620040894
00078_id00068_A7uFnQw--bY.mp4,1,FVRA,0.5470589995384216,0.53338075,0.5,0.49124882,0.49124882,-0.05581018328666687,-0.05581018328666687
00078_id00232_kL0cCveU1zg.mp4,1,FVRA,0.5454288125038147,0.5333808,0.5,0.49124882,0.49124882,-0.054179996252059937,-0.054179996252059937
00078_id00287_2NpfYjyMsPM.mp4,1,FVRA,0.5474091172218323,0.53338075,0.5,0.49124882,0.49124882,-0.056160300970077515,-0.056160300970077515
00078_id00484_u7YTz8eFZv0.mp4,1,FVRA,0.5585331320762634,0.5333811,0.5,0.49124882,0.49124882,-0.06728431582450867,-0.06728431582450867
00078_id00495_E46aiMUC4A0.mp4,1,FVRA,0.5609753131866455,0.5333811,0.5,0.49124882,0.49124882,-0.06972649693489075,-0.06972649693489075
00078_id00813_dKs9CWJIkSI.mp4,1,FVRA,0.548147439956665,0.5333806,0.5,0.49124882,0.49124882,-0.05689862370491028,-0.05689862370491028
00078_id03858_uKVqPfRf-ac.mp4,1,FVRA,0.5479010343551636,0.5333807,0.5,0.49124882,0.49124882,-0.056652218103408813,-0.056652218103408813
00028_id00188_e-vm5FB3idA.mp4,1,FVRA,0.5778251886367798,0.53338027,0.5,0.49124882,0.49124882,-0.08657637238502502,-0.08657637238502502
00028_id00328_ytKnCbJSEcU.mp4,1,FVRA,0.5782777667045593,0.5333802,0.5,0.49124882,0.49124882,-0.08702895045280457,-0.08702895045280457
00028_id00330_zCFFgGSIZ_s.mp4,1,FVRA,0.4954986572265625,0.533379,0.5,0.49124882,0.49124882,-0.004249840974807739,-0.004249840974807739
00028_id00374_w1qI7y9AGTc.mp4,1,FVRA,0.5747071504592896,0.53338015,0.5,0.49124882,0.49124882,-0.08345833420753479,-0.08345833420753479
00028_id00484_u7YTz8eFZv0.mp4,1,FVRA,0.5026936531066895,0.5333797,0.5,0.49124882,0.49124882,-0.011444836854934692,-0.011444836854934692
00028_id00495_E46aiMUC4A0.mp4,1,FVRA,0.4976702332496643,0.53337955,0.5,0.49124882,0.49124882,-0.006421416997909546,-0.006421416997909546
00028_id00569_gSynmpwioV4.mp4,1,FVRA,0.576501190662384,0.53338027,0.5,0.49124882,0.49124882,-0.08525237441062927,-0.08525237441062927
00028_id00589_uOzKwYEVR6s.mp4,1,FVRA,0.5678709745407104,0.5333802,0.5,0.49124882,0.49124882,-0.07662215828895569,-0.07662215828895569
00028_id00823_KgExwCvgrUk.mp4,1,FVRA,0.5682674050331116,0.53338015,0.5,0.49124882,0.49124882,-0.07701858878135681,-0.07701858878135681
00028_id00897_0ayFw8JhoyI.mp4,1,FVRA,0.5710570216178894,0.5333802,0.5,0.49124882,0.49124882,-0.07980820536613464,-0.07980820536613464
00311_id00188_e-vm5FB3idA.mp4,1,FVRA,0.5861449241638184,0.5333807,0.5,0.49124882,0.49124882,-0.0948961079120636,-0.0948961079120636
00311_id00262_3p7sRWAAh1Q.mp4,1,FVRA,0.5791160464286804,0.53338057,0.5,0.49124882,0.49124882,-0.08786723017692566,-0.08786723017692566
00311_id00330_zCFFgGSIZ_s.mp4,1,FVRA,0.5671735405921936,0.53338045,0.5,0.49124882,0.49124882,-0.07592472434043884,-0.07592472434043884
00311_id00373_5NXv3Dxkd6E.mp4,1,FVRA,0.5802178382873535,0.5333807,0.5,0.49124882,0.49124882,-0.08896902203559875,-0.08896902203559875
00311_id00434_HPXkk-HGXVI.mp4,1,FVRA,0.5878307223320007,0.5333806,0.5,0.49124882,0.49124882,-0.09658190608024597,-0.09658190608024597
00311_id00633_UXrTMta1EDM.mp4,1,FVRA,0.5798063278198242,0.53338057,0.5,0.49124882,0.49124882,-0.08855751156806946,-0.08855751156806946
00311_id00826_MYagwzy91Yk.mp4,1,FVRA,0.5799447894096375,0.53338057,0.5,0.49124882,0.49124882,-0.08869597315788269,-0.08869597315788269
00311_id00897_0ayFw8JhoyI.mp4,1,FVRA,0.5781852602958679,0.53338057,0.5,0.49124882,0.49124882,-0.08693644404411316,-0.08693644404411316
00311_id03620_YkXM5A8w07E.mp4,1,FVRA,0.5687443017959595,0.5333803,0.5,0.49124882,0.49124882,-0.07749548554420471,-0.07749548554420471
00043_id00188_e-vm5FB3idA.mp4,1,FVRA,0.5129360556602478,0.5333806,0.5,0.49124882,0.49124882,-0.021687239408493042,-0.021687239408493042
00043_id00262_3p7sRWAAh1Q.mp4,1,FVRA,0.5382109880447388,0.533381,0.5,0.49124882,0.49124882,-0.04696217179298401,-0.04696217179298401
00043_id00270_hoEQ70-sDME.mp4,1,FVRA,0.5328525304794312,0.53338087,0.5,0.49124882,0.49124882,-0.04160371422767639,-0.04160371422767639
00043_id00287_2NpfYjyMsPM.mp4,1,FVRA,0.5103438496589661,0.5333805,0.5,0.49124882,0.49124882,-0.019095033407211304,-0.019095033407211304
00043_id00496_SImaDcXQnh8.mp4,1,FVRA,0.5359817743301392,0.533381,0.5,0.49124882,0.49124882,-0.0447329580783844,-0.0447329580783844
00043_id00633_UXrTMta1EDM.mp4,1,FVRA,0.5071477890014648,0.53338045,0.5,0.49124882,0.49124882,-0.015898972749710083,-0.015898972749710083
00043_id00806_0sk9s9lFIAk.mp4,1,FVRA,0.5293462872505188,0.53338087,0.5,0.49124882,0.49124882,-0.03809747099876404,-0.03809747099876404
00043_id00897_0ayFw8JhoyI.mp4,1,FVRA,0.5343731045722961,0.533381,0.5,0.49124882,0.49124882,-0.04312428832054138,-0.04312428832054138
00043_id03716_s-lxbGafZQA.mp4,1,FVRA,0.5389177799224854,0.53338104,0.5,0.49124882,0.49124882,-0.04766896367073059,-0.04766896367073059
00420_id00068_A7uFnQw--bY.mp4,1,FVRA,0.563067615032196,0.5333805,0.5,0.49124882,0.49124882,-0.07181879878044128,-0.07181879878044128
00420_id00262_3p7sRWAAh1Q.mp4,1,FVRA,0.5597808361053467,0.53338045,0.5,0.49124882,0.49124882,-0.06853201985359192,-0.06853201985359192
00420_id00495_E46aiMUC4A0.mp4,1,FVRA,0.5612179636955261,0.53338045,0.5,0.49124882,0.49124882,-0.06996914744377136,-0.06996914744377136
00420_id00581_7AxvP19LGKg.mp4,1,FVRA,0.5593031048774719,0.53338045,0.5,0.49124882,0.49124882,-0.06805428862571716,-0.06805428862571716
00420_id00634_z5t9oJizDQg.mp4,1,FVRA,0.559465765953064,0.5333805,0.5,0.49124882,0.49124882,-0.0682169497013092,-0.0682169497013092
00420_id00813_dKs9CWJIkSI.mp4,1,FVRA,0.5570647716522217,0.5333803,0.5,0.49124882,0.49124882,-0.06581595540046692,-0.06581595540046692
00420_id00823_KgExwCvgrUk.mp4,1,FVRA,0.5516238212585449,0.5333803,0.5,0.49124882,0.49124882,-0.06037500500679016,-0.06037500500679016
00420_id03716_s-lxbGafZQA.mp4,1,FVRA,0.5564311742782593,0.53338045,0.5,0.49124882,0.49124882,-0.06518235802650452,-0.06518235802650452
00420_id03816_XXD0yTNei50.mp4,1,FVRA,0.5562406778335571,0.53338027,0.5,0.49124882,0.49124882,-0.06499186158180237,-0.06499186158180237
00420_id03858_uKVqPfRf-ac.mp4,1,FVRA,0.5586772561073303,0.5333804,0.5,0.49124882,0.49124882,-0.06742843985557556,-0.06742843985557556
00052_id00071_JU1cVINUTZA.mp4,1,FVRA,0.5145887136459351,0.53338045,0.5,0.49124882,0.49124882,-0.023339897394180298,-0.023339897394180298
00052_id00188_e-vm5FB3idA.mp4,1,FVRA,0.5193385481834412,0.53338057,0.5,0.49124882,0.49124882,-0.0280897319316864,-0.0280897319316864
00052_id00234_M3g5KRLJB60.mp4,1,FVRA,0.5116292238235474,0.53338045,0.5,0.49124882,0.49124882,-0.020380407571792603,-0.020380407571792603
00052_id00271_je6JSLqEEcw.mp4,1,FVRA,0.5124821662902832,0.5333804,0.5,0.49124882,0.49124882,-0.021233350038528442,-0.021233350038528442
00052_id00287_2NpfYjyMsPM.mp4,1,FVRA,0.5158014893531799,0.5333805,0.5,0.49124882,0.49124882,-0.02455267310142517,-0.02455267310142517
00052_id00373_5NXv3Dxkd6E.mp4,1,FVRA,0.5132361054420471,0.53338045,0.5,0.49124882,0.49124882,-0.02198728919029236,-0.02198728919029236
00052_id00374_w1qI7y9AGTc.mp4,1,FVRA,0.5136192440986633,0.5333804,0.5,0.49124882,0.49124882,-0.02237042784690857,-0.02237042784690857
00052_id00484_u7YTz8eFZv0.mp4,1,FVRA,0.5149414539337158,0.5333805,0.5,0.49124882,0.49124882,-0.02369263768196106,-0.02369263768196106
00052_id00897_0ayFw8JhoyI.mp4,1,FVRA,0.5140251517295837,0.53338045,0.5,0.49124882,0.49124882,-0.02277633547782898,-0.02277633547782898
00052_id03649_389qfFqUddI.mp4,1,FVRA,0.5138481855392456,0.53338045,0.5,0.49124882,0.49124882,-0.022599369287490845,-0.022599369287490845
00046_id00068_A7uFnQw--bY.mp4,1,FVRA,0.5118791460990906,0.5333786,0.5,0.49124882,0.49124882,-0.020630329847335815,-0.020630329847335815
00046_id00234_M3g5KRLJB60.mp4,1,FVRA,0.5083244442939758,0.5333785,0.5,0.49124882,0.49124882,-0.01707562804222107,-0.01707562804222107
00046_id00330_zCFFgGSIZ_s.mp4,1,FVRA,0.5037055611610413,0.5333781,0.5,0.49124882,0.49124882,-0.012456744909286499,-0.012456744909286499
00046_id00332__zNddcZV1EU.mp4,1,FVRA,0.5077041983604431,0.5333784,0.5,0.49124882,0.49124882,-0.016455382108688354,-0.016455382108688354
00046_id00374_w1qI7y9AGTc.mp4,1,FVRA,0.5125300288200378,0.5333784,0.5,0.49124882,0.49124882,-0.02128121256828308,-0.02128121256828308
00046_id00569_gSynmpwioV4.mp4,1,FVRA,0.5096980333328247,0.53337854,0.5,0.49124882,0.49124882,-0.018449217081069946,-0.018449217081069946
00046_id00591_1Jo8xElXQMs.mp4,1,FVRA,0.506121814250946,0.53337824,0.5,0.49124882,0.49124882,-0.014872997999191284,-0.014872997999191284
00046_id00633_UXrTMta1EDM.mp4,1,FVRA,0.5072899460792542,0.53337836,0.5,0.49124882,0.49124882,-0.01604112982749939,-0.01604112982749939
00046_id00897_0ayFw8JhoyI.mp4,1,FVRA,0.511285126209259,0.5333785,0.5,0.49124882,0.49124882,-0.020036309957504272,-0.020036309957504272
00046_id03371_truKMXt8Dak.mp4,1,FVRA,0.5130504965782166,0.53337854,0.5,0.49124882,0.49124882,-0.021801680326461792,-0.021801680326461792
00202_id00068_A7uFnQw--bY.mp4,1,FVRA,0.5172637701034546,0.5333796,0.5,0.49124882,0.49124882,-0.02601495385169983,-0.02601495385169983
00202_id00271_je6JSLqEEcw.mp4,1,FVRA,0.5131354331970215,0.53337944,0.5,0.49124882,0.49124882,-0.021886616945266724,-0.021886616945266724
00202_id00328_ytKnCbJSEcU.mp4,1,FVRA,0.5158520340919495,0.53337944,0.5,0.49124882,0.49124882,-0.024603217840194702,-0.024603217840194702
00202_id00373_5NXv3Dxkd6E.mp4,1,FVRA,0.5174915790557861,0.5333795,0.5,0.49124882,0.49124882,-0.026242762804031372,-0.026242762804031372
00202_id00495_E46aiMUC4A0.mp4,1,FVRA,0.5188924670219421,0.5333795,0.5,0.49124882,0.49124882,-0.027643650770187378,-0.027643650770187378
00202_id00569_gSynmpwioV4.mp4,1,FVRA,0.521152913570404,0.53337955,0.5,0.49124882,0.49124882,-0.029904097318649292,-0.029904097318649292
00202_id00581_7AxvP19LGKg.mp4,1,FVRA,0.5188134908676147,0.5333795,0.5,0.49124882,0.49124882,-0.027564674615859985,-0.027564674615859985
00202_id00826_MYagwzy91Yk.mp4,1,FVRA,0.5162831544876099,0.53337944,0.5,0.49124882,0.49124882,-0.025034338235855103,-0.025034338235855103
00202_id03844_AEAEN1Lns2c.mp4,1,FVRA,0.5178238749504089,0.5333796,0.5,0.49124882,0.49124882,-0.026575058698654175,-0.026575058698654175
00202_id03858_uKVqPfRf-ac.mp4,1,FVRA,0.5160257816314697,0.53337944,0.5,0.49124882,0.49124882,-0.024776965379714966,-0.024776965379714966
00122_id00188_e-vm5FB3idA.mp4,1,FVRA,0.5041490197181702,0.53338045,0.5,0.49124882,0.49124882,-0.012900203466415405,-0.012900203466415405
00122_id00234_M3g5KRLJB60.mp4,1,FVRA,0.5043568015098572,0.5333804,0.5,0.49124882,0.49124882,-0.013107985258102417,-0.013107985258102417
00122_id00330_zCFFgGSIZ_s.mp4,1,FVRA,0.5002613663673401,0.5333802,0.5,0.49124882,0.49124882,-0.009012550115585327,-0.009012550115585327
00122_id00569_gSynmpwioV4.mp4,1,FVRA,0.5023248195648193,0.53338045,0.5,0.49124882,0.49124882,-0.011076003313064575,-0.011076003313064575
00122_id00591_1Jo8xElXQMs.mp4,1,FVRA,0.5026323795318604,0.53338027,0.5,0.49124882,0.49124882,-0.01138356328010559,-0.01138356328010559
00122_id00633_UXrTMta1EDM.mp4,1,FVRA,0.5013939738273621,0.5333803,0.5,0.49124882,0.49124882,-0.0101451575756073,-0.0101451575756073
00122_id01002_eQTviHjyISo.mp4,1,FVRA,0.5006539821624756,0.53338027,0.5,0.49124882,0.49124882,-0.009405165910720825,-0.009405165910720825
00122_id01018_VNPt_GB5QiE.mp4,1,FVRA,0.506443977355957,0.5333804,0.5,0.49124882,0.49124882,-0.01519516110420227,-0.01519516110420227
00122_id03371_truKMXt8Dak.mp4,1,FVRA,0.5042930841445923,0.5333804,0.5,0.49124882,0.49124882,-0.013044267892837524,-0.013044267892837524
00122_id03858_uKVqPfRf-ac.mp4,1,FVRA,0.5044929385185242,0.5333804,0.5,0.49124882,0.49124882,-0.01324412226676941,-0.01324412226676941
00027_id00068_A7uFnQw--bY.mp4,1,FVRA,0.5038240551948547,0.5333784,0.5,0.49124882,0.49124882,-0.012575238943099976,-0.012575238943099976
00027_id00262_3p7sRWAAh1Q.mp4,1,FVRA,0.5043593049049377,0.5333781,0.5,0.49124882,0.49124882,-0.013110488653182983,-0.013110488653182983
00027_id00271_je6JSLqEEcw.mp4,1,FVRA,0.5000114440917969,0.5333781,0.5,0.49124882,0.49124882,-0.008762627840042114,-0.008762627840042114
00027_id00395_wM5kGJfTtEM.mp4,1,FVRA,0.49999332427978516,0.533378,0.5,0.49124882,0.49124882,-0.008744508028030396,-0.008744508028030396
00027_id00484_u7YTz8eFZv0.mp4,1,FVRA,0.5061777234077454,0.5333784,0.5,0.49124882,0.49124882,-0.0149289071559906,-0.0149289071559906
00027_id00581_7AxvP19LGKg.mp4,1,FVRA,0.5033828616142273,0.53337824,0.5,0.49124882,0.49124882,-0.012134045362472534,-0.012134045362472534
00027_id00634_z5t9oJizDQg.mp4,1,FVRA,0.5028844475746155,0.5333782,0.5,0.49124882,0.49124882,-0.011635631322860718,-0.011635631322860718
00027_id03589_9NxOQlwpMys.mp4,1,FVRA,0.5048006176948547,0.53337836,0.5,0.49124882,0.49124882,-0.013551801443099976,-0.013551801443099976
00027_id03858_uKVqPfRf-ac.mp4,1,FVRA,0.5069246888160706,0.53337824,0.5,0.49124882,0.49124882,-0.015675872564315796,-0.015675872564315796
00027_id03941_SsYtP8Ze88Q.mp4,1,FVRA,0.5089737772941589,0.5333784,0.5,0.49124882,0.49124882,-0.017724961042404175,-0.017724961042404175
00015_id00262_3p7sRWAAh1Q.mp4,1,FVRA,0.534198522567749,0.5333808,0.5,0.49124882,0.49124882,-0.04294970631599426,-0.04294970631599426
00015_id00287_2NpfYjyMsPM.mp4,1,FVRA,0.5370620489120483,0.53338087,0.5,0.49124882,0.49124882,-0.04581323266029358,-0.04581323266029358
00015_id00373_5NXv3Dxkd6E.mp4,1,FVRA,0.5353417992591858,0.5333809,0.5,0.49124882,0.49124882,-0.04409298300743103,-0.04409298300743103
00015_id00569_gSynmpwioV4.mp4,1,FVRA,0.5355219841003418,0.53338087,0.5,0.49124882,0.49124882,-0.044273167848587036,-0.044273167848587036
00015_id00813_dKs9CWJIkSI.mp4,1,FVRA,0.5330399870872498,0.5333808,0.5,0.49124882,0.49124882,-0.041791170835494995,-0.041791170835494995
00015_id00897_0ayFw8JhoyI.mp4,1,FVRA,0.5333491563796997,0.5333808,0.5,0.49124882,0.49124882,-0.042100340127944946,-0.042100340127944946
00015_id03589_9NxOQlwpMys.mp4,1,FVRA,0.5360142588615417,0.5333808,0.5,0.49124882,0.49124882,-0.04476544260978699,-0.04476544260978699
00015_id03620_YkXM5A8w07E.mp4,1,FVRA,0.5293174386024475,0.5333807,0.5,0.49124882,0.49124882,-0.03806862235069275,-0.03806862235069275
00015_id03858_uKVqPfRf-ac.mp4,1,FVRA,0.5328724980354309,0.5333808,0.5,0.49124882,0.49124882,-0.04162368178367615,-0.04162368178367615
00239_id00188_e-vm5FB3idA.mp4,1,FVRA,0.5795376896858215,0.53338057,0.5,0.49124882,0.49124882,-0.08828887343406677,-0.08828887343406677
00239_id00270_hoEQ70-sDME.mp4,1,FVRA,0.5701649188995361,0.5333803,0.5,0.49124882,0.49124882,-0.07891610264778137,-0.07891610264778137
00239_id00373_5NXv3Dxkd6E.mp4,1,FVRA,0.57783043384552,0.5333805,0.5,0.49124882,0.49124882,-0.08658161759376526,-0.08658161759376526
00239_id00484_u7YTz8eFZv0.mp4,1,FVRA,0.5779034495353699,0.5333805,0.5,0.49124882,0.49124882,-0.08665463328361511,-0.08665463328361511
00239_id00491_ShjiTWoOtM4.mp4,1,FVRA,0.5664235353469849,0.5333803,0.5,0.49124882,0.49124882,-0.0751747190952301,-0.0751747190952301
00239_id00633_UXrTMta1EDM.mp4,1,FVRA,0.5733655691146851,0.53338045,0.5,0.49124882,0.49124882,-0.0821167528629303,-0.0821167528629303
00239_id00897_0ayFw8JhoyI.mp4,1,FVRA,0.5782765746116638,0.53338045,0.5,0.49124882,0.49124882,-0.08702775835990906,-0.08702775835990906
00239_id01002_eQTviHjyISo.mp4,1,FVRA,0.5672451257705688,0.5333803,0.5,0.49124882,0.49124882,-0.07599630951881409,-0.07599630951881409
00239_id01018_VNPt_GB5QiE.mp4,1,FVRA,0.5792948007583618,0.5333805,0.5,0.49124882,0.49124882,-0.08804598450660706,-0.08804598450660706
00239_id03371_truKMXt8Dak.mp4,1,FVRA,0.5823578834533691,0.5333805,0.5,0.49124882,0.49124882,-0.09110906720161438,-0.09110906720161438
00010_id00068_A7uFnQw--bY.mp4,1,FVRA,0.5396931767463684,0.5333813,0.5,0.49124882,0.49124882,-0.04844436049461365,-0.04844436049461365
00010_id00330_zCFFgGSIZ_s.mp4,1,FVRA,0.5298014283180237,0.53338116,0.5,0.49124882,0.49124882,-0.03855261206626892,-0.03855261206626892
00010_id00395_wM5kGJfTtEM.mp4,1,FVRA,0.5330555438995361,0.5333812,0.5,0.49124882,0.49124882,-0.04180672764778137,-0.04180672764778137
00010_id00495_E46aiMUC4A0.mp4,1,FVRA,0.5387685894966125,0.5333813,0.5,0.49124882,0.49124882,-0.04751977324485779,-0.04751977324485779
00010_id00591_1Jo8xElXQMs.mp4,1,FVRA,0.5292447209358215,0.5333812,0.5,0.49124882,0.49124882,-0.03799590468406677,-0.03799590468406677
00010_id00826_MYagwzy91Yk.mp4,1,FVRA,0.5337510704994202,0.5333812,0.5,0.49124882,0.49124882,-0.042502254247665405,-0.042502254247665405
00010_id03371_truKMXt8Dak.mp4,1,FVRA,0.5375716686248779,0.5333812,0.5,0.49124882,0.49124882,-0.04632285237312317,-0.04632285237312317
00010_id03858_uKVqPfRf-ac.mp4,1,FVRA,0.5289076566696167,0.5333812,0.5,0.49124882,0.49124882,-0.03765884041786194,-0.03765884041786194
00130_id00271_je6JSLqEEcw.mp4,1,FVRA,0.5299050211906433,0.53338045,0.5,0.49124882,0.49124882,-0.03865620493888855,-0.03865620493888855
00130_id00373_5NXv3Dxkd6E.mp4,1,FVRA,0.5313475728034973,0.53338045,0.5,0.49124882,0.49124882,-0.040098756551742554,-0.040098756551742554
00130_id00495_E46aiMUC4A0.mp4,1,FVRA,0.5276234745979309,0.53338045,0.5,0.49124882,0.49124882,-0.03637465834617615,-0.03637465834617615
00130_id00591_1Jo8xElXQMs.mp4,1,FVRA,0.5247385501861572,0.5333803,0.5,0.49124882,0.49124882,-0.033489733934402466,-0.033489733934402466
00130_id00634_z5t9oJizDQg.mp4,1,FVRA,0.5303817391395569,0.5333804,0.5,0.49124882,0.49124882,-0.039132922887802124,-0.039132922887802124
00130_id00897_0ayFw8JhoyI.mp4,1,FVRA,0.5289003849029541,0.53338045,0.5,0.49124882,0.49124882,-0.03765156865119934,-0.03765156865119934
00130_id03589_9NxOQlwpMys.mp4,1,FVRA,0.5323055386543274,0.53338045,0.5,0.49124882,0.49124882,-0.04105672240257263,-0.04105672240257263
00130_id03620_YkXM5A8w07E.mp4,1,FVRA,0.5279931426048279,0.53338027,0.5,0.49124882,0.49124882,-0.03674432635307312,-0.03674432635307312
00130_id03649_389qfFqUddI.mp4,1,FVRA,0.5305643081665039,0.53338045,0.5,0.49124882,0.49124882,-0.039315491914749146,-0.039315491914749146
00130_id03858_uKVqPfRf-ac.mp4,1,FVRA,0.5288558602333069,0.5333804,0.5,0.49124882,0.49124882,-0.037607043981552124,-0.037607043981552124
00001_id00188_e-vm5FB3idA.mp4,1,FVRA,0.5123695135116577,0.53338045,0.5,0.49124882,0.49124882,-0.021120697259902954,-0.021120697259902954
00001_id00270_hoEQ70-sDME.mp4,1,FVRA,0.5714230537414551,0.53337973,0.5,0.49124882,0.49124882,-0.08017423748970032,-0.08017423748970032
00001_id00374_w1qI7y9AGTc.mp4,1,FVRA,0.5757783651351929,0.53337985,0.5,0.49124882,0.49124882,-0.08452954888343811,-0.08452954888343811
00001_id00581_7AxvP19LGKg.mp4,1,FVRA,0.5823094844818115,0.5333799,0.5,0.49124882,0.49124882,-0.09106066823005676,-0.09106066823005676
00001_id00633_UXrTMta1EDM.mp4,1,FVRA,0.5071703195571899,0.5333803,0.5,0.49124882,0.49124882,-0.01592150330543518,-0.01592150330543518
00001_id00634_z5t9oJizDQg.mp4,1,FVRA,0.5097130537033081,0.5333803,0.5,0.49124882,0.49124882,-0.018464237451553345,-0.018464237451553345
00001_id00897_0ayFw8JhoyI.mp4,1,FVRA,0.5801480412483215,0.5333799,0.5,0.49124882,0.49124882,-0.08889922499656677,-0.08889922499656677
00001_id03649_389qfFqUddI.mp4,1,FVRA,0.5805197358131409,0.53338,0.5,0.49124882,0.49124882,-0.08927091956138611,-0.08927091956138611
00001_id03716_s-lxbGafZQA.mp4,1,FVRA,0.5808550119400024,0.53338,0.5,0.49124882,0.49124882,-0.08960619568824768,-0.08960619568824768
00001_id03844_AEAEN1Lns2c.mp4,1,FVRA,0.5769497156143188,0.5333801,0.5,0.49124882,0.49124882,-0.08570089936256409,-0.08570089936256409
00088_id00188_e-vm5FB3idA.mp4,1,FVRA,0.6114507913589478,0.53338027,0.5,0.49124882,0.49124882,-0.120201975107193,-0.120201975107193
00088_id00262_3p7sRWAAh1Q.mp4,1,FVRA,0.6051649451255798,0.5333802,0.5,0.49124882,0.49124882,-0.11391612887382507,-0.11391612887382507
00088_id00270_hoEQ70-sDME.mp4,1,FVRA,0.5961742997169495,0.53338003,0.5,0.49124882,0.49124882,-0.1049254834651947,-0.1049254834651947
00088_id00332__zNddcZV1EU.mp4,1,FVRA,0.6052822470664978,0.53338015,0.5,0.49124882,0.49124882,-0.11403343081474304,-0.11403343081474304
00088_id00379_fgkgYHCuk4g.mp4,1,FVRA,0.607638955116272,0.5333802,0.5,0.49124882,0.49124882,-0.11639013886451721,-0.11639013886451721
00088_id00491_ShjiTWoOtM4.mp4,1,FVRA,0.5958605408668518,0.5333801,0.5,0.49124882,0.49124882,-0.10461172461509705,-0.10461172461509705
00088_id00569_gSynmpwioV4.mp4,1,FVRA,0.6087197661399841,0.53338027,0.5,0.49124882,0.49124882,-0.11747094988822937,-0.11747094988822937
00088_id00581_7AxvP19LGKg.mp4,1,FVRA,0.6050125360488892,0.5333802,0.5,0.49124882,0.49124882,-0.1137637197971344,-0.1137637197971344
00088_id01001_dHJc8dh9X8c.mp4,1,FVRA,0.6052599549293518,0.53338015,0.5,0.49124882,0.49124882,-0.11401113867759705,-0.11401113867759705
00088_id01002_eQTviHjyISo.mp4,1,FVRA,0.6054072976112366,0.53338015,0.5,0.49124882,0.49124882,-0.11415848135948181,-0.11415848135948181
00078_id00395_wM5kGJfTtEM.mp4,1,FVRA,0.556663453578949,0.533381,0.5,0.49124882,0.49124882,-0.06541463732719421,-0.06541463732719421
00078_id00484_u7YTz8eFZv0.mp4,1,FVRA,0.5585331320762634,0.5333811,0.5,0.49124882,0.49124882,-0.06728431582450867,-0.06728431582450867
00078_id00495_E46aiMUC4A0.mp4,1,FVRA,0.5609753131866455,0.5333811,0.5,0.49124882,0.49124882,-0.06972649693489075,-0.06972649693489075
00078_id00581_7AxvP19LGKg.mp4,1,FVRA,0.5583465695381165,0.5333811,0.5,0.49124882,0.49124882,-0.0670977532863617,-0.0670977532863617
00078_id00589_uOzKwYEVR6s.mp4,1,FVRA,0.5499836802482605,0.5333809,0.5,0.49124882,0.49124882,-0.05873486399650574,-0.05873486399650574
00078_id00591_1Jo8xElXQMs.mp4,1,FVRA,0.5525837540626526,0.5333809,0.5,0.49124882,0.49124882,-0.06133493781089783,-0.06133493781089783
00078_id00823_KgExwCvgrUk.mp4,1,FVRA,0.5497230887413025,0.5333809,0.5,0.49124882,0.49124882,-0.05847427248954773,-0.05847427248954773
00078_id00826_MYagwzy91Yk.mp4,1,FVRA,0.5583146214485168,0.5333809,0.5,0.49124882,0.49124882,-0.06706580519676208,-0.06706580519676208
00078_id03589_9NxOQlwpMys.mp4,1,FVRA,0.5600119829177856,0.53338104,0.5,0.49124882,0.49124882,-0.06876316666603088,-0.06876316666603088
00078_id03649_389qfFqUddI.mp4,1,FVRA,0.5552974939346313,0.533381,0.5,0.49124882,0.49124882,-0.06404867768287659,-0.06404867768287659
00037_id00068_A7uFnQw--bY.mp4,1,FVRA,0.5366161465644836,0.5333782,0.5,0.49124882,0.49124882,-0.04536733031272888,-0.04536733031272888
00037_id00188_e-vm5FB3idA.mp4,1,FVRA,0.534248948097229,0.53337854,0.5,0.49124882,0.49124882,-0.04300013184547424,-0.04300013184547424
00037_id00262_3p7sRWAAh1Q.mp4,1,FVRA,0.5363194942474365,0.5333782,0.5,0.49124882,0.49124882,-0.04507067799568176,-0.04507067799568176
00037_id00373_5NXv3Dxkd6E.mp4,1,FVRA,0.5320481657981873,0.53337824,0.5,0.49124882,0.49124882,-0.040799349546432495,-0.040799349546432495
00037_id00495_E46aiMUC4A0.mp4,1,FVRA,0.5364539623260498,0.5333781,0.5,0.49124882,0.49124882,-0.045205146074295044,-0.045205146074295044
00037_id00826_MYagwzy91Yk.mp4,1,FVRA,0.5356272459030151,0.5333781,0.5,0.49124882,0.49124882,-0.044378429651260376,-0.044378429651260376
00037_id03371_truKMXt8Dak.mp4,1,FVRA,0.540068507194519,0.5333784,0.5,0.49124882,0.49124882,-0.04881969094276428,-0.04881969094276428
00037_id03844_AEAEN1Lns2c.mp4,1,FVRA,0.5317683219909668,0.5333784,0.5,0.49124882,0.49124882,-0.040519505739212036,-0.040519505739212036
00037_id03941_SsYtP8Ze88Q.mp4,1,FVRA,0.5378531217575073,0.53337836,0.5,0.49124882,0.49124882,-0.046604305505752563,-0.046604305505752563
00005_id00365_XV-imLNJvfk.mp4,1,FVRA,0.516170084476471,0.53337866,0.5,0.49124882,0.49124882,-0.024921268224716187,-0.024921268224716187
00005_id00373_5NXv3Dxkd6E.mp4,1,FVRA,0.5539702773094177,0.5333792,0.5,0.49124882,0.49124882,-0.06272146105766296,-0.06272146105766296
00005_id00379_fgkgYHCuk4g.mp4,1,FVRA,0.5154107809066772,0.53337866,0.5,0.49124882,0.49124882,-0.024161964654922485,-0.024161964654922485
00005_id00569_gSynmpwioV4.mp4,1,FVRA,0.5551369190216064,0.53337926,0.5,0.49124882,0.49124882,-0.06388810276985168,-0.06388810276985168
00005_id00813_dKs9CWJIkSI.mp4,1,FVRA,0.5531461834907532,0.5333792,0.5,0.49124882,0.49124882,-0.06189736723899841,-0.06189736723899841
00005_id01002_eQTviHjyISo.mp4,1,FVRA,0.51665860414505,0.5333784,0.5,0.49124882,0.49124882,-0.025409787893295288,-0.025409787893295288
00005_id03858_uKVqPfRf-ac.mp4,1,FVRA,0.5171530842781067,0.5333786,0.5,0.49124882,0.49124882,-0.02590426802635193,-0.02590426802635193
00169_id00262_3p7sRWAAh1Q.mp4,1,FVRA,0.5314916968345642,0.53338015,0.5,0.49124882,0.49124882,-0.04024288058280945,-0.04024288058280945
00169_id00330_zCFFgGSIZ_s.mp4,1,FVRA,0.5288482308387756,0.53337985,0.5,0.49124882,0.49124882,-0.037599414587020874,-0.037599414587020874
00169_id00365_XV-imLNJvfk.mp4,1,FVRA,0.5327247977256775,0.5333801,0.5,0.49124882,0.49124882,-0.04147598147392273,-0.04147598147392273
00169_id00395_wM5kGJfTtEM.mp4,1,FVRA,0.5331767797470093,0.5333801,0.5,0.49124882,0.49124882,-0.04192796349525452,-0.04192796349525452
00169_id00496_SImaDcXQnh8.mp4,1,FVRA,0.5321519374847412,0.5333801,0.5,0.49124882,0.49124882,-0.04090312123298645,-0.04090312123298645
00169_id00806_0sk9s9lFIAk.mp4,1,FVRA,0.5308559536933899,0.53337985,0.5,0.49124882,0.49124882,-0.03960713744163513,-0.03960713744163513
00169_id00823_KgExwCvgrUk.mp4,1,FVRA,0.5302702188491821,0.5333799,0.5,0.49124882,0.49124882,-0.03902140259742737,-0.03902140259742737
00169_id00897_0ayFw8JhoyI.mp4,1,FVRA,0.5334523916244507,0.5333801,0.5,0.49124882,0.49124882,-0.04220357537269592,-0.04220357537269592
00169_id03589_9NxOQlwpMys.mp4,1,FVRA,0.5382166504859924,0.53338015,0.5,0.49124882,0.49124882,-0.04696783423423767,-0.04696783423423767
00169_id03858_uKVqPfRf-ac.mp4,1,FVRA,0.5324528813362122,0.5333801,0.5,0.49124882,0.49124882,-0.0412040650844574,-0.0412040650844574
00125_id00262_3p7sRWAAh1Q.mp4,1,FVRA,0.5141894817352295,0.53337723,0.5,0.49124882,0.49124882,-0.02294066548347473,-0.02294066548347473
00125_id00330_zCFFgGSIZ_s.mp4,1,FVRA,0.5049390196800232,0.5333766,0.5,0.49124882,0.49124882,-0.013690203428268433,-0.013690203428268433
00125_id00373_5NXv3Dxkd6E.mp4,1,FVRA,0.5137515068054199,0.53337723,0.5,0.49124882,0.49124882,-0.02250269055366516,-0.02250269055366516
00125_id00395_wM5kGJfTtEM.mp4,1,FVRA,0.5135486125946045,0.5333772,0.5,0.49124882,0.49124882,-0.02229979634284973,-0.02229979634284973
00125_id00495_E46aiMUC4A0.mp4,1,FVRA,0.5143579244613647,0.53337723,0.5,0.49124882,0.49124882,-0.023109108209609985,-0.023109108209609985
00125_id00581_7AxvP19LGKg.mp4,1,FVRA,0.5152108073234558,0.53337723,0.5,0.49124882,0.49124882,-0.02396199107170105,-0.02396199107170105
00125_id00634_z5t9oJizDQg.mp4,1,FVRA,0.5148376822471619,0.53337723,0.5,0.49124882,0.49124882,-0.023588865995407104,-0.023588865995407104
00125_id00813_dKs9CWJIkSI.mp4,1,FVRA,0.5165697336196899,0.5333772,0.5,0.49124882,0.49124882,-0.02532091736793518,-0.02532091736793518
00125_id03589_9NxOQlwpMys.mp4,1,FVRA,0.5177140235900879,0.53337747,0.5,0.49124882,0.49124882,-0.02646520733833313,-0.02646520733833313
00125_id03858_uKVqPfRf-ac.mp4,1,FVRA,0.5169073939323425,0.53337723,0.5,0.49124882,0.49124882,-0.02565857768058777,-0.02565857768058777
00065_id00068_A7uFnQw--bY.mp4,1,FVRA,0.5633006691932678,0.5333805,0.5,0.49124882,0.49124882,-0.07205185294151306,-0.07205185294151306
00065_id00271_je6JSLqEEcw.mp4,1,FVRA,0.5579344630241394,0.5333805,0.5,0.49124882,0.49124882,-0.06668564677238464,-0.06668564677238464
00065_id00374_w1qI7y9AGTc.mp4,1,FVRA,0.5593223571777344,0.5333804,0.5,0.49124882,0.49124882,-0.06807354092597961,-0.06807354092597961
00065_id00484_u7YTz8eFZv0.mp4,1,FVRA,0.5654691457748413,0.5333805,0.5,0.49124882,0.49124882,-0.07422032952308655,-0.07422032952308655
00065_id00495_E46aiMUC4A0.mp4,1,FVRA,0.5598019957542419,0.53338045,0.5,0.49124882,0.49124882,-0.06855317950248718,-0.06855317950248718
00065_id00581_7AxvP19LGKg.mp4,1,FVRA,0.5580427646636963,0.53338045,0.5,0.49124882,0.49124882,-0.06679394841194153,-0.06679394841194153
00065_id00634_z5t9oJizDQg.mp4,1,FVRA,0.5597919821739197,0.53338045,0.5,0.49124882,0.49124882,-0.06854316592216492,-0.06854316592216492
00065_id00735_ivJSkq5hGOQ.mp4,1,FVRA,0.5610458850860596,0.5333805,0.5,0.49124882,0.49124882,-0.06979706883430481,-0.06979706883430481
00065_id03371_truKMXt8Dak.mp4,1,FVRA,0.5608111619949341,0.53338045,0.5,0.49124882,0.49124882,-0.06956234574317932,-0.06956234574317932
00065_id03649_389qfFqUddI.mp4,1,FVRA,0.5590053796768188,0.53338045,0.5,0.49124882,0.49124882,-0.06775656342506409,-0.06775656342506409
00005_id00188_e-vm5FB3idA.mp4,1,FVRA,0.5579058527946472,0.5333793,0.5,0.49124882,0.49124882,-0.06665703654289246,-0.06665703654289246
00005_id00234_M3g5KRLJB60.mp4,1,FVRA,0.5559473037719727,0.5333792,0.5,0.49124882,0.49124882,-0.0646984875202179,-0.0646984875202179
00005_id00330_zCFFgGSIZ_s.mp4,1,FVRA,0.5477493405342102,0.533379,0.5,0.49124882,0.49124882,-0.056500524282455444,-0.056500524282455444
00005_id00332__zNddcZV1EU.mp4,1,FVRA,0.5538753867149353,0.5333792,0.5,0.49124882,0.49124882,-0.06262657046318054,-0.06262657046318054
00005_id00373_5NXv3Dxkd6E.mp4,1,FVRA,0.5539702773094177,0.5333792,0.5,0.49124882,0.49124882,-0.06272146105766296,-0.06272146105766296
00005_id00496_SImaDcXQnh8.mp4,1,FVRA,0.5526581406593323,0.5333792,0.5,0.49124882,0.49124882,-0.061409324407577515,-0.061409324407577515
00005_id00569_gSynmpwioV4.mp4,1,FVRA,0.5551369190216064,0.53337926,0.5,0.49124882,0.49124882,-0.06388810276985168,-0.06388810276985168
00005_id00591_1Jo8xElXQMs.mp4,1,FVRA,0.5515125393867493,0.53337914,0.5,0.49124882,0.49124882,-0.06026372313499451,-0.06026372313499451
00005_id00813_dKs9CWJIkSI.mp4,1,FVRA,0.5531461834907532,0.5333792,0.5,0.49124882,0.49124882,-0.06189736723899841,-0.06189736723899841
00005_id03371_truKMXt8Dak.mp4,1,FVRA,0.5570493936538696,0.5333792,0.5,0.49124882,0.49124882,-0.06580057740211487,-0.06580057740211487
00086_id00188_e-vm5FB3idA.mp4,1,FVRA,0.5445764660835266,0.533379,0.5,0.49124882,0.49124882,-0.05332764983177185,-0.05332764983177185
00086_id00262_3p7sRWAAh1Q.mp4,1,FVRA,0.5390658974647522,0.5333788,0.5,0.49124882,0.49124882,-0.047817081212997437,-0.047817081212997437
00086_id00332__zNddcZV1EU.mp4,1,FVRA,0.5387324690818787,0.5333788,0.5,0.49124882,0.49124882,-0.0474836528301239,-0.0474836528301239
00086_id00374_w1qI7y9AGTc.mp4,1,FVRA,0.538912832736969,0.5333788,0.5,0.49124882,0.49124882,-0.04766401648521423,-0.04766401648521423
00086_id00569_gSynmpwioV4.mp4,1,FVRA,0.5412294268608093,0.53337896,0.5,0.49124882,0.49124882,-0.049980610609054565,-0.049980610609054565
00086_id00633_UXrTMta1EDM.mp4,1,FVRA,0.5373966097831726,0.5333788,0.5,0.49124882,0.49124882,-0.04614779353141785,-0.04614779353141785
00086_id00735_ivJSkq5hGOQ.mp4,1,FVRA,0.5409671068191528,0.5333789,0.5,0.49124882,0.49124882,-0.04971829056739807,-0.04971829056739807
00086_id01002_eQTviHjyISo.mp4,1,FVRA,0.5376277565956116,0.53337854,0.5,0.49124882,0.49124882,-0.04637894034385681,-0.04637894034385681
00086_id03816_XXD0yTNei50.mp4,1,FVRA,0.5394889712333679,0.53337866,0.5,0.49124882,0.49124882,-0.04824015498161316,-0.04824015498161316
00043_id00188_e-vm5FB3idA.mp4,1,FVRA,0.5129360556602478,0.5333806,0.5,0.49124882,0.49124882,-0.021687239408493042,-0.021687239408493042
00043_id00287_2NpfYjyMsPM.mp4,1,FVRA,0.5103438496589661,0.5333805,0.5,0.49124882,0.49124882,-0.019095033407211304,-0.019095033407211304
00043_id00325_4vJtbNe0L98.mp4,1,FVRA,0.5121338367462158,0.53338057,0.5,0.49124882,0.49124882,-0.02088502049446106,-0.02088502049446106
00043_id00491_ShjiTWoOtM4.mp4,1,FVRA,0.5054083466529846,0.53338015,0.5,0.49124882,0.49124882,-0.014159530401229858,-0.014159530401229858
00043_id00569_gSynmpwioV4.mp4,1,FVRA,0.5068138241767883,0.5333805,0.5,0.49124882,0.49124882,-0.01556500792503357,-0.01556500792503357
00043_id00581_7AxvP19LGKg.mp4,1,FVRA,0.5119574666023254,0.5333805,0.5,0.49124882,0.49124882,-0.02070865035057068,-0.02070865035057068
00043_id00633_UXrTMta1EDM.mp4,1,FVRA,0.5071477890014648,0.53338045,0.5,0.49124882,0.49124882,-0.015898972749710083,-0.015898972749710083
00043_id01001_dHJc8dh9X8c.mp4,1,FVRA,0.5075961351394653,0.53338045,0.5,0.49124882,0.49124882,-0.01634731888771057,-0.01634731888771057
00043_id03371_truKMXt8Dak.mp4,1,FVRA,0.5129949450492859,0.5333805,0.5,0.49124882,0.49124882,-0.021746128797531128,-0.021746128797531128
00043_id03651_EjcoRkL6loI.mp4,1,FVRA,0.5104653835296631,0.5333805,0.5,0.49124882,0.49124882,-0.019216567277908325,-0.019216567277908325
00072_id00232_kL0cCveU1zg.mp4,1,FVRA,0.5087531208992004,0.53337944,0.5,0.49124882,0.49124882,-0.01750430464744568,-0.01750430464744568
00072_id00287_2NpfYjyMsPM.mp4,1,FVRA,0.5093647241592407,0.53337944,0.5,0.49124882,0.49124882,-0.018115907907485962,-0.018115907907485962
00072_id00491_ShjiTWoOtM4.mp4,1,FVRA,0.5027244687080383,0.5333792,0.5,0.49124882,0.49124882,-0.01147565245628357,-0.01147565245628357
00072_id00569_gSynmpwioV4.mp4,1,FVRA,0.504783570766449,0.5333794,0.5,0.49124882,0.49124882,-0.013534754514694214,-0.013534754514694214
00072_id00591_1Jo8xElXQMs.mp4,1,FVRA,0.5029019117355347,0.5333793,0.5,0.49124882,0.49124882,-0.011653095483779907,-0.011653095483779907
00072_id03620_YkXM5A8w07E.mp4,1,FVRA,0.500863790512085,0.5333792,0.5,0.49124882,0.49124882,-0.0096149742603302,-0.0096149742603302
00072_id03649_389qfFqUddI.mp4,1,FVRA,0.5073584318161011,0.53337944,0.5,0.49124882,0.49124882,-0.016109615564346313,-0.016109615564346313
00072_id03651_EjcoRkL6loI.mp4,1,FVRA,0.5088664293289185,0.5333793,0.5,0.49124882,0.49124882,-0.017617613077163696,-0.017617613077163696
00430_id00068_A7uFnQw--bY.mp4,1,FVRA,0.5338005423545837,0.5333808,0.5,0.49124882,0.49124882,-0.04255172610282898,-0.04255172610282898
00430_id00330_zCFFgGSIZ_s.mp4,1,FVRA,0.5254948139190674,0.53338057,0.5,0.49124882,0.49124882,-0.03424599766731262,-0.03424599766731262
00430_id00491_ShjiTWoOtM4.mp4,1,FVRA,0.5235601663589478,0.5333805,0.5,0.49124882,0.49124882,-0.03231135010719299,-0.03231135010719299
00430_id00569_gSynmpwioV4.mp4,1,FVRA,0.5301589965820312,0.5333808,0.5,0.49124882,0.49124882,-0.03891018033027649,-0.03891018033027649
00430_id00581_7AxvP19LGKg.mp4,1,FVRA,0.5305973887443542,0.5333808,0.5,0.49124882,0.49124882,-0.03934857249259949,-0.03934857249259949
00430_id00806_0sk9s9lFIAk.mp4,1,FVRA,0.526728093624115,0.5333806,0.5,0.49124882,0.49124882,-0.03547927737236023,-0.03547927737236023
00430_id03858_uKVqPfRf-ac.mp4,1,FVRA,0.5251163840293884,0.5333807,0.5,0.49124882,0.49124882,-0.03386756777763367,-0.03386756777763367
00002_id00068_A7uFnQw--bY.mp4,1,FVRA,0.5080223083496094,0.53338045,0.5,0.49124882,0.49124882,-0.016773492097854614,-0.016773492097854614
00002_id00262_3p7sRWAAh1Q.mp4,1,FVRA,0.5059181451797485,0.53338045,0.5,0.49124882,0.49124882,-0.014669328927993774,-0.014669328927993774
00002_id00287_2NpfYjyMsPM.mp4,1,FVRA,0.5066126585006714,0.53338045,0.5,0.49124882,0.49124882,-0.015363842248916626,-0.015363842248916626
00002_id00395_wM5kGJfTtEM.mp4,1,FVRA,0.5072560906410217,0.5333803,0.5,0.49124882,0.49124882,-0.016007274389266968,-0.016007274389266968
00002_id00495_E46aiMUC4A0.mp4,1,FVRA,0.5094783306121826,0.53338045,0.5,0.49124882,0.49124882,-0.018229514360427856,-0.018229514360427856
00002_id00496_SImaDcXQnh8.mp4,1,FVRA,0.5040298700332642,0.5333804,0.5,0.49124882,0.49124882,-0.0127810537815094,-0.0127810537815094
00002_id00589_uOzKwYEVR6s.mp4,1,FVRA,0.5039733648300171,0.5333803,0.5,0.49124882,0.49124882,-0.012724548578262329,-0.012724548578262329
00002_id00634_z5t9oJizDQg.mp4,1,FVRA,0.5060791969299316,0.53338045,0.5,0.49124882,0.49124882,-0.01483038067817688,-0.01483038067817688
00002_id03649_389qfFqUddI.mp4,1,FVRA,0.505611002445221,0.5333804,0.5,0.49124882,0.49124882,-0.014362186193466187,-0.014362186193466187
00002_id03858_uKVqPfRf-ac.mp4,1,FVRA,0.5072311162948608,0.5333803,0.5,0.49124882,0.49124882,-0.01598230004310608,-0.01598230004310608
00081_id00188_e-vm5FB3idA.mp4,1,FVRA,0.5585388541221619,0.5333801,0.5,0.49124882,0.49124882,-0.0672900378704071,-0.0672900378704071
00081_id00287_2NpfYjyMsPM.mp4,1,FVRA,0.5589649081230164,0.53338003,0.5,0.49124882,0.49124882,-0.0677160918712616,-0.0677160918712616
00081_id00325_4vJtbNe0L98.mp4,1,FVRA,0.5581071376800537,0.53338,0.5,0.49124882,0.49124882,-0.06685832142829895,-0.06685832142829895
00081_id00365_XV-imLNJvfk.mp4,1,FVRA,0.5562259554862976,0.53338,0.5,0.49124882,0.49124882,-0.06497713923454285,-0.06497713923454285
00081_id00373_5NXv3Dxkd6E.mp4,1,FVRA,0.5546408295631409,0.5333801,0.5,0.49124882,0.49124882,-0.06339201331138611,-0.06339201331138611
00081_id00374_w1qI7y9AGTc.mp4,1,FVRA,0.5551496744155884,0.53338,0.5,0.49124882,0.49124882,-0.06390085816383362,-0.06390085816383362
00081_id00496_SImaDcXQnh8.mp4,1,FVRA,0.5555856227874756,0.53338003,0.5,0.49124882,0.49124882,-0.06433680653572083,-0.06433680653572083
00081_id01018_VNPt_GB5QiE.mp4,1,FVRA,0.5577466487884521,0.53338003,0.5,0.49124882,0.49124882,-0.06649783253669739,-0.06649783253669739
00081_id03651_EjcoRkL6loI.mp4,1,FVRA,0.557175874710083,0.53338,0.5,0.49124882,0.49124882,-0.06592705845832825,-0.06592705845832825
00081_id03844_AEAEN1Lns2c.mp4,1,FVRA,0.5584640502929688,0.5333801,0.5,0.49124882,0.49124882,-0.06721523404121399,-0.06721523404121399
00001_id00068_A7uFnQw--bY.mp4,1,FVRA,0.5113598108291626,0.5333804,0.5,0.49124882,0.49124882,-0.020110994577407837,-0.020110994577407837
00001_id00188_e-vm5FB3idA.mp4,1,FVRA,0.5123695135116577,0.53338045,0.5,0.49124882,0.49124882,-0.021120697259902954,-0.021120697259902954
00001_id00325_4vJtbNe0L98.mp4,1,FVRA,0.5109044313430786,0.5333804,0.5,0.49124882,0.49124882,-0.019655615091323853,-0.019655615091323853
00001_id00569_gSynmpwioV4.mp4,1,FVRA,0.5077316761016846,0.5333804,0.5,0.49124882,0.49124882,-0.01648285984992981,-0.01648285984992981
00001_id00589_uOzKwYEVR6s.mp4,1,FVRA,0.5079981684684753,0.53338027,0.5,0.49124882,0.49124882,-0.01674935221672058,-0.01674935221672058
00001_id00591_1Jo8xElXQMs.mp4,1,FVRA,0.5019399523735046,0.53338015,0.5,0.49124882,0.49124882,-0.010691136121749878,-0.010691136121749878
00001_id00633_UXrTMta1EDM.mp4,1,FVRA,0.5071703195571899,0.5333803,0.5,0.49124882,0.49124882,-0.01592150330543518,-0.01592150330543518
00001_id00634_z5t9oJizDQg.mp4,1,FVRA,0.5097130537033081,0.5333803,0.5,0.49124882,0.49124882,-0.018464237451553345,-0.018464237451553345
00001_id00826_MYagwzy91Yk.mp4,1,FVRA,0.510195791721344,0.53338027,0.5,0.49124882,0.49124882,-0.018946975469589233,-0.018946975469589233
00001_id03589_9NxOQlwpMys.mp4,1,FVRA,0.5089268088340759,0.5333804,0.5,0.49124882,0.49124882,-0.017677992582321167,-0.017677992582321167
00092_id00325_4vJtbNe0L98.mp4,1,FVRA,0.5197332501411438,0.5333808,0.5,0.49124882,0.49124882,-0.028484433889389038,-0.028484433889389038
00092_id00395_wM5kGJfTtEM.mp4,1,FVRA,0.5165490508079529,0.53337944,0.5,0.49124882,0.49124882,-0.02530023455619812,-0.02530023455619812
00092_id00897_0ayFw8JhoyI.mp4,1,FVRA,0.5173928141593933,0.53338075,0.5,0.49124882,0.49124882,-0.02614399790763855,-0.02614399790763855
00092_id01002_eQTviHjyISo.mp4,1,FVRA,0.5187370181083679,0.53338075,0.5,0.49124882,0.49124882,-0.02748820185661316,-0.02748820185661316
00092_id01018_VNPt_GB5QiE.mp4,1,FVRA,0.520592451095581,0.53338087,0.5,0.49124882,0.49124882,-0.029343634843826294,-0.029343634843826294
00092_id03371_truKMXt8Dak.mp4,1,FVRA,0.5215505361557007,0.5333795,0.5,0.49124882,0.49124882,-0.030301719903945923,-0.030301719903945923
00092_id03620_YkXM5A8w07E.mp4,1,FVRA,0.5127195119857788,0.5333807,0.5,0.49124882,0.49124882,-0.021470695734024048,-0.021470695734024048
00092_id03649_389qfFqUddI.mp4,1,FVRA,0.517937958240509,0.53338087,0.5,0.49124882,0.49124882,-0.026689141988754272,-0.026689141988754272
00092_id03716_s-lxbGafZQA.mp4,1,FVRA,0.5129250288009644,0.53337944,0.5,0.49124882,0.49124882,-0.021676212549209595,-0.021676212549209595
00092_id03858_uKVqPfRf-ac.mp4,1,FVRA,0.5188793540000916,0.53338087,0.5,0.49124882,0.49124882,-0.027630537748336792,-0.027630537748336792
00040_id00332__zNddcZV1EU.mp4,1,FVRA,0.5078274011611938,0.53338045,0.5,0.49124882,0.49124882,-0.016578584909439087,-0.016578584909439087
00040_id00365_XV-imLNJvfk.mp4,1,FVRA,0.5065290331840515,0.5333805,0.5,0.49124882,0.49124882,-0.015280216932296753,-0.015280216932296753
00040_id00379_fgkgYHCuk4g.mp4,1,FVRA,0.5120887756347656,0.5333805,0.5,0.49124882,0.49124882,-0.020839959383010864,-0.020839959383010864
00040_id00395_wM5kGJfTtEM.mp4,1,FVRA,0.5069331526756287,0.53338045,0.5,0.49124882,0.49124882,-0.0156843364238739,-0.0156843364238739
00040_id00591_1Jo8xElXQMs.mp4,1,FVRA,0.5071067214012146,0.5333803,0.5,0.49124882,0.49124882,-0.01585790514945984,-0.01585790514945984
00040_id00633_UXrTMta1EDM.mp4,1,FVRA,0.5090531706809998,0.5333805,0.5,0.49124882,0.49124882,-0.017804354429244995,-0.017804354429244995
00040_id00897_0ayFw8JhoyI.mp4,1,FVRA,0.5083323121070862,0.53338045,0.5,0.49124882,0.49124882,-0.01708349585533142,-0.01708349585533142
00040_id03651_EjcoRkL6loI.mp4,1,FVRA,0.5106514692306519,0.53338045,0.5,0.49124882,0.49124882,-0.019402652978897095,-0.019402652978897095
00040_id03816_XXD0yTNei50.mp4,1,FVRA,0.5049911737442017,0.5333804,0.5,0.49124882,0.49124882,-0.0137423574924469,-0.0137423574924469
00040_id03858_uKVqPfRf-ac.mp4,1,FVRA,0.5095739364624023,0.5333805,0.5,0.49124882,0.49124882,-0.018325120210647583,-0.018325120210647583
00093_id00071_JU1cVINUTZA.mp4,1,FVRA,0.5145570635795593,0.53338,0.5,0.49124882,0.49124882,-0.023308247327804565,-0.023308247327804565
00093_id00262_3p7sRWAAh1Q.mp4,1,FVRA,0.5124080777168274,0.5333799,0.5,0.49124882,0.49124882,-0.021159261465072632,-0.021159261465072632
00093_id00287_2NpfYjyMsPM.mp4,1,FVRA,0.5166197419166565,0.53338003,0.5,0.49124882,0.49124882,-0.025370925664901733,-0.025370925664901733
00093_id00379_fgkgYHCuk4g.mp4,1,FVRA,0.5126580595970154,0.53338,0.5,0.49124882,0.49124882,-0.02140924334526062,-0.02140924334526062
00093_id00395_wM5kGJfTtEM.mp4,1,FVRA,0.5117425322532654,0.5333799,0.5,0.49124882,0.49124882,-0.02049371600151062,-0.02049371600151062
00093_id00495_E46aiMUC4A0.mp4,1,FVRA,0.5168713331222534,0.53338003,0.5,0.49124882,0.49124882,-0.025622516870498657,-0.025622516870498657
00093_id00633_UXrTMta1EDM.mp4,1,FVRA,0.5124881267547607,0.53338,0.5,0.49124882,0.49124882,-0.02123931050300598,-0.02123931050300598
00093_id00897_0ayFw8JhoyI.mp4,1,FVRA,0.5208706855773926,0.5333799,0.5,0.49124882,0.49124882,-0.029621869325637817,-0.029621869325637817
00093_id01018_VNPt_GB5QiE.mp4,1,FVRA,0.516795814037323,0.53338003,0.5,0.49124882,0.49124882,-0.025546997785568237,-0.025546997785568237
00093_id03941_SsYtP8Ze88Q.mp4,1,FVRA,0.5200819373130798,0.5333801,0.5,0.49124882,0.49124882,-0.028833121061325073,-0.028833121061325073
00028_id00068_A7uFnQw--bY.mp4,1,FVRA,0.49857038259506226,0.5333797,0.5,0.49124882,0.49124882,-0.007321566343307495,-0.007321566343307495
00028_id00330_zCFFgGSIZ_s.mp4,1,FVRA,0.4954986572265625,0.533379,0.5,0.49124882,0.49124882,-0.004249840974807739,-0.004249840974807739
00028_id00332__zNddcZV1EU.mp4,1,FVRA,0.49789541959762573,0.5333796,0.5,0.49124882,0.49124882,-0.006646603345870972,-0.006646603345870972
00028_id00365_XV-imLNJvfk.mp4,1,FVRA,0.4959753155708313,0.5333796,0.5,0.49124882,0.49124882,-0.004726499319076538,-0.004726499319076538
00028_id00484_u7YTz8eFZv0.mp4,1,FVRA,0.5026936531066895,0.5333797,0.5,0.49124882,0.49124882,-0.011444836854934692,-0.011444836854934692
00028_id00495_E46aiMUC4A0.mp4,1,FVRA,0.4976702332496643,0.53337955,0.5,0.49124882,0.49124882,-0.006421416997909546,-0.006421416997909546
00028_id00496_SImaDcXQnh8.mp4,1,FVRA,0.4981987774372101,0.5333797,0.5,0.49124882,0.49124882,-0.006949961185455322,-0.006949961185455322
00028_id00735_ivJSkq5hGOQ.mp4,1,FVRA,0.4990616738796234,0.5333796,0.5,0.49124882,0.49124882,-0.007812857627868652,-0.007812857627868652
00028_id03858_uKVqPfRf-ac.mp4,1,FVRA,0.49957913160324097,0.53337955,0.5,0.49124882,0.49124882,-0.008330315351486206,-0.008330315351486206
00092_id00270_hoEQ70-sDME.mp4,1,FVRA,0.5132384896278381,0.5333793,0.5,0.49124882,0.49124882,-0.021989673376083374,-0.021989673376083374
00092_id00365_XV-imLNJvfk.mp4,1,FVRA,0.5155361890792847,0.5333795,0.5,0.49124882,0.49124882,-0.024287372827529907,-0.024287372827529907
00092_id00395_wM5kGJfTtEM.mp4,1,FVRA,0.5165490508079529,0.53337944,0.5,0.49124882,0.49124882,-0.02530023455619812,-0.02530023455619812
00092_id00484_u7YTz8eFZv0.mp4,1,FVRA,0.5198937058448792,0.53337944,0.5,0.49124882,0.49124882,-0.02864488959312439,-0.02864488959312439
00092_id00495_E46aiMUC4A0.mp4,1,FVRA,0.523512601852417,0.5333795,0.5,0.49124882,0.49124882,-0.03226378560066223,-0.03226378560066223
00092_id00581_7AxvP19LGKg.mp4,1,FVRA,0.522891104221344,0.53337955,0.5,0.49124882,0.49124882,-0.03164228796958923,-0.03164228796958923
00092_id00823_KgExwCvgrUk.mp4,1,FVRA,0.5192583203315735,0.5333794,0.5,0.49124882,0.49124882,-0.028009504079818726,-0.028009504079818726
00092_id03371_truKMXt8Dak.mp4,1,FVRA,0.5215505361557007,0.5333795,0.5,0.49124882,0.49124882,-0.030301719903945923,-0.030301719903945923
00092_id03716_s-lxbGafZQA.mp4,1,FVRA,0.5129250288009644,0.53337944,0.5,0.49124882,0.49124882,-0.021676212549209595,-0.021676212549209595
00092_id03844_AEAEN1Lns2c.mp4,1,FVRA,0.5225598216056824,0.5333795,0.5,0.49124882,0.49124882,-0.03131100535392761,-0.03131100535392761
00021_id00068_A7uFnQw--bY.mp4,1,FVRA,0.57280433177948,0.5333784,0.5,0.49124882,0.49124882,-0.08155551552772522,-0.08155551552772522
00021_id00262_3p7sRWAAh1Q.mp4,1,FVRA,0.5703304409980774,0.5333783,0.5,0.49124882,0.49124882,-0.07908162474632263,-0.07908162474632263
00021_id00287_2NpfYjyMsPM.mp4,1,FVRA,0.5806450247764587,0.5333784,0.5,0.49124882,0.49124882,-0.08939620852470398,-0.08939620852470398
00021_id00332__zNddcZV1EU.mp4,1,FVRA,0.5681321620941162,0.5333783,0.5,0.49124882,0.49124882,-0.07688334584236145,-0.07688334584236145
00021_id00365_XV-imLNJvfk.mp4,1,FVRA,0.5674541592597961,0.5333783,0.5,0.49124882,0.49124882,-0.07620534300804138,-0.07620534300804138
00021_id00495_E46aiMUC4A0.mp4,1,FVRA,0.5713720321655273,0.5333783,0.5,0.49124882,0.49124882,-0.08012321591377258,-0.08012321591377258
00021_id00735_ivJSkq5hGOQ.mp4,1,FVRA,0.5648424029350281,0.5333784,0.5,0.49124882,0.49124882,-0.07359358668327332,-0.07359358668327332
00021_id00806_0sk9s9lFIAk.mp4,1,FVRA,0.5587694048881531,0.5333778,0.5,0.49124882,0.49124882,-0.06752058863639832,-0.06752058863639832
00021_id01001_dHJc8dh9X8c.mp4,1,FVRA,0.5712574124336243,0.5333783,0.5,0.49124882,0.49124882,-0.0800085961818695,-0.0800085961818695
00021_id03816_XXD0yTNei50.mp4,1,FVRA,0.5717947483062744,0.5333782,0.5,0.49124882,0.49124882,-0.08054593205451965,-0.08054593205451965
00028_id00287_2NpfYjyMsPM_id00262_wavtolip.mp4,1,FVFA,0.9999885559082031,0.53337795,0.5,0.49124882,0.49124882,-0.5087397396564484,-0.5087397396564484
00028_id00325_4vJtbNe0L98_id00823_wavtolip.mp4,1,FVFA,0.9998719692230225,0.53337795,0.5,0.49124882,0.49124882,-0.5086231529712677,-0.5086231529712677
00028_id00330_zCFFgGSIZ_s_id00484_wavtolip.mp4,1,FVFA,0.9995417594909668,0.5333773,0.5,0.49124882,0.49124882,-0.508292943239212,-0.508292943239212
00028_id00569_gSynmpwioV4_id00806_wavtolip.mp4,1,FVFA,0.999937891960144,0.5333782,0.5,0.49124882,0.49124882,-0.5086890757083893,-0.5086890757083893
00028_id01002_eQTviHjyISo_id00270_wavtolip.mp4,1,FVFA,0.9999954700469971,0.53337765,0.5,0.49124882,0.49124882,-0.5087466537952423,-0.5087466537952423
00028_id03620_YkXM5A8w07E_id03844_wavtolip.mp4,1,FVFA,0.9988631010055542,0.5333775,0.5,0.49124882,0.49124882,-0.5076142847537994,-0.5076142847537994
00028_id03649_389qfFqUddI_id00374_wavtolip.mp4,1,FVFA,0.9999823570251465,0.53337795,0.5,0.49124882,0.49124882,-0.5087335407733917,-0.5087335407733917
00028_id03651_EjcoRkL6loI_id00262_wavtolip.mp4,1,FVFA,0.9999884366989136,0.53337795,0.5,0.49124882,0.49124882,-0.5087396204471588,-0.5087396204471588
00004_id00232_kL0cCveU1zg_id00806_wavtolip.mp4,1,FVFA,0.9999812841415405,0.5333741,0.5,0.49124882,0.49124882,-0.5087324678897858,-0.5087324678897858
00004_id00395_wM5kGJfTtEM_id00634_wavtolip.mp4,1,FVFA,0.9999983310699463,0.53337324,0.5,0.49124882,0.49124882,-0.5087495148181915,-0.5087495148181915
00004_id00484_u7YTz8eFZv0_id00188_wavtolip.mp4,1,FVFA,0.9996416568756104,0.5333741,0.5,0.49124882,0.49124882,-0.5083928406238556,-0.5083928406238556
00004_id00495_E46aiMUC4A0_id00496_wavtolip.mp4,1,FVFA,0.9999724626541138,0.533374,0.5,0.49124882,0.49124882,-0.508723646402359,-0.508723646402359
00004_id00581_7AxvP19LGKg_id00581_wavtolip.mp4,1,FVFA,0.9999910593032837,0.53337383,0.5,0.49124882,0.49124882,-0.5087422430515289,-0.5087422430515289
00004_id00826_MYagwzy91Yk_id00403_wavtolip.mp4,1,FVFA,0.999998927116394,0.5333738,0.5,0.49124882,0.49124882,-0.5087501108646393,-0.5087501108646393
00004_id03371_truKMXt8Dak_id00823_wavtolip.mp4,1,FVFA,0.9998843669891357,0.53337383,0.5,0.49124882,0.49124882,-0.508635550737381,-0.508635550737381
00004_id03589_9NxOQlwpMys_id00735_wavtolip.mp4,1,FVFA,0.9992165565490723,0.53337455,0.5,0.49124882,0.49124882,-0.5079677402973175,-0.5079677402973175
00004_id03844_AEAEN1Lns2c_id00633_wavtolip.mp4,1,FVFA,0.9999943971633911,0.5333744,0.5,0.49124882,0.49124882,-0.5087455809116364,-0.5087455809116364
00014_id00188_e-vm5FB3idA_id03651_wavtolip.mp4,1,FVFA,0.9996877908706665,0.53338075,0.5,0.49124882,0.49124882,-0.5084389746189117,-0.5084389746189117
00014_id00232_kL0cCveU1zg_id00806_wavtolip.mp4,1,FVFA,0.9998869895935059,0.5333807,0.5,0.49124882,0.49124882,-0.5086381733417511,-0.5086381733417511
00014_id00262_3p7sRWAAh1Q_id00270_wavtolip.mp4,1,FVFA,0.9999949932098389,0.5333806,0.5,0.49124882,0.49124882,-0.5087461769580841,-0.5087461769580841
00014_id00270_hoEQ70-sDME_id00591_wavtolip.mp4,1,FVFA,0.998643696308136,0.53338045,0.5,0.49124882,0.49124882,-0.5073948800563812,-0.5073948800563812
00014_id00379_fgkgYHCuk4g_id03620_wavtolip.mp4,1,FVFA,0.9999963045120239,0.5333806,0.5,0.49124882,0.49124882,-0.5087474882602692,-0.5087474882602692
00014_id00581_7AxvP19LGKg_id00232_wavtolip.mp4,1,FVFA,0.9999909400939941,0.5333806,0.5,0.49124882,0.49124882,-0.5087421238422394,-0.5087421238422394
00014_id00735_ivJSkq5hGOQ_id03589_wavtolip.mp4,1,FVFA,0.999996542930603,0.5333806,0.5,0.49124882,0.49124882,-0.5087477266788483,-0.5087477266788483
00014_id00897_0ayFw8JhoyI_id00496_wavtolip.mp4,1,FVFA,0.9999258518218994,0.5333805,0.5,0.49124882,0.49124882,-0.5086770355701447,-0.5086770355701447
00014_id03371_truKMXt8Dak_id00071_wavtolip.mp4,1,FVFA,0.9999809265136719,0.5333806,0.5,0.49124882,0.49124882,-0.5087321102619171,-0.5087321102619171
00014_id03816_XXD0yTNei50_id00271_wavtolip.mp4,1,FVFA,0.9898667335510254,0.5333805,0.5,0.49124882,0.49124882,-0.49861791729927063,-0.49861791729927063
00020_id00270_hoEQ70-sDME_id03651_wavtolip.mp4,1,FVFA,0.9996989965438843,0.53338003,0.5,0.49124882,0.49124882,-0.5084501802921295,-0.5084501802921295
00020_id00373_5NXv3Dxkd6E_id00826_wavtolip.mp4,1,FVFA,0.9999991655349731,0.5333802,0.5,0.49124882,0.49124882,-0.5087503492832184,-0.5087503492832184
00020_id00374_w1qI7y9AGTc_id00806_wavtolip.mp4,1,FVFA,0.9999145269393921,0.5333801,0.5,0.49124882,0.49124882,-0.5086657106876373,-0.5086657106876373
00020_id00379_fgkgYHCuk4g_id00634_wavtolip.mp4,1,FVFA,0.9999985694885254,0.5333801,0.5,0.49124882,0.49124882,-0.5087497532367706,-0.5087497532367706
00020_id00491_ShjiTWoOtM4_id00330_wavtolip.mp4,1,FVFA,0.9999582767486572,0.5333799,0.5,0.49124882,0.49124882,-0.5087094604969025,-0.5087094604969025
00020_id00569_gSynmpwioV4_id00262_wavtolip.mp4,1,FVFA,0.999988317489624,0.53338015,0.5,0.49124882,0.49124882,-0.5087395012378693,-0.5087395012378693
00020_id00897_0ayFw8JhoyI_id03649_wavtolip.mp4,1,FVFA,0.9999978542327881,0.53338015,0.5,0.49124882,0.49124882,-0.5087490379810333,-0.5087490379810333
00020_id01018_VNPt_GB5QiE_id00735_wavtolip.mp4,1,FVFA,0.9999985694885254,0.53338015,0.5,0.49124882,0.49124882,-0.5087497532367706,-0.5087497532367706
00020_id03649_389qfFqUddI_id03620_wavtolip.mp4,1,FVFA,0.9999969005584717,0.53338015,0.5,0.49124882,0.49124882,-0.5087480843067169,-0.5087480843067169
00025_id00068_A7uFnQw--bY_id00496_wavtolip.mp4,1,FVFA,0.9999585151672363,0.5333797,0.5,0.49124882,0.49124882,-0.5087096989154816,-0.5087096989154816
00025_id00332__zNddcZV1EU_id03651_wavtolip.mp4,1,FVFA,0.9997068047523499,0.5333797,0.5,0.49124882,0.49124882,-0.5084579885005951,-0.5084579885005951
00025_id00365_XV-imLNJvfk_id00897_wavtolip.mp4,1,FVFA,0.9999983310699463,0.53337955,0.5,0.49124882,0.49124882,-0.5087495148181915,-0.5087495148181915
00025_id00484_u7YTz8eFZv0_id00270_wavtolip.mp4,1,FVFA,0.9209567308425903,0.5333797,0.5,0.49124882,0.49124882,-0.42970791459083557,-0.42970791459083557
00025_id00495_E46aiMUC4A0_id03844_wavtolip.mp4,1,FVFA,0.9989076852798462,0.5333796,0.5,0.49124882,0.49124882,-0.5076588690280914,-0.5076588690280914
00025_id03844_AEAEN1Lns2c_id00484_wavtolip.mp4,1,FVFA,0.9995537400245667,0.5333798,0.5,0.49124882,0.49124882,-0.5083049237728119,-0.5083049237728119
00063_id00271_je6JSLqEEcw_id00897_wavtolip.mp4,1,FVFA,0.9999985694885254,0.53337985,0.5,0.49124882,0.49124882,-0.5087497532367706,-0.5087497532367706
00063_id00330_zCFFgGSIZ_s_id00569_wavtolip.mp4,1,FVFA,0.9872658252716064,0.53337973,0.5,0.49124882,0.49124882,-0.4960170090198517,-0.4960170090198517
00063_id00332__zNddcZV1EU_id00071_wavtolip.mp4,1,FVFA,0.999887228012085,0.53337985,0.5,0.49124882,0.49124882,-0.5086384117603302,-0.5086384117603302
00063_id00403_n4LSCxzFr6o_id00826_wavtolip.mp4,1,FVFA,0.9999853372573853,0.5333797,0.5,0.49124882,0.49124882,-0.5087365210056305,-0.5087365210056305
00063_id00434_HPXkk-HGXVI_id00188_wavtolip.mp4,1,FVFA,0.999651312828064,0.53337985,0.5,0.49124882,0.49124882,-0.5084024965763092,-0.5084024965763092
00063_id00491_ShjiTWoOtM4_id03941_wavtolip.mp4,1,FVFA,0.9927811026573181,0.5333796,0.5,0.49124882,0.49124882,-0.5015322864055634,-0.5015322864055634
00063_id00897_0ayFw8JhoyI_id00373_wavtolip.mp4,1,FVFA,0.9999983310699463,0.5333799,0.5,0.49124882,0.49124882,-0.5087495148181915,-0.5087495148181915
00063_id01002_eQTviHjyISo_id03620_wavtolip.mp4,1,FVFA,0.9999980926513672,0.53337973,0.5,0.49124882,0.49124882,-0.5087492763996124,-0.5087492763996124
00063_id03371_truKMXt8Dak_id00569_wavtolip.mp4,1,FVFA,0.9877743124961853,0.53337985,0.5,0.49124882,0.49124882,-0.49652549624443054,-0.49652549624443054
00028_id00071_JU1cVINUTZA_id00484_wavtolip.mp4,1,FVFA,0.9995850920677185,0.5333811,0.5,0.49124882,0.49124882,-0.5083362758159637,-0.5083362758159637
00028_id00270_hoEQ70-sDME_id03651_wavtolip.mp4,1,FVFA,0.9997164607048035,0.533381,0.5,0.49124882,0.49124882,-0.5084676444530487,-0.5084676444530487
00028_id00395_wM5kGJfTtEM_id03371_wavtolip.mp4,1,FVFA,0.9991182684898376,0.5333811,0.5,0.49124882,0.49124882,-0.5078694522380829,-0.5078694522380829
00028_id00495_E46aiMUC4A0_id00591_wavtolip.mp4,1,FVFA,0.9988172650337219,0.5333811,0.5,0.49124882,0.49124882,-0.5075684487819672,-0.5075684487819672
00028_id00496_SImaDcXQnh8_id00271_wavtolip.mp4,1,FVFA,0.9909070730209351,0.5333811,0.5,0.49124882,0.49124882,-0.4996582567691803,-0.4996582567691803
00028_id00633_UXrTMta1EDM_id00806_wavtolip.mp4,1,FVFA,0.9671180844306946,0.5333811,0.5,0.49124882,0.49124882,-0.4758692681789398,-0.4758692681789398
00028_id00813_dKs9CWJIkSI_id00434_wavtolip.mp4,1,FVFA,0.9955464601516724,0.533381,0.5,0.49124882,0.49124882,-0.5042976438999176,-0.5042976438999176
00028_id03816_XXD0yTNei50_id03716_wavtolip.mp4,1,FVFA,0.9976320266723633,0.533381,0.5,0.49124882,0.49124882,-0.5063832104206085,-0.5063832104206085
00028_id03941_SsYtP8Ze88Q_id00325_wavtolip.mp4,1,FVFA,0.9983518123626709,0.5333811,0.5,0.49124882,0.49124882,-0.5071029961109161,-0.5071029961109161
00088_id00188_e-vm5FB3idA_id00403_wavtolip.mp4,1,FVFA,0.9999990463256836,0.53337944,0.5,0.49124882,0.49124882,-0.5087502300739288,-0.5087502300739288
00088_id00262_3p7sRWAAh1Q_id00484_wavtolip.mp4,1,FVFA,0.9995885491371155,0.53337944,0.5,0.49124882,0.49124882,-0.5083397328853607,-0.5083397328853607
00088_id00287_2NpfYjyMsPM_id00042_wavtolip.mp4,1,FVFA,0.9749886393547058,0.5333795,0.5,0.49124882,0.49124882,-0.48373982310295105,-0.48373982310295105
00088_id00332__zNddcZV1EU_id00042_wavtolip.mp4,1,FVFA,0.9752990007400513,0.5333794,0.5,0.49124882,0.49124882,-0.4840501844882965,-0.4840501844882965
00088_id00379_fgkgYHCuk4g_id03858_wavtolip.mp4,1,FVFA,0.9999978542327881,0.53337955,0.5,0.49124882,0.49124882,-0.5087490379810333,-0.5087490379810333
00088_id00395_wM5kGJfTtEM_id03371_wavtolip.mp4,1,FVFA,0.9999982118606567,0.5333795,0.5,0.49124882,0.49124882,-0.508749395608902,-0.508749395608902
00088_id00569_gSynmpwioV4_id00897_wavtolip.mp4,1,FVFA,0.9999982118606567,0.5333796,0.5,0.49124882,0.49124882,-0.508749395608902,-0.508749395608902
00088_id00591_1Jo8xElXQMs_id00330_wavtolip.mp4,1,FVFA,0.9999974966049194,0.5333792,0.5,0.49124882,0.49124882,-0.5087486803531647,-0.5087486803531647
00088_id00633_UXrTMta1EDM_id03649_wavtolip.mp4,1,FVFA,0.9948765635490417,0.53337944,0.5,0.49124882,0.49124882,-0.503627747297287,-0.503627747297287
00088_id03858_uKVqPfRf-ac_id00042_wavtolip.mp4,1,FVFA,0.9753085374832153,0.5333794,0.5,0.49124882,0.49124882,-0.48405972123146057,-0.48405972123146057
00028_id00287_2NpfYjyMsPM_id03589_wavtolip.mp4,1,FVFA,0.9999973773956299,0.5333803,0.5,0.49124882,0.49124882,-0.5087485611438751,-0.5087485611438751
00028_id00330_zCFFgGSIZ_s_id00826_wavtolip.mp4,1,FVFA,0.9999991655349731,0.5333802,0.5,0.49124882,0.49124882,-0.5087503492832184,-0.5087503492832184
00028_id00365_XV-imLNJvfk_id00826_wavtolip.mp4,1,FVFA,0.9999991655349731,0.5333804,0.5,0.49124882,0.49124882,-0.5087503492832184,-0.5087503492832184
00028_id00395_wM5kGJfTtEM_id00484_wavtolip.mp4,1,FVFA,0.999992847442627,0.5333803,0.5,0.49124882,0.49124882,-0.5087440311908722,-0.5087440311908722
00028_id00484_u7YTz8eFZv0_id00591_wavtolip.mp4,1,FVFA,0.9999974966049194,0.53338027,0.5,0.49124882,0.49124882,-0.5087486803531647,-0.5087486803531647
00028_id00495_E46aiMUC4A0_id00569_wavtolip.mp4,1,FVFA,0.9998964071273804,0.5333803,0.5,0.49124882,0.49124882,-0.5086475908756256,-0.5086475908756256
00028_id00633_UXrTMta1EDM_id01018_wavtolip.mp4,1,FVFA,0.9999983310699463,0.5333803,0.5,0.49124882,0.49124882,-0.5087495148181915,-0.5087495148181915
00028_id00634_z5t9oJizDQg_id00328_wavtolip.mp4,1,FVFA,0.9999984502792358,0.5333804,0.5,0.49124882,0.49124882,-0.5087496340274811,-0.5087496340274811
00028_id00826_MYagwzy91Yk_id00271_wavtolip.mp4,1,FVFA,0.9999972581863403,0.5333803,0.5,0.49124882,0.49124882,-0.5087484419345856,-0.5087484419345856
00028_id03844_AEAEN1Lns2c_id00633_wavtolip.mp4,1,FVFA,0.9999949932098389,0.5333804,0.5,0.49124882,0.49124882,-0.5087461769580841,-0.5087461769580841
00005_id00262_3p7sRWAAh1Q_id00826_wavtolip.mp4,1,FVFA,0.9999991655349731,0.5333802,0.5,0.49124882,0.49124882,-0.5087503492832184,-0.5087503492832184
00005_id00271_je6JSLqEEcw_id00232_wavtolip.mp4,1,FVFA,0.9999902248382568,0.53338015,0.5,0.49124882,0.49124882,-0.5087414085865021,-0.5087414085865021
00005_id00325_4vJtbNe0L98_id00826_wavtolip.mp4,1,FVFA,0.9999991655349731,0.53338027,0.5,0.49124882,0.49124882,-0.5087503492832184,-0.5087503492832184
00005_id00379_fgkgYHCuk4g_id00484_wavtolip.mp4,1,FVFA,0.9999935626983643,0.5333802,0.5,0.49124882,0.49124882,-0.5087447464466095,-0.5087447464466095
00005_id00496_SImaDcXQnh8_id00373_wavtolip.mp4,1,FVFA,0.9999970197677612,0.53338027,0.5,0.49124882,0.49124882,-0.5087482035160065,-0.5087482035160065
00005_id03589_9NxOQlwpMys_id00287_wavtolip.mp4,1,FVFA,0.9999990463256836,0.5333803,0.5,0.49124882,0.49124882,-0.5087502300739288,-0.5087502300739288
00005_id03620_YkXM5A8w07E_id03858_wavtolip.mp4,1,FVFA,0.9999951124191284,0.53338,0.5,0.49124882,0.49124882,-0.5087462961673737,-0.5087462961673737
00015_id00042_4yuJSkaZwn0_id00826_wavtolip.mp4,1,FVFA,0.9999849796295166,0.5333795,0.5,0.49124882,0.49124882,-0.5087361633777618,-0.5087361633777618
00015_id00287_2NpfYjyMsPM_id03371_wavtolip.mp4,1,FVFA,0.9999983310699463,0.53337944,0.5,0.49124882,0.49124882,-0.5087495148181915,-0.5087495148181915
00015_id00365_XV-imLNJvfk_id00332_wavtolip.mp4,1,FVFA,0.9921831488609314,0.53337944,0.5,0.49124882,0.49124882,-0.5009343326091766,-0.5009343326091766
00015_id00897_0ayFw8JhoyI_id00484_wavtolip.mp4,1,FVFA,0.9995772242546082,0.5333795,0.5,0.49124882,0.49124882,-0.5083284080028534,-0.5083284080028534
00015_id01002_eQTviHjyISo_id00325_wavtolip.mp4,1,FVFA,0.9999988079071045,0.533379,0.5,0.49124882,0.49124882,-0.5087499916553497,-0.5087499916553497
00015_id03620_YkXM5A8w07E_id03844_wavtolip.mp4,1,FVFA,0.9989050626754761,0.53337926,0.5,0.49124882,0.49124882,-0.5076562464237213,-0.5076562464237213
00015_id03649_389qfFqUddI_id00330_wavtolip.mp4,1,FVFA,0.9867776036262512,0.5333793,0.5,0.49124882,0.49124882,-0.49552878737449646,-0.49552878737449646
00015_id03651_EjcoRkL6loI_id00806_wavtolip.mp4,1,FVFA,0.9999834299087524,0.5333794,0.5,0.49124882,0.49124882,-0.5087346136569977,-0.5087346136569977
00092_id00188_e-vm5FB3idA_id00271_wavtolip.mp4,1,FVFA,0.9894776940345764,0.533381,0.5,0.49124882,0.49124882,-0.49822887778282166,-0.49822887778282166
00092_id00232_kL0cCveU1zg_id03716_wavtolip.mp4,1,FVFA,0.9999961853027344,0.533381,0.5,0.49124882,0.49124882,-0.5087473690509796,-0.5087473690509796
00092_id00373_5NXv3Dxkd6E_id03844_wavtolip.mp4,1,FVFA,0.9988598823547363,0.533381,0.5,0.49124882,0.49124882,-0.5076110661029816,-0.5076110661029816
00092_id00403_n4LSCxzFr6o_id00806_wavtolip.mp4,1,FVFA,0.9999203681945801,0.5333809,0.5,0.49124882,0.49124882,-0.5086715519428253,-0.5086715519428253
00092_id00484_u7YTz8eFZv0_id00496_wavtolip.mp4,1,FVFA,0.9998939037322998,0.5333809,0.5,0.49124882,0.49124882,-0.508645087480545,-0.508645087480545
00092_id00495_E46aiMUC4A0_id03844_wavtolip.mp4,1,FVFA,0.9988692402839661,0.533381,0.5,0.49124882,0.49124882,-0.5076204240322113,-0.5076204240322113
00092_id03371_truKMXt8Dak_id00328_wavtolip.mp4,1,FVFA,0.999998927116394,0.533381,0.5,0.49124882,0.49124882,-0.5087501108646393,-0.5087501108646393
00092_id03620_YkXM5A8w07E_id03858_wavtolip.mp4,1,FVFA,0.9999973773956299,0.53338087,0.5,0.49124882,0.49124882,-0.5087485611438751,-0.5087485611438751
00092_id03858_uKVqPfRf-ac_id00634_wavtolip.mp4,1,FVFA,0.9999984502792358,0.53338087,0.5,0.49124882,0.49124882,-0.5087496340274811,-0.5087496340274811
00118_id00332__zNddcZV1EU_id00328_wavtolip.mp4,1,FVFA,0.9982724189758301,0.53338,0.5,0.49124882,0.49124882,-0.5070236027240753,-0.5070236027240753
00118_id00374_w1qI7y9AGTc_id00735_wavtolip.mp4,1,FVFA,0.9990801811218262,0.5333799,0.5,0.49124882,0.49124882,-0.5078313648700714,-0.5078313648700714
00118_id00434_HPXkk-HGXVI_id03371_wavtolip.mp4,1,FVFA,0.9999983310699463,0.53338015,0.5,0.49124882,0.49124882,-0.5087495148181915,-0.5087495148181915
00118_id00581_7AxvP19LGKg_id00271_wavtolip.mp4,1,FVFA,0.9889923930168152,0.5333799,0.5,0.49124882,0.49124882,-0.4977435767650604,-0.4977435767650604
00118_id03371_truKMXt8Dak_id00328_wavtolip.mp4,1,FVFA,0.998272180557251,0.53338,0.5,0.49124882,0.49124882,-0.5070233643054962,-0.5070233643054962
00118_id03844_AEAEN1Lns2c_id00395_wavtolip.mp4,1,FVFA,0.9624217748641968,0.5333801,0.5,0.49124882,0.49124882,-0.471172958612442,-0.471172958612442
00293_id00270_hoEQ70-sDME_id00042_wavtolip.mp4,1,FVFA,0.9772399067878723,0.53337896,0.5,0.49124882,0.49124882,-0.48599109053611755,-0.48599109053611755
00293_id00330_zCFFgGSIZ_s_id03844_wavtolip.mp4,1,FVFA,0.9989305138587952,0.5333789,0.5,0.49124882,0.49124882,-0.5076816976070404,-0.5076816976070404
00293_id00434_HPXkk-HGXVI_id00735_wavtolip.mp4,1,FVFA,0.9991740584373474,0.5333792,0.5,0.49124882,0.49124882,-0.5079252421855927,-0.5079252421855927
00293_id00591_1Jo8xElXQMs_id00325_wavtolip.mp4,1,FVFA,0.9999988079071045,0.53337896,0.5,0.49124882,0.49124882,-0.5087499916553497,-0.5087499916553497
00293_id00633_UXrTMta1EDM_id00826_wavtolip.mp4,1,FVFA,0.999984860420227,0.53337914,0.5,0.49124882,0.49124882,-0.5087360441684723,-0.5087360441684723
00293_id00897_0ayFw8JhoyI_id00373_wavtolip.mp4,1,FVFA,0.9999979734420776,0.5333791,0.5,0.49124882,0.49124882,-0.5087491571903229,-0.5087491571903229
00293_id03858_uKVqPfRf-ac_id00569_wavtolip.mp4,1,FVFA,0.9891208410263062,0.53337914,0.5,0.49124882,0.49124882,-0.4978720247745514,-0.4978720247745514
00078_id00068_A7uFnQw--bY_id01002_wavtolip.mp4,1,FVFA,0.9999427795410156,0.5333808,0.5,0.49124882,0.49124882,-0.5086939632892609,-0.5086939632892609
00078_id00232_kL0cCveU1zg_id00071_wavtolip.mp4,1,FVFA,0.9998886585235596,0.53338087,0.5,0.49124882,0.49124882,-0.5086398422718048,-0.5086398422718048
00078_id00287_2NpfYjyMsPM_id00581_wavtolip.mp4,1,FVFA,0.9999948740005493,0.5333808,0.5,0.49124882,0.49124882,-0.5087460577487946,-0.5087460577487946
00078_id00495_E46aiMUC4A0_id03716_wavtolip.mp4,1,FVFA,0.9999964237213135,0.5333808,0.5,0.49124882,0.49124882,-0.5087476074695587,-0.5087476074695587
00078_id00813_dKs9CWJIkSI_id00735_wavtolip.mp4,1,FVFA,0.9999986886978149,0.53338075,0.5,0.49124882,0.49124882,-0.5087498724460602,-0.5087498724460602
00078_id03858_uKVqPfRf-ac_id00569_wavtolip.mp4,1,FVFA,0.9877538084983826,0.5333808,0.5,0.49124882,0.49124882,-0.4965049922466278,-0.4965049922466278
00028_id00188_e-vm5FB3idA_id00634_wavtolip.mp4,1,FVFA,0.9995477795600891,0.5333804,0.5,0.49124882,0.49124882,-0.5082989633083344,-0.5082989633083344
00028_id00328_ytKnCbJSEcU_id03716_wavtolip.mp4,1,FVFA,0.9976123571395874,0.53338027,0.5,0.49124882,0.49124882,-0.5063635408878326,-0.5063635408878326
00028_id00330_zCFFgGSIZ_s_id03651_wavtolip.mp4,1,FVFA,0.9997013211250305,0.5333802,0.5,0.49124882,0.49124882,-0.5084525048732758,-0.5084525048732758
00028_id00374_w1qI7y9AGTc_id00826_wavtolip.mp4,1,FVFA,0.9999849796295166,0.53338027,0.5,0.49124882,0.49124882,-0.5087361633777618,-0.5087361633777618
00028_id00484_u7YTz8eFZv0_id00823_wavtolip.mp4,1,FVFA,0.9998750686645508,0.53338027,0.5,0.49124882,0.49124882,-0.508626252412796,-0.508626252412796
00028_id00495_E46aiMUC4A0_id03651_wavtolip.mp4,1,FVFA,0.9997076392173767,0.5333804,0.5,0.49124882,0.49124882,-0.508458822965622,-0.508458822965622
00028_id00569_gSynmpwioV4_id00262_wavtolip.mp4,1,FVFA,0.9999933242797852,0.5333803,0.5,0.49124882,0.49124882,-0.5087445080280304,-0.5087445080280304
00028_id00589_uOzKwYEVR6s_id00330_wavtolip.mp4,1,FVFA,0.9856566190719604,0.53338027,0.5,0.49124882,0.49124882,-0.4944078028202057,-0.4944078028202057
00028_id00823_KgExwCvgrUk_id00434_wavtolip.mp4,1,FVFA,0.9952136278152466,0.5333802,0.5,0.49124882,0.49124882,-0.5039648115634918,-0.5039648115634918
00028_id00897_0ayFw8JhoyI_id00271_wavtolip.mp4,1,FVFA,0.9907259941101074,0.53338027,0.5,0.49124882,0.49124882,-0.49947717785835266,-0.49947717785835266
00311_id00188_e-vm5FB3idA_id00735_wavtolip.mp4,1,FVFA,0.9991406202316284,0.53338075,0.5,0.49124882,0.49124882,-0.5078918039798737,-0.5078918039798737
00311_id00262_3p7sRWAAh1Q_id00823_wavtolip.mp4,1,FVFA,0.9998730421066284,0.5333807,0.5,0.49124882,0.49124882,-0.5086242258548737,-0.5086242258548737
00311_id00330_zCFFgGSIZ_s_id00071_wavtolip.mp4,1,FVFA,0.9998776912689209,0.5333806,0.5,0.49124882,0.49124882,-0.5086288750171661,-0.5086288750171661
00311_id00373_5NXv3Dxkd6E_id00234_wavtolip.mp4,1,FVFA,0.999997615814209,0.53338075,0.5,0.49124882,0.49124882,-0.5087487995624542,-0.5087487995624542
00311_id00434_HPXkk-HGXVI_id03649_wavtolip.mp4,1,FVFA,0.9951151609420776,0.53338075,0.5,0.49124882,0.49124882,-0.5038663446903229,-0.5038663446903229
00311_id00633_UXrTMta1EDM_id00071_wavtolip.mp4,1,FVFA,0.9998835325241089,0.5333807,0.5,0.49124882,0.49124882,-0.5086347162723541,-0.5086347162723541
00311_id00826_MYagwzy91Yk_id00813_wavtolip.mp4,1,FVFA,0.9999949932098389,0.5333806,0.5,0.49124882,0.49124882,-0.5087461769580841,-0.5087461769580841
00311_id03620_YkXM5A8w07E_id00495_wavtolip.mp4,1,FVFA,0.9981822967529297,0.53338045,0.5,0.49124882,0.49124882,-0.5069334805011749,-0.5069334805011749
00043_id00262_3p7sRWAAh1Q_id00188_wavtolip.mp4,1,FVFA,0.999607503414154,0.53338104,0.5,0.49124882,0.49124882,-0.5083586871623993,-0.5083586871623993
00043_id00270_hoEQ70-sDME_id03371_wavtolip.mp4,1,FVFA,0.999997615814209,0.5333809,0.5,0.49124882,0.49124882,-0.5087487995624542,-0.5087487995624542
00043_id00287_2NpfYjyMsPM_id00735_wavtolip.mp4,1,FVFA,0.9999985694885254,0.5333811,0.5,0.49124882,0.49124882,-0.5087497532367706,-0.5087497532367706
00043_id00496_SImaDcXQnh8_id00395_wavtolip.mp4,1,FVFA,0.9663553237915039,0.5333811,0.5,0.49124882,0.49124882,-0.47510650753974915,-0.47510650753974915
00043_id00633_UXrTMta1EDM_id00325_wavtolip.mp4,1,FVFA,0.9999979734420776,0.533381,0.5,0.49124882,0.49124882,-0.5087491571903229,-0.5087491571903229
00043_id00806_0sk9s9lFIAk_id00581_wavtolip.mp4,1,FVFA,0.9999939203262329,0.5333809,0.5,0.49124882,0.49124882,-0.5087451040744781,-0.5087451040744781
00043_id00897_0ayFw8JhoyI_id00271_wavtolip.mp4,1,FVFA,0.9901289343833923,0.533381,0.5,0.49124882,0.49124882,-0.4988801181316376,-0.4988801181316376
00043_id03716_s-lxbGafZQA_id03620_wavtolip.mp4,1,FVFA,0.9999977350234985,0.5333811,0.5,0.49124882,0.49124882,-0.5087489187717438,-0.5087489187717438
00420_id00068_A7uFnQw--bY_id03941_wavtolip.mp4,1,FVFA,0.9929768443107605,0.5333805,0.5,0.49124882,0.49124882,-0.5017280280590057,-0.5017280280590057
00420_id00262_3p7sRWAAh1Q_id03844_wavtolip.mp4,1,FVFA,0.9999945163726807,0.5333805,0.5,0.49124882,0.49124882,-0.5087457001209259,-0.5087457001209259
00420_id00581_7AxvP19LGKg_id00591_wavtolip.mp4,1,FVFA,0.9988293051719666,0.5333805,0.5,0.49124882,0.49124882,-0.5075804889202118,-0.5075804889202118
00420_id00813_dKs9CWJIkSI_id00071_wavtolip.mp4,1,FVFA,0.999893069267273,0.5333804,0.5,0.49124882,0.49124882,-0.5086442530155182,-0.5086442530155182
00420_id00823_KgExwCvgrUk_id03589_wavtolip.mp4,1,FVFA,0.9999973773956299,0.5333804,0.5,0.49124882,0.49124882,-0.5087485611438751,-0.5087485611438751
00420_id03716_s-lxbGafZQA_id00328_wavtolip.mp4,1,FVFA,0.9999990463256836,0.5333805,0.5,0.49124882,0.49124882,-0.5087502300739288,-0.5087502300739288
00420_id03816_XXD0yTNei50_id00188_wavtolip.mp4,1,FVFA,0.9999970197677612,0.5333804,0.5,0.49124882,0.49124882,-0.5087482035160065,-0.5087482035160065
00420_id03858_uKVqPfRf-ac_id00826_wavtolip.mp4,1,FVFA,0.9999992847442627,0.53338045,0.5,0.49124882,0.49124882,-0.5087504684925079,-0.5087504684925079
00052_id00071_JU1cVINUTZA_id00806_wavtolip.mp4,1,FVFA,0.9999808073043823,0.5333805,0.5,0.49124882,0.49124882,-0.5087319910526276,-0.5087319910526276
00052_id00188_e-vm5FB3idA_id03844_wavtolip.mp4,1,FVFA,0.9989099502563477,0.53338075,0.5,0.49124882,0.49124882,-0.5076611340045929,-0.5076611340045929
00052_id00234_M3g5KRLJB60_id00434_wavtolip.mp4,1,FVFA,0.9999974966049194,0.5333805,0.5,0.49124882,0.49124882,-0.5087486803531647,-0.5087486803531647
00052_id00271_je6JSLqEEcw_id00581_wavtolip.mp4,1,FVFA,0.999990701675415,0.5333805,0.5,0.49124882,0.49124882,-0.5087418854236603,-0.5087418854236603
00052_id00287_2NpfYjyMsPM_id00379_wavtolip.mp4,1,FVFA,0.876960813999176,0.53338045,0.5,0.49124882,0.49124882,-0.38571199774742126,-0.38571199774742126
00052_id00374_w1qI7y9AGTc_id00271_wavtolip.mp4,1,FVFA,0.9897750616073608,0.53338045,0.5,0.49124882,0.49124882,-0.4985262453556061,-0.4985262453556061
00052_id00484_u7YTz8eFZv0_id00188_wavtolip.mp4,1,FVFA,0.9996150732040405,0.5333806,0.5,0.49124882,0.49124882,-0.5083662569522858,-0.5083662569522858
00052_id00897_0ayFw8JhoyI_id00403_wavtolip.mp4,1,FVFA,0.999998927116394,0.53338045,0.5,0.49124882,0.49124882,-0.5087501108646393,-0.5087501108646393
00052_id03649_389qfFqUddI_id00042_wavtolip.mp4,1,FVFA,0.9751318693161011,0.5333804,0.5,0.49124882,0.49124882,-0.4838830530643463,-0.4838830530643463
00046_id00068_A7uFnQw--bY_id03651_wavtolip.mp4,1,FVFA,0.9997119307518005,0.5333791,0.5,0.49124882,0.49124882,-0.5084631145000458,-0.5084631145000458
00046_id00330_zCFFgGSIZ_s_id03716_wavtolip.mp4,1,FVFA,0.9999973773956299,0.53337836,0.5,0.49124882,0.49124882,-0.5087485611438751,-0.5087485611438751
00046_id00332__zNddcZV1EU_id00806_wavtolip.mp4,1,FVFA,0.9999954700469971,0.53337866,0.5,0.49124882,0.49124882,-0.5087466537952423,-0.5087466537952423
00046_id00374_w1qI7y9AGTc_id00332_wavtolip.mp4,1,FVFA,0.992112398147583,0.53337866,0.5,0.49124882,0.49124882,-0.5008635818958282,-0.5008635818958282
00046_id00569_gSynmpwioV4_id00071_wavtolip.mp4,1,FVFA,0.9998844861984253,0.5333789,0.5,0.49124882,0.49124882,-0.5086356699466705,-0.5086356699466705
00046_id00591_1Jo8xElXQMs_id00569_wavtolip.mp4,1,FVFA,0.986178994178772,0.5333785,0.5,0.49124882,0.49124882,-0.4949301779270172,-0.4949301779270172
00046_id00633_UXrTMta1EDM_id00826_wavtolip.mp4,1,FVFA,0.9999849796295166,0.5333787,0.5,0.49124882,0.49124882,-0.5087361633777618,-0.5087361633777618
00046_id03371_truKMXt8Dak_id00262_wavtolip.mp4,1,FVFA,0.9999949932098389,0.5333788,0.5,0.49124882,0.49124882,-0.5087461769580841,-0.5087461769580841
00202_id00068_A7uFnQw--bY_id03589_wavtolip.mp4,1,FVFA,0.9999973773956299,0.5333797,0.5,0.49124882,0.49124882,-0.5087485611438751,-0.5087485611438751
00202_id00271_je6JSLqEEcw_id00330_wavtolip.mp4,1,FVFA,0.9999561309814453,0.5333795,0.5,0.49124882,0.49124882,-0.5087073147296906,-0.5087073147296906
00202_id00328_ytKnCbJSEcU_id00374_wavtolip.mp4,1,FVFA,0.999983549118042,0.5333795,0.5,0.49124882,0.49124882,-0.5087347328662872,-0.5087347328662872
00202_id00373_5NXv3Dxkd6E_id01002_wavtolip.mp4,1,FVFA,0.9999388456344604,0.53337973,0.5,0.49124882,0.49124882,-0.5086900293827057,-0.5086900293827057
00202_id00569_gSynmpwioV4_id03716_wavtolip.mp4,1,FVFA,0.9999964237213135,0.5333797,0.5,0.49124882,0.49124882,-0.5087476074695587,-0.5087476074695587
00202_id00581_7AxvP19LGKg_id03371_wavtolip.mp4,1,FVFA,0.999997615814209,0.5333796,0.5,0.49124882,0.49124882,-0.5087487995624542,-0.5087487995624542
00202_id00826_MYagwzy91Yk_id00395_wavtolip.mp4,1,FVFA,0.9694131016731262,0.5333795,0.5,0.49124882,0.49124882,-0.47816428542137146,-0.47816428542137146
00202_id03844_AEAEN1Lns2c_id00042_wavtolip.mp4,1,FVFA,0.9999972581863403,0.5333798,0.5,0.49124882,0.49124882,-0.5087484419345856,-0.5087484419345856
00202_id03858_uKVqPfRf-ac_id00826_wavtolip.mp4,1,FVFA,0.9999990463256836,0.5333797,0.5,0.49124882,0.49124882,-0.5087502300739288,-0.5087502300739288
00122_id00188_e-vm5FB3idA_id00325_wavtolip.mp4,1,FVFA,0.9999977350234985,0.5333805,0.5,0.49124882,0.49124882,-0.5087489187717438,-0.5087489187717438
00122_id00234_M3g5KRLJB60_id00374_wavtolip.mp4,1,FVFA,0.9999831914901733,0.5333805,0.5,0.49124882,0.49124882,-0.5087343752384186,-0.5087343752384186
00122_id00330_zCFFgGSIZ_s_id03649_wavtolip.mp4,1,FVFA,0.9999978542327881,0.53338027,0.5,0.49124882,0.49124882,-0.5087490379810333,-0.5087490379810333
00122_id00569_gSynmpwioV4_id00591_wavtolip.mp4,1,FVFA,0.9987465143203735,0.5333805,0.5,0.49124882,0.49124882,-0.5074976980686188,-0.5074976980686188
00122_id00591_1Jo8xElXQMs_id00581_wavtolip.mp4,1,FVFA,0.9999946355819702,0.5333803,0.5,0.49124882,0.49124882,-0.5087458193302155,-0.5087458193302155
00122_id00633_UXrTMta1EDM_id00735_wavtolip.mp4,1,FVFA,0.9999986886978149,0.53338045,0.5,0.49124882,0.49124882,-0.5087498724460602,-0.5087498724460602
00122_id01002_eQTviHjyISo_id03371_wavtolip.mp4,1,FVFA,0.999997615814209,0.5333803,0.5,0.49124882,0.49124882,-0.5087487995624542,-0.5087487995624542
00122_id01018_VNPt_GB5QiE_id01002_wavtolip.mp4,1,FVFA,0.9999387264251709,0.53338045,0.5,0.49124882,0.49124882,-0.5086899101734161,-0.5086899101734161
00122_id03371_truKMXt8Dak_id00633_wavtolip.mp4,1,FVFA,0.9999951124191284,0.5333805,0.5,0.49124882,0.49124882,-0.5087462961673737,-0.5087462961673737
00122_id03858_uKVqPfRf-ac_id00395_wavtolip.mp4,1,FVFA,0.965629518032074,0.53338045,0.5,0.49124882,0.49124882,-0.4743807017803192,-0.4743807017803192
00027_id00068_A7uFnQw--bY_id00634_wavtolip.mp4,1,FVFA,0.9999986886978149,0.5333787,0.5,0.49124882,0.49124882,-0.5087498724460602,-0.5087498724460602
00027_id00271_je6JSLqEEcw_id00591_wavtolip.mp4,1,FVFA,0.9987325072288513,0.5333783,0.5,0.49124882,0.49124882,-0.5074836909770966,-0.5074836909770966
00027_id00395_wM5kGJfTtEM_id03589_wavtolip.mp4,1,FVFA,0.9999972581863403,0.53337824,0.5,0.49124882,0.49124882,-0.5087484419345856,-0.5087484419345856
00027_id00484_u7YTz8eFZv0_id00496_wavtolip.mp4,1,FVFA,0.9999386072158813,0.53337866,0.5,0.49124882,0.49124882,-0.5086897909641266,-0.5086897909641266
00027_id00581_7AxvP19LGKg_id00897_wavtolip.mp4,1,FVFA,0.9999978542327881,0.5333785,0.5,0.49124882,0.49124882,-0.5087490379810333,-0.5087490379810333
00027_id00634_z5t9oJizDQg_id00262_wavtolip.mp4,1,FVFA,0.9999881982803345,0.5333784,0.5,0.49124882,0.49124882,-0.5087393820285797,-0.5087393820285797
00027_id03589_9NxOQlwpMys_id00330_wavtolip.mp4,1,FVFA,0.999967098236084,0.53337866,0.5,0.49124882,0.49124882,-0.5087182819843292,-0.5087182819843292
00027_id03858_uKVqPfRf-ac_id03589_wavtolip.mp4,1,FVFA,0.9999973773956299,0.5333785,0.5,0.49124882,0.49124882,-0.5087485611438751,-0.5087485611438751
00027_id03941_SsYtP8Ze88Q_id03371_wavtolip.mp4,1,FVFA,0.9999977350234985,0.5333787,0.5,0.49124882,0.49124882,-0.5087489187717438,-0.5087489187717438
00015_id00262_3p7sRWAAh1Q_id00232_wavtolip.mp4,1,FVFA,0.9985472559928894,0.53338087,0.5,0.49124882,0.49124882,-0.5072984397411346,-0.5072984397411346
00015_id00287_2NpfYjyMsPM_id00332_wavtolip.mp4,1,FVFA,0.9916263818740845,0.5333809,0.5,0.49124882,0.49124882,-0.5003775656223297,-0.5003775656223297
00015_id00373_5NXv3Dxkd6E_id00806_wavtolip.mp4,1,FVFA,0.9999951124191284,0.5333809,0.5,0.49124882,0.49124882,-0.5087462961673737,-0.5087462961673737
00015_id00569_gSynmpwioV4_id00569_wavtolip.mp4,1,FVFA,0.9868823885917664,0.53338087,0.5,0.49124882,0.49124882,-0.4956335723400116,-0.4956335723400116
00015_id00813_dKs9CWJIkSI_id00897_wavtolip.mp4,1,FVFA,0.9999986886978149,0.5333808,0.5,0.49124882,0.49124882,-0.5087498724460602,-0.5087498724460602
00015_id00897_0ayFw8JhoyI_id00735_wavtolip.mp4,1,FVFA,0.9991670846939087,0.53338087,0.5,0.49124882,0.49124882,-0.5079182684421539,-0.5079182684421539
00015_id03620_YkXM5A8w07E_id00806_wavtolip.mp4,1,FVFA,0.999995231628418,0.53338075,0.5,0.49124882,0.49124882,-0.5087464153766632,-0.5087464153766632
00015_id03858_uKVqPfRf-ac_id00633_wavtolip.mp4,1,FVFA,0.9986690282821655,0.53338087,0.5,0.49124882,0.49124882,-0.5074202120304108,-0.5074202120304108
00239_id00188_e-vm5FB3idA_id00373_wavtolip.mp4,1,FVFA,0.9999974966049194,0.5333806,0.5,0.49124882,0.49124882,-0.5087486803531647,-0.5087486803531647
00239_id00373_5NXv3Dxkd6E_id03651_wavtolip.mp4,1,FVFA,0.9997314810752869,0.5333807,0.5,0.49124882,0.49124882,-0.5084826648235321,-0.5084826648235321
00239_id00484_u7YTz8eFZv0_id03716_wavtolip.mp4,1,FVFA,0.9999966621398926,0.5333805,0.5,0.49124882,0.49124882,-0.5087478458881378,-0.5087478458881378
00239_id00491_ShjiTWoOtM4_id00232_wavtolip.mp4,1,FVFA,0.9999957084655762,0.5333804,0.5,0.49124882,0.49124882,-0.5087468922138214,-0.5087468922138214
00239_id00633_UXrTMta1EDM_id00735_wavtolip.mp4,1,FVFA,0.9999985694885254,0.5333805,0.5,0.49124882,0.49124882,-0.5087497532367706,-0.5087497532367706
00239_id00897_0ayFw8JhoyI_id03649_wavtolip.mp4,1,FVFA,0.9999978542327881,0.53338057,0.5,0.49124882,0.49124882,-0.5087490379810333,-0.5087490379810333
00239_id01002_eQTviHjyISo_id00496_wavtolip.mp4,1,FVFA,0.9999181032180786,0.5333803,0.5,0.49124882,0.49124882,-0.5086692869663239,-0.5086692869663239
00239_id01018_VNPt_GB5QiE_id03589_wavtolip.mp4,1,FVFA,0.9999973773956299,0.5333805,0.5,0.49124882,0.49124882,-0.5087485611438751,-0.5087485611438751
00239_id03371_truKMXt8Dak_id00271_wavtolip.mp4,1,FVFA,0.9915645122528076,0.53338057,0.5,0.49124882,0.49124882,-0.5003156960010529,-0.5003156960010529
00010_id00330_zCFFgGSIZ_s_id00188_wavtolip.mp4,1,FVFA,0.9996040463447571,0.5333812,0.5,0.49124882,0.49124882,-0.5083552300930023,-0.5083552300930023
00010_id00395_wM5kGJfTtEM_id00325_wavtolip.mp4,1,FVFA,0.9982207417488098,0.5333812,0.5,0.49124882,0.49124882,-0.506971925497055,-0.506971925497055
00010_id00495_E46aiMUC4A0_id00806_wavtolip.mp4,1,FVFA,0.9999927282333374,0.5333813,0.5,0.49124882,0.49124882,-0.5087439119815826,-0.5087439119815826
00010_id00591_1Jo8xElXQMs_id00735_wavtolip.mp4,1,FVFA,0.9990823268890381,0.5333812,0.5,0.49124882,0.49124882,-0.5078335106372833,-0.5078335106372833
00010_id00826_MYagwzy91Yk_id00271_wavtolip.mp4,1,FVFA,0.9904409646987915,0.5333812,0.5,0.49124882,0.49124882,-0.49919214844703674,-0.49919214844703674
00010_id03371_truKMXt8Dak_id00287_wavtolip.mp4,1,FVFA,0.9999279975891113,0.5333813,0.5,0.49124882,0.49124882,-0.5086791813373566,-0.5086791813373566
00010_id03858_uKVqPfRf-ac_id00735_wavtolip.mp4,1,FVFA,0.9991117119789124,0.5333813,0.5,0.49124882,0.49124882,-0.5078628957271576,-0.5078628957271576
00130_id00271_je6JSLqEEcw_id00735_wavtolip.mp4,1,FVFA,0.9991201758384705,0.53338045,0.5,0.49124882,0.49124882,-0.5078713595867157,-0.5078713595867157
00130_id00373_5NXv3Dxkd6E_id03371_wavtolip.mp4,1,FVFA,0.9999979734420776,0.5333805,0.5,0.49124882,0.49124882,-0.5087491571903229,-0.5087491571903229
00130_id00495_E46aiMUC4A0_id00325_wavtolip.mp4,1,FVFA,0.9999986886978149,0.53338045,0.5,0.49124882,0.49124882,-0.5087498724460602,-0.5087498724460602
00130_id00591_1Jo8xElXQMs_id03620_wavtolip.mp4,1,FVFA,0.999997615814209,0.5333804,0.5,0.49124882,0.49124882,-0.5087487995624542,-0.5087487995624542
00130_id00634_z5t9oJizDQg_id00897_wavtolip.mp4,1,FVFA,0.9999980926513672,0.53338045,0.5,0.49124882,0.49124882,-0.5087492763996124,-0.5087492763996124
00130_id00897_0ayFw8JhoyI_id00379_wavtolip.mp4,1,FVFA,0.8964951038360596,0.5333804,0.5,0.49124882,0.49124882,-0.4052462875843048,-0.4052462875843048
00130_id03589_9NxOQlwpMys_id00897_wavtolip.mp4,1,FVFA,0.9999980926513672,0.5333805,0.5,0.49124882,0.49124882,-0.5087492763996124,-0.5087492763996124
00130_id03620_YkXM5A8w07E_id03858_wavtolip.mp4,1,FVFA,0.9999972581863403,0.53338027,0.5,0.49124882,0.49124882,-0.5087484419345856,-0.5087484419345856
00130_id03649_389qfFqUddI_id00495_wavtolip.mp4,1,FVFA,0.998367965221405,0.53338045,0.5,0.49124882,0.49124882,-0.5071191489696503,-0.5071191489696503
00130_id03858_uKVqPfRf-ac_id00634_wavtolip.mp4,1,FVFA,0.9999982118606567,0.5333804,0.5,0.49124882,0.49124882,-0.508749395608902,-0.508749395608902
00001_id00188_e-vm5FB3idA_id03858_wavtolip.mp4,1,FVFA,0.9999947547912598,0.5333802,0.5,0.49124882,0.49124882,-0.508745938539505,-0.508745938539505
00001_id00270_hoEQ70-sDME_id00270_wavtolip.mp4,1,FVFA,0.9999953508377075,0.53337985,0.5,0.49124882,0.49124882,-0.5087465345859528,-0.5087465345859528
00001_id00581_7AxvP19LGKg_id00735_wavtolip.mp4,1,FVFA,0.9999984502792358,0.53338003,0.5,0.49124882,0.49124882,-0.5087496340274811,-0.5087496340274811
00001_id00633_UXrTMta1EDM_id00287_wavtolip.mp4,1,FVFA,0.9999289512634277,0.53338045,0.5,0.49124882,0.49124882,-0.508680135011673,-0.508680135011673
00001_id00634_z5t9oJizDQg_id03620_wavtolip.mp4,1,FVFA,0.9999961853027344,0.5333801,0.5,0.49124882,0.49124882,-0.5087473690509796,-0.5087473690509796
00001_id00897_0ayFw8JhoyI_id00373_wavtolip.mp4,1,FVFA,0.9999970197677612,0.5333801,0.5,0.49124882,0.49124882,-0.5087482035160065,-0.5087482035160065
00001_id03649_389qfFqUddI_id00591_wavtolip.mp4,1,FVFA,0.9999971389770508,0.5333801,0.5,0.49124882,0.49124882,-0.508748322725296,-0.508748322725296
00001_id03844_AEAEN1Lns2c_id03589_wavtolip.mp4,1,FVFA,0.9999966621398926,0.53338015,0.5,0.49124882,0.49124882,-0.5087478458881378,-0.5087478458881378
00088_id00188_e-vm5FB3idA_id00188_wavtolip.mp4,1,FVFA,0.9996204376220703,0.53338027,0.5,0.49124882,0.49124882,-0.5083716213703156,-0.5083716213703156
00088_id00270_hoEQ70-sDME_id00823_wavtolip.mp4,1,FVFA,0.9998635053634644,0.53338015,0.5,0.49124882,0.49124882,-0.5086146891117096,-0.5086146891117096
00088_id00332__zNddcZV1EU_id00071_wavtolip.mp4,1,FVFA,0.9998774528503418,0.53338015,0.5,0.49124882,0.49124882,-0.508628636598587,-0.508628636598587
00088_id00379_fgkgYHCuk4g_id00262_wavtolip.mp4,1,FVFA,0.999994158744812,0.53338027,0.5,0.49124882,0.49124882,-0.5087453424930573,-0.5087453424930573
00088_id00491_ShjiTWoOtM4_id03844_wavtolip.mp4,1,FVFA,0.9988616704940796,0.53338015,0.5,0.49124882,0.49124882,-0.5076128542423248,-0.5076128542423248
00088_id00569_gSynmpwioV4_id00287_wavtolip.mp4,1,FVFA,0.9999251365661621,0.53338027,0.5,0.49124882,0.49124882,-0.5086763203144073,-0.5086763203144073
00088_id00581_7AxvP19LGKg_id00813_wavtolip.mp4,1,FVFA,0.9999916553497314,0.53338027,0.5,0.49124882,0.49124882,-0.5087428390979767,-0.5087428390979767
00088_id01001_dHJc8dh9X8c_id00330_wavtolip.mp4,1,FVFA,0.9865620732307434,0.53338015,0.5,0.49124882,0.49124882,-0.49531325697898865,-0.49531325697898865
00088_id01002_eQTviHjyISo_id00262_wavtolip.mp4,1,FVFA,0.9999940395355225,0.5333802,0.5,0.49124882,0.49124882,-0.5087452232837677,-0.5087452232837677
00078_id00395_wM5kGJfTtEM_id00379_wavtolip.mp4,1,FVFA,0.8775949478149414,0.5333811,0.5,0.49124882,0.49124882,-0.38634613156318665,-0.38634613156318665
00078_id00484_u7YTz8eFZv0_id00330_wavtolip.mp4,1,FVFA,0.9859820604324341,0.53338116,0.5,0.49124882,0.49124882,-0.4947332441806793,-0.4947332441806793
00078_id00495_E46aiMUC4A0_id00328_wavtolip.mp4,1,FVFA,0.9983910918235779,0.53338116,0.5,0.49124882,0.49124882,-0.5071422755718231,-0.5071422755718231
00078_id00581_7AxvP19LGKg_id00434_wavtolip.mp4,1,FVFA,0.9999977350234985,0.5333811,0.5,0.49124882,0.49124882,-0.5087489187717438,-0.5087489187717438
00078_id00589_uOzKwYEVR6s_id00330_wavtolip.mp4,1,FVFA,0.9859053492546082,0.533381,0.5,0.49124882,0.49124882,-0.4946565330028534,-0.4946565330028534
00078_id00591_1Jo8xElXQMs_id00071_wavtolip.mp4,1,FVFA,0.9998782873153687,0.533381,0.5,0.49124882,0.49124882,-0.5086294710636139,-0.5086294710636139
00078_id00826_MYagwzy91Yk_id00806_wavtolip.mp4,1,FVFA,0.9999877214431763,0.533381,0.5,0.49124882,0.49124882,-0.5087389051914215,-0.5087389051914215
00078_id03589_9NxOQlwpMys_id00569_wavtolip.mp4,1,FVFA,0.9870460033416748,0.5333811,0.5,0.49124882,0.49124882,-0.49579718708992004,-0.49579718708992004
00078_id03649_389qfFqUddI_id00232_wavtolip.mp4,1,FVFA,0.9985941052436829,0.53338104,0.5,0.49124882,0.49124882,-0.5073452889919281,-0.5073452889919281
00037_id00068_A7uFnQw--bY_id00374_wavtolip.mp4,1,FVFA,0.9999814033508301,0.5333784,0.5,0.49124882,0.49124882,-0.5087325870990753,-0.5087325870990753
00037_id00188_e-vm5FB3idA_id03941_wavtolip.mp4,1,FVFA,0.9920879006385803,0.5333788,0.5,0.49124882,0.49124882,-0.5008390843868256,-0.5008390843868256
00037_id00262_3p7sRWAAh1Q_id00271_wavtolip.mp4,1,FVFA,0.9895540475845337,0.53337836,0.5,0.49124882,0.49124882,-0.49830523133277893,-0.49830523133277893
00037_id00373_5NXv3Dxkd6E_id00395_wavtolip.mp4,1,FVFA,0.9639836549758911,0.5333785,0.5,0.49124882,0.49124882,-0.47273483872413635,-0.47273483872413635
00037_id00495_E46aiMUC4A0_id03941_wavtolip.mp4,1,FVFA,0.9920978546142578,0.53337836,0.5,0.49124882,0.49124882,-0.500849038362503,-0.500849038362503
00037_id00826_MYagwzy91Yk_id00495_wavtolip.mp4,1,FVFA,0.9982762336730957,0.53337836,0.5,0.49124882,0.49124882,-0.5070274174213409,-0.5070274174213409
00037_id03371_truKMXt8Dak_id01002_wavtolip.mp4,1,FVFA,0.9999430179595947,0.53337866,0.5,0.49124882,0.49124882,-0.50869420170784,-0.50869420170784
00037_id03844_AEAEN1Lns2c_id00735_wavtolip.mp4,1,FVFA,0.9999986886978149,0.5333786,0.5,0.49124882,0.49124882,-0.5087498724460602,-0.5087498724460602
00037_id03941_SsYtP8Ze88Q_id00633_wavtolip.mp4,1,FVFA,0.9999964237213135,0.53337854,0.5,0.49124882,0.49124882,-0.5087476074695587,-0.5087476074695587
00005_id00365_XV-imLNJvfk_id00496_wavtolip.mp4,1,FVFA,0.6175004243850708,0.53337896,0.5,0.49124882,0.49124882,-0.12625160813331604,-0.12625160813331604
00005_id00373_5NXv3Dxkd6E_id00496_wavtolip.mp4,1,FVFA,0.6113846302032471,0.53337896,0.5,0.49124882,0.49124882,-0.12013581395149231,-0.12013581395149231
00005_id00379_fgkgYHCuk4g_id00496_wavtolip.mp4,1,FVFA,0.6146959662437439,0.53337896,0.5,0.49124882,0.49124882,-0.12344714999198914,-0.12344714999198914
00005_id00569_gSynmpwioV4_id03858_wavtolip.mp4,1,FVFA,0.999850869178772,0.533379,0.5,0.49124882,0.49124882,-0.5086020529270172,-0.5086020529270172
00005_id00813_dKs9CWJIkSI_id01002_wavtolip.mp4,1,FVFA,0.9999406337738037,0.5333788,0.5,0.49124882,0.49124882,-0.508691817522049,-0.508691817522049
00005_id01002_eQTviHjyISo_id03620_wavtolip.mp4,1,FVFA,0.9999951124191284,0.5333787,0.5,0.49124882,0.49124882,-0.5087462961673737,-0.5087462961673737
00005_id03858_uKVqPfRf-ac_id03589_wavtolip.mp4,1,FVFA,0.9999533891677856,0.5333789,0.5,0.49124882,0.49124882,-0.5087045729160309,-0.5087045729160309
00169_id00262_3p7sRWAAh1Q_id00634_wavtolip.mp4,1,FVFA,0.9994975328445435,0.5333803,0.5,0.49124882,0.49124882,-0.5082487165927887,-0.5082487165927887
00169_id00330_zCFFgGSIZ_s_id03371_wavtolip.mp4,1,FVFA,0.9990488886833191,0.53338015,0.5,0.49124882,0.49124882,-0.5078000724315643,-0.5078000724315643
00169_id00365_XV-imLNJvfk_id00823_wavtolip.mp4,1,FVFA,0.9998775720596313,0.5333804,0.5,0.49124882,0.49124882,-0.5086287558078766,-0.5086287558078766
00169_id00496_SImaDcXQnh8_id00330_wavtolip.mp4,1,FVFA,0.9839488863945007,0.53338027,0.5,0.49124882,0.49124882,-0.49270007014274597,-0.49270007014274597
00169_id00806_0sk9s9lFIAk_id00234_wavtolip.mp4,1,FVFA,0.9975851774215698,0.53338015,0.5,0.49124882,0.49124882,-0.5063363611698151,-0.5063363611698151
00169_id00897_0ayFw8JhoyI_id00330_wavtolip.mp4,1,FVFA,0.9847897887229919,0.5333802,0.5,0.49124882,0.49124882,-0.4935409724712372,-0.4935409724712372
00169_id03589_9NxOQlwpMys_id00806_wavtolip.mp4,1,FVFA,0.9999953508377075,0.53338027,0.5,0.49124882,0.49124882,-0.5087465345859528,-0.5087465345859528
00169_id03858_uKVqPfRf-ac_id00332_wavtolip.mp4,1,FVFA,0.9913012385368347,0.5333803,0.5,0.49124882,0.49124882,-0.50005242228508,-0.50005242228508
00125_id00262_3p7sRWAAh1Q_id00434_wavtolip.mp4,1,FVFA,0.9999970197677612,0.53337747,0.5,0.49124882,0.49124882,-0.5087482035160065,-0.5087482035160065
00125_id00330_zCFFgGSIZ_s_id03858_wavtolip.mp4,1,FVFA,0.9999957084655762,0.53337693,0.5,0.49124882,0.49124882,-0.5087468922138214,-0.5087468922138214
00125_id00373_5NXv3Dxkd6E_id03858_wavtolip.mp4,1,FVFA,0.9999954700469971,0.5333775,0.5,0.49124882,0.49124882,-0.5087466537952423,-0.5087466537952423
00125_id00395_wM5kGJfTtEM_id00328_wavtolip.mp4,1,FVFA,0.9999985694885254,0.5333774,0.5,0.49124882,0.49124882,-0.5087497532367706,-0.5087497532367706
00125_id00495_E46aiMUC4A0_id03620_wavtolip.mp4,1,FVFA,0.9999967813491821,0.5333775,0.5,0.49124882,0.49124882,-0.5087479650974274,-0.5087479650974274
00125_id00581_7AxvP19LGKg_id00735_wavtolip.mp4,1,FVFA,0.9999986886978149,0.53337747,0.5,0.49124882,0.49124882,-0.5087498724460602,-0.5087498724460602
00125_id00634_z5t9oJizDQg_id00633_wavtolip.mp4,1,FVFA,0.999995231628418,0.5333775,0.5,0.49124882,0.49124882,-0.5087464153766632,-0.5087464153766632
00125_id00813_dKs9CWJIkSI_id00395_wavtolip.mp4,1,FVFA,0.9999929666519165,0.5333775,0.5,0.49124882,0.49124882,-0.5087441504001617,-0.5087441504001617
00125_id03589_9NxOQlwpMys_id00403_wavtolip.mp4,1,FVFA,0.9999988079071045,0.5333777,0.5,0.49124882,0.49124882,-0.5087499916553497,-0.5087499916553497
00065_id00068_A7uFnQw--bY_id00806_wavtolip.mp4,1,FVFA,0.999961256980896,0.5333806,0.5,0.49124882,0.49124882,-0.5087124407291412,-0.5087124407291412
00065_id00271_je6JSLqEEcw_id00434_wavtolip.mp4,1,FVFA,0.9999970197677612,0.5333805,0.5,0.49124882,0.49124882,-0.5087482035160065,-0.5087482035160065
00065_id00374_w1qI7y9AGTc_id00826_wavtolip.mp4,1,FVFA,0.9999991655349731,0.53338045,0.5,0.49124882,0.49124882,-0.5087503492832184,-0.5087503492832184
00065_id00484_u7YTz8eFZv0_id03620_wavtolip.mp4,1,FVFA,0.9999979734420776,0.53338057,0.5,0.49124882,0.49124882,-0.5087491571903229,-0.5087491571903229
00065_id00495_E46aiMUC4A0_id00806_wavtolip.mp4,1,FVFA,0.9999613761901855,0.5333805,0.5,0.49124882,0.49124882,-0.5087125599384308,-0.5087125599384308
00065_id00581_7AxvP19LGKg_id00823_wavtolip.mp4,1,FVFA,0.999874472618103,0.5333805,0.5,0.49124882,0.49124882,-0.5086256563663483,-0.5086256563663483
00065_id00634_z5t9oJizDQg_id03716_wavtolip.mp4,1,FVFA,0.9999967813491821,0.5333805,0.5,0.49124882,0.49124882,-0.5087479650974274,-0.5087479650974274
00065_id00735_ivJSkq5hGOQ_id03589_wavtolip.mp4,1,FVFA,0.9999977350234985,0.5333806,0.5,0.49124882,0.49124882,-0.5087489187717438,-0.5087489187717438
00065_id03371_truKMXt8Dak_id03858_wavtolip.mp4,1,FVFA,0.9999974966049194,0.5333805,0.5,0.49124882,0.49124882,-0.5087486803531647,-0.5087486803531647
00065_id03649_389qfFqUddI_id00495_wavtolip.mp4,1,FVFA,0.9983634352684021,0.53338045,0.5,0.49124882,0.49124882,-0.5071146190166473,-0.5071146190166473
00005_id00234_M3g5KRLJB60_id00328_wavtolip.mp4,1,FVFA,0.9984512329101562,0.5333795,0.5,0.49124882,0.49124882,-0.5072024166584015,-0.5072024166584015
00005_id00330_zCFFgGSIZ_s_id00328_wavtolip.mp4,1,FVFA,0.9983887672424316,0.5333794,0.5,0.49124882,0.49124882,-0.5071399509906769,-0.5071399509906769
00005_id00332__zNddcZV1EU_id00634_wavtolip.mp4,1,FVFA,0.9995483756065369,0.53337944,0.5,0.49124882,0.49124882,-0.5082995593547821,-0.5082995593547821
00005_id00496_SImaDcXQnh8_id00232_wavtolip.mp4,1,FVFA,0.9986417889595032,0.53337944,0.5,0.49124882,0.49124882,-0.5073929727077484,-0.5073929727077484
00005_id00591_1Jo8xElXQMs_id00328_wavtolip.mp4,1,FVFA,0.9984208345413208,0.53337944,0.5,0.49124882,0.49124882,-0.507172018289566,-0.507172018289566
00005_id00813_dKs9CWJIkSI_id00484_wavtolip.mp4,1,FVFA,0.9995929598808289,0.53337944,0.5,0.49124882,0.49124882,-0.5083441436290741,-0.5083441436290741
00005_id03371_truKMXt8Dak_id03589_wavtolip.mp4,1,FVFA,0.999953031539917,0.5333795,0.5,0.49124882,0.49124882,-0.5087042152881622,-0.5087042152881622
00086_id00188_e-vm5FB3idA_id00379_wavtolip.mp4,1,FVFA,0.9999971389770508,0.5333794,0.5,0.49124882,0.49124882,-0.508748322725296,-0.508748322725296
00086_id00262_3p7sRWAAh1Q_id03844_wavtolip.mp4,1,FVFA,0.9989650249481201,0.5333796,0.5,0.49124882,0.49124882,-0.5077162086963654,-0.5077162086963654
00086_id00332__zNddcZV1EU_id03649_wavtolip.mp4,1,FVFA,0.994929850101471,0.5333796,0.5,0.49124882,0.49124882,-0.5036810338497162,-0.5036810338497162
00086_id00374_w1qI7y9AGTc_id03651_wavtolip.mp4,1,FVFA,0.9997219443321228,0.5333796,0.5,0.49124882,0.49124882,-0.508473128080368,-0.508473128080368
00086_id00569_gSynmpwioV4_id00806_wavtolip.mp4,1,FVFA,0.9999402761459351,0.5333791,0.5,0.49124882,0.49124882,-0.5086914598941803,-0.5086914598941803
00086_id00633_UXrTMta1EDM_id00325_wavtolip.mp4,1,FVFA,0.9999982118606567,0.5333789,0.5,0.49124882,0.49124882,-0.508749395608902,-0.508749395608902
00086_id00735_ivJSkq5hGOQ_id00271_wavtolip.mp4,1,FVFA,0.9906395673751831,0.5333794,0.5,0.49124882,0.49124882,-0.49939075112342834,-0.49939075112342834
00086_id03816_XXD0yTNei50_id00287_wavtolip.mp4,1,FVFA,0.9999306201934814,0.5333792,0.5,0.49124882,0.49124882,-0.5086818039417267,-0.5086818039417267
00043_id00188_e-vm5FB3idA_id00232_wavtolip.mp4,1,FVFA,0.999991774559021,0.5333807,0.5,0.49124882,0.49124882,-0.5087429583072662,-0.5087429583072662
00043_id00287_2NpfYjyMsPM_id03649_wavtolip.mp4,1,FVFA,0.9999978542327881,0.5333807,0.5,0.49124882,0.49124882,-0.5087490379810333,-0.5087490379810333
00043_id00325_4vJtbNe0L98_id00330_wavtolip.mp4,1,FVFA,0.999954342842102,0.5333806,0.5,0.49124882,0.49124882,-0.5087055265903473,-0.5087055265903473
00043_id00491_ShjiTWoOtM4_id00581_wavtolip.mp4,1,FVFA,0.9999942779541016,0.53338027,0.5,0.49124882,0.49124882,-0.5087454617023468,-0.5087454617023468
00043_id00581_7AxvP19LGKg_id00271_wavtolip.mp4,1,FVFA,0.9896412491798401,0.5333806,0.5,0.49124882,0.49124882,-0.4983924329280853,-0.4983924329280853
00043_id00633_UXrTMta1EDM_id00484_wavtolip.mp4,1,FVFA,0.9999970197677612,0.5333805,0.5,0.49124882,0.49124882,-0.5087482035160065,-0.5087482035160065
00043_id01001_dHJc8dh9X8c_id03844_wavtolip.mp4,1,FVFA,0.9999942779541016,0.5333805,0.5,0.49124882,0.49124882,-0.5087454617023468,-0.5087454617023468
00043_id03371_truKMXt8Dak_id00373_wavtolip.mp4,1,FVFA,0.9999973773956299,0.5333806,0.5,0.49124882,0.49124882,-0.5087485611438751,-0.5087485611438751
00072_id00232_kL0cCveU1zg_id00270_wavtolip.mp4,1,FVFA,0.9157432317733765,0.5333797,0.5,0.49124882,0.49124882,-0.4244944155216217,-0.4244944155216217
00072_id00287_2NpfYjyMsPM_id03589_wavtolip.mp4,1,FVFA,0.9999544620513916,0.5333796,0.5,0.49124882,0.49124882,-0.5087056457996368,-0.5087056457996368
00072_id00491_ShjiTWoOtM4_id00496_wavtolip.mp4,1,FVFA,0.9999606609344482,0.5333794,0.5,0.49124882,0.49124882,-0.5087118446826935,-0.5087118446826935
00072_id00591_1Jo8xElXQMs_id00735_wavtolip.mp4,1,FVFA,0.9991012811660767,0.5333796,0.5,0.49124882,0.49124882,-0.5078524649143219,-0.5078524649143219
00072_id03620_YkXM5A8w07E_id00379_wavtolip.mp4,1,FVFA,0.8678876757621765,0.53337944,0.5,0.49124882,0.49124882,-0.37663885951042175,-0.37663885951042175
00072_id03649_389qfFqUddI_id00271_wavtolip.mp4,1,FVFA,0.9900453686714172,0.53337973,0.5,0.49124882,0.49124882,-0.4987965524196625,-0.4987965524196625
00072_id03651_EjcoRkL6loI_id00823_wavtolip.mp4,1,FVFA,0.9998751878738403,0.5333795,0.5,0.49124882,0.49124882,-0.5086263716220856,-0.5086263716220856
00430_id00068_A7uFnQw--bY_id00735_wavtolip.mp4,1,FVFA,0.9991673231124878,0.53338087,0.5,0.49124882,0.49124882,-0.507918506860733,-0.507918506860733
00430_id00330_zCFFgGSIZ_s_id00434_wavtolip.mp4,1,FVFA,0.9999985694885254,0.5333807,0.5,0.49124882,0.49124882,-0.5087497532367706,-0.5087497532367706
00430_id00491_ShjiTWoOtM4_id00495_wavtolip.mp4,1,FVFA,0.9982666969299316,0.5333806,0.5,0.49124882,0.49124882,-0.5070178806781769,-0.5070178806781769
00430_id00569_gSynmpwioV4_id00234_wavtolip.mp4,1,FVFA,0.9979124665260315,0.5333808,0.5,0.49124882,0.49124882,-0.5066636502742767,-0.5066636502742767
00430_id00806_0sk9s9lFIAk_id00042_wavtolip.mp4,1,FVFA,0.976540744304657,0.5333807,0.5,0.49124882,0.49124882,-0.4852919280529022,-0.4852919280529022
00430_id03858_uKVqPfRf-ac_id00496_wavtolip.mp4,1,FVFA,0.9999393224716187,0.53338075,0.5,0.49124882,0.49124882,-0.5086905062198639,-0.5086905062198639
00002_id00068_A7uFnQw--bY_id00287_wavtolip.mp4,1,FVFA,0.9999308586120605,0.53338075,0.5,0.49124882,0.49124882,-0.5086820423603058,-0.5086820423603058
00002_id00262_3p7sRWAAh1Q_id03651_wavtolip.mp4,1,FVFA,0.9997023940086365,0.53338075,0.5,0.49124882,0.49124882,-0.5084535777568817,-0.5084535777568817
00002_id00287_2NpfYjyMsPM_id00071_wavtolip.mp4,1,FVFA,0.9998878240585327,0.5333807,0.5,0.49124882,0.49124882,-0.508639007806778,-0.508639007806778
00002_id00395_wM5kGJfTtEM_id00271_wavtolip.mp4,1,FVFA,0.9898653626441956,0.5333805,0.5,0.49124882,0.49124882,-0.4986165463924408,-0.4986165463924408
00002_id00495_E46aiMUC4A0_id00581_wavtolip.mp4,1,FVFA,0.9999924898147583,0.5333805,0.5,0.49124882,0.49124882,-0.5087436735630035,-0.5087436735630035
00002_id00496_SImaDcXQnh8_id00271_wavtolip.mp4,1,FVFA,0.9897807836532593,0.53338057,0.5,0.49124882,0.49124882,-0.4985319674015045,-0.4985319674015045
00002_id00634_z5t9oJizDQg_id00374_wavtolip.mp4,1,FVFA,0.5701116919517517,0.53338045,0.5,0.49124882,0.49124882,-0.07886287569999695,-0.07886287569999695
00002_id03649_389qfFqUddI_id00633_wavtolip.mp4,1,FVFA,0.9999970197677612,0.53338045,0.5,0.49124882,0.49124882,-0.5087482035160065,-0.5087482035160065
00002_id03858_uKVqPfRf-ac_id01002_wavtolip.mp4,1,FVFA,0.9999414682388306,0.5333805,0.5,0.49124882,0.49124882,-0.5086926519870758,-0.5086926519870758
00081_id00287_2NpfYjyMsPM_id00270_wavtolip.mp4,1,FVFA,0.9195311069488525,0.5333804,0.5,0.49124882,0.49124882,-0.4282822906970978,-0.4282822906970978
00081_id00325_4vJtbNe0L98_id00897_wavtolip.mp4,1,FVFA,0.9999985694885254,0.53338,0.5,0.49124882,0.49124882,-0.5087497532367706,-0.5087497532367706
00081_id00365_XV-imLNJvfk_id00071_wavtolip.mp4,1,FVFA,0.9998788833618164,0.5333804,0.5,0.49124882,0.49124882,-0.5086300671100616,-0.5086300671100616
00081_id00373_5NXv3Dxkd6E_id00484_wavtolip.mp4,1,FVFA,0.9995532631874084,0.5333804,0.5,0.49124882,0.49124882,-0.5083044469356537,-0.5083044469356537
00081_id00374_w1qI7y9AGTc_id00232_wavtolip.mp4,1,FVFA,0.9985966086387634,0.5333804,0.5,0.49124882,0.49124882,-0.5073477923870087,-0.5073477923870087
00081_id00496_SImaDcXQnh8_id00332_wavtolip.mp4,1,FVFA,0.9915178418159485,0.53338027,0.5,0.49124882,0.49124882,-0.5002690255641937,-0.5002690255641937
00081_id01018_VNPt_GB5QiE_id00484_wavtolip.mp4,1,FVFA,0.99955815076828,0.5333803,0.5,0.49124882,0.49124882,-0.5083093345165253,-0.5083093345165253
00081_id03844_AEAEN1Lns2c_id00373_wavtolip.mp4,1,FVFA,0.999631404876709,0.53338027,0.5,0.49124882,0.49124882,-0.5083825886249542,-0.5083825886249542
00001_id00068_A7uFnQw--bY_id00270_wavtolip.mp4,1,FVFA,0.9999954700469971,0.5333805,0.5,0.49124882,0.49124882,-0.5087466537952423,-0.5087466537952423
00001_id00188_e-vm5FB3idA_id01002_wavtolip.mp4,1,FVFA,0.9999402761459351,0.5333805,0.5,0.49124882,0.49124882,-0.5086914598941803,-0.5086914598941803
00001_id00325_4vJtbNe0L98_id03941_wavtolip.mp4,1,FVFA,0.9926018118858337,0.5333805,0.5,0.49124882,0.49124882,-0.501352995634079,-0.501352995634079
00001_id00569_gSynmpwioV4_id00434_wavtolip.mp4,1,FVFA,0.9999967813491821,0.5333805,0.5,0.49124882,0.49124882,-0.5087479650974274,-0.5087479650974274
00001_id00589_uOzKwYEVR6s_id00373_wavtolip.mp4,1,FVFA,0.9999972581863403,0.5333804,0.5,0.49124882,0.49124882,-0.5087484419345856,-0.5087484419345856
00001_id00591_1Jo8xElXQMs_id00287_wavtolip.mp4,1,FVFA,0.9999270439147949,0.53338027,0.5,0.49124882,0.49124882,-0.5086782276630402,-0.5086782276630402
00001_id00633_UXrTMta1EDM_id00287_wavtolip.mp4,1,FVFA,0.9999289512634277,0.53338045,0.5,0.49124882,0.49124882,-0.508680135011673,-0.508680135011673
00001_id00634_z5t9oJizDQg_id03941_wavtolip.mp4,1,FVFA,0.9924629926681519,0.53338045,0.5,0.49124882,0.49124882,-0.5012141764163971,-0.5012141764163971
00001_id00826_MYagwzy91Yk_id00634_wavtolip.mp4,1,FVFA,0.9999984502792358,0.5333804,0.5,0.49124882,0.49124882,-0.5087496340274811,-0.5087496340274811
00001_id03589_9NxOQlwpMys_id00434_wavtolip.mp4,1,FVFA,0.9999969005584717,0.5333805,0.5,0.49124882,0.49124882,-0.5087480843067169,-0.5087480843067169
00092_id00325_4vJtbNe0L98_id00332_wavtolip.mp4,1,FVFA,0.9999837875366211,0.53338087,0.5,0.49124882,0.49124882,-0.5087349712848663,-0.5087349712848663
00092_id00395_wM5kGJfTtEM_id00328_wavtolip.mp4,1,FVFA,0.9999978542327881,0.53338087,0.5,0.49124882,0.49124882,-0.5087490379810333,-0.5087490379810333
00092_id00897_0ayFw8JhoyI_id00826_wavtolip.mp4,1,FVFA,0.9999991655349731,0.5333808,0.5,0.49124882,0.49124882,-0.5087503492832184,-0.5087503492832184
00092_id01002_eQTviHjyISo_id03941_wavtolip.mp4,1,FVFA,0.9999938011169434,0.5333808,0.5,0.49124882,0.49124882,-0.5087449848651886,-0.5087449848651886
00092_id01018_VNPt_GB5QiE_id00330_wavtolip.mp4,1,FVFA,0.999962568283081,0.5333809,0.5,0.49124882,0.49124882,-0.5087137520313263,-0.5087137520313263
00092_id03371_truKMXt8Dak_id00325_wavtolip.mp4,1,FVFA,0.9999973773956299,0.5333809,0.5,0.49124882,0.49124882,-0.5087485611438751,-0.5087485611438751
00092_id03649_389qfFqUddI_id03651_wavtolip.mp4,1,FVFA,0.9999978542327881,0.5333809,0.5,0.49124882,0.49124882,-0.5087490379810333,-0.5087490379810333
00092_id03716_s-lxbGafZQA_id00395_wavtolip.mp4,1,FVFA,0.9999916553497314,0.5333809,0.5,0.49124882,0.49124882,-0.5087428390979767,-0.5087428390979767
00092_id03858_uKVqPfRf-ac_id00813_wavtolip.mp4,1,FVFA,0.9999936819076538,0.53338087,0.5,0.49124882,0.49124882,-0.508744865655899,-0.508744865655899
00040_id00365_XV-imLNJvfk_id03716_wavtolip.mp4,1,FVFA,0.9999972581863403,0.5333806,0.5,0.49124882,0.49124882,-0.5087484419345856,-0.5087484419345856
00040_id00379_fgkgYHCuk4g_id00823_wavtolip.mp4,1,FVFA,0.9998626708984375,0.5333806,0.5,0.49124882,0.49124882,-0.5086138546466827,-0.5086138546466827
00040_id00395_wM5kGJfTtEM_id00232_wavtolip.mp4,1,FVFA,0.9984025359153748,0.5333805,0.5,0.49124882,0.49124882,-0.50715371966362,-0.50715371966362
00040_id00591_1Jo8xElXQMs_id00823_wavtolip.mp4,1,FVFA,0.9998564720153809,0.53338045,0.5,0.49124882,0.49124882,-0.5086076557636261,-0.5086076557636261
00040_id00633_UXrTMta1EDM_id00826_wavtolip.mp4,1,FVFA,0.9999825954437256,0.5333806,0.5,0.49124882,0.49124882,-0.5087337791919708,-0.5087337791919708
00040_id00897_0ayFw8JhoyI_id00232_wavtolip.mp4,1,FVFA,0.9984520673751831,0.5333805,0.5,0.49124882,0.49124882,-0.5072032511234283,-0.5072032511234283
00040_id03651_EjcoRkL6loI_id00328_wavtolip.mp4,1,FVFA,0.9981787204742432,0.5333806,0.5,0.49124882,0.49124882,-0.5069299042224884,-0.5069299042224884
00040_id03816_XXD0yTNei50_id00581_wavtolip.mp4,1,FVFA,0.981812596321106,0.5333805,0.5,0.49124882,0.49124882,-0.4905637800693512,-0.4905637800693512
00093_id00071_JU1cVINUTZA_id00330_wavtolip.mp4,1,FVFA,0.9999576807022095,0.5333801,0.5,0.49124882,0.49124882,-0.5087088644504547,-0.5087088644504547
00093_id00262_3p7sRWAAh1Q_id00826_wavtolip.mp4,1,FVFA,0.9999991655349731,0.5333801,0.5,0.49124882,0.49124882,-0.5087503492832184,-0.5087503492832184
00093_id00287_2NpfYjyMsPM_id00270_wavtolip.mp4,1,FVFA,0.9999955892562866,0.5333802,0.5,0.49124882,0.49124882,-0.5087467730045319,-0.5087467730045319
00093_id00379_fgkgYHCuk4g_id00484_wavtolip.mp4,1,FVFA,0.999583899974823,0.53338015,0.5,0.49124882,0.49124882,-0.5083350837230682,-0.5083350837230682
00093_id00395_wM5kGJfTtEM_id00332_wavtolip.mp4,1,FVFA,0.9999915361404419,0.53338003,0.5,0.49124882,0.49124882,-0.5087427198886871,-0.5087427198886871
00093_id00495_E46aiMUC4A0_id03651_wavtolip.mp4,1,FVFA,0.9997119307518005,0.5333802,0.5,0.49124882,0.49124882,-0.5084631145000458,-0.5084631145000458
00093_id00633_UXrTMta1EDM_id00484_wavtolip.mp4,1,FVFA,0.999578058719635,0.53338015,0.5,0.49124882,0.49124882,-0.5083292424678802,-0.5083292424678802
00093_id00897_0ayFw8JhoyI_id00270_wavtolip.mp4,1,FVFA,0.9999955892562866,0.5333801,0.5,0.49124882,0.49124882,-0.5087467730045319,-0.5087467730045319
00093_id01018_VNPt_GB5QiE_id03651_wavtolip.mp4,1,FVFA,0.999717652797699,0.5333802,0.5,0.49124882,0.49124882,-0.5084688365459442,-0.5084688365459442
00093_id03941_SsYtP8Ze88Q_id03649_wavtolip.mp4,1,FVFA,0.9951366782188416,0.5333802,0.5,0.49124882,0.49124882,-0.5038878619670868,-0.5038878619670868
00028_id00068_A7uFnQw--bY_id03844_wavtolip.mp4,1,FVFA,0.9999948740005493,0.5333798,0.5,0.49124882,0.49124882,-0.5087460577487946,-0.5087460577487946
00028_id00330_zCFFgGSIZ_s_id00328_wavtolip.mp4,1,FVFA,0.9999991655349731,0.53337926,0.5,0.49124882,0.49124882,-0.5087503492832184,-0.5087503492832184
00028_id00365_XV-imLNJvfk_id00071_wavtolip.mp4,1,FVFA,0.9998972415924072,0.5333798,0.5,0.49124882,0.49124882,-0.5086484253406525,-0.5086484253406525
00028_id00484_u7YTz8eFZv0_id00379_wavtolip.mp4,1,FVFA,0.9999973773956299,0.53337985,0.5,0.49124882,0.49124882,-0.5087485611438751,-0.5087485611438751
00028_id00495_E46aiMUC4A0_id00374_wavtolip.mp4,1,FVFA,0.9999841451644897,0.53337973,0.5,0.49124882,0.49124882,-0.508735328912735,-0.508735328912735
00028_id00496_SImaDcXQnh8_id01018_wavtolip.mp4,1,FVFA,0.9999985694885254,0.53337985,0.5,0.49124882,0.49124882,-0.5087497532367706,-0.5087497532367706
00028_id00735_ivJSkq5hGOQ_id00634_wavtolip.mp4,1,FVFA,0.9999986886978149,0.5333798,0.5,0.49124882,0.49124882,-0.5087498724460602,-0.5087498724460602
00028_id03858_uKVqPfRf-ac_id00374_wavtolip.mp4,1,FVFA,0.9999841451644897,0.53337973,0.5,0.49124882,0.49124882,-0.508735328912735,-0.508735328912735
00092_id00270_hoEQ70-sDME_id00287_wavtolip.mp4,1,FVFA,0.9999346733093262,0.53337944,0.5,0.49124882,0.49124882,-0.5086858570575714,-0.5086858570575714
00092_id00395_wM5kGJfTtEM_id03620_wavtolip.mp4,1,FVFA,0.9999979734420776,0.53337955,0.5,0.49124882,0.49124882,-0.5087491571903229,-0.5087491571903229
00092_id00495_E46aiMUC4A0_id03649_wavtolip.mp4,1,FVFA,0.9953798055648804,0.53337973,0.5,0.49124882,0.49124882,-0.5041309893131256,-0.5041309893131256
00092_id00581_7AxvP19LGKg_id00581_wavtolip.mp4,1,FVFA,0.999992847442627,0.5333797,0.5,0.49124882,0.49124882,-0.5087440311908722,-0.5087440311908722
00092_id00823_KgExwCvgrUk_id03941_wavtolip.mp4,1,FVFA,0.9929987192153931,0.5333796,0.5,0.49124882,0.49124882,-0.5017499029636383,-0.5017499029636383
00092_id03371_truKMXt8Dak_id00735_wavtolip.mp4,1,FVFA,0.9992190599441528,0.5333797,0.5,0.49124882,0.49124882,-0.5079702436923981,-0.5079702436923981
00092_id03716_s-lxbGafZQA_id00581_wavtolip.mp4,1,FVFA,0.9999932050704956,0.5333796,0.5,0.49124882,0.49124882,-0.5087443888187408,-0.5087443888187408
00092_id03844_AEAEN1Lns2c_id00806_wavtolip.mp4,1,FVFA,0.9999847412109375,0.5333797,0.5,0.49124882,0.49124882,-0.5087359249591827,-0.5087359249591827
00021_id00068_A7uFnQw--bY_id00569_wavtolip.mp4,1,FVFA,0.9998900890350342,0.5333788,0.5,0.49124882,0.49124882,-0.5086412727832794,-0.5086412727832794
00021_id00262_3p7sRWAAh1Q_id00395_wavtolip.mp4,1,FVFA,0.9999920129776001,0.53337866,0.5,0.49124882,0.49124882,-0.5087431967258453,-0.5087431967258453
00021_id00287_2NpfYjyMsPM_id00434_wavtolip.mp4,1,FVFA,0.9999970197677612,0.5333787,0.5,0.49124882,0.49124882,-0.5087482035160065,-0.5087482035160065
00021_id00332__zNddcZV1EU_id00271_wavtolip.mp4,1,FVFA,0.9901303648948669,0.5333786,0.5,0.49124882,0.49124882,-0.4988815486431122,-0.4988815486431122
00021_id00365_XV-imLNJvfk_id00270_wavtolip.mp4,1,FVFA,0.9999958276748657,0.53337854,0.5,0.49124882,0.49124882,-0.508747011423111,-0.508747011423111
00021_id00495_E46aiMUC4A0_id01002_wavtolip.mp4,1,FVFA,0.9999982118606567,0.53337854,0.5,0.49124882,0.49124882,-0.508749395608902,-0.508749395608902
00021_id00735_ivJSkq5hGOQ_id00379_wavtolip.mp4,1,FVFA,0.9999972581863403,0.53337866,0.5,0.49124882,0.49124882,-0.5087484419345856,-0.5087484419345856
00021_id00806_0sk9s9lFIAk_id00042_wavtolip.mp4,1,FVFA,0.9999974966049194,0.5333781,0.5,0.49124882,0.49124882,-0.5087486803531647,-0.5087486803531647
00021_id01001_dHJc8dh9X8c_id03589_wavtolip.mp4,1,FVFA,0.9999970197677612,0.5333785,0.5,0.49124882,0.49124882,-0.5087482035160065,-0.5087482035160065
00021_id03816_XXD0yTNei50_id01002_wavtolip.mp4,1,FVFA,0.9999982118606567,0.5333784,0.5,0.49124882,0.49124882,-0.508749395608902,-0.508749395608902
00028_id00068_wavtolip.mp4,1,FVRA,0.999083399772644,0.53338104,0.5,0.49124882,0.49124882,-0.5078345835208893,-0.5078345835208893
00028_id00271_wavtolip.mp4,1,FVRA,0.9896503686904907,0.53337985,0.5,0.49124882,0.49124882,-0.49840155243873596,-0.49840155243873596
00028_id00325_wavtolip.mp4,1,FVRA,0.9999953508377075,0.53337795,0.5,0.49124882,0.49124882,-0.5087465345859528,-0.5087465345859528
00028_id00379_wavtolip.mp4,1,FVRA,0.8856503367424011,0.5333811,0.5,0.49124882,0.49124882,-0.39440152049064636,-0.39440152049064636
00028_id00496_wavtolip.mp4,1,FVRA,0.6032924056053162,0.5333811,0.5,0.49124882,0.49124882,-0.1120435893535614,-0.1120435893535614
00028_id00569_wavtolip.mp4,1,FVRA,0.9999033212661743,0.5333798,0.5,0.49124882,0.49124882,-0.5086545050144196,-0.5086545050144196
00028_id01018_wavtolip.mp4,1,FVRA,0.9999743700027466,0.5333803,0.5,0.49124882,0.49124882,-0.5087255537509918,-0.5087255537509918
00028_id03620_wavtolip.mp4,1,FVRA,0.9999972581863403,0.53337985,0.5,0.49124882,0.49124882,-0.5087484419345856,-0.5087484419345856
00028_id03716_wavtolip.mp4,1,FVRA,0.9999967813491821,0.53337795,0.5,0.49124882,0.49124882,-0.5087479650974274,-0.5087479650974274
00028_id03941_wavtolip.mp4,1,FVRA,0.9929913282394409,0.5333811,0.5,0.49124882,0.49124882,-0.5017425119876862,-0.5017425119876862
00004_id00068_wavtolip.mp4,1,FVRA,0.9999949932098389,0.53337383,0.5,0.49124882,0.49124882,-0.5087461769580841,-0.5087461769580841
00004_id00071_wavtolip.mp4,1,FVRA,0.9998853206634521,0.5333739,0.5,0.49124882,0.49124882,-0.5086365044116974,-0.5086365044116974
00004_id00234_wavtolip.mp4,1,FVRA,0.9999954700469971,0.53337383,0.5,0.49124882,0.49124882,-0.5087466537952423,-0.5087466537952423
00004_id00262_wavtolip.mp4,1,FVRA,0.999984622001648,0.53337383,0.5,0.49124882,0.49124882,-0.5087358057498932,-0.5087358057498932
00004_id00365_wavtolip.mp4,1,FVRA,0.9974328875541687,0.5333738,0.5,0.49124882,0.49124882,-0.5061840713024139,-0.5061840713024139
00004_id00484_wavtolip.mp4,1,FVRA,0.7022638320922852,0.53337383,0.5,0.49124882,0.49124882,-0.2110150158405304,-0.2110150158405304
00004_id00496_wavtolip.mp4,1,FVRA,0.999993085861206,0.53337383,0.5,0.49124882,0.49124882,-0.5087442696094513,-0.5087442696094513
00004_id00591_wavtolip.mp4,1,FVRA,0.9998513460159302,0.5333738,0.5,0.49124882,0.49124882,-0.5086025297641754,-0.5086025297641754
00004_id03589_wavtolip.mp4,1,FVRA,0.9999971389770508,0.53337383,0.5,0.49124882,0.49124882,-0.508748322725296,-0.508748322725296
00004_id03716_wavtolip.mp4,1,FVRA,0.9999574422836304,0.53337383,0.5,0.49124882,0.49124882,-0.5087086260318756,-0.5087086260318756
00014_id00188_wavtolip.mp4,1,FVRA,0.999995231628418,0.5333805,0.5,0.49124882,0.49124882,-0.5087464153766632,-0.5087464153766632
00014_id00330_wavtolip.mp4,1,FVRA,0.9999932050704956,0.5333805,0.5,0.49124882,0.49124882,-0.5087443888187408,-0.5087443888187408
00014_id00589_wavtolip.mp4,1,FVRA,0.9999969005584717,0.5333805,0.5,0.49124882,0.49124882,-0.5087480843067169,-0.5087480843067169
00014_id00633_wavtolip.mp4,1,FVRA,0.9999912977218628,0.5333805,0.5,0.49124882,0.49124882,-0.508742481470108,-0.508742481470108
00014_id00813_wavtolip.mp4,1,FVRA,0.9668708443641663,0.5333805,0.5,0.49124882,0.49124882,-0.4756220281124115,-0.4756220281124115
00014_id01001_wavtolip.mp4,1,FVRA,0.999997615814209,0.5333805,0.5,0.49124882,0.49124882,-0.5087487995624542,-0.5087487995624542
00014_id01018_wavtolip.mp4,1,FVRA,0.9999361038208008,0.5333805,0.5,0.49124882,0.49124882,-0.508687287569046,-0.508687287569046
00014_id03716_wavtolip.mp4,1,FVRA,0.9999963045120239,0.5333805,0.5,0.49124882,0.49124882,-0.5087474882602692,-0.5087474882602692
00014_id03816_wavtolip.mp4,1,FVRA,0.9999969005584717,0.5333805,0.5,0.49124882,0.49124882,-0.5087480843067169,-0.5087480843067169
00014_id03844_wavtolip.mp4,1,FVRA,0.9999871253967285,0.5333805,0.5,0.49124882,0.49124882,-0.5087383091449738,-0.5087383091449738
00020_id00071_wavtolip.mp4,1,FVRA,0.7481129169464111,0.53338015,0.5,0.49124882,0.49124882,-0.25686410069465637,-0.25686410069465637
00020_id00188_wavtolip.mp4,1,FVRA,0.9999959468841553,0.53338015,0.5,0.49124882,0.49124882,-0.5087471306324005,-0.5087471306324005
00020_id00262_wavtolip.mp4,1,FVRA,0.9999885559082031,0.53338015,0.5,0.49124882,0.49124882,-0.5087397396564484,-0.5087397396564484
00020_id00365_wavtolip.mp4,1,FVRA,0.9999943971633911,0.53338015,0.5,0.49124882,0.49124882,-0.5087455809116364,-0.5087455809116364
00020_id00374_wavtolip.mp4,1,FVRA,0.9999830722808838,0.53338015,0.5,0.49124882,0.49124882,-0.508734256029129,-0.508734256029129
00020_id00633_wavtolip.mp4,1,FVRA,0.9999926090240479,0.53338015,0.5,0.49124882,0.49124882,-0.5087437927722931,-0.5087437927722931
00020_id03620_wavtolip.mp4,1,FVRA,0.9999953508377075,0.53338015,0.5,0.49124882,0.49124882,-0.5087465345859528,-0.5087465345859528
00020_id03716_wavtolip.mp4,1,FVRA,0.9998688697814941,0.53338015,0.5,0.49124882,0.49124882,-0.5086200535297394,-0.5086200535297394
00020_id03816_wavtolip.mp4,1,FVRA,0.9999972581863403,0.53338015,0.5,0.49124882,0.49124882,-0.5087484419345856,-0.5087484419345856
00020_id03844_wavtolip.mp4,1,FVRA,0.9999945163726807,0.5333802,0.5,0.49124882,0.49124882,-0.5087457001209259,-0.5087457001209259
00025_id00330_wavtolip.mp4,1,FVRA,0.99996018409729,0.5333796,0.5,0.49124882,0.49124882,-0.5087113678455353,-0.5087113678455353
00025_id00332_wavtolip.mp4,1,FVRA,0.754109263420105,0.5333796,0.5,0.49124882,0.49124882,-0.2628604471683502,-0.2628604471683502
00025_id00581_wavtolip.mp4,1,FVRA,0.9999967813491821,0.5333796,0.5,0.49124882,0.49124882,-0.5087479650974274,-0.5087479650974274
00025_id00634_wavtolip.mp4,1,FVRA,0.9999982118606567,0.5333796,0.5,0.49124882,0.49124882,-0.508749395608902,-0.508749395608902
00025_id01002_wavtolip.mp4,1,FVRA,0.6040705442428589,0.5333796,0.5,0.49124882,0.49124882,-0.11282172799110413,-0.11282172799110413
00025_id03371_wavtolip.mp4,1,FVRA,0.9972905516624451,0.5333796,0.5,0.49124882,0.49124882,-0.5060417354106903,-0.5060417354106903
00025_id03649_wavtolip.mp4,1,FVRA,0.5334026217460632,0.5333796,0.5,0.49124882,0.49124882,-0.04215380549430847,-0.04215380549430847
00025_id03651_wavtolip.mp4,1,FVRA,0.9432814717292786,0.5333796,0.5,0.49124882,0.49124882,-0.4520326554775238,-0.4520326554775238
00025_id03716_wavtolip.mp4,1,FVRA,0.9999973773956299,0.5333796,0.5,0.49124882,0.49124882,-0.5087485611438751,-0.5087485611438751
00025_id03844_wavtolip.mp4,1,FVRA,0.9988652467727661,0.5333796,0.5,0.49124882,0.49124882,-0.5076164305210114,-0.5076164305210114
00063_id00071_wavtolip.mp4,1,FVRA,0.7327559590339661,0.53337973,0.5,0.49124882,0.49124882,-0.2415071427822113,-0.2415071427822113
00063_id00328_wavtolip.mp4,1,FVRA,0.9979069232940674,0.5333798,0.5,0.49124882,0.49124882,-0.5066581070423126,-0.5066581070423126
00063_id00484_wavtolip.mp4,1,FVRA,0.693747878074646,0.53337973,0.5,0.49124882,0.49124882,-0.20249906182289124,-0.20249906182289124
00063_id00569_wavtolip.mp4,1,FVRA,0.6293923258781433,0.5333798,0.5,0.49124882,0.49124882,-0.13814350962638855,-0.13814350962638855
00063_id00581_wavtolip.mp4,1,FVRA,0.9999970197677612,0.5333799,0.5,0.49124882,0.49124882,-0.5087482035160065,-0.5087482035160065
00063_id00826_wavtolip.mp4,1,FVRA,0.9999855756759644,0.53337985,0.5,0.49124882,0.49124882,-0.5087367594242096,-0.5087367594242096
00063_id03371_wavtolip.mp4,1,FVRA,0.9984460473060608,0.5333799,0.5,0.49124882,0.49124882,-0.507197231054306,-0.507197231054306
00063_id03651_wavtolip.mp4,1,FVRA,0.9483509659767151,0.5333798,0.5,0.49124882,0.49124882,-0.4571021497249603,-0.4571021497249603
00063_id03816_wavtolip.mp4,1,FVRA,0.9807208776473999,0.5333798,0.5,0.49124882,0.49124882,-0.48947206139564514,-0.48947206139564514
00063_id03844_wavtolip.mp4,1,FVRA,0.8686772584915161,0.5333798,0.5,0.49124882,0.49124882,-0.37742844223976135,-0.37742844223976135
00028_id00068_wavtolip.mp4,1,FVRA,0.999083399772644,0.53338104,0.5,0.49124882,0.49124882,-0.5078345835208893,-0.5078345835208893
00028_id00270_wavtolip.mp4,1,FVRA,0.9247803688049316,0.5333803,0.5,0.49124882,0.49124882,-0.4335315525531769,-0.4335315525531769
00028_id00271_wavtolip.mp4,1,FVRA,0.9896503686904907,0.53337985,0.5,0.49124882,0.49124882,-0.49840155243873596,-0.49840155243873596
00028_id00365_wavtolip.mp4,1,FVRA,0.9999951124191284,0.53337985,0.5,0.49124882,0.49124882,-0.5087462961673737,-0.5087462961673737
00028_id00373_wavtolip.mp4,1,FVRA,0.9740159511566162,0.53338104,0.5,0.49124882,0.49124882,-0.48276713490486145,-0.48276713490486145
00028_id00496_wavtolip.mp4,1,FVRA,0.6032924056053162,0.5333811,0.5,0.49124882,0.49124882,-0.1120435893535614,-0.1120435893535614
00028_id00633_wavtolip.mp4,1,FVRA,0.9999960660934448,0.53337795,0.5,0.49124882,0.49124882,-0.5087472498416901,-0.5087472498416901
00028_id00634_wavtolip.mp4,1,FVRA,0.9999505281448364,0.5333811,0.5,0.49124882,0.49124882,-0.5087017118930817,-0.5087017118930817
00028_id00826_wavtolip.mp4,1,FVRA,0.9468048810958862,0.53338104,0.5,0.49124882,0.49124882,-0.45555606484413147,-0.45555606484413147
00028_id03816_wavtolip.mp4,1,FVRA,0.980541467666626,0.53338104,0.5,0.49124882,0.49124882,-0.4892926514148712,-0.4892926514148712
00088_id00188_wavtolip.mp4,1,FVRA,0.903610348701477,0.53337914,0.5,0.49124882,0.49124882,-0.4123615324497223,-0.4123615324497223
00088_id00234_wavtolip.mp4,1,FVRA,0.9908231496810913,0.53338015,0.5,0.49124882,0.49124882,-0.49957433342933655,-0.49957433342933655
00088_id00328_wavtolip.mp4,1,FVRA,0.9978300929069519,0.53337926,0.5,0.49124882,0.49124882,-0.5065812766551971,-0.5065812766551971
00088_id00365_wavtolip.mp4,1,FVRA,0.9974919557571411,0.5333792,0.5,0.49124882,0.49124882,-0.5062431395053864,-0.5062431395053864
00088_id00373_wavtolip.mp4,1,FVRA,0.9999798536300659,0.53337926,0.5,0.49124882,0.49124882,-0.5087310373783112,-0.5087310373783112
00088_id00491_wavtolip.mp4,1,FVRA,0.5317801237106323,0.5333792,0.5,0.49124882,0.49124882,-0.040531307458877563,-0.040531307458877563
00088_id00634_wavtolip.mp4,1,FVRA,0.9999988079071045,0.53337926,0.5,0.49124882,0.49124882,-0.5087499916553497,-0.5087499916553497
00088_id00826_wavtolip.mp4,1,FVRA,0.9437592625617981,0.533379,0.5,0.49124882,0.49124882,-0.45251044631004333,-0.45251044631004333
00088_id00897_wavtolip.mp4,1,FVRA,0.9999983310699463,0.53337926,0.5,0.49124882,0.49124882,-0.5087495148181915,-0.5087495148181915
00088_id01002_wavtolip.mp4,1,FVRA,0.6164476275444031,0.5333802,0.5,0.49124882,0.49124882,-0.12519881129264832,-0.12519881129264832
00028_id00188_wavtolip.mp4,1,FVRA,0.9999972581863403,0.5333798,0.5,0.49124882,0.49124882,-0.5087484419345856,-0.5087484419345856
00028_id00270_wavtolip.mp4,1,FVRA,0.9247803688049316,0.5333803,0.5,0.49124882,0.49124882,-0.4335315525531769,-0.4335315525531769
00028_id00365_wavtolip.mp4,1,FVRA,0.9999951124191284,0.53337985,0.5,0.49124882,0.49124882,-0.5087462961673737,-0.5087462961673737
00028_id00491_wavtolip.mp4,1,FVRA,0.9999798536300659,0.53338027,0.5,0.49124882,0.49124882,-0.5087310373783112,-0.5087310373783112
00028_id00633_wavtolip.mp4,1,FVRA,0.9999960660934448,0.53337795,0.5,0.49124882,0.49124882,-0.5087472498416901,-0.5087472498416901
00028_id00806_wavtolip.mp4,1,FVRA,0.9999228715896606,0.53337985,0.5,0.49124882,0.49124882,-0.5086740553379059,-0.5086740553379059
00028_id01001_wavtolip.mp4,1,FVRA,0.7096265554428101,0.5333803,0.5,0.49124882,0.49124882,-0.2183777391910553,-0.2183777391910553
00028_id01002_wavtolip.mp4,1,FVRA,0.9999470710754395,0.5333798,0.5,0.49124882,0.49124882,-0.5086982548236847,-0.5086982548236847
00028_id01018_wavtolip.mp4,1,FVRA,0.9999743700027466,0.5333803,0.5,0.49124882,0.49124882,-0.5087255537509918,-0.5087255537509918
00028_id03844_wavtolip.mp4,1,FVRA,0.9989215135574341,0.53338027,0.5,0.49124882,0.49124882,-0.5076726973056793,-0.5076726973056793
00005_id00068_wavtolip.mp4,1,FVRA,0.9990434050559998,0.53337854,0.5,0.49124882,0.49124882,-0.507794588804245,-0.507794588804245
00005_id00188_wavtolip.mp4,1,FVRA,0.9999954700469971,0.5333802,0.5,0.49124882,0.49124882,-0.5087466537952423,-0.5087466537952423
00005_id00270_wavtolip.mp4,1,FVRA,0.9999768733978271,0.5333802,0.5,0.49124882,0.49124882,-0.5087280571460724,-0.5087280571460724
00005_id00328_wavtolip.mp4,1,FVRA,0.9983538389205933,0.5333785,0.5,0.49124882,0.49124882,-0.5071050226688385,-0.5071050226688385
00005_id00365_wavtolip.mp4,1,FVRA,0.9999938011169434,0.5333802,0.5,0.49124882,0.49124882,-0.5087449848651886,-0.5087449848651886
00005_id00581_wavtolip.mp4,1,FVRA,0.999993085861206,0.5333802,0.5,0.49124882,0.49124882,-0.5087442696094513,-0.5087442696094513
00005_id00826_wavtolip.mp4,1,FVRA,0.9998763799667358,0.5333802,0.5,0.49124882,0.49124882,-0.5086275637149811,-0.5086275637149811
00005_id03371_wavtolip.mp4,1,FVRA,0.6056719422340393,0.53337854,0.5,0.49124882,0.49124882,-0.11442312598228455,-0.11442312598228455
00005_id03620_wavtolip.mp4,1,FVRA,0.9999964237213135,0.5333802,0.5,0.49124882,0.49124882,-0.5087476074695587,-0.5087476074695587
00005_id03816_wavtolip.mp4,1,FVRA,0.9794788956642151,0.5333785,0.5,0.49124882,0.49124882,-0.4882300794124603,-0.4882300794124603
00015_id00042_wavtolip.mp4,1,FVRA,0.9890576004981995,0.5333794,0.5,0.49124882,0.49124882,-0.4978087842464447,-0.4978087842464447
00015_id00188_wavtolip.mp4,1,FVRA,0.9996235370635986,0.5333794,0.5,0.49124882,0.49124882,-0.5083747208118439,-0.5083747208118439
00015_id00262_wavtolip.mp4,1,FVRA,0.9999810457229614,0.53337926,0.5,0.49124882,0.49124882,-0.5087322294712067,-0.5087322294712067
00015_id00569_wavtolip.mp4,1,FVRA,0.987419068813324,0.5333794,0.5,0.49124882,0.49124882,-0.4961702525615692,-0.4961702525615692
00015_id00581_wavtolip.mp4,1,FVRA,0.9999970197677612,0.53337926,0.5,0.49124882,0.49124882,-0.5087482035160065,-0.5087482035160065
00015_id00589_wavtolip.mp4,1,FVRA,0.9998557567596436,0.53338087,0.5,0.49124882,0.49124882,-0.5086069405078888,-0.5086069405078888
00015_id00591_wavtolip.mp4,1,FVRA,0.9998452663421631,0.53337926,0.5,0.49124882,0.49124882,-0.5085964500904083,-0.5085964500904083
00015_id03371_wavtolip.mp4,1,FVRA,0.9972735047340393,0.53337926,0.5,0.49124882,0.49124882,-0.5060246884822845,-0.5060246884822845
00015_id03649_wavtolip.mp4,1,FVRA,0.54306960105896,0.53337926,0.5,0.49124882,0.49124882,-0.0518207848072052,-0.0518207848072052
00015_id03858_wavtolip.mp4,1,FVRA,0.9938437938690186,0.5333792,0.5,0.49124882,0.49124882,-0.5025949776172638,-0.5025949776172638
00092_id00068_wavtolip.mp4,1,FVRA,0.9999902248382568,0.53338087,0.5,0.49124882,0.49124882,-0.5087414085865021,-0.5087414085865021
00092_id00188_wavtolip.mp4,1,FVRA,0.9996587038040161,0.5333796,0.5,0.49124882,0.49124882,-0.5084098875522614,-0.5084098875522614
00092_id00271_wavtolip.mp4,1,FVRA,0.989238977432251,0.53338087,0.5,0.49124882,0.49124882,-0.4979901611804962,-0.4979901611804962
00092_id00328_wavtolip.mp4,1,FVRA,0.997920572757721,0.5333796,0.5,0.49124882,0.49124882,-0.5066717565059662,-0.5066717565059662
00092_id00395_wavtolip.mp4,1,FVRA,0.9999974966049194,0.5333808,0.5,0.49124882,0.49124882,-0.5087486803531647,-0.5087486803531647
00092_id00491_wavtolip.mp4,1,FVRA,0.5405007600784302,0.53338087,0.5,0.49124882,0.49124882,-0.049251943826675415,-0.049251943826675415
00092_id00569_wavtolip.mp4,1,FVRA,0.9854016304016113,0.53338087,0.5,0.49124882,0.49124882,-0.49415281414985657,-0.49415281414985657
00092_id00735_wavtolip.mp4,1,FVRA,0.9992115497589111,0.5333795,0.5,0.49124882,0.49124882,-0.5079627335071564,-0.5079627335071564
00092_id03651_wavtolip.mp4,1,FVRA,0.9480055570602417,0.5333796,0.5,0.49124882,0.49124882,-0.45675674080848694,-0.45675674080848694
00092_id03716_wavtolip.mp4,1,FVRA,0.9998818635940552,0.53338087,0.5,0.49124882,0.49124882,-0.5086330473423004,-0.5086330473423004
00118_id00262_wavtolip.mp4,1,FVRA,0.9999948740005493,0.5333795,0.5,0.49124882,0.49124882,-0.5087460577487946,-0.5087460577487946
00118_id00395_wavtolip.mp4,1,FVRA,0.9988197684288025,0.53337944,0.5,0.49124882,0.49124882,-0.5075709521770477,-0.5075709521770477
00118_id00491_wavtolip.mp4,1,FVRA,0.5250462889671326,0.53337944,0.5,0.49124882,0.49124882,-0.03379747271537781,-0.03379747271537781
00118_id00591_wavtolip.mp4,1,FVRA,0.9987542629241943,0.53337944,0.5,0.49124882,0.49124882,-0.5075054466724396,-0.5075054466724396
00118_id00633_wavtolip.mp4,1,FVRA,0.9999966621398926,0.5333795,0.5,0.49124882,0.49124882,-0.5087478458881378,-0.5087478458881378
00118_id00806_wavtolip.mp4,1,FVRA,0.9998688697814941,0.5333795,0.5,0.49124882,0.49124882,-0.5086200535297394,-0.5086200535297394
00118_id01001_wavtolip.mp4,1,FVRA,0.6555807590484619,0.5333795,0.5,0.49124882,0.49124882,-0.16433194279670715,-0.16433194279670715
00118_id01002_wavtolip.mp4,1,FVRA,0.999941349029541,0.5333794,0.5,0.49124882,0.49124882,-0.5086925327777863,-0.5086925327777863
00118_id01018_wavtolip.mp4,1,FVRA,0.9999918937683105,0.5333795,0.5,0.49124882,0.49124882,-0.5087430775165558,-0.5087430775165558
00118_id03844_wavtolip.mp4,1,FVRA,0.9989100694656372,0.53337944,0.5,0.49124882,0.49124882,-0.5076612532138824,-0.5076612532138824
00293_id00188_wavtolip.mp4,1,FVRA,0.9161009192466736,0.53337896,0.5,0.49124882,0.49124882,-0.4248521029949188,-0.4248521029949188
00293_id00270_wavtolip.mp4,1,FVRA,0.8736510872840881,0.53337896,0.5,0.49124882,0.49124882,-0.3824022710323334,-0.3824022710323334
00293_id00287_wavtolip.mp4,1,FVRA,0.9991430044174194,0.53337896,0.5,0.49124882,0.49124882,-0.5078941881656647,-0.5078941881656647
00293_id00365_wavtolip.mp4,1,FVRA,0.9975226521492004,0.53337896,0.5,0.49124882,0.49124882,-0.5062738358974457,-0.5062738358974457
00293_id00496_wavtolip.mp4,1,FVRA,0.9999724626541138,0.53337896,0.5,0.49124882,0.49124882,-0.508723646402359,-0.508723646402359
00293_id00581_wavtolip.mp4,1,FVRA,0.9999972581863403,0.53337896,0.5,0.49124882,0.49124882,-0.5087484419345856,-0.5087484419345856
00293_id00591_wavtolip.mp4,1,FVRA,0.9998483657836914,0.53337896,0.5,0.49124882,0.49124882,-0.5085995495319366,-0.5085995495319366
00293_id00826_wavtolip.mp4,1,FVRA,0.9520453810691833,0.5333789,0.5,0.49124882,0.49124882,-0.4607965648174286,-0.4607965648174286
00293_id01018_wavtolip.mp4,1,FVRA,0.9999915361404419,0.53337896,0.5,0.49124882,0.49124882,-0.5087427198886871,-0.5087427198886871
00293_id03371_wavtolip.mp4,1,FVRA,0.9999983310699463,0.53337896,0.5,0.49124882,0.49124882,-0.5087495148181915,-0.5087495148181915
00078_id00325_wavtolip.mp4,1,FVRA,0.998950719833374,0.5333811,0.5,0.49124882,0.49124882,-0.5077019035816193,-0.5077019035816193
00078_id00365_wavtolip.mp4,1,FVRA,0.9999946355819702,0.53338075,0.5,0.49124882,0.49124882,-0.5087458193302155,-0.5087458193302155
00078_id00379_wavtolip.mp4,1,FVRA,0.9999973773956299,0.53338075,0.5,0.49124882,0.49124882,-0.5087485611438751,-0.5087485611438751
00078_id00395_wavtolip.mp4,1,FVRA,0.9676149487495422,0.5333808,0.5,0.49124882,0.49124882,-0.4763661324977875,-0.4763661324977875
00078_id00634_wavtolip.mp4,1,FVRA,0.9999986886978149,0.53338075,0.5,0.49124882,0.49124882,-0.5087498724460602,-0.5087498724460602
00078_id00735_wavtolip.mp4,1,FVRA,0.999998927116394,0.53338075,0.5,0.49124882,0.49124882,-0.5087501108646393,-0.5087501108646393
00078_id00813_wavtolip.mp4,1,FVRA,0.9999943971633911,0.5333811,0.5,0.49124882,0.49124882,-0.5087455809116364,-0.5087455809116364
00078_id00823_wavtolip.mp4,1,FVRA,0.5687757134437561,0.53338075,0.5,0.49124882,0.49124882,-0.07752689719200134,-0.07752689719200134
00078_id01002_wavtolip.mp4,1,FVRA,0.607441246509552,0.53338075,0.5,0.49124882,0.49124882,-0.11619243025779724,-0.11619243025779724
00078_id03941_wavtolip.mp4,1,FVRA,0.9998489618301392,0.53338116,0.5,0.49124882,0.49124882,-0.5086001455783844,-0.5086001455783844
00028_id00232_wavtolip.mp4,1,FVRA,0.9985800981521606,0.5333803,0.5,0.49124882,0.49124882,-0.5073312819004059,-0.5073312819004059
00028_id00379_wavtolip.mp4,1,FVRA,0.8856503367424011,0.5333811,0.5,0.49124882,0.49124882,-0.39440152049064636,-0.39440152049064636
00028_id00434_wavtolip.mp4,1,FVRA,0.9999971389770508,0.53338027,0.5,0.49124882,0.49124882,-0.508748322725296,-0.508748322725296
00028_id00484_wavtolip.mp4,1,FVRA,0.9999940395355225,0.53337985,0.5,0.49124882,0.49124882,-0.5087452232837677,-0.5087452232837677
00028_id00495_wavtolip.mp4,1,FVRA,0.998322069644928,0.53337985,0.5,0.49124882,0.49124882,-0.5070732533931732,-0.5070732533931732
00028_id00823_wavtolip.mp4,1,FVRA,0.9998713731765747,0.53337777,0.5,0.49124882,0.49124882,-0.50862255692482,-0.50862255692482
00028_id01001_wavtolip.mp4,1,FVRA,0.7096265554428101,0.5333803,0.5,0.49124882,0.49124882,-0.2183777391910553,-0.2183777391910553
00028_id03371_wavtolip.mp4,1,FVRA,0.9990721940994263,0.53338027,0.5,0.49124882,0.49124882,-0.5078233778476715,-0.5078233778476715
00028_id03620_wavtolip.mp4,1,FVRA,0.9999972581863403,0.53337985,0.5,0.49124882,0.49124882,-0.5087484419345856,-0.5087484419345856
00028_id03941_wavtolip.mp4,1,FVRA,0.9929913282394409,0.5333811,0.5,0.49124882,0.49124882,-0.5017425119876862,-0.5017425119876862
00311_id00188_wavtolip.mp4,1,FVRA,0.910414457321167,0.5333807,0.5,0.49124882,0.49124882,-0.41916564106941223,-0.41916564106941223
00311_id00232_wavtolip.mp4,1,FVRA,0.9999986886978149,0.5333807,0.5,0.49124882,0.49124882,-0.5087498724460602,-0.5087498724460602
00311_id00325_wavtolip.mp4,1,FVRA,0.999995231628418,0.5333807,0.5,0.49124882,0.49124882,-0.5087464153766632,-0.5087464153766632
00311_id00328_wavtolip.mp4,1,FVRA,0.9977940320968628,0.5333807,0.5,0.49124882,0.49124882,-0.506545215845108,-0.506545215845108
00311_id00495_wavtolip.mp4,1,FVRA,0.9073463082313538,0.5333807,0.5,0.49124882,0.49124882,-0.416097491979599,-0.416097491979599
00311_id00496_wavtolip.mp4,1,FVRA,0.9999939203262329,0.5333807,0.5,0.49124882,0.49124882,-0.5087451040744781,-0.5087451040744781
00311_id00589_wavtolip.mp4,1,FVRA,0.9999980926513672,0.5333807,0.5,0.49124882,0.49124882,-0.5087492763996124,-0.5087492763996124
00311_id00634_wavtolip.mp4,1,FVRA,0.9999986886978149,0.5333807,0.5,0.49124882,0.49124882,-0.5087498724460602,-0.5087498724460602
00311_id00826_wavtolip.mp4,1,FVRA,0.9496666789054871,0.5333807,0.5,0.49124882,0.49124882,-0.4584178626537323,-0.4584178626537323
00311_id03716_wavtolip.mp4,1,FVRA,0.999907374382019,0.5333807,0.5,0.49124882,0.49124882,-0.5086585581302643,-0.5086585581302643
00043_id00071_wavtolip.mp4,1,FVRA,0.7328265905380249,0.5333811,0.5,0.49124882,0.49124882,-0.24157777428627014,-0.24157777428627014
00043_id00328_wavtolip.mp4,1,FVRA,0.9977516531944275,0.5333811,0.5,0.49124882,0.49124882,-0.5065028369426727,-0.5065028369426727
00043_id00330_wavtolip.mp4,1,FVRA,0.9999914169311523,0.5333811,0.5,0.49124882,0.49124882,-0.5087426006793976,-0.5087426006793976
00043_id00491_wavtolip.mp4,1,FVRA,0.5524439811706543,0.5333811,0.5,0.49124882,0.49124882,-0.061195164918899536,-0.061195164918899536
00043_id00569_wavtolip.mp4,1,FVRA,0.999893069267273,0.5333804,0.5,0.49124882,0.49124882,-0.5086442530155182,-0.5086442530155182
00043_id00581_wavtolip.mp4,1,FVRA,0.9999940395355225,0.5333811,0.5,0.49124882,0.49124882,-0.5087452232837677,-0.5087452232837677
00043_id00823_wavtolip.mp4,1,FVRA,0.9998742341995239,0.5333811,0.5,0.49124882,0.49124882,-0.5086254179477692,-0.5086254179477692
00043_id00897_wavtolip.mp4,1,FVRA,0.9999977350234985,0.5333803,0.5,0.49124882,0.49124882,-0.5087489187717438,-0.5087489187717438
00043_id03371_wavtolip.mp4,1,FVRA,0.9868887662887573,0.5333811,0.5,0.49124882,0.49124882,-0.49563995003700256,-0.49563995003700256
00043_id03651_wavtolip.mp4,1,FVRA,0.9468613266944885,0.5333811,0.5,0.49124882,0.49124882,-0.45561251044273376,-0.45561251044273376
00420_id00188_wavtolip.mp4,1,FVRA,0.9999959468841553,0.53338045,0.5,0.49124882,0.49124882,-0.5087471306324005,-0.5087471306324005
00420_id00234_wavtolip.mp4,1,FVRA,0.9999966621398926,0.53338045,0.5,0.49124882,0.49124882,-0.5087478458881378,-0.5087478458881378
00420_id00287_wavtolip.mp4,1,FVRA,0.9991414546966553,0.53338045,0.5,0.49124882,0.49124882,-0.5078926384449005,-0.5078926384449005
00420_id00328_wavtolip.mp4,1,FVRA,0.9999990463256836,0.53338045,0.5,0.49124882,0.49124882,-0.5087502300739288,-0.5087502300739288
00420_id00332_wavtolip.mp4,1,FVRA,0.9999896287918091,0.53338045,0.5,0.49124882,0.49124882,-0.5087408125400543,-0.5087408125400543
00420_id00395_wavtolip.mp4,1,FVRA,0.999992847442627,0.5333805,0.5,0.49124882,0.49124882,-0.5087440311908722,-0.5087440311908722
00420_id00569_wavtolip.mp4,1,FVRA,0.9999161958694458,0.53338045,0.5,0.49124882,0.49124882,-0.508667379617691,-0.508667379617691
00420_id00581_wavtolip.mp4,1,FVRA,0.9999943971633911,0.53338045,0.5,0.49124882,0.49124882,-0.5087455809116364,-0.5087455809116364
00420_id00823_wavtolip.mp4,1,FVRA,0.5605853796005249,0.53338045,0.5,0.49124882,0.49124882,-0.06933656334877014,-0.06933656334877014
00420_id01018_wavtolip.mp4,1,FVRA,0.9999576807022095,0.53338045,0.5,0.49124882,0.49124882,-0.5087088644504547,-0.5087088644504547
00052_id00068_wavtolip.mp4,1,FVRA,0.9989960789680481,0.53338027,0.5,0.49124882,0.49124882,-0.5077472627162933,-0.5077472627162933
00052_id00270_wavtolip.mp4,1,FVRA,0.8470830917358398,0.53338027,0.5,0.49124882,0.49124882,-0.3558342754840851,-0.3558342754840851
00052_id00325_wavtolip.mp4,1,FVRA,0.999994158744812,0.53338027,0.5,0.49124882,0.49124882,-0.5087453424930573,-0.5087453424930573
00052_id00365_wavtolip.mp4,1,FVRA,0.9972119927406311,0.5333803,0.5,0.49124882,0.49124882,-0.5059631764888763,-0.5059631764888763
00052_id00434_wavtolip.mp4,1,FVRA,0.9999958276748657,0.53338027,0.5,0.49124882,0.49124882,-0.508747011423111,-0.508747011423111
00052_id00569_wavtolip.mp4,1,FVRA,0.6094807982444763,0.5333803,0.5,0.49124882,0.49124882,-0.11823198199272156,-0.11823198199272156
00052_id00591_wavtolip.mp4,1,FVRA,0.9987442493438721,0.5333803,0.5,0.49124882,0.49124882,-0.5074954330921173,-0.5074954330921173
00052_id01001_wavtolip.mp4,1,FVRA,0.692422091960907,0.53338027,0.5,0.49124882,0.49124882,-0.20117327570915222,-0.20117327570915222
00052_id01002_wavtolip.mp4,1,FVRA,0.5974649786949158,0.53338027,0.5,0.49124882,0.49124882,-0.10621616244316101,-0.10621616244316101
00052_id03858_wavtolip.mp4,1,FVRA,0.999994158744812,0.53338027,0.5,0.49124882,0.49124882,-0.5087453424930573,-0.5087453424930573
00046_id00262_wavtolip.mp4,1,FVRA,0.9999932050704956,0.5333785,0.5,0.49124882,0.49124882,-0.5087443888187408,-0.5087443888187408
00046_id00287_wavtolip.mp4,1,FVRA,0.9990971088409424,0.53337866,0.5,0.49124882,0.49124882,-0.5078482925891876,-0.5078482925891876
00046_id00325_wavtolip.mp4,1,FVRA,0.9990503191947937,0.53337854,0.5,0.49124882,0.49124882,-0.5078015029430389,-0.5078015029430389
00046_id00395_wavtolip.mp4,1,FVRA,0.9989249110221863,0.53337866,0.5,0.49124882,0.49124882,-0.5076760947704315,-0.5076760947704315
00046_id00569_wavtolip.mp4,1,FVRA,0.6267296075820923,0.53337866,0.5,0.49124882,0.49124882,-0.13548079133033752,-0.13548079133033752
00046_id00806_wavtolip.mp4,1,FVRA,0.9997342228889465,0.5333785,0.5,0.49124882,0.49124882,-0.5084854066371918,-0.5084854066371918
00046_id00826_wavtolip.mp4,1,FVRA,0.948016345500946,0.53337854,0.5,0.49124882,0.49124882,-0.4567675292491913,-0.4567675292491913
00046_id00897_wavtolip.mp4,1,FVRA,0.9999988079071045,0.53337854,0.5,0.49124882,0.49124882,-0.5087499916553497,-0.5087499916553497
00046_id01002_wavtolip.mp4,1,FVRA,0.6062747836112976,0.53337866,0.5,0.49124882,0.49124882,-0.11502596735954285,-0.11502596735954285
00046_id03589_wavtolip.mp4,1,FVRA,0.9987277388572693,0.53337854,0.5,0.49124882,0.49124882,-0.5074789226055145,-0.5074789226055145
00202_id00188_wavtolip.mp4,1,FVRA,0.9996141195297241,0.5333795,0.5,0.49124882,0.49124882,-0.5083653032779694,-0.5083653032779694
00202_id00232_wavtolip.mp4,1,FVRA,0.9999947547912598,0.5333795,0.5,0.49124882,0.49124882,-0.508745938539505,-0.508745938539505
00202_id00234_wavtolip.mp4,1,FVRA,0.9999903440475464,0.5333795,0.5,0.49124882,0.49124882,-0.5087415277957916,-0.5087415277957916
00202_id00330_wavtolip.mp4,1,FVRA,0.9999938011169434,0.5333795,0.5,0.49124882,0.49124882,-0.5087449848651886,-0.5087449848651886
00202_id00379_wavtolip.mp4,1,FVRA,0.9999970197677612,0.5333795,0.5,0.49124882,0.49124882,-0.5087482035160065,-0.5087482035160065
00202_id00434_wavtolip.mp4,1,FVRA,0.9999966621398926,0.5333795,0.5,0.49124882,0.49124882,-0.5087478458881378,-0.5087478458881378
00202_id00806_wavtolip.mp4,1,FVRA,0.9999269247055054,0.5333795,0.5,0.49124882,0.49124882,-0.5086781084537506,-0.5086781084537506
00202_id03371_wavtolip.mp4,1,FVRA,0.9824795722961426,0.5333795,0.5,0.49124882,0.49124882,-0.4912307560443878,-0.4912307560443878
00202_id03651_wavtolip.mp4,1,FVRA,0.9505629539489746,0.5333797,0.5,0.49124882,0.49124882,-0.45931413769721985,-0.45931413769721985
00202_id03816_wavtolip.mp4,1,FVRA,0.9999970197677612,0.5333795,0.5,0.49124882,0.49124882,-0.5087482035160065,-0.5087482035160065
00122_id00262_wavtolip.mp4,1,FVRA,0.9999885559082031,0.53338027,0.5,0.49124882,0.49124882,-0.5087397396564484,-0.5087397396564484
00122_id00373_wavtolip.mp4,1,FVRA,0.9999974966049194,0.5333803,0.5,0.49124882,0.49124882,-0.5087486803531647,-0.5087486803531647
00122_id00495_wavtolip.mp4,1,FVRA,0.894524097442627,0.53338027,0.5,0.49124882,0.49124882,-0.4032752811908722,-0.4032752811908722
00122_id00496_wavtolip.mp4,1,FVRA,0.9999279975891113,0.53338027,0.5,0.49124882,0.49124882,-0.5086791813373566,-0.5086791813373566
00122_id00589_wavtolip.mp4,1,FVRA,0.999997615814209,0.53338027,0.5,0.49124882,0.49124882,-0.5087487995624542,-0.5087487995624542
00122_id01002_wavtolip.mp4,1,FVRA,0.585521399974823,0.53338027,0.5,0.49124882,0.49124882,-0.09427258372306824,-0.09427258372306824
00122_id03371_wavtolip.mp4,1,FVRA,0.9710003733634949,0.53338027,0.5,0.49124882,0.49124882,-0.4797515571117401,-0.4797515571117401
00122_id03589_wavtolip.mp4,1,FVRA,0.9999978542327881,0.53338027,0.5,0.49124882,0.49124882,-0.5087490379810333,-0.5087490379810333
00122_id03651_wavtolip.mp4,1,FVRA,0.9997108578681946,0.53338027,0.5,0.49124882,0.49124882,-0.5084620416164398,-0.5084620416164398
00122_id03844_wavtolip.mp4,1,FVRA,0.9999943971633911,0.53338027,0.5,0.49124882,0.49124882,-0.5087455809116364,-0.5087455809116364
00027_id00232_wavtolip.mp4,1,FVRA,0.9999986886978149,0.5333784,0.5,0.49124882,0.49124882,-0.5087498724460602,-0.5087498724460602
00027_id00328_wavtolip.mp4,1,FVRA,0.9999978542327881,0.5333784,0.5,0.49124882,0.49124882,-0.5087490379810333,-0.5087490379810333
00027_id00374_wavtolip.mp4,1,FVRA,0.5607118010520935,0.5333784,0.5,0.49124882,0.49124882,-0.06946298480033875,-0.06946298480033875
00027_id00403_wavtolip.mp4,1,FVRA,0.9999988079071045,0.5333784,0.5,0.49124882,0.49124882,-0.5087499916553497,-0.5087499916553497
00027_id00496_wavtolip.mp4,1,FVRA,0.9999921321868896,0.5333784,0.5,0.49124882,0.49124882,-0.5087433159351349,-0.5087433159351349
00027_id00569_wavtolip.mp4,1,FVRA,0.9998881816864014,0.5333784,0.5,0.49124882,0.49124882,-0.5086393654346466,-0.5086393654346466
00027_id00581_wavtolip.mp4,1,FVRA,0.9999933242797852,0.5333784,0.5,0.49124882,0.49124882,-0.5087445080280304,-0.5087445080280304
00027_id00806_wavtolip.mp4,1,FVRA,0.9999243021011353,0.53337836,0.5,0.49124882,0.49124882,-0.5086754858493805,-0.5086754858493805
00027_id03620_wavtolip.mp4,1,FVRA,0.9999948740005493,0.5333784,0.5,0.49124882,0.49124882,-0.5087460577487946,-0.5087460577487946
00027_id03858_wavtolip.mp4,1,FVRA,0.9999957084655762,0.5333784,0.5,0.49124882,0.49124882,-0.5087468922138214,-0.5087468922138214
00015_id00270_wavtolip.mp4,1,FVRA,0.8525853753089905,0.53338087,0.5,0.49124882,0.49124882,-0.3613365590572357,-0.3613365590572357
00015_id00287_wavtolip.mp4,1,FVRA,0.99906986951828,0.53338087,0.5,0.49124882,0.49124882,-0.5078210532665253,-0.5078210532665253
00015_id00434_wavtolip.mp4,1,FVRA,0.9951936602592468,0.53338087,0.5,0.49124882,0.49124882,-0.5039448440074921,-0.5039448440074921
00015_id00589_wavtolip.mp4,1,FVRA,0.9998557567596436,0.53338087,0.5,0.49124882,0.49124882,-0.5086069405078888,-0.5086069405078888
00015_id00633_wavtolip.mp4,1,FVRA,0.9999611377716064,0.53338087,0.5,0.49124882,0.49124882,-0.5087123215198517,-0.5087123215198517
00015_id00634_wavtolip.mp4,1,FVRA,0.9999498128890991,0.53338087,0.5,0.49124882,0.49124882,-0.5087009966373444,-0.5087009966373444
00015_id00735_wavtolip.mp4,1,FVRA,0.999946117401123,0.53338087,0.5,0.49124882,0.49124882,-0.5086973011493683,-0.5086973011493683
00015_id00806_wavtolip.mp4,1,FVRA,0.999983549118042,0.53337926,0.5,0.49124882,0.49124882,-0.5087347328662872,-0.5087347328662872
00015_id00823_wavtolip.mp4,1,FVRA,0.9998742341995239,0.5333809,0.5,0.49124882,0.49124882,-0.5086254179477692,-0.5086254179477692
00015_id00897_wavtolip.mp4,1,FVRA,0.9999964237213135,0.53338087,0.5,0.49124882,0.49124882,-0.5087476074695587,-0.5087476074695587
00239_id00068_wavtolip.mp4,1,FVRA,0.9999889135360718,0.5333805,0.5,0.49124882,0.49124882,-0.508740097284317,-0.508740097284317
00239_id00262_wavtolip.mp4,1,FVRA,0.9999880790710449,0.5333805,0.5,0.49124882,0.49124882,-0.5087392628192902,-0.5087392628192902
00239_id00328_wavtolip.mp4,1,FVRA,0.9999977350234985,0.5333805,0.5,0.49124882,0.49124882,-0.5087489187717438,-0.5087489187717438
00239_id00330_wavtolip.mp4,1,FVRA,0.9999946355819702,0.5333805,0.5,0.49124882,0.49124882,-0.5087458193302155,-0.5087458193302155
00239_id00403_wavtolip.mp4,1,FVRA,0.9999793767929077,0.5333805,0.5,0.49124882,0.49124882,-0.508730560541153,-0.508730560541153
00239_id00491_wavtolip.mp4,1,FVRA,0.5610073804855347,0.5333805,0.5,0.49124882,0.49124882,-0.06975856423377991,-0.06975856423377991
00239_id00735_wavtolip.mp4,1,FVRA,0.999998927116394,0.5333805,0.5,0.49124882,0.49124882,-0.5087501108646393,-0.5087501108646393
00239_id00826_wavtolip.mp4,1,FVRA,0.9999327659606934,0.5333805,0.5,0.49124882,0.49124882,-0.5086839497089386,-0.5086839497089386
00239_id01001_wavtolip.mp4,1,FVRA,0.9999979734420776,0.5333805,0.5,0.49124882,0.49124882,-0.5087491571903229,-0.5087491571903229
00239_id01002_wavtolip.mp4,1,FVRA,0.9999438524246216,0.5333805,0.5,0.49124882,0.49124882,-0.5086950361728668,-0.5086950361728668
00010_id00188_wavtolip.mp4,1,FVRA,0.9070947170257568,0.53338134,0.5,0.49124882,0.49124882,-0.4158459007740021,-0.4158459007740021
00010_id00374_wavtolip.mp4,1,FVRA,0.5727518200874329,0.53338134,0.5,0.49124882,0.49124882,-0.0815030038356781,-0.0815030038356781
00010_id00379_wavtolip.mp4,1,FVRA,0.9404441118240356,0.53338134,0.5,0.49124882,0.49124882,-0.4491952955722809,-0.4491952955722809
00010_id00434_wavtolip.mp4,1,FVRA,0.9999983310699463,0.53338134,0.5,0.49124882,0.49124882,-0.5087495148181915,-0.5087495148181915
00010_id00484_wavtolip.mp4,1,FVRA,0.6935785412788391,0.53338134,0.5,0.49124882,0.49124882,-0.20232972502708435,-0.20232972502708435
00010_id00495_wavtolip.mp4,1,FVRA,0.998207688331604,0.53338134,0.5,0.49124882,0.49124882,-0.5069588720798492,-0.5069588720798492
00010_id00589_wavtolip.mp4,1,FVRA,0.9998482465744019,0.53338134,0.5,0.49124882,0.49124882,-0.5085994303226471,-0.5085994303226471
00010_id00826_wavtolip.mp4,1,FVRA,0.9472217559814453,0.53338134,0.5,0.49124882,0.49124882,-0.45597293972969055,-0.45597293972969055
00010_id01018_wavtolip.mp4,1,FVRA,0.9999991655349731,0.53338134,0.5,0.49124882,0.49124882,-0.5087503492832184,-0.5087503492832184
00010_id03589_wavtolip.mp4,1,FVRA,0.9999510049819946,0.53338134,0.5,0.49124882,0.49124882,-0.5087021887302399,-0.5087021887302399
00130_id00042_wavtolip.mp4,1,FVRA,0.9890506267547607,0.5333804,0.5,0.49124882,0.49124882,-0.497801810503006,-0.497801810503006
00130_id00188_wavtolip.mp4,1,FVRA,0.9168930053710938,0.5333803,0.5,0.49124882,0.49124882,-0.425644189119339,-0.425644189119339
00130_id00232_wavtolip.mp4,1,FVRA,0.9999986886978149,0.53338045,0.5,0.49124882,0.49124882,-0.5087498724460602,-0.5087498724460602
00130_id00262_wavtolip.mp4,1,FVRA,0.9999780654907227,0.53338045,0.5,0.49124882,0.49124882,-0.5087292492389679,-0.5087292492389679
00130_id00270_wavtolip.mp4,1,FVRA,0.9290632009506226,0.5333804,0.5,0.49124882,0.49124882,-0.4378143846988678,-0.4378143846988678
00130_id00287_wavtolip.mp4,1,FVRA,0.9999270439147949,0.5333804,0.5,0.49124882,0.49124882,-0.5086782276630402,-0.5086782276630402
00130_id00735_wavtolip.mp4,1,FVRA,0.9999446868896484,0.5333804,0.5,0.49124882,0.49124882,-0.5086958706378937,-0.5086958706378937
00130_id00813_wavtolip.mp4,1,FVRA,0.9999949932098389,0.53338045,0.5,0.49124882,0.49124882,-0.5087461769580841,-0.5087461769580841
00130_id01002_wavtolip.mp4,1,FVRA,0.6254536509513855,0.5333803,0.5,0.49124882,0.49124882,-0.13420483469963074,-0.13420483469963074
00130_id03589_wavtolip.mp4,1,FVRA,0.9999970197677612,0.53338045,0.5,0.49124882,0.49124882,-0.5087482035160065,-0.5087482035160065
00001_id00270_wavtolip.mp4,1,FVRA,0.9999953508377075,0.5333799,0.5,0.49124882,0.49124882,-0.5087465345859528,-0.5087465345859528
00001_id00287_wavtolip.mp4,1,FVRA,0.9999977350234985,0.5333799,0.5,0.49124882,0.49124882,-0.5087489187717438,-0.5087489187717438
00001_id00325_wavtolip.mp4,1,FVRA,0.9999978542327881,0.5333804,0.5,0.49124882,0.49124882,-0.5087490379810333,-0.5087490379810333
00001_id00374_wavtolip.mp4,1,FVRA,0.9999830722808838,0.5333804,0.5,0.49124882,0.49124882,-0.508734256029129,-0.508734256029129
00001_id00395_wavtolip.mp4,1,FVRA,0.9999974966049194,0.53337985,0.5,0.49124882,0.49124882,-0.5087486803531647,-0.5087486803531647
00001_id00434_wavtolip.mp4,1,FVRA,0.9999969005584717,0.5333804,0.5,0.49124882,0.49124882,-0.5087480843067169,-0.5087480843067169
00001_id00491_wavtolip.mp4,1,FVRA,0.5471646189689636,0.5333804,0.5,0.49124882,0.49124882,-0.05591580271720886,-0.05591580271720886
00001_id00589_wavtolip.mp4,1,FVRA,0.9999963045120239,0.5333799,0.5,0.49124882,0.49124882,-0.5087474882602692,-0.5087474882602692
00001_id01001_wavtolip.mp4,1,FVRA,0.9999973773956299,0.53337985,0.5,0.49124882,0.49124882,-0.5087485611438751,-0.5087485611438751
00001_id03716_wavtolip.mp4,1,FVRA,0.9997652173042297,0.53337985,0.5,0.49124882,0.49124882,-0.508516401052475,-0.508516401052475
00088_id00232_wavtolip.mp4,1,FVRA,0.999967098236084,0.53338015,0.5,0.49124882,0.49124882,-0.5087182819843292,-0.5087182819843292
00088_id00234_wavtolip.mp4,1,FVRA,0.9908231496810913,0.53338015,0.5,0.49124882,0.49124882,-0.49957433342933655,-0.49957433342933655
00088_id00271_wavtolip.mp4,1,FVRA,0.5657023191452026,0.5333802,0.5,0.49124882,0.49124882,-0.07445350289344788,-0.07445350289344788
00088_id00633_wavtolip.mp4,1,FVRA,0.9999834299087524,0.5333802,0.5,0.49124882,0.49124882,-0.5087346136569977,-0.5087346136569977
00088_id00735_wavtolip.mp4,1,FVRA,0.9990835189819336,0.5333802,0.5,0.49124882,0.49124882,-0.5078347027301788,-0.5078347027301788
00088_id01001_wavtolip.mp4,1,FVRA,0.7074609398841858,0.53338015,0.5,0.49124882,0.49124882,-0.21621212363243103,-0.21621212363243103
00088_id01002_wavtolip.mp4,1,FVRA,0.6164476275444031,0.5333802,0.5,0.49124882,0.49124882,-0.12519881129264832,-0.12519881129264832
00088_id01018_wavtolip.mp4,1,FVRA,0.9999943971633911,0.5333802,0.5,0.49124882,0.49124882,-0.5087455809116364,-0.5087455809116364
00088_id03589_wavtolip.mp4,1,FVRA,0.9985652565956116,0.5333802,0.5,0.49124882,0.49124882,-0.5073164403438568,-0.5073164403438568
00088_id03620_wavtolip.mp4,1,FVRA,0.9999922513961792,0.5333802,0.5,0.49124882,0.49124882,-0.5087434351444244,-0.5087434351444244
00078_id00234_wavtolip.mp4,1,FVRA,0.9999967813491821,0.53338075,0.5,0.49124882,0.49124882,-0.5087479650974274,-0.5087479650974274
00078_id00287_wavtolip.mp4,1,FVRA,0.9999285936355591,0.53338116,0.5,0.49124882,0.49124882,-0.5086797773838043,-0.5086797773838043
00078_id00325_wavtolip.mp4,1,FVRA,0.998950719833374,0.5333811,0.5,0.49124882,0.49124882,-0.5077019035816193,-0.5077019035816193
00078_id00373_wavtolip.mp4,1,FVRA,0.9999749660491943,0.5333811,0.5,0.49124882,0.49124882,-0.5087261497974396,-0.5087261497974396
00078_id00491_wavtolip.mp4,1,FVRA,0.5426920652389526,0.5333811,0.5,0.49124882,0.49124882,-0.051443248987197876,-0.051443248987197876
00078_id00569_wavtolip.mp4,1,FVRA,0.9862094521522522,0.53338116,0.5,0.49124882,0.49124882,-0.49496063590049744,-0.49496063590049744
00078_id00633_wavtolip.mp4,1,FVRA,0.9999842643737793,0.5333811,0.5,0.49124882,0.49124882,-0.5087354481220245,-0.5087354481220245
00078_id00897_wavtolip.mp4,1,FVRA,0.9999979734420776,0.53338075,0.5,0.49124882,0.49124882,-0.5087491571903229,-0.5087491571903229
00078_id01001_wavtolip.mp4,1,FVRA,0.6881564855575562,0.53338116,0.5,0.49124882,0.49124882,-0.1969076693058014,-0.1969076693058014
00078_id03941_wavtolip.mp4,1,FVRA,0.9998489618301392,0.53338116,0.5,0.49124882,0.49124882,-0.5086001455783844,-0.5086001455783844
00037_id00188_wavtolip.mp4,1,FVRA,0.8904070854187012,0.5333784,0.5,0.49124882,0.49124882,-0.3991582691669464,-0.3991582691669464
00037_id00232_wavtolip.mp4,1,FVRA,0.999998927116394,0.5333784,0.5,0.49124882,0.49124882,-0.5087501108646393,-0.5087501108646393
00037_id00234_wavtolip.mp4,1,FVRA,0.9999945163726807,0.5333784,0.5,0.49124882,0.49124882,-0.5087457001209259,-0.5087457001209259
00037_id00262_wavtolip.mp4,1,FVRA,0.9999856948852539,0.5333784,0.5,0.49124882,0.49124882,-0.5087368786334991,-0.5087368786334991
00037_id00330_wavtolip.mp4,1,FVRA,0.9999947547912598,0.5333784,0.5,0.49124882,0.49124882,-0.508745938539505,-0.508745938539505
00037_id00496_wavtolip.mp4,1,FVRA,0.9999635219573975,0.5333784,0.5,0.49124882,0.49124882,-0.5087147057056427,-0.5087147057056427
00037_id00569_wavtolip.mp4,1,FVRA,0.5943102240562439,0.5333784,0.5,0.49124882,0.49124882,-0.10306140780448914,-0.10306140780448914
00037_id00581_wavtolip.mp4,1,FVRA,0.9999973773956299,0.5333784,0.5,0.49124882,0.49124882,-0.5087485611438751,-0.5087485611438751
00037_id00823_wavtolip.mp4,1,FVRA,0.9998834133148193,0.5333784,0.5,0.49124882,0.49124882,-0.5086345970630646,-0.5086345970630646
00037_id03649_wavtolip.mp4,1,FVRA,0.5125317573547363,0.5333784,0.5,0.49124882,0.49124882,-0.021282941102981567,-0.021282941102981567
00005_id00042_wavtolip.mp4,1,FVRA,0.9774399995803833,0.5333794,0.5,0.49124882,0.49124882,-0.48619118332862854,-0.48619118332862854
00005_id00068_wavtolip.mp4,1,FVRA,0.9990434050559998,0.53337854,0.5,0.49124882,0.49124882,-0.507794588804245,-0.507794588804245
00005_id00373_wavtolip.mp4,1,FVRA,0.9996368885040283,0.53337854,0.5,0.49124882,0.49124882,-0.5083880722522736,-0.5083880722522736
00005_id00495_wavtolip.mp4,1,FVRA,0.9983305335044861,0.5333793,0.5,0.49124882,0.49124882,-0.5070817172527313,-0.5070817172527313
00005_id00591_wavtolip.mp4,1,FVRA,0.9987952709197998,0.53337854,0.5,0.49124882,0.49124882,-0.507546454668045,-0.507546454668045
00005_id00806_wavtolip.mp4,1,FVRA,0.7441750764846802,0.53337914,0.5,0.49124882,0.49124882,-0.2529262602329254,-0.2529262602329254
00005_id01018_wavtolip.mp4,1,FVRA,0.9630804657936096,0.53337866,0.5,0.49124882,0.49124882,-0.47183164954185486,-0.47183164954185486
00005_id03371_wavtolip.mp4,1,FVRA,0.6056719422340393,0.53337854,0.5,0.49124882,0.49124882,-0.11442312598228455,-0.11442312598228455
00005_id03716_wavtolip.mp4,1,FVRA,0.9976168870925903,0.5333786,0.5,0.49124882,0.49124882,-0.5063680708408356,-0.5063680708408356
00005_id03816_wavtolip.mp4,1,FVRA,0.9794788956642151,0.5333785,0.5,0.49124882,0.49124882,-0.4882300794124603,-0.4882300794124603
00169_id00042_wavtolip.mp4,1,FVRA,0.9876042604446411,0.5333802,0.5,0.49124882,0.49124882,-0.49635544419288635,-0.49635544419288635
00169_id00325_wavtolip.mp4,1,FVRA,0.9982537627220154,0.53338015,0.5,0.49124882,0.49124882,-0.5070049464702606,-0.5070049464702606
00169_id00379_wavtolip.mp4,1,FVRA,0.9297386407852173,0.53338015,0.5,0.49124882,0.49124882,-0.4384898245334625,-0.4384898245334625
00169_id00395_wavtolip.mp4,1,FVRA,0.9629634022712708,0.53338015,0.5,0.49124882,0.49124882,-0.471714586019516,-0.471714586019516
00169_id00806_wavtolip.mp4,1,FVRA,0.9996645450592041,0.5333801,0.5,0.49124882,0.49124882,-0.5084157288074493,-0.5084157288074493
00169_id01001_wavtolip.mp4,1,FVRA,0.6686270236968994,0.5333802,0.5,0.49124882,0.49124882,-0.17737820744514465,-0.17737820744514465
00169_id03371_wavtolip.mp4,1,FVRA,0.5765206813812256,0.53338015,0.5,0.49124882,0.49124882,-0.08527186512947083,-0.08527186512947083
00169_id03589_wavtolip.mp4,1,FVRA,0.9999550580978394,0.5333802,0.5,0.49124882,0.49124882,-0.5087062418460846,-0.5087062418460846
00169_id03649_wavtolip.mp4,1,FVRA,0.9944985508918762,0.5333802,0.5,0.49124882,0.49124882,-0.5032497346401215,-0.5032497346401215
00169_id03858_wavtolip.mp4,1,FVRA,0.9930617213249207,0.5333802,0.5,0.49124882,0.49124882,-0.5018129050731659,-0.5018129050731659
00125_id00234_wavtolip.mp4,1,FVRA,0.9999912977218628,0.5333772,0.5,0.49124882,0.49124882,-0.508742481470108,-0.508742481470108
00125_id00271_wavtolip.mp4,1,FVRA,0.9907082319259644,0.5333773,0.5,0.49124882,0.49124882,-0.4994594156742096,-0.4994594156742096
00125_id00365_wavtolip.mp4,1,FVRA,0.9999946355819702,0.5333772,0.5,0.49124882,0.49124882,-0.5087458193302155,-0.5087458193302155
00125_id00633_wavtolip.mp4,1,FVRA,0.9999954700469971,0.5333772,0.5,0.49124882,0.49124882,-0.5087466537952423,-0.5087466537952423
00125_id00735_wavtolip.mp4,1,FVRA,0.9999990463256836,0.5333772,0.5,0.49124882,0.49124882,-0.5087502300739288,-0.5087502300739288
00125_id00823_wavtolip.mp4,1,FVRA,0.9999297857284546,0.5333772,0.5,0.49124882,0.49124882,-0.5086809694766998,-0.5086809694766998
00125_id01018_wavtolip.mp4,1,FVRA,0.9999562501907349,0.5333772,0.5,0.49124882,0.49124882,-0.5087074339389801,-0.5087074339389801
00125_id03371_wavtolip.mp4,1,FVRA,0.9716593027114868,0.5333772,0.5,0.49124882,0.49124882,-0.48041048645973206,-0.48041048645973206
00125_id03651_wavtolip.mp4,1,FVRA,0.944711446762085,0.53337723,0.5,0.49124882,0.49124882,-0.4534626305103302,-0.4534626305103302
00125_id03858_wavtolip.mp4,1,FVRA,0.9999959468841553,0.5333772,0.5,0.49124882,0.49124882,-0.5087471306324005,-0.5087471306324005
00065_id00068_wavtolip.mp4,1,FVRA,0.9999923706054688,0.53338045,0.5,0.49124882,0.49124882,-0.508743554353714,-0.508743554353714
00065_id00373_wavtolip.mp4,1,FVRA,0.9999796152114868,0.53338045,0.5,0.49124882,0.49124882,-0.5087307989597321,-0.5087307989597321
00065_id00395_wavtolip.mp4,1,FVRA,0.9989064931869507,0.5333804,0.5,0.49124882,0.49124882,-0.5076576769351959,-0.5076576769351959
00065_id00495_wavtolip.mp4,1,FVRA,0.99832683801651,0.5333804,0.5,0.49124882,0.49124882,-0.5070780217647552,-0.5070780217647552
00065_id00633_wavtolip.mp4,1,FVRA,0.9999918937683105,0.53338045,0.5,0.49124882,0.49124882,-0.5087430775165558,-0.5087430775165558
00065_id00806_wavtolip.mp4,1,FVRA,0.999962329864502,0.53338045,0.5,0.49124882,0.49124882,-0.5087135136127472,-0.5087135136127472
00065_id01018_wavtolip.mp4,1,FVRA,0.9999830722808838,0.53338045,0.5,0.49124882,0.49124882,-0.508734256029129,-0.508734256029129
00065_id03651_wavtolip.mp4,1,FVRA,0.9997159838676453,0.5333805,0.5,0.49124882,0.49124882,-0.5084671676158905,-0.5084671676158905
00065_id03716_wavtolip.mp4,1,FVRA,0.9999068975448608,0.53338045,0.5,0.49124882,0.49124882,-0.5086580812931061,-0.5086580812931061
00065_id03816_wavtolip.mp4,1,FVRA,0.9812641143798828,0.5333804,0.5,0.49124882,0.49124882,-0.49001529812812805,-0.49001529812812805
00005_id00234_wavtolip.mp4,1,FVRA,0.9916431903839111,0.5333793,0.5,0.49124882,0.49124882,-0.5003943741321564,-0.5003943741321564
00005_id00328_wavtolip.mp4,1,FVRA,0.9983538389205933,0.5333785,0.5,0.49124882,0.49124882,-0.5071050226688385,-0.5071050226688385
00005_id00374_wavtolip.mp4,1,FVRA,0.5730830430984497,0.5333793,0.5,0.49124882,0.49124882,-0.08183422684669495,-0.08183422684669495
00005_id00491_wavtolip.mp4,1,FVRA,0.9998519420623779,0.5333794,0.5,0.49124882,0.49124882,-0.5086031258106232,-0.5086031258106232
00005_id00496_wavtolip.mp4,1,FVRA,0.6020117998123169,0.53337926,0.5,0.49124882,0.49124882,-0.11076298356056213,-0.11076298356056213
00005_id00589_wavtolip.mp4,1,FVRA,0.9998608827590942,0.5333794,0.5,0.49124882,0.49124882,-0.5086120665073395,-0.5086120665073395
00005_id00591_wavtolip.mp4,1,FVRA,0.9987952709197998,0.53337854,0.5,0.49124882,0.49124882,-0.507546454668045,-0.507546454668045
00005_id00806_wavtolip.mp4,1,FVRA,0.7441750764846802,0.53337914,0.5,0.49124882,0.49124882,-0.2529262602329254,-0.2529262602329254
00005_id00823_wavtolip.mp4,1,FVRA,0.9999960660934448,0.5333803,0.5,0.49124882,0.49124882,-0.5087472498416901,-0.5087472498416901
00005_id00897_wavtolip.mp4,1,FVRA,0.9999977350234985,0.5333802,0.5,0.49124882,0.49124882,-0.5087489187717438,-0.5087489187717438
00086_id00068_wavtolip.mp4,1,FVRA,0.9999881982803345,0.5333787,0.5,0.49124882,0.49124882,-0.5087393820285797,-0.5087393820285797
00086_id00234_wavtolip.mp4,1,FVRA,0.9999912977218628,0.5333787,0.5,0.49124882,0.49124882,-0.508742481470108,-0.508742481470108
00086_id00262_wavtolip.mp4,1,FVRA,0.9999841451644897,0.5333787,0.5,0.49124882,0.49124882,-0.508735328912735,-0.508735328912735
00086_id00287_wavtolip.mp4,1,FVRA,0.9999293088912964,0.5333791,0.5,0.49124882,0.49124882,-0.5086804926395416,-0.5086804926395416
00086_id00403_wavtolip.mp4,1,FVRA,0.9999804496765137,0.5333787,0.5,0.49124882,0.49124882,-0.5087316334247589,-0.5087316334247589
00086_id00434_wavtolip.mp4,1,FVRA,0.9999971389770508,0.5333787,0.5,0.49124882,0.49124882,-0.508748322725296,-0.508748322725296
00086_id00569_wavtolip.mp4,1,FVRA,0.6284762620925903,0.53337896,0.5,0.49124882,0.49124882,-0.13722744584083557,-0.13722744584083557
00086_id01018_wavtolip.mp4,1,FVRA,0.9999762773513794,0.5333787,0.5,0.49124882,0.49124882,-0.5087274610996246,-0.5087274610996246
00086_id03649_wavtolip.mp4,1,FVRA,0.5360556840896606,0.5333789,0.5,0.49124882,0.49124882,-0.044806867837905884,-0.044806867837905884
00086_id03858_wavtolip.mp4,1,FVRA,0.9999949932098389,0.5333787,0.5,0.49124882,0.49124882,-0.5087461769580841,-0.5087461769580841
00043_id00042_wavtolip.mp4,1,FVRA,0.9999862909317017,0.5333803,0.5,0.49124882,0.49124882,-0.5087374746799469,-0.5087374746799469
00043_id00232_wavtolip.mp4,1,FVRA,0.9999947547912598,0.5333811,0.5,0.49124882,0.49124882,-0.508745938539505,-0.508745938539505
00043_id00270_wavtolip.mp4,1,FVRA,0.9999842643737793,0.5333803,0.5,0.49124882,0.49124882,-0.5087354481220245,-0.5087354481220245
00043_id00365_wavtolip.mp4,1,FVRA,0.9999942779541016,0.5333803,0.5,0.49124882,0.49124882,-0.5087454617023468,-0.5087454617023468
00043_id00379_wavtolip.mp4,1,FVRA,0.9999969005584717,0.5333811,0.5,0.49124882,0.49124882,-0.5087480843067169,-0.5087480843067169
00043_id00395_wavtolip.mp4,1,FVRA,0.9999979734420776,0.5333803,0.5,0.49124882,0.49124882,-0.5087491571903229,-0.5087491571903229
00043_id00633_wavtolip.mp4,1,FVRA,0.999992847442627,0.5333803,0.5,0.49124882,0.49124882,-0.5087440311908722,-0.5087440311908722
00043_id00823_wavtolip.mp4,1,FVRA,0.9998742341995239,0.5333811,0.5,0.49124882,0.49124882,-0.5086254179477692,-0.5086254179477692
00043_id03620_wavtolip.mp4,1,FVRA,0.9999978542327881,0.5333811,0.5,0.49124882,0.49124882,-0.5087490379810333,-0.5087490379810333
00043_id03941_wavtolip.mp4,1,FVRA,0.9920011758804321,0.5333803,0.5,0.49124882,0.49124882,-0.5007523596286774,-0.5007523596286774
00072_id00234_wavtolip.mp4,1,FVRA,0.9978132247924805,0.53337944,0.5,0.49124882,0.49124882,-0.5065644085407257,-0.5065644085407257
00072_id00270_wavtolip.mp4,1,FVRA,0.9183855652809143,0.53337955,0.5,0.49124882,0.49124882,-0.42713674902915955,-0.42713674902915955
00072_id00271_wavtolip.mp4,1,FVRA,0.990376889705658,0.5333795,0.5,0.49124882,0.49124882,-0.4991280734539032,-0.4991280734539032
00072_id00332_wavtolip.mp4,1,FVRA,0.9918560981750488,0.53337944,0.5,0.49124882,0.49124882,-0.5006072819232941,-0.5006072819232941
00072_id00434_wavtolip.mp4,1,FVRA,0.9999946355819702,0.53337944,0.5,0.49124882,0.49124882,-0.5087458193302155,-0.5087458193302155
00072_id00496_wavtolip.mp4,1,FVRA,0.9999922513961792,0.53337944,0.5,0.49124882,0.49124882,-0.5087434351444244,-0.5087434351444244
00072_id00569_wavtolip.mp4,1,FVRA,0.6181206703186035,0.53337944,0.5,0.49124882,0.49124882,-0.12687185406684875,-0.12687185406684875
00072_id03589_wavtolip.mp4,1,FVRA,0.9987186193466187,0.53337944,0.5,0.49124882,0.49124882,-0.5074698030948639,-0.5074698030948639
00072_id03649_wavtolip.mp4,1,FVRA,0.5291112661361694,0.53337944,0.5,0.49124882,0.49124882,-0.03786244988441467,-0.03786244988441467
00072_id03941_wavtolip.mp4,1,FVRA,0.9998624324798584,0.5333795,0.5,0.49124882,0.49124882,-0.5086136162281036,-0.5086136162281036
00430_id00071_wavtolip.mp4,1,FVRA,0.7411295771598816,0.5333808,0.5,0.49124882,0.49124882,-0.24988076090812683,-0.24988076090812683
00430_id00188_wavtolip.mp4,1,FVRA,0.9996317625045776,0.5333808,0.5,0.49124882,0.49124882,-0.5083829462528229,-0.5083829462528229
00430_id00332_wavtolip.mp4,1,FVRA,0.7741119861602783,0.53338087,0.5,0.49124882,0.49124882,-0.28286316990852356,-0.28286316990852356
00430_id00365_wavtolip.mp4,1,FVRA,0.9974170923233032,0.5333808,0.5,0.49124882,0.49124882,-0.5061682760715485,-0.5061682760715485
00430_id00434_wavtolip.mp4,1,FVRA,0.9999961853027344,0.5333808,0.5,0.49124882,0.49124882,-0.5087473690509796,-0.5087473690509796
00430_id00484_wavtolip.mp4,1,FVRA,0.9995824694633484,0.5333808,0.5,0.49124882,0.49124882,-0.5083336532115936,-0.5083336532115936
00430_id00569_wavtolip.mp4,1,FVRA,0.6335103511810303,0.53338087,0.5,0.49124882,0.49124882,-0.1422615349292755,-0.1422615349292755
00430_id00591_wavtolip.mp4,1,FVRA,0.9988059997558594,0.5333808,0.5,0.49124882,0.49124882,-0.5075571835041046,-0.5075571835041046
00430_id03589_wavtolip.mp4,1,FVRA,0.9987202882766724,0.5333808,0.5,0.49124882,0.49124882,-0.5074714720249176,-0.5074714720249176
00430_id03651_wavtolip.mp4,1,FVRA,0.9481179118156433,0.5333808,0.5,0.49124882,0.49124882,-0.45686909556388855,-0.45686909556388855
00002_id00071_wavtolip.mp4,1,FVRA,0.7005626559257507,0.53338057,0.5,0.49124882,0.49124882,-0.20931383967399597,-0.20931383967399597
00002_id00234_wavtolip.mp4,1,FVRA,0.9999960660934448,0.5333804,0.5,0.49124882,0.49124882,-0.5087472498416901,-0.5087472498416901
00002_id00270_wavtolip.mp4,1,FVRA,0.9148941040039062,0.53338057,0.5,0.49124882,0.49124882,-0.4236452877521515,-0.4236452877521515
00002_id00332_wavtolip.mp4,1,FVRA,0.745948076248169,0.53338045,0.5,0.49124882,0.49124882,-0.2546992599964142,-0.2546992599964142
00002_id00374_wavtolip.mp4,1,FVRA,0.5570738315582275,0.5333804,0.5,0.49124882,0.49124882,-0.06582501530647278,-0.06582501530647278
00002_id00495_wavtolip.mp4,1,FVRA,0.9982840418815613,0.53338057,0.5,0.49124882,0.49124882,-0.5070352256298065,-0.5070352256298065
00002_id00589_wavtolip.mp4,1,FVRA,0.9998595714569092,0.5333804,0.5,0.49124882,0.49124882,-0.5086107552051544,-0.5086107552051544
00002_id00633_wavtolip.mp4,1,FVRA,0.9999895095825195,0.5333804,0.5,0.49124882,0.49124882,-0.5087406933307648,-0.5087406933307648
00002_id03844_wavtolip.mp4,1,FVRA,0.8474504947662354,0.5333805,0.5,0.49124882,0.49124882,-0.3562016785144806,-0.3562016785144806
00002_id03858_wavtolip.mp4,1,FVRA,0.9934030175209045,0.53338045,0.5,0.49124882,0.49124882,-0.5021542012691498,-0.5021542012691498
00081_id00068_wavtolip.mp4,1,FVRA,0.9990003705024719,0.53338,0.5,0.49124882,0.49124882,-0.5077515542507172,-0.5077515542507172
00081_id00270_wavtolip.mp4,1,FVRA,0.9154165387153625,0.5333802,0.5,0.49124882,0.49124882,-0.4241677224636078,-0.4241677224636078
00081_id00328_wavtolip.mp4,1,FVRA,0.9983219504356384,0.53338015,0.5,0.49124882,0.49124882,-0.5070731341838837,-0.5070731341838837
00081_id00379_wavtolip.mp4,1,FVRA,0.9343665242195129,0.53338015,0.5,0.49124882,0.49124882,-0.4431177079677582,-0.4431177079677582
00081_id00496_wavtolip.mp4,1,FVRA,0.9994096755981445,0.53337985,0.5,0.49124882,0.49124882,-0.5081608593463898,-0.5081608593463898
00081_id00581_wavtolip.mp4,1,FVRA,0.9715163111686707,0.5333799,0.5,0.49124882,0.49124882,-0.4802674949169159,-0.4802674949169159
00081_id00589_wavtolip.mp4,1,FVRA,0.9998520612716675,0.5333801,0.5,0.49124882,0.49124882,-0.5086032450199127,-0.5086032450199127
00081_id00633_wavtolip.mp4,1,FVRA,0.9999595880508423,0.53338,0.5,0.49124882,0.49124882,-0.5087107717990875,-0.5087107717990875
00081_id00806_wavtolip.mp4,1,FVRA,0.724340558052063,0.5333798,0.5,0.49124882,0.49124882,-0.23309174180030823,-0.23309174180030823
00081_id03844_wavtolip.mp4,1,FVRA,0.8550018072128296,0.53338015,0.5,0.49124882,0.49124882,-0.36375299096107483,-0.36375299096107483
00001_id00271_wavtolip.mp4,1,FVRA,0.9901941418647766,0.5333804,0.5,0.49124882,0.49124882,-0.49894532561302185,-0.49894532561302185
00001_id00325_wavtolip.mp4,1,FVRA,0.9999978542327881,0.5333804,0.5,0.49124882,0.49124882,-0.5087490379810333,-0.5087490379810333
00001_id00330_wavtolip.mp4,1,FVRA,0.999993085861206,0.5333804,0.5,0.49124882,0.49124882,-0.5087442696094513,-0.5087442696094513
00001_id00373_wavtolip.mp4,1,FVRA,0.9999916553497314,0.5333804,0.5,0.49124882,0.49124882,-0.5087428390979767,-0.5087428390979767
00001_id00374_wavtolip.mp4,1,FVRA,0.9999830722808838,0.5333804,0.5,0.49124882,0.49124882,-0.508734256029129,-0.508734256029129
00001_id00403_wavtolip.mp4,1,FVRA,0.9999775886535645,0.5333804,0.5,0.49124882,0.49124882,-0.5087287724018097,-0.5087287724018097
00001_id00491_wavtolip.mp4,1,FVRA,0.5471646189689636,0.5333804,0.5,0.49124882,0.49124882,-0.05591580271720886,-0.05591580271720886
00001_id00495_wavtolip.mp4,1,FVRA,0.9050567150115967,0.5333804,0.5,0.49124882,0.49124882,-0.4138078987598419,-0.4138078987598419
00001_id00581_wavtolip.mp4,1,FVRA,0.9999935626983643,0.53337985,0.5,0.49124882,0.49124882,-0.5087447464466095,-0.5087447464466095
00001_id00823_wavtolip.mp4,1,FVRA,0.5664606690406799,0.5333804,0.5,0.49124882,0.49124882,-0.07521185278892517,-0.07521185278892517
00092_id00188_wavtolip.mp4,1,FVRA,0.9996587038040161,0.5333796,0.5,0.49124882,0.49124882,-0.5084098875522614,-0.5084098875522614
00092_id00234_wavtolip.mp4,1,FVRA,0.9999884366989136,0.53338087,0.5,0.49124882,0.49124882,-0.5087396204471588,-0.5087396204471588
00092_id00325_wavtolip.mp4,1,FVRA,0.999993085861206,0.5333808,0.5,0.49124882,0.49124882,-0.5087442696094513,-0.5087442696094513
00092_id00395_wavtolip.mp4,1,FVRA,0.9999974966049194,0.5333808,0.5,0.49124882,0.49124882,-0.5087486803531647,-0.5087486803531647
00092_id00581_wavtolip.mp4,1,FVRA,0.9999924898147583,0.5333808,0.5,0.49124882,0.49124882,-0.5087436735630035,-0.5087436735630035
00092_id00591_wavtolip.mp4,1,FVRA,0.9998587369918823,0.5333795,0.5,0.49124882,0.49124882,-0.5086099207401276,-0.5086099207401276
00092_id00633_wavtolip.mp4,1,FVRA,0.9999957084655762,0.53338087,0.5,0.49124882,0.49124882,-0.5087468922138214,-0.5087468922138214
00092_id01001_wavtolip.mp4,1,FVRA,0.9999973773956299,0.53338087,0.5,0.49124882,0.49124882,-0.5087485611438751,-0.5087485611438751
00092_id03649_wavtolip.mp4,1,FVRA,0.9999819993972778,0.5333808,0.5,0.49124882,0.49124882,-0.5087331831455231,-0.5087331831455231
00092_id03858_wavtolip.mp4,1,FVRA,0.9999947547912598,0.5333808,0.5,0.49124882,0.49124882,-0.508745938539505,-0.508745938539505
00040_id00068_wavtolip.mp4,1,FVRA,0.9989252686500549,0.5333805,0.5,0.49124882,0.49124882,-0.5076764523983002,-0.5076764523983002
00040_id00234_wavtolip.mp4,1,FVRA,0.9900463223457336,0.5333805,0.5,0.49124882,0.49124882,-0.4987975060939789,-0.4987975060939789
00040_id00328_wavtolip.mp4,1,FVRA,0.9974550604820251,0.5333805,0.5,0.49124882,0.49124882,-0.5062062442302704,-0.5062062442302704
00040_id00330_wavtolip.mp4,1,FVRA,0.9840313196182251,0.5333805,0.5,0.49124882,0.49124882,-0.49278250336647034,-0.49278250336647034
00040_id00365_wavtolip.mp4,1,FVRA,0.9969657063484192,0.5333805,0.5,0.49124882,0.49124882,-0.5057168900966644,-0.5057168900966644
00040_id00373_wavtolip.mp4,1,FVRA,0.9999855756759644,0.5333805,0.5,0.49124882,0.49124882,-0.5087367594242096,-0.5087367594242096
00040_id00633_wavtolip.mp4,1,FVRA,0.9999575614929199,0.5333805,0.5,0.49124882,0.49124882,-0.5087087452411652,-0.5087087452411652
00040_id00813_wavtolip.mp4,1,FVRA,0.6049125790596008,0.5333805,0.5,0.49124882,0.49124882,-0.11366376280784607,-0.11366376280784607
00040_id00826_wavtolip.mp4,1,FVRA,0.9401351809501648,0.5333805,0.5,0.49124882,0.49124882,-0.44888636469841003,-0.44888636469841003
00040_id03716_wavtolip.mp4,1,FVRA,0.9999971389770508,0.5333805,0.5,0.49124882,0.49124882,-0.508748322725296,-0.508748322725296
00093_id00232_wavtolip.mp4,1,FVRA,0.9999986886978149,0.53337985,0.5,0.49124882,0.49124882,-0.5087498724460602,-0.5087498724460602
00093_id00234_wavtolip.mp4,1,FVRA,0.9999898672103882,0.53337985,0.5,0.49124882,0.49124882,-0.5087410509586334,-0.5087410509586334
00093_id00330_wavtolip.mp4,1,FVRA,0.9999943971633911,0.53337985,0.5,0.49124882,0.49124882,-0.5087455809116364,-0.5087455809116364
00093_id00491_wavtolip.mp4,1,FVRA,0.5438666343688965,0.5333799,0.5,0.49124882,0.49124882,-0.052617818117141724,-0.052617818117141724
00093_id00569_wavtolip.mp4,1,FVRA,0.9869259595870972,0.5333799,0.5,0.49124882,0.49124882,-0.4956771433353424,-0.4956771433353424
00093_id00735_wavtolip.mp4,1,FVRA,0.999998927116394,0.53337985,0.5,0.49124882,0.49124882,-0.5087501108646393,-0.5087501108646393
00093_id03620_wavtolip.mp4,1,FVRA,0.9999955892562866,0.53337985,0.5,0.49124882,0.49124882,-0.5087467730045319,-0.5087467730045319
00093_id03651_wavtolip.mp4,1,FVRA,0.9449597597122192,0.5333799,0.5,0.49124882,0.49124882,-0.4537109434604645,-0.4537109434604645
00093_id03844_wavtolip.mp4,1,FVRA,0.8578490018844604,0.5333799,0.5,0.49124882,0.49124882,-0.3666001856327057,-0.3666001856327057
00093_id03858_wavtolip.mp4,1,FVRA,0.999995231628418,0.53337985,0.5,0.49124882,0.49124882,-0.5087464153766632,-0.5087464153766632
00028_id00042_wavtolip.mp4,1,FVRA,0.9999879598617554,0.53337985,0.5,0.49124882,0.49124882,-0.5087391436100006,-0.5087391436100006
00028_id00271_wavtolip.mp4,1,FVRA,0.9896503686904907,0.53337985,0.5,0.49124882,0.49124882,-0.49840155243873596,-0.49840155243873596
00028_id00365_wavtolip.mp4,1,FVRA,0.9999951124191284,0.53337985,0.5,0.49124882,0.49124882,-0.5087462961673737,-0.5087462961673737
00028_id00379_wavtolip.mp4,1,FVRA,0.8856503367424011,0.5333811,0.5,0.49124882,0.49124882,-0.39440152049064636,-0.39440152049064636
00028_id00434_wavtolip.mp4,1,FVRA,0.9999971389770508,0.53338027,0.5,0.49124882,0.49124882,-0.508748322725296,-0.508748322725296
00028_id00484_wavtolip.mp4,1,FVRA,0.9999940395355225,0.53337985,0.5,0.49124882,0.49124882,-0.5087452232837677,-0.5087452232837677
00028_id00591_wavtolip.mp4,1,FVRA,0.998730480670929,0.53338027,0.5,0.49124882,0.49124882,-0.5074816644191742,-0.5074816644191742
00028_id00813_wavtolip.mp4,1,FVRA,0.9535635113716125,0.5333811,0.5,0.49124882,0.49124882,-0.4623146951198578,-0.4623146951198578
00028_id00897_wavtolip.mp4,1,FVRA,0.9999979734420776,0.53337985,0.5,0.49124882,0.49124882,-0.5087491571903229,-0.5087491571903229
00028_id03620_wavtolip.mp4,1,FVRA,0.9999972581863403,0.53337985,0.5,0.49124882,0.49124882,-0.5087484419345856,-0.5087484419345856
00092_id00271_wavtolip.mp4,1,FVRA,0.989238977432251,0.53338087,0.5,0.49124882,0.49124882,-0.4979901611804962,-0.4979901611804962
00092_id00328_wavtolip.mp4,1,FVRA,0.997920572757721,0.5333796,0.5,0.49124882,0.49124882,-0.5066717565059662,-0.5066717565059662
00092_id00374_wavtolip.mp4,1,FVRA,0.9999828338623047,0.53338087,0.5,0.49124882,0.49124882,-0.5087340176105499,-0.5087340176105499
00092_id00379_wavtolip.mp4,1,FVRA,0.8853534460067749,0.5333796,0.5,0.49124882,0.49124882,-0.39410462975502014,-0.39410462975502014
00092_id00484_wavtolip.mp4,1,FVRA,0.6941729784011841,0.5333796,0.5,0.49124882,0.49124882,-0.20292416214942932,-0.20292416214942932
00092_id00496_wavtolip.mp4,1,FVRA,0.9999932050704956,0.5333795,0.5,0.49124882,0.49124882,-0.5087443888187408,-0.5087443888187408
00092_id00591_wavtolip.mp4,1,FVRA,0.9998587369918823,0.5333795,0.5,0.49124882,0.49124882,-0.5086099207401276,-0.5086099207401276
00092_id03651_wavtolip.mp4,1,FVRA,0.9480055570602417,0.5333796,0.5,0.49124882,0.49124882,-0.45675674080848694,-0.45675674080848694
00092_id03844_wavtolip.mp4,1,FVRA,0.8662593960762024,0.5333795,0.5,0.49124882,0.49124882,-0.37501057982444763,-0.37501057982444763
00092_id03858_wavtolip.mp4,1,FVRA,0.9999947547912598,0.5333808,0.5,0.49124882,0.49124882,-0.508745938539505,-0.508745938539505
00021_id00068_wavtolip.mp4,1,FVRA,0.9999872446060181,0.5333784,0.5,0.49124882,0.49124882,-0.5087384283542633,-0.5087384283542633
00021_id00071_wavtolip.mp4,1,FVRA,0.9999827146530151,0.53337854,0.5,0.49124882,0.49124882,-0.5087338984012604,-0.5087338984012604
00021_id00262_wavtolip.mp4,1,FVRA,0.9999840259552002,0.5333784,0.5,0.49124882,0.49124882,-0.5087352097034454,-0.5087352097034454
00021_id00332_wavtolip.mp4,1,FVRA,0.9999860525131226,0.5333784,0.5,0.49124882,0.49124882,-0.5087372362613678,-0.5087372362613678
00021_id00374_wavtolip.mp4,1,FVRA,0.5762211084365845,0.5333784,0.5,0.49124882,0.49124882,-0.08497229218482971,-0.08497229218482971
00021_id00434_wavtolip.mp4,1,FVRA,0.9999966621398926,0.5333784,0.5,0.49124882,0.49124882,-0.5087478458881378,-0.5087478458881378
00021_id00581_wavtolip.mp4,1,FVRA,0.9999936819076538,0.5333784,0.5,0.49124882,0.49124882,-0.508744865655899,-0.508744865655899
00021_id00826_wavtolip.mp4,1,FVRA,0.9999040365219116,0.5333784,0.5,0.49124882,0.49124882,-0.5086552202701569,-0.5086552202701569
00021_id00897_wavtolip.mp4,1,FVRA,0.9999977350234985,0.5333784,0.5,0.49124882,0.49124882,-0.5087489187717438,-0.5087489187717438
00021_id03651_wavtolip.mp4,1,FVRA,0.9430989027023315,0.5333784,0.5,0.49124882,0.49124882,-0.4518500864505768,-0.4518500864505768
00028_id00188_wavtolip.mp4,1,FVFA,0.9999972581863403,0.5333798,0.5,0.49124882,0.49124882,-0.5087484419345856,-0.5087484419345856
00028_id00374_wavtolip.mp4,1,FVFA,0.9999849796295166,0.53338027,0.5,0.49124882,0.49124882,-0.5087361633777618,-0.5087361633777618
00028_id00403_wavtolip.mp4,1,FVFA,0.999998927116394,0.53337985,0.5,0.49124882,0.49124882,-0.5087501108646393,-0.5087501108646393
00028_id00633_wavtolip.mp4,1,FVFA,0.9999960660934448,0.53337795,0.5,0.49124882,0.49124882,-0.5087472498416901,-0.5087472498416901
00028_id00735_wavtolip.mp4,1,FVFA,0.9999988079071045,0.53337985,0.5,0.49124882,0.49124882,-0.5087499916553497,-0.5087499916553497
00028_id00823_wavtolip.mp4,1,FVFA,0.9998713731765747,0.53337777,0.5,0.49124882,0.49124882,-0.50862255692482,-0.50862255692482
00028_id01002_wavtolip.mp4,1,FVFA,0.9999470710754395,0.5333798,0.5,0.49124882,0.49124882,-0.5086982548236847,-0.5086982548236847
00028_id03716_wavtolip.mp4,1,FVFA,0.9999967813491821,0.53337795,0.5,0.49124882,0.49124882,-0.5087479650974274,-0.5087479650974274
00028_id03858_wavtolip.mp4,1,FVFA,0.9999973773956299,0.5333779,0.5,0.49124882,0.49124882,-0.5087485611438751,-0.5087485611438751
00004_id00071_wavtolip.mp4,1,FVFA,0.9998853206634521,0.5333739,0.5,0.49124882,0.49124882,-0.5086365044116974,-0.5086365044116974
00004_id00270_wavtolip.mp4,1,FVFA,0.9286065101623535,0.5333738,0.5,0.49124882,0.49124882,-0.43735769391059875,-0.43735769391059875
00004_id00287_wavtolip.mp4,1,FVFA,0.9999305009841919,0.5333739,0.5,0.49124882,0.49124882,-0.5086816847324371,-0.5086816847324371
00004_id00373_wavtolip.mp4,1,FVFA,0.9999979734420776,0.53337383,0.5,0.49124882,0.49124882,-0.5087491571903229,-0.5087491571903229
00004_id00403_wavtolip.mp4,1,FVFA,0.999998927116394,0.5333736,0.5,0.49124882,0.49124882,-0.5087501108646393,-0.5087501108646393
00004_id00813_wavtolip.mp4,1,FVFA,0.999995231628418,0.53337383,0.5,0.49124882,0.49124882,-0.5087464153766632,-0.5087464153766632
00004_id00823_wavtolip.mp4,1,FVFA,0.9998815059661865,0.5333735,0.5,0.49124882,0.49124882,-0.5086326897144318,-0.5086326897144318
00004_id00897_wavtolip.mp4,1,FVFA,0.9999983310699463,0.53337383,0.5,0.49124882,0.49124882,-0.5087495148181915,-0.5087495148181915
00004_id01002_wavtolip.mp4,1,FVFA,0.9999405145645142,0.5333739,0.5,0.49124882,0.49124882,-0.5086916983127594,-0.5086916983127594
00014_id00262_wavtolip.mp4,1,FVFA,0.9999860525131226,0.5333805,0.5,0.49124882,0.49124882,-0.5087372362613678,-0.5087372362613678
00014_id00271_wavtolip.mp4,1,FVFA,0.9898703694343567,0.53338057,0.5,0.49124882,0.49124882,-0.49862155318260193,-0.49862155318260193
00014_id00328_wavtolip.mp4,1,FVFA,0.9999977350234985,0.5333805,0.5,0.49124882,0.49124882,-0.5087489187717438,-0.5087489187717438
00014_id00403_wavtolip.mp4,1,FVFA,0.9999985694885254,0.5333805,0.5,0.49124882,0.49124882,-0.5087497532367706,-0.5087497532367706
00014_id03371_wavtolip.mp4,1,FVFA,0.9999971389770508,0.5333805,0.5,0.49124882,0.49124882,-0.508748322725296,-0.508748322725296
00014_id03651_wavtolip.mp4,1,FVFA,0.9996762275695801,0.53338057,0.5,0.49124882,0.49124882,-0.5084274113178253,-0.5084274113178253
00014_id03716_wavtolip.mp4,1,FVFA,0.9999963045120239,0.5333805,0.5,0.49124882,0.49124882,-0.5087474882602692,-0.5087474882602692
00020_id00232_wavtolip.mp4,1,FVFA,0.9999957084655762,0.53338015,0.5,0.49124882,0.49124882,-0.5087468922138214,-0.5087468922138214
00020_id00262_wavtolip.mp4,1,FVFA,0.9999885559082031,0.53338015,0.5,0.49124882,0.49124882,-0.5087397396564484,-0.5087397396564484
00020_id00270_wavtolip.mp4,1,FVFA,0.9999955892562866,0.53338015,0.5,0.49124882,0.49124882,-0.5087467730045319,-0.5087467730045319
00020_id00271_wavtolip.mp4,1,FVFA,0.9905942678451538,0.53338015,0.5,0.49124882,0.49124882,-0.49934545159339905,-0.49934545159339905
00020_id00330_wavtolip.mp4,1,FVFA,0.9999611377716064,0.53338015,0.5,0.49124882,0.49124882,-0.5087123215198517,-0.5087123215198517
00020_id00374_wavtolip.mp4,1,FVFA,0.9999830722808838,0.53338015,0.5,0.49124882,0.49124882,-0.508734256029129,-0.508734256029129
00020_id00581_wavtolip.mp4,1,FVFA,0.9999947547912598,0.53338015,0.5,0.49124882,0.49124882,-0.508745938539505,-0.508745938539505
00020_id00806_wavtolip.mp4,1,FVFA,0.9999163150787354,0.53338015,0.5,0.49124882,0.49124882,-0.5086674988269806,-0.5086674988269806
00020_id03844_wavtolip.mp4,1,FVFA,0.9999945163726807,0.5333802,0.5,0.49124882,0.49124882,-0.5087457001209259,-0.5087457001209259
00025_id00071_wavtolip.mp4,1,FVFA,0.9998757839202881,0.5333796,0.5,0.49124882,0.49124882,-0.5086269676685333,-0.5086269676685333
00025_id00270_wavtolip.mp4,1,FVFA,0.9166496992111206,0.5333796,0.5,0.49124882,0.49124882,-0.42540088295936584,-0.42540088295936584
00025_id00374_wavtolip.mp4,1,FVFA,0.5777508020401001,0.5333796,0.5,0.49124882,0.49124882,-0.08650198578834534,-0.08650198578834534
00025_id00496_wavtolip.mp4,1,FVFA,0.9999569654464722,0.5333796,0.5,0.49124882,0.49124882,-0.5087081491947174,-0.5087081491947174
00025_id00569_wavtolip.mp4,1,FVFA,0.9861380457878113,0.5333796,0.5,0.49124882,0.49124882,-0.4948892295360565,-0.4948892295360565
00025_id00826_wavtolip.mp4,1,FVFA,0.9999839067459106,0.5333796,0.5,0.49124882,0.49124882,-0.5087350904941559,-0.5087350904941559
00025_id01018_wavtolip.mp4,1,FVFA,0.9999991655349731,0.5333796,0.5,0.49124882,0.49124882,-0.5087503492832184,-0.5087503492832184
00025_id03589_wavtolip.mp4,1,FVFA,0.9999501705169678,0.5333796,0.5,0.49124882,0.49124882,-0.508701354265213,-0.508701354265213
00025_id03716_wavtolip.mp4,1,FVFA,0.9999973773956299,0.5333796,0.5,0.49124882,0.49124882,-0.5087485611438751,-0.5087485611438751
00025_id03844_wavtolip.mp4,1,FVFA,0.9988652467727661,0.5333796,0.5,0.49124882,0.49124882,-0.5076164305210114,-0.5076164305210114
00063_id00232_wavtolip.mp4,1,FVFA,0.9986802935600281,0.5333798,0.5,0.49124882,0.49124882,-0.5074314773082733,-0.5074314773082733
00063_id00234_wavtolip.mp4,1,FVFA,0.9999986886978149,0.5333799,0.5,0.49124882,0.49124882,-0.5087498724460602,-0.5087498724460602
00063_id00403_wavtolip.mp4,1,FVFA,0.9999388456344604,0.53337973,0.5,0.49124882,0.49124882,-0.5086900293827057,-0.5086900293827057
00063_id00434_wavtolip.mp4,1,FVFA,0.9999974966049194,0.5333799,0.5,0.49124882,0.49124882,-0.5087486803531647,-0.5087486803531647
00063_id00634_wavtolip.mp4,1,FVFA,0.9999983310699463,0.5333797,0.5,0.49124882,0.49124882,-0.5087495148181915,-0.5087495148181915
00063_id00826_wavtolip.mp4,1,FVFA,0.9999855756759644,0.53337985,0.5,0.49124882,0.49124882,-0.5087367594242096,-0.5087367594242096
00063_id01002_wavtolip.mp4,1,FVFA,0.9999419450759888,0.53337973,0.5,0.49124882,0.49124882,-0.508693128824234,-0.508693128824234
00063_id03649_wavtolip.mp4,1,FVFA,0.9951555728912354,0.53337985,0.5,0.49124882,0.49124882,-0.5039067566394806,-0.5039067566394806
00028_id00071_wavtolip.mp4,1,FVFA,0.9998860359191895,0.5333811,0.5,0.49124882,0.49124882,-0.5086372196674347,-0.5086372196674347
00028_id00328_wavtolip.mp4,1,FVFA,0.9984719157218933,0.53338104,0.5,0.49124882,0.49124882,-0.5072230994701385,-0.5072230994701385
00028_id00379_wavtolip.mp4,1,FVFA,0.8856503367424011,0.5333811,0.5,0.49124882,0.49124882,-0.39440152049064636,-0.39440152049064636
00028_id00395_wavtolip.mp4,1,FVFA,0.9686424136161804,0.5333811,0.5,0.49124882,0.49124882,-0.47739359736442566,-0.47739359736442566
00028_id00496_wavtolip.mp4,1,FVFA,0.6032924056053162,0.5333811,0.5,0.49124882,0.49124882,-0.1120435893535614,-0.1120435893535614
00028_id00813_wavtolip.mp4,1,FVFA,0.9535635113716125,0.5333811,0.5,0.49124882,0.49124882,-0.4623146951198578,-0.4623146951198578
00028_id01002_wavtolip.mp4,1,FVFA,0.9999470710754395,0.5333798,0.5,0.49124882,0.49124882,-0.5086982548236847,-0.5086982548236847
00028_id03651_wavtolip.mp4,1,FVFA,0.999723494052887,0.5333811,0.5,0.49124882,0.49124882,-0.5084746778011322,-0.5084746778011322
00028_id03941_wavtolip.mp4,1,FVFA,0.9929913282394409,0.5333811,0.5,0.49124882,0.49124882,-0.5017425119876862,-0.5017425119876862
00088_id00042_wavtolip.mp4,1,FVFA,0.9751485586166382,0.53338015,0.5,0.49124882,0.49124882,-0.4838997423648834,-0.4838997423648834
00088_id00332_wavtolip.mp4,1,FVFA,0.999997615814209,0.5333792,0.5,0.49124882,0.49124882,-0.5087487995624542,-0.5087487995624542
00088_id00395_wavtolip.mp4,1,FVFA,0.9669899940490723,0.53337914,0.5,0.49124882,0.49124882,-0.4757411777973175,-0.4757411777973175
00088_id00495_wavtolip.mp4,1,FVFA,0.9983406066894531,0.5333792,0.5,0.49124882,0.49124882,-0.5070917904376984,-0.5070917904376984
00088_id00496_wavtolip.mp4,1,FVFA,0.9999366998672485,0.5333802,0.5,0.49124882,0.49124882,-0.5086878836154938,-0.5086878836154938
00088_id00897_wavtolip.mp4,1,FVFA,0.9999983310699463,0.53337926,0.5,0.49124882,0.49124882,-0.5087495148181915,-0.5087495148181915
00088_id03716_wavtolip.mp4,1,FVFA,0.9999972581863403,0.53337926,0.5,0.49124882,0.49124882,-0.5087484419345856,-0.5087484419345856
00088_id03844_wavtolip.mp4,1,FVFA,0.9988757967948914,0.5333802,0.5,0.49124882,0.49124882,-0.5076269805431366,-0.5076269805431366
00088_id03858_wavtolip.mp4,1,FVFA,0.9999978542327881,0.53337926,0.5,0.49124882,0.49124882,-0.5087490379810333,-0.5087490379810333
00028_id00271_wavtolip.mp4,1,FVFA,0.9896503686904907,0.53337985,0.5,0.49124882,0.49124882,-0.49840155243873596,-0.49840155243873596
00028_id00374_wavtolip.mp4,1,FVFA,0.9999849796295166,0.53338027,0.5,0.49124882,0.49124882,-0.5087361633777618,-0.5087361633777618
00028_id00434_wavtolip.mp4,1,FVFA,0.9999971389770508,0.53338027,0.5,0.49124882,0.49124882,-0.508748322725296,-0.508748322725296
00028_id00581_wavtolip.mp4,1,FVFA,0.9999940395355225,0.53338027,0.5,0.49124882,0.49124882,-0.5087452232837677,-0.5087452232837677
00028_id00591_wavtolip.mp4,1,FVFA,0.998730480670929,0.53338027,0.5,0.49124882,0.49124882,-0.5074816644191742,-0.5074816644191742
00028_id00806_wavtolip.mp4,1,FVFA,0.9999228715896606,0.53337985,0.5,0.49124882,0.49124882,-0.5086740553379059,-0.5086740553379059
00028_id03589_wavtolip.mp4,1,FVFA,0.9999973773956299,0.53338027,0.5,0.49124882,0.49124882,-0.5087485611438751,-0.5087485611438751
00028_id03649_wavtolip.mp4,1,FVFA,0.9999979734420776,0.5333802,0.5,0.49124882,0.49124882,-0.5087491571903229,-0.5087491571903229
00005_id00071_wavtolip.mp4,1,FVFA,0.9999830722808838,0.53338027,0.5,0.49124882,0.49124882,-0.508734256029129,-0.508734256029129
00005_id00634_wavtolip.mp4,1,FVFA,0.9999985694885254,0.5333802,0.5,0.49124882,0.49124882,-0.5087497532367706,-0.5087497532367706
00005_id00823_wavtolip.mp4,1,FVFA,0.9999960660934448,0.5333803,0.5,0.49124882,0.49124882,-0.5087472498416901,-0.5087472498416901
00005_id00897_wavtolip.mp4,1,FVFA,0.9999977350234985,0.5333802,0.5,0.49124882,0.49124882,-0.5087489187717438,-0.5087489187717438
00005_id01002_wavtolip.mp4,1,FVFA,0.9999430179595947,0.5333793,0.5,0.49124882,0.49124882,-0.50869420170784,-0.50869420170784
00005_id03620_wavtolip.mp4,1,FVFA,0.9999964237213135,0.5333802,0.5,0.49124882,0.49124882,-0.5087476074695587,-0.5087476074695587
00005_id03858_wavtolip.mp4,1,FVFA,0.999846339225769,0.5333785,0.5,0.49124882,0.49124882,-0.5085975229740143,-0.5085975229740143
00015_id00188_wavtolip.mp4,1,FVFA,0.9996235370635986,0.5333794,0.5,0.49124882,0.49124882,-0.5083747208118439,-0.5083747208118439
00015_id00271_wavtolip.mp4,1,FVFA,0.9904995560646057,0.53337926,0.5,0.49124882,0.49124882,-0.49925073981285095,-0.49925073981285095
00015_id00330_wavtolip.mp4,1,FVFA,0.9852250218391418,0.53338087,0.5,0.49124882,0.49124882,-0.4939762055873871,-0.4939762055873871
00015_id00569_wavtolip.mp4,1,FVFA,0.987419068813324,0.5333794,0.5,0.49124882,0.49124882,-0.4961702525615692,-0.4961702525615692
00015_id00806_wavtolip.mp4,1,FVFA,0.999983549118042,0.53337926,0.5,0.49124882,0.49124882,-0.5087347328662872,-0.5087347328662872
00015_id00813_wavtolip.mp4,1,FVFA,0.9999948740005493,0.53337926,0.5,0.49124882,0.49124882,-0.5087460577487946,-0.5087460577487946
00015_id00823_wavtolip.mp4,1,FVFA,0.9998742341995239,0.5333809,0.5,0.49124882,0.49124882,-0.5086254179477692,-0.5086254179477692
00015_id03589_wavtolip.mp4,1,FVFA,0.9999532699584961,0.5333792,0.5,0.49124882,0.49124882,-0.5087044537067413,-0.5087044537067413
00015_id03844_wavtolip.mp4,1,FVFA,0.998927652835846,0.5333794,0.5,0.49124882,0.49124882,-0.5076788365840912,-0.5076788365840912
00092_id00271_wavtolip.mp4,1,FVFA,0.989238977432251,0.53338087,0.5,0.49124882,0.49124882,-0.4979901611804962,-0.4979901611804962
00092_id00287_wavtolip.mp4,1,FVFA,0.9999243021011353,0.5333808,0.5,0.49124882,0.49124882,-0.5086754858493805,-0.5086754858493805
00092_id00374_wavtolip.mp4,1,FVFA,0.9999828338623047,0.53338087,0.5,0.49124882,0.49124882,-0.5087340176105499,-0.5087340176105499
00092_id00569_wavtolip.mp4,1,FVFA,0.9854016304016113,0.53338087,0.5,0.49124882,0.49124882,-0.49415281414985657,-0.49415281414985657
00092_id00633_wavtolip.mp4,1,FVFA,0.9999957084655762,0.53338087,0.5,0.49124882,0.49124882,-0.5087468922138214,-0.5087468922138214
00092_id00634_wavtolip.mp4,1,FVFA,0.9999984502792358,0.53338087,0.5,0.49124882,0.49124882,-0.5087496340274811,-0.5087496340274811
00092_id00806_wavtolip.mp4,1,FVFA,0.9998689889907837,0.53338087,0.5,0.49124882,0.49124882,-0.5086201727390289,-0.5086201727390289
00092_id01002_wavtolip.mp4,1,FVFA,0.9999347925186157,0.53338087,0.5,0.49124882,0.49124882,-0.508685976266861,-0.508685976266861
00118_id00262_wavtolip.mp4,1,FVFA,0.9999948740005493,0.5333795,0.5,0.49124882,0.49124882,-0.5087460577487946,-0.5087460577487946
00118_id00328_wavtolip.mp4,1,FVFA,0.9983104467391968,0.53337944,0.5,0.49124882,0.49124882,-0.507061630487442,-0.507061630487442
00118_id00374_wavtolip.mp4,1,FVFA,0.5558655858039856,0.5333795,0.5,0.49124882,0.49124882,-0.06461676955223083,-0.06461676955223083
00118_id00434_wavtolip.mp4,1,FVFA,0.9999979734420776,0.5333795,0.5,0.49124882,0.49124882,-0.5087491571903229,-0.5087491571903229
00118_id00591_wavtolip.mp4,1,FVFA,0.9987542629241943,0.53337944,0.5,0.49124882,0.49124882,-0.5075054466724396,-0.5075054466724396
00118_id00633_wavtolip.mp4,1,FVFA,0.9999966621398926,0.5333795,0.5,0.49124882,0.49124882,-0.5087478458881378,-0.5087478458881378
00118_id01002_wavtolip.mp4,1,FVFA,0.999941349029541,0.5333794,0.5,0.49124882,0.49124882,-0.5086925327777863,-0.5086925327777863
00118_id03844_wavtolip.mp4,1,FVFA,0.9989100694656372,0.53337944,0.5,0.49124882,0.49124882,-0.5076612532138824,-0.5076612532138824
00118_id03858_wavtolip.mp4,1,FVFA,0.999997615814209,0.5333795,0.5,0.49124882,0.49124882,-0.5087487995624542,-0.5087487995624542
00293_id00042_wavtolip.mp4,1,FVFA,0.9782614707946777,0.53337896,0.5,0.49124882,0.49124882,-0.487012654542923,-0.487012654542923
00293_id00071_wavtolip.mp4,1,FVFA,0.9998844861984253,0.53337896,0.5,0.49124882,0.49124882,-0.5086356699466705,-0.5086356699466705
00293_id00379_wavtolip.mp4,1,FVFA,0.8955134749412537,0.53337896,0.5,0.49124882,0.49124882,-0.4042646586894989,-0.4042646586894989
00293_id00395_wavtolip.mp4,1,FVFA,0.9706066846847534,0.5333789,0.5,0.49124882,0.49124882,-0.47935786843299866,-0.47935786843299866
00293_id00403_wavtolip.mp4,1,FVFA,0.999998927116394,0.53337896,0.5,0.49124882,0.49124882,-0.5087501108646393,-0.5087501108646393
00293_id00496_wavtolip.mp4,1,FVFA,0.9999724626541138,0.53337896,0.5,0.49124882,0.49124882,-0.508723646402359,-0.508723646402359
00293_id00569_wavtolip.mp4,1,FVFA,0.9882270693778992,0.5333789,0.5,0.49124882,0.49124882,-0.4969782531261444,-0.4969782531261444
00293_id00806_wavtolip.mp4,1,FVFA,0.9999812841415405,0.53337896,0.5,0.49124882,0.49124882,-0.5087324678897858,-0.5087324678897858
00293_id03371_wavtolip.mp4,1,FVFA,0.9999983310699463,0.53337896,0.5,0.49124882,0.49124882,-0.5087495148181915,-0.5087495148181915
00293_id03844_wavtolip.mp4,1,FVFA,0.9989922642707825,0.53337896,0.5,0.49124882,0.49124882,-0.5077434480190277,-0.5077434480190277
00078_id00234_wavtolip.mp4,1,FVFA,0.9999967813491821,0.53338075,0.5,0.49124882,0.49124882,-0.5087479650974274,-0.5087479650974274
00078_id00270_wavtolip.mp4,1,FVFA,0.915473461151123,0.53338116,0.5,0.49124882,0.49124882,-0.4242246448993683,-0.4242246448993683
00078_id00287_wavtolip.mp4,1,FVFA,0.9999285936355591,0.53338116,0.5,0.49124882,0.49124882,-0.5086797773838043,-0.5086797773838043
00078_id00330_wavtolip.mp4,1,FVFA,0.9851846694946289,0.53338116,0.5,0.49124882,0.49124882,-0.49393585324287415,-0.49393585324287415
00078_id00332_wavtolip.mp4,1,FVFA,0.9999868869781494,0.53338075,0.5,0.49124882,0.49124882,-0.5087380707263947,-0.5087380707263947
00078_id00395_wavtolip.mp4,1,FVFA,0.9676149487495422,0.5333808,0.5,0.49124882,0.49124882,-0.4763661324977875,-0.4763661324977875
00078_id00495_wavtolip.mp4,1,FVFA,0.9983258843421936,0.5333808,0.5,0.49124882,0.49124882,-0.5070770680904388,-0.5070770680904388
00078_id00897_wavtolip.mp4,1,FVFA,0.9999979734420776,0.53338075,0.5,0.49124882,0.49124882,-0.5087491571903229,-0.5087491571903229
00078_id03371_wavtolip.mp4,1,FVFA,0.999997615814209,0.53338075,0.5,0.49124882,0.49124882,-0.5087487995624542,-0.5087487995624542
00028_id00188_wavtolip.mp4,1,FVFA,0.9999972581863403,0.5333798,0.5,0.49124882,0.49124882,-0.5087484419345856,-0.5087484419345856
00028_id00232_wavtolip.mp4,1,FVFA,0.9985800981521606,0.5333803,0.5,0.49124882,0.49124882,-0.5073312819004059,-0.5073312819004059
00028_id00234_wavtolip.mp4,1,FVFA,0.9977320432662964,0.5333803,0.5,0.49124882,0.49124882,-0.5064832270145416,-0.5064832270145416
00028_id00270_wavtolip.mp4,1,FVFA,0.9247803688049316,0.5333803,0.5,0.49124882,0.49124882,-0.4335315525531769,-0.4335315525531769
00028_id00569_wavtolip.mp4,1,FVFA,0.9999033212661743,0.5333798,0.5,0.49124882,0.49124882,-0.5086545050144196,-0.5086545050144196
00028_id00591_wavtolip.mp4,1,FVFA,0.998730480670929,0.53338027,0.5,0.49124882,0.49124882,-0.5074816644191742,-0.5074816644191742
00028_id01018_wavtolip.mp4,1,FVFA,0.9999743700027466,0.5333803,0.5,0.49124882,0.49124882,-0.5087255537509918,-0.5087255537509918
00028_id03371_wavtolip.mp4,1,FVFA,0.9990721940994263,0.53338027,0.5,0.49124882,0.49124882,-0.5078233778476715,-0.5078233778476715
00028_id03844_wavtolip.mp4,1,FVFA,0.9989215135574341,0.53338027,0.5,0.49124882,0.49124882,-0.5076726973056793,-0.5076726973056793
00311_id00287_wavtolip.mp4,1,FVFA,0.9999313354492188,0.5333807,0.5,0.49124882,0.49124882,-0.508682519197464,-0.508682519197464
00311_id00374_wavtolip.mp4,1,FVFA,0.9999796152114868,0.5333806,0.5,0.49124882,0.49124882,-0.5087307989597321,-0.5087307989597321
00311_id00491_wavtolip.mp4,1,FVFA,0.9998449087142944,0.5333807,0.5,0.49124882,0.49124882,-0.5085960924625397,-0.5085960924625397
00311_id00581_wavtolip.mp4,1,FVFA,0.9999891519546509,0.5333807,0.5,0.49124882,0.49124882,-0.5087403357028961,-0.5087403357028961
00311_id00823_wavtolip.mp4,1,FVFA,0.9998779296875,0.5333807,0.5,0.49124882,0.49124882,-0.5086291134357452,-0.5086291134357452
00311_id00897_wavtolip.mp4,1,FVFA,0.9999979734420776,0.5333807,0.5,0.49124882,0.49124882,-0.5087491571903229,-0.5087491571903229
00311_id01018_wavtolip.mp4,1,FVFA,0.9999985694885254,0.5333807,0.5,0.49124882,0.49124882,-0.5087497532367706,-0.5087497532367706
00311_id03371_wavtolip.mp4,1,FVFA,0.9999978542327881,0.5333807,0.5,0.49124882,0.49124882,-0.5087490379810333,-0.5087490379810333
00311_id03844_wavtolip.mp4,1,FVFA,0.9989442229270935,0.5333807,0.5,0.49124882,0.49124882,-0.5076954066753387,-0.5076954066753387
00311_id03941_wavtolip.mp4,1,FVFA,0.9926139116287231,0.5333807,0.5,0.49124882,0.49124882,-0.5013650953769684,-0.5013650953769684
00043_id00232_wavtolip.mp4,1,FVFA,0.9999947547912598,0.5333811,0.5,0.49124882,0.49124882,-0.508745938539505,-0.508745938539505
00043_id00379_wavtolip.mp4,1,FVFA,0.9999969005584717,0.5333811,0.5,0.49124882,0.49124882,-0.5087480843067169,-0.5087480843067169
00043_id00403_wavtolip.mp4,1,FVFA,0.9999986886978149,0.5333811,0.5,0.49124882,0.49124882,-0.5087498724460602,-0.5087498724460602
00043_id00581_wavtolip.mp4,1,FVFA,0.9999940395355225,0.5333811,0.5,0.49124882,0.49124882,-0.5087452232837677,-0.5087452232837677
00043_id00735_wavtolip.mp4,1,FVFA,0.9999985694885254,0.5333811,0.5,0.49124882,0.49124882,-0.5087497532367706,-0.5087497532367706
00043_id00806_wavtolip.mp4,1,FVFA,0.9999375343322754,0.5333811,0.5,0.49124882,0.49124882,-0.5086887180805206,-0.5086887180805206
00043_id00823_wavtolip.mp4,1,FVFA,0.9998742341995239,0.5333811,0.5,0.49124882,0.49124882,-0.5086254179477692,-0.5086254179477692
00043_id03620_wavtolip.mp4,1,FVFA,0.9999978542327881,0.5333811,0.5,0.49124882,0.49124882,-0.5087490379810333,-0.5087490379810333
00043_id03649_wavtolip.mp4,1,FVFA,0.9946795105934143,0.5333811,0.5,0.49124882,0.49124882,-0.5034306943416595,-0.5034306943416595
00043_id03858_wavtolip.mp4,1,FVFA,0.999995231628418,0.5333803,0.5,0.49124882,0.49124882,-0.5087464153766632,-0.5087464153766632
00420_id00042_wavtolip.mp4,1,FVFA,0.9999977350234985,0.53338045,0.5,0.49124882,0.49124882,-0.5087489187717438,-0.5087489187717438
00420_id00232_wavtolip.mp4,1,FVFA,0.9999943971633911,0.53338045,0.5,0.49124882,0.49124882,-0.5087455809116364,-0.5087455809116364
00420_id00234_wavtolip.mp4,1,FVFA,0.9999966621398926,0.53338045,0.5,0.49124882,0.49124882,-0.5087478458881378,-0.5087478458881378
00420_id00328_wavtolip.mp4,1,FVFA,0.9999990463256836,0.53338045,0.5,0.49124882,0.49124882,-0.5087502300739288,-0.5087502300739288
00420_id00395_wavtolip.mp4,1,FVFA,0.999992847442627,0.5333805,0.5,0.49124882,0.49124882,-0.5087440311908722,-0.5087440311908722
00420_id00484_wavtolip.mp4,1,FVFA,0.9999973773956299,0.53338045,0.5,0.49124882,0.49124882,-0.5087485611438751,-0.5087485611438751
00420_id00591_wavtolip.mp4,1,FVFA,0.9988669157028198,0.5333805,0.5,0.49124882,0.49124882,-0.5076180994510651,-0.5076180994510651
00420_id00633_wavtolip.mp4,1,FVFA,0.9999958276748657,0.53338045,0.5,0.49124882,0.49124882,-0.508747011423111,-0.508747011423111
00420_id03941_wavtolip.mp4,1,FVFA,0.9926695823669434,0.53338045,0.5,0.49124882,0.49124882,-0.5014207661151886,-0.5014207661151886
00052_id00287_wavtolip.mp4,1,FVFA,0.9999305009841919,0.5333804,0.5,0.49124882,0.49124882,-0.5086816847324371,-0.5086816847324371
00052_id00330_wavtolip.mp4,1,FVFA,0.9847148060798645,0.5333802,0.5,0.49124882,0.49124882,-0.49346598982810974,-0.49346598982810974
00052_id00403_wavtolip.mp4,1,FVFA,0.999998927116394,0.5333802,0.5,0.49124882,0.49124882,-0.5087501108646393,-0.5087501108646393
00052_id00484_wavtolip.mp4,1,FVFA,0.9995604157447815,0.53338027,0.5,0.49124882,0.49124882,-0.5083115994930267,-0.5083115994930267
00052_id00591_wavtolip.mp4,1,FVFA,0.9987442493438721,0.5333803,0.5,0.49124882,0.49124882,-0.5074954330921173,-0.5074954330921173
00052_id00897_wavtolip.mp4,1,FVFA,0.9999983310699463,0.53338027,0.5,0.49124882,0.49124882,-0.5087495148181915,-0.5087495148181915
00052_id03589_wavtolip.mp4,1,FVFA,0.9999985694885254,0.53338027,0.5,0.49124882,0.49124882,-0.5087497532367706,-0.5087497532367706
00052_id03620_wavtolip.mp4,1,FVFA,0.9999978542327881,0.53338027,0.5,0.49124882,0.49124882,-0.5087490379810333,-0.5087490379810333
00052_id03716_wavtolip.mp4,1,FVFA,0.9999970197677612,0.53338027,0.5,0.49124882,0.49124882,-0.5087482035160065,-0.5087482035160065
00046_id00232_wavtolip.mp4,1,FVFA,0.9986647367477417,0.53337854,0.5,0.49124882,0.49124882,-0.5074159204959869,-0.5074159204959869
00046_id00234_wavtolip.mp4,1,FVFA,0.9978482723236084,0.53337854,0.5,0.49124882,0.49124882,-0.5065994560718536,-0.5065994560718536
00046_id00330_wavtolip.mp4,1,FVFA,0.986617386341095,0.53337854,0.5,0.49124882,0.49124882,-0.4953685700893402,-0.4953685700893402
00046_id00373_wavtolip.mp4,1,FVFA,0.9999991655349731,0.53337854,0.5,0.49124882,0.49124882,-0.5087503492832184,-0.5087503492832184
00046_id00484_wavtolip.mp4,1,FVFA,0.9995926022529602,0.5333786,0.5,0.49124882,0.49124882,-0.5083437860012054,-0.5083437860012054
00046_id00591_wavtolip.mp4,1,FVFA,0.9987680315971375,0.53337866,0.5,0.49124882,0.49124882,-0.5075192153453827,-0.5075192153453827
00046_id00813_wavtolip.mp4,1,FVFA,0.9999982118606567,0.5333785,0.5,0.49124882,0.49124882,-0.508749395608902,-0.508749395608902
00046_id00897_wavtolip.mp4,1,FVFA,0.9999988079071045,0.53337854,0.5,0.49124882,0.49124882,-0.5087499916553497,-0.5087499916553497
00046_id03651_wavtolip.mp4,1,FVFA,0.999715268611908,0.5333788,0.5,0.49124882,0.49124882,-0.5084664523601532,-0.5084664523601532
00046_id03716_wavtolip.mp4,1,FVFA,0.9999974966049194,0.53337854,0.5,0.49124882,0.49124882,-0.5087486803531647,-0.5087486803531647
00202_id00188_wavtolip.mp4,1,FVFA,0.9996141195297241,0.5333795,0.5,0.49124882,0.49124882,-0.5083653032779694,-0.5083653032779694
00202_id00232_wavtolip.mp4,1,FVFA,0.9999947547912598,0.5333795,0.5,0.49124882,0.49124882,-0.508745938539505,-0.508745938539505
00202_id00271_wavtolip.mp4,1,FVFA,0.9906361699104309,0.5333796,0.5,0.49124882,0.49124882,-0.49938735365867615,-0.49938735365867615
00202_id00495_wavtolip.mp4,1,FVFA,0.9982516169548035,0.5333795,0.5,0.49124882,0.49124882,-0.5070028007030487,-0.5070028007030487
00202_id00496_wavtolip.mp4,1,FVFA,0.9999042749404907,0.5333795,0.5,0.49124882,0.49124882,-0.508655458688736,-0.508655458688736
00202_id00735_wavtolip.mp4,1,FVFA,0.9999984502792358,0.5333797,0.5,0.49124882,0.49124882,-0.5087496340274811,-0.5087496340274811
00202_id00806_wavtolip.mp4,1,FVFA,0.9999269247055054,0.5333795,0.5,0.49124882,0.49124882,-0.5086781084537506,-0.5086781084537506
00202_id01002_wavtolip.mp4,1,FVFA,0.9999386072158813,0.5333796,0.5,0.49124882,0.49124882,-0.5086897909641266,-0.5086897909641266
00202_id03716_wavtolip.mp4,1,FVFA,0.999996542930603,0.5333795,0.5,0.49124882,0.49124882,-0.5087477266788483,-0.5087477266788483
00122_id00234_wavtolip.mp4,1,FVFA,0.999996542930603,0.53338027,0.5,0.49124882,0.49124882,-0.5087477266788483,-0.5087477266788483
00122_id00271_wavtolip.mp4,1,FVFA,0.9894299507141113,0.53338027,0.5,0.49124882,0.49124882,-0.49818113446235657,-0.49818113446235657
00122_id00373_wavtolip.mp4,1,FVFA,0.9999974966049194,0.5333803,0.5,0.49124882,0.49124882,-0.5087486803531647,-0.5087486803531647
00122_id00403_wavtolip.mp4,1,FVFA,0.999998927116394,0.53338027,0.5,0.49124882,0.49124882,-0.5087501108646393,-0.5087501108646393
00122_id00496_wavtolip.mp4,1,FVFA,0.9999279975891113,0.53338027,0.5,0.49124882,0.49124882,-0.5086791813373566,-0.5086791813373566
00122_id03620_wavtolip.mp4,1,FVFA,0.9999967813491821,0.53338027,0.5,0.49124882,0.49124882,-0.5087479650974274,-0.5087479650974274
00122_id03651_wavtolip.mp4,1,FVFA,0.9997108578681946,0.53338027,0.5,0.49124882,0.49124882,-0.5084620416164398,-0.5084620416164398
00122_id03844_wavtolip.mp4,1,FVFA,0.9999943971633911,0.53338027,0.5,0.49124882,0.49124882,-0.5087455809116364,-0.5087455809116364
00122_id03941_wavtolip.mp4,1,FVFA,0.9919963479042053,0.53338027,0.5,0.49124882,0.49124882,-0.5007475316524506,-0.5007475316524506
00027_id00270_wavtolip.mp4,1,FVFA,0.9999959468841553,0.5333784,0.5,0.49124882,0.49124882,-0.5087471306324005,-0.5087471306324005
00027_id00271_wavtolip.mp4,1,FVFA,0.9895465970039368,0.5333784,0.5,0.49124882,0.49124882,-0.498297780752182,-0.498297780752182
00027_id00373_wavtolip.mp4,1,FVFA,0.999997615814209,0.5333784,0.5,0.49124882,0.49124882,-0.5087487995624542,-0.5087487995624542
00027_id00379_wavtolip.mp4,1,FVFA,0.9999972581863403,0.5333784,0.5,0.49124882,0.49124882,-0.5087484419345856,-0.5087484419345856
00027_id00403_wavtolip.mp4,1,FVFA,0.9999988079071045,0.5333784,0.5,0.49124882,0.49124882,-0.5087499916553497,-0.5087499916553497
00027_id00434_wavtolip.mp4,1,FVFA,0.9999969005584717,0.5333784,0.5,0.49124882,0.49124882,-0.5087480843067169,-0.5087480843067169
00027_id00897_wavtolip.mp4,1,FVFA,0.9999978542327881,0.5333784,0.5,0.49124882,0.49124882,-0.5087490379810333,-0.5087490379810333
00027_id01002_wavtolip.mp4,1,FVFA,0.9999985694885254,0.5333784,0.5,0.49124882,0.49124882,-0.5087497532367706,-0.5087497532367706
00027_id01018_wavtolip.mp4,1,FVFA,0.9999984502792358,0.53337836,0.5,0.49124882,0.49124882,-0.5087496340274811,-0.5087496340274811
00027_id03649_wavtolip.mp4,1,FVFA,0.9999979734420776,0.5333784,0.5,0.49124882,0.49124882,-0.5087491571903229,-0.5087491571903229
00015_id00232_wavtolip.mp4,1,FVFA,0.9985752105712891,0.53338087,0.5,0.49124882,0.49124882,-0.5073263943195343,-0.5073263943195343
00015_id00330_wavtolip.mp4,1,FVFA,0.9852250218391418,0.53338087,0.5,0.49124882,0.49124882,-0.4939762055873871,-0.4939762055873871
00015_id00374_wavtolip.mp4,1,FVFA,0.5766891241073608,0.53338087,0.5,0.49124882,0.49124882,-0.08544030785560608,-0.08544030785560608
00015_id00379_wavtolip.mp4,1,FVFA,0.8740473389625549,0.53338087,0.5,0.49124882,0.49124882,-0.38279852271080017,-0.38279852271080017
00015_id00434_wavtolip.mp4,1,FVFA,0.9951936602592468,0.53338087,0.5,0.49124882,0.49124882,-0.5039448440074921,-0.5039448440074921
00015_id00823_wavtolip.mp4,1,FVFA,0.9998742341995239,0.5333809,0.5,0.49124882,0.49124882,-0.5086254179477692,-0.5086254179477692
00015_id03716_wavtolip.mp4,1,FVFA,0.9975218176841736,0.53338087,0.5,0.49124882,0.49124882,-0.5062730014324188,-0.5062730014324188
00239_id00232_wavtolip.mp4,1,FVFA,0.9999958276748657,0.5333805,0.5,0.49124882,0.49124882,-0.508747011423111,-0.508747011423111
00239_id00271_wavtolip.mp4,1,FVFA,0.9913336634635925,0.5333805,0.5,0.49124882,0.49124882,-0.5000848472118378,-0.5000848472118378
00239_id00287_wavtolip.mp4,1,FVFA,0.9999350309371948,0.5333805,0.5,0.49124882,0.49124882,-0.5086862146854401,-0.5086862146854401
00239_id00332_wavtolip.mp4,1,FVFA,0.9999864101409912,0.5333805,0.5,0.49124882,0.49124882,-0.5087375938892365,-0.5087375938892365
00239_id00434_wavtolip.mp4,1,FVFA,0.9999970197677612,0.5333805,0.5,0.49124882,0.49124882,-0.5087482035160065,-0.5087482035160065
00239_id00633_wavtolip.mp4,1,FVFA,0.9999957084655762,0.5333805,0.5,0.49124882,0.49124882,-0.5087468922138214,-0.5087468922138214
00239_id00897_wavtolip.mp4,1,FVFA,0.9999978542327881,0.5333805,0.5,0.49124882,0.49124882,-0.5087490379810333,-0.5087490379810333
00239_id01002_wavtolip.mp4,1,FVFA,0.9999438524246216,0.5333805,0.5,0.49124882,0.49124882,-0.5086950361728668,-0.5086950361728668
00239_id01018_wavtolip.mp4,1,FVFA,0.9999984502792358,0.5333805,0.5,0.49124882,0.49124882,-0.5087496340274811,-0.5087496340274811
00010_id00234_wavtolip.mp4,1,FVFA,0.997759222984314,0.53338134,0.5,0.49124882,0.49124882,-0.5065104067325592,-0.5065104067325592
00010_id00330_wavtolip.mp4,1,FVFA,0.9859411120414734,0.53338134,0.5,0.49124882,0.49124882,-0.49469229578971863,-0.49469229578971863
00010_id00332_wavtolip.mp4,1,FVFA,0.9917789101600647,0.53338134,0.5,0.49124882,0.49124882,-0.5005300939083099,-0.5005300939083099
00010_id00434_wavtolip.mp4,1,FVFA,0.9999983310699463,0.53338134,0.5,0.49124882,0.49124882,-0.5087495148181915,-0.5087495148181915
00010_id00495_wavtolip.mp4,1,FVFA,0.998207688331604,0.53338134,0.5,0.49124882,0.49124882,-0.5069588720798492,-0.5069588720798492
00010_id00591_wavtolip.mp4,1,FVFA,0.9987207055091858,0.53338134,0.5,0.49124882,0.49124882,-0.507471889257431,-0.507471889257431
00010_id01018_wavtolip.mp4,1,FVFA,0.9999991655349731,0.53338134,0.5,0.49124882,0.49124882,-0.5087503492832184,-0.5087503492832184
00010_id03589_wavtolip.mp4,1,FVFA,0.9999510049819946,0.53338134,0.5,0.49124882,0.49124882,-0.5087021887302399,-0.5087021887302399
00010_id03620_wavtolip.mp4,1,FVFA,0.9999964237213135,0.53338134,0.5,0.49124882,0.49124882,-0.5087476074695587,-0.5087476074695587
00130_id00270_wavtolip.mp4,1,FVFA,0.9290632009506226,0.5333804,0.5,0.49124882,0.49124882,-0.4378143846988678,-0.4378143846988678
00130_id00287_wavtolip.mp4,1,FVFA,0.9999270439147949,0.5333804,0.5,0.49124882,0.49124882,-0.5086782276630402,-0.5086782276630402
00130_id00374_wavtolip.mp4,1,FVFA,0.5968360900878906,0.5333804,0.5,0.49124882,0.49124882,-0.10558727383613586,-0.10558727383613586
00130_id00581_wavtolip.mp4,1,FVFA,0.9999899864196777,0.53338045,0.5,0.49124882,0.49124882,-0.508741170167923,-0.508741170167923
00130_id00591_wavtolip.mp4,1,FVFA,0.9987881779670715,0.5333804,0.5,0.49124882,0.49124882,-0.5075393617153168,-0.5075393617153168
00130_id00813_wavtolip.mp4,1,FVFA,0.9999949932098389,0.53338045,0.5,0.49124882,0.49124882,-0.5087461769580841,-0.5087461769580841
00130_id00826_wavtolip.mp4,1,FVFA,0.999984622001648,0.5333804,0.5,0.49124882,0.49124882,-0.5087358057498932,-0.5087358057498932
00130_id00897_wavtolip.mp4,1,FVFA,0.9999980926513672,0.53338045,0.5,0.49124882,0.49124882,-0.5087492763996124,-0.5087492763996124
00130_id03651_wavtolip.mp4,1,FVFA,0.9997088313102722,0.5333804,0.5,0.49124882,0.49124882,-0.5084600150585175,-0.5084600150585175
00001_id00071_wavtolip.mp4,1,FVFA,0.9999816417694092,0.53337985,0.5,0.49124882,0.49124882,-0.5087328255176544,-0.5087328255176544
00001_id00234_wavtolip.mp4,1,FVFA,0.9999964237213135,0.5333804,0.5,0.49124882,0.49124882,-0.5087476074695587,-0.5087476074695587
00001_id00270_wavtolip.mp4,1,FVFA,0.9999953508377075,0.5333799,0.5,0.49124882,0.49124882,-0.5087465345859528,-0.5087465345859528
00001_id00328_wavtolip.mp4,1,FVFA,0.9999982118606567,0.5333799,0.5,0.49124882,0.49124882,-0.508749395608902,-0.508749395608902
00001_id00332_wavtolip.mp4,1,FVFA,0.9999827146530151,0.53337985,0.5,0.49124882,0.49124882,-0.5087338984012604,-0.5087338984012604
00001_id00484_wavtolip.mp4,1,FVFA,0.9999971389770508,0.5333804,0.5,0.49124882,0.49124882,-0.508748322725296,-0.508748322725296
00001_id00581_wavtolip.mp4,1,FVFA,0.9999935626983643,0.53337985,0.5,0.49124882,0.49124882,-0.5087447464466095,-0.5087447464466095
00001_id00633_wavtolip.mp4,1,FVFA,0.9999957084655762,0.5333804,0.5,0.49124882,0.49124882,-0.5087468922138214,-0.5087468922138214
00001_id01018_wavtolip.mp4,1,FVFA,0.9999982118606567,0.5333799,0.5,0.49124882,0.49124882,-0.508749395608902,-0.508749395608902
00001_id03589_wavtolip.mp4,1,FVFA,0.9999967813491821,0.53337985,0.5,0.49124882,0.49124882,-0.5087479650974274,-0.5087479650974274
00088_id00042_wavtolip.mp4,1,FVFA,0.9751485586166382,0.53338015,0.5,0.49124882,0.49124882,-0.4838997423648834,-0.4838997423648834
00088_id00330_wavtolip.mp4,1,FVFA,0.9857498407363892,0.53338015,0.5,0.49124882,0.49124882,-0.4945010244846344,-0.4945010244846344
00088_id00496_wavtolip.mp4,1,FVFA,0.9999366998672485,0.5333802,0.5,0.49124882,0.49124882,-0.5086878836154938,-0.5086878836154938
00088_id00591_wavtolip.mp4,1,FVFA,0.9986721277236938,0.53338027,0.5,0.49124882,0.49124882,-0.5074233114719391,-0.5074233114719391
00088_id00735_wavtolip.mp4,1,FVFA,0.9990835189819336,0.5333802,0.5,0.49124882,0.49124882,-0.5078347027301788,-0.5078347027301788
00088_id03844_wavtolip.mp4,1,FVFA,0.9988757967948914,0.5333802,0.5,0.49124882,0.49124882,-0.5076269805431366,-0.5076269805431366
00078_id00042_wavtolip.mp4,1,FVFA,0.9741963744163513,0.53338116,0.5,0.49124882,0.49124882,-0.48294755816459656,-0.48294755816459656
00078_id00270_wavtolip.mp4,1,FVFA,0.915473461151123,0.53338116,0.5,0.49124882,0.49124882,-0.4242246448993683,-0.4242246448993683
00078_id00287_wavtolip.mp4,1,FVFA,0.9999285936355591,0.53338116,0.5,0.49124882,0.49124882,-0.5086797773838043,-0.5086797773838043
00078_id00330_wavtolip.mp4,1,FVFA,0.9851846694946289,0.53338116,0.5,0.49124882,0.49124882,-0.49393585324287415,-0.49393585324287415
00078_id00403_wavtolip.mp4,1,FVFA,0.9999358654022217,0.53338116,0.5,0.49124882,0.49124882,-0.5086870491504669,-0.5086870491504669
00078_id00484_wavtolip.mp4,1,FVFA,0.9995569586753845,0.53338116,0.5,0.49124882,0.49124882,-0.5083081424236298,-0.5083081424236298
00078_id00496_wavtolip.mp4,1,FVFA,0.9999414682388306,0.5333811,0.5,0.49124882,0.49124882,-0.5086926519870758,-0.5086926519870758
00078_id00569_wavtolip.mp4,1,FVFA,0.9862094521522522,0.53338116,0.5,0.49124882,0.49124882,-0.49496063590049744,-0.49496063590049744
00078_id00813_wavtolip.mp4,1,FVFA,0.9999943971633911,0.5333811,0.5,0.49124882,0.49124882,-0.5087455809116364,-0.5087455809116364
00037_id00271_wavtolip.mp4,1,FVFA,0.9892839789390564,0.53337836,0.5,0.49124882,0.49124882,-0.49803516268730164,-0.49803516268730164
00037_id00332_wavtolip.mp4,1,FVFA,0.999997615814209,0.5333784,0.5,0.49124882,0.49124882,-0.5087487995624542,-0.5087487995624542
00037_id00379_wavtolip.mp4,1,FVFA,0.8609022498130798,0.53337836,0.5,0.49124882,0.49124882,-0.3696534335613251,-0.3696534335613251
00037_id00484_wavtolip.mp4,1,FVFA,0.9995909333229065,0.5333784,0.5,0.49124882,0.49124882,-0.5083421170711517,-0.5083421170711517
00037_id00496_wavtolip.mp4,1,FVFA,0.9999635219573975,0.5333784,0.5,0.49124882,0.49124882,-0.5087147057056427,-0.5087147057056427
00037_id00634_wavtolip.mp4,1,FVFA,0.9999985694885254,0.53337836,0.5,0.49124882,0.49124882,-0.5087497532367706,-0.5087497532367706
00037_id00823_wavtolip.mp4,1,FVFA,0.9998834133148193,0.5333784,0.5,0.49124882,0.49124882,-0.5086345970630646,-0.5086345970630646
00037_id00826_wavtolip.mp4,1,FVFA,0.9999865293502808,0.53337836,0.5,0.49124882,0.49124882,-0.508737713098526,-0.508737713098526
00037_id01002_wavtolip.mp4,1,FVFA,0.9999450445175171,0.53337836,0.5,0.49124882,0.49124882,-0.5086962282657623,-0.5086962282657623
00005_id00287_wavtolip.mp4,1,FVFA,0.9999310970306396,0.5333794,0.5,0.49124882,0.49124882,-0.5086822807788849,-0.5086822807788849
00005_id00328_wavtolip.mp4,1,FVFA,0.9983538389205933,0.5333785,0.5,0.49124882,0.49124882,-0.5071050226688385,-0.5071050226688385
00005_id00330_wavtolip.mp4,1,FVFA,0.9861915111541748,0.53337854,0.5,0.49124882,0.49124882,-0.49494269490242004,-0.49494269490242004
00005_id00332_wavtolip.mp4,1,FVFA,0.9917166829109192,0.5333785,0.5,0.49124882,0.49124882,-0.5004678666591644,-0.5004678666591644
00005_id00373_wavtolip.mp4,1,FVFA,0.9996368885040283,0.53337854,0.5,0.49124882,0.49124882,-0.5083880722522736,-0.5083880722522736
00005_id00591_wavtolip.mp4,1,FVFA,0.9987952709197998,0.53337854,0.5,0.49124882,0.49124882,-0.507546454668045,-0.507546454668045
00005_id03716_wavtolip.mp4,1,FVFA,0.9976168870925903,0.5333786,0.5,0.49124882,0.49124882,-0.5063680708408356,-0.5063680708408356
00005_id03858_wavtolip.mp4,1,FVFA,0.999846339225769,0.5333785,0.5,0.49124882,0.49124882,-0.5085975229740143,-0.5085975229740143
00169_id00234_wavtolip.mp4,1,FVFA,0.9977193474769592,0.53338027,0.5,0.49124882,0.49124882,-0.5064705312252045,-0.5064705312252045
00169_id00325_wavtolip.mp4,1,FVFA,0.9982537627220154,0.53338015,0.5,0.49124882,0.49124882,-0.5070049464702606,-0.5070049464702606
00169_id00330_wavtolip.mp4,1,FVFA,0.9846433401107788,0.53338015,0.5,0.49124882,0.49124882,-0.49339452385902405,-0.49339452385902405
00169_id00395_wavtolip.mp4,1,FVFA,0.9629634022712708,0.53338015,0.5,0.49124882,0.49124882,-0.471714586019516,-0.471714586019516
00169_id00434_wavtolip.mp4,1,FVFA,0.9950619339942932,0.53338015,0.5,0.49124882,0.49124882,-0.5038131177425385,-0.5038131177425385
00169_id03589_wavtolip.mp4,1,FVFA,0.9999550580978394,0.5333802,0.5,0.49124882,0.49124882,-0.5087062418460846,-0.5087062418460846
00169_id03649_wavtolip.mp4,1,FVFA,0.9944985508918762,0.5333802,0.5,0.49124882,0.49124882,-0.5032497346401215,-0.5032497346401215
00169_id03716_wavtolip.mp4,1,FVFA,0.9999978542327881,0.53338015,0.5,0.49124882,0.49124882,-0.5087490379810333,-0.5087490379810333
00169_id03844_wavtolip.mp4,1,FVFA,0.9988928437232971,0.53338015,0.5,0.49124882,0.49124882,-0.5076440274715424,-0.5076440274715424
00125_id00188_wavtolip.mp4,1,FVFA,0.9999972581863403,0.53337723,0.5,0.49124882,0.49124882,-0.5087484419345856,-0.5087484419345856
00125_id00271_wavtolip.mp4,1,FVFA,0.9907082319259644,0.5333773,0.5,0.49124882,0.49124882,-0.4994594156742096,-0.4994594156742096
00125_id00332_wavtolip.mp4,1,FVFA,0.9999868869781494,0.5333772,0.5,0.49124882,0.49124882,-0.5087380707263947,-0.5087380707263947
00125_id00374_wavtolip.mp4,1,FVFA,0.9999861717224121,0.5333772,0.5,0.49124882,0.49124882,-0.5087373554706573,-0.5087373554706573
00125_id00403_wavtolip.mp4,1,FVFA,0.999998927116394,0.5333772,0.5,0.49124882,0.49124882,-0.5087501108646393,-0.5087501108646393
00125_id00434_wavtolip.mp4,1,FVFA,0.9999971389770508,0.5333772,0.5,0.49124882,0.49124882,-0.508748322725296,-0.508748322725296
00125_id00496_wavtolip.mp4,1,FVFA,0.9999344348907471,0.5333772,0.5,0.49124882,0.49124882,-0.5086856186389923,-0.5086856186389923
00125_id00633_wavtolip.mp4,1,FVFA,0.9999954700469971,0.5333772,0.5,0.49124882,0.49124882,-0.5087466537952423,-0.5087466537952423
00125_id00826_wavtolip.mp4,1,FVFA,0.9999992847442627,0.5333773,0.5,0.49124882,0.49124882,-0.5087504684925079,-0.5087504684925079
00065_id00287_wavtolip.mp4,1,FVFA,0.9999300241470337,0.5333804,0.5,0.49124882,0.49124882,-0.5086812078952789,-0.5086812078952789
00065_id00325_wavtolip.mp4,1,FVFA,0.9999982118606567,0.53338045,0.5,0.49124882,0.49124882,-0.508749395608902,-0.508749395608902
00065_id00374_wavtolip.mp4,1,FVFA,0.9999786615371704,0.53338045,0.5,0.49124882,0.49124882,-0.5087298452854156,-0.5087298452854156
00065_id00379_wavtolip.mp4,1,FVFA,0.8880141377449036,0.5333804,0.5,0.49124882,0.49124882,-0.3967653214931488,-0.3967653214931488
00065_id00495_wavtolip.mp4,1,FVFA,0.99832683801651,0.5333804,0.5,0.49124882,0.49124882,-0.5070780217647552,-0.5070780217647552
00065_id00569_wavtolip.mp4,1,FVFA,0.9877508282661438,0.5333804,0.5,0.49124882,0.49124882,-0.49650201201438904,-0.49650201201438904
00065_id00806_wavtolip.mp4,1,FVFA,0.999962329864502,0.53338045,0.5,0.49124882,0.49124882,-0.5087135136127472,-0.5087135136127472
00065_id00897_wavtolip.mp4,1,FVFA,0.9999979734420776,0.53338045,0.5,0.49124882,0.49124882,-0.5087491571903229,-0.5087491571903229
00065_id03620_wavtolip.mp4,1,FVFA,0.9999979734420776,0.53338045,0.5,0.49124882,0.49124882,-0.5087491571903229,-0.5087491571903229
00065_id03651_wavtolip.mp4,1,FVFA,0.9997159838676453,0.5333805,0.5,0.49124882,0.49124882,-0.5084671676158905,-0.5084671676158905
00005_id00042_wavtolip.mp4,1,FVFA,0.9774399995803833,0.5333794,0.5,0.49124882,0.49124882,-0.48619118332862854,-0.48619118332862854
00005_id00232_wavtolip.mp4,1,FVFA,0.9986488223075867,0.5333793,0.5,0.49124882,0.49124882,-0.5074000060558319,-0.5074000060558319
00005_id00271_wavtolip.mp4,1,FVFA,0.9906967878341675,0.5333794,0.5,0.49124882,0.49124882,-0.4994479715824127,-0.4994479715824127
00005_id00287_wavtolip.mp4,1,FVFA,0.9999310970306396,0.5333794,0.5,0.49124882,0.49124882,-0.5086822807788849,-0.5086822807788849
00005_id00379_wavtolip.mp4,1,FVFA,0.8898296356201172,0.5333794,0.5,0.49124882,0.49124882,-0.3985808193683624,-0.3985808193683624
00005_id00491_wavtolip.mp4,1,FVFA,0.9998519420623779,0.5333794,0.5,0.49124882,0.49124882,-0.5086031258106232,-0.5086031258106232
00005_id00495_wavtolip.mp4,1,FVFA,0.9983305335044861,0.5333793,0.5,0.49124882,0.49124882,-0.5070817172527313,-0.5070817172527313
00005_id00496_wavtolip.mp4,1,FVFA,0.6020117998123169,0.53337926,0.5,0.49124882,0.49124882,-0.11076298356056213,-0.11076298356056213
00005_id01002_wavtolip.mp4,1,FVFA,0.9999430179595947,0.5333793,0.5,0.49124882,0.49124882,-0.50869420170784,-0.50869420170784
00005_id03651_wavtolip.mp4,1,FVFA,0.9997218251228333,0.53337926,0.5,0.49124882,0.49124882,-0.5084730088710785,-0.5084730088710785
00086_id00042_wavtolip.mp4,1,FVFA,0.976453423500061,0.53337896,0.5,0.49124882,0.49124882,-0.4852046072483063,-0.4852046072483063
00086_id00232_wavtolip.mp4,1,FVFA,0.9999949932098389,0.5333788,0.5,0.49124882,0.49124882,-0.5087461769580841,-0.5087461769580841
00086_id00287_wavtolip.mp4,1,FVFA,0.9999293088912964,0.5333791,0.5,0.49124882,0.49124882,-0.5086804926395416,-0.5086804926395416
00086_id00496_wavtolip.mp4,1,FVFA,0.9998892545700073,0.5333787,0.5,0.49124882,0.49124882,-0.5086404383182526,-0.5086404383182526
00086_id00735_wavtolip.mp4,1,FVFA,0.9999985694885254,0.5333791,0.5,0.49124882,0.49124882,-0.5087497532367706,-0.5087497532367706
00086_id00823_wavtolip.mp4,1,FVFA,0.999879002571106,0.53337926,0.5,0.49124882,0.49124882,-0.5086301863193512,-0.5086301863193512
00086_id00826_wavtolip.mp4,1,FVFA,0.9999991655349731,0.533379,0.5,0.49124882,0.49124882,-0.5087503492832184,-0.5087503492832184
00086_id03371_wavtolip.mp4,1,FVFA,0.9999978542327881,0.5333787,0.5,0.49124882,0.49124882,-0.5087490379810333,-0.5087490379810333
00086_id03651_wavtolip.mp4,1,FVFA,0.9997180104255676,0.5333794,0.5,0.49124882,0.49124882,-0.5084691941738129,-0.5084691941738129
00043_id00234_wavtolip.mp4,1,FVFA,0.9999958276748657,0.5333803,0.5,0.49124882,0.49124882,-0.508747011423111,-0.508747011423111
00043_id00434_wavtolip.mp4,1,FVFA,0.9999969005584717,0.5333803,0.5,0.49124882,0.49124882,-0.5087480843067169,-0.5087480843067169
00043_id00569_wavtolip.mp4,1,FVFA,0.999893069267273,0.5333804,0.5,0.49124882,0.49124882,-0.5086442530155182,-0.5086442530155182
00043_id00813_wavtolip.mp4,1,FVFA,0.9999954700469971,0.5333803,0.5,0.49124882,0.49124882,-0.5087466537952423,-0.5087466537952423
00043_id00826_wavtolip.mp4,1,FVFA,0.9999991655349731,0.5333803,0.5,0.49124882,0.49124882,-0.5087503492832184,-0.5087503492832184
00043_id00897_wavtolip.mp4,1,FVFA,0.9999977350234985,0.5333803,0.5,0.49124882,0.49124882,-0.5087489187717438,-0.5087489187717438
00043_id01018_wavtolip.mp4,1,FVFA,0.9999983310699463,0.5333803,0.5,0.49124882,0.49124882,-0.5087495148181915,-0.5087495148181915
00043_id03858_wavtolip.mp4,1,FVFA,0.999995231628418,0.5333803,0.5,0.49124882,0.49124882,-0.5087464153766632,-0.5087464153766632
00043_id03941_wavtolip.mp4,1,FVFA,0.9920011758804321,0.5333803,0.5,0.49124882,0.49124882,-0.5007523596286774,-0.5007523596286774
00072_id00071_wavtolip.mp4,1,FVFA,0.9998891353607178,0.5333795,0.5,0.49124882,0.49124882,-0.508640319108963,-0.508640319108963
00072_id00234_wavtolip.mp4,1,FVFA,0.9978132247924805,0.53337944,0.5,0.49124882,0.49124882,-0.5065644085407257,-0.5065644085407257
00072_id00270_wavtolip.mp4,1,FVFA,0.9183855652809143,0.53337955,0.5,0.49124882,0.49124882,-0.42713674902915955,-0.42713674902915955
00072_id00271_wavtolip.mp4,1,FVFA,0.990376889705658,0.5333795,0.5,0.49124882,0.49124882,-0.4991280734539032,-0.4991280734539032
00072_id00330_wavtolip.mp4,1,FVFA,0.9861272573471069,0.5333795,0.5,0.49124882,0.49124882,-0.4948784410953522,-0.4948784410953522
00072_id00332_wavtolip.mp4,1,FVFA,0.9918560981750488,0.53337944,0.5,0.49124882,0.49124882,-0.5006072819232941,-0.5006072819232941
00072_id00374_wavtolip.mp4,1,FVFA,0.5739357471466064,0.5333795,0.5,0.49124882,0.49124882,-0.08268693089485168,-0.08268693089485168
00072_id00491_wavtolip.mp4,1,FVFA,0.9998522996902466,0.5333795,0.5,0.49124882,0.49124882,-0.5086034834384918,-0.5086034834384918
00072_id00581_wavtolip.mp4,1,FVFA,0.9839462041854858,0.53337944,0.5,0.49124882,0.49124882,-0.4926973879337311,-0.4926973879337311
00072_id03651_wavtolip.mp4,1,FVFA,0.9997193217277527,0.53337955,0.5,0.49124882,0.49124882,-0.5084705054759979,-0.5084705054759979
00430_id00188_wavtolip.mp4,1,FVFA,0.9996317625045776,0.5333808,0.5,0.49124882,0.49124882,-0.5083829462528229,-0.5083829462528229
00430_id00262_wavtolip.mp4,1,FVFA,0.9999943971633911,0.5333808,0.5,0.49124882,0.49124882,-0.5087455809116364,-0.5087455809116364
00430_id00330_wavtolip.mp4,1,FVFA,0.9867284893989563,0.53338087,0.5,0.49124882,0.49124882,-0.49547967314720154,-0.49547967314720154
00430_id00484_wavtolip.mp4,1,FVFA,0.9995824694633484,0.5333808,0.5,0.49124882,0.49124882,-0.5083336532115936,-0.5083336532115936
00430_id00491_wavtolip.mp4,1,FVFA,0.9998452663421631,0.53338087,0.5,0.49124882,0.49124882,-0.5085964500904083,-0.5085964500904083
00430_id00581_wavtolip.mp4,1,FVFA,0.9999980926513672,0.5333808,0.5,0.49124882,0.49124882,-0.5087492763996124,-0.5087492763996124
00430_id00591_wavtolip.mp4,1,FVFA,0.9988059997558594,0.5333808,0.5,0.49124882,0.49124882,-0.5075571835041046,-0.5075571835041046
00430_id00897_wavtolip.mp4,1,FVFA,0.9999986886978149,0.5333808,0.5,0.49124882,0.49124882,-0.5087498724460602,-0.5087498724460602
00430_id03649_wavtolip.mp4,1,FVFA,0.9950142502784729,0.5333808,0.5,0.49124882,0.49124882,-0.5037654340267181,-0.5037654340267181
00002_id00188_wavtolip.mp4,1,FVFA,0.9996424913406372,0.5333805,0.5,0.49124882,0.49124882,-0.5083936750888824,-0.5083936750888824
00002_id00262_wavtolip.mp4,1,FVFA,0.9999940395355225,0.53338045,0.5,0.49124882,0.49124882,-0.5087452232837677,-0.5087452232837677
00002_id00270_wavtolip.mp4,1,FVFA,0.9148941040039062,0.53338057,0.5,0.49124882,0.49124882,-0.4236452877521515,-0.4236452877521515
00002_id00373_wavtolip.mp4,1,FVFA,0.9999980926513672,0.53338045,0.5,0.49124882,0.49124882,-0.5087492763996124,-0.5087492763996124
00002_id00495_wavtolip.mp4,1,FVFA,0.9982840418815613,0.53338057,0.5,0.49124882,0.49124882,-0.5070352256298065,-0.5070352256298065
00002_id00806_wavtolip.mp4,1,FVFA,0.9999839067459106,0.53338045,0.5,0.49124882,0.49124882,-0.5087350904941559,-0.5087350904941559
00002_id01002_wavtolip.mp4,1,FVFA,0.9999423027038574,0.5333805,0.5,0.49124882,0.49124882,-0.5086934864521027,-0.5086934864521027
00002_id03371_wavtolip.mp4,1,FVFA,0.9999984502792358,0.5333804,0.5,0.49124882,0.49124882,-0.5087496340274811,-0.5087496340274811
00081_id00262_wavtolip.mp4,1,FVFA,0.9682376980781555,0.53337973,0.5,0.49124882,0.49124882,-0.47698888182640076,-0.47698888182640076
00081_id00270_wavtolip.mp4,1,FVFA,0.9154165387153625,0.5333802,0.5,0.49124882,0.49124882,-0.4241677224636078,-0.4241677224636078
00081_id00328_wavtolip.mp4,1,FVFA,0.9983219504356384,0.53338015,0.5,0.49124882,0.49124882,-0.5070731341838837,-0.5070731341838837
00081_id00332_wavtolip.mp4,1,FVFA,0.9912844896316528,0.53338015,0.5,0.49124882,0.49124882,-0.5000356733798981,-0.5000356733798981
00081_id00634_wavtolip.mp4,1,FVFA,0.9995173215866089,0.53338015,0.5,0.49124882,0.49124882,-0.5082685053348541,-0.5082685053348541
00081_id00823_wavtolip.mp4,1,FVFA,0.9998711347579956,0.5333803,0.5,0.49124882,0.49124882,-0.5086223185062408,-0.5086223185062408
00081_id01018_wavtolip.mp4,1,FVFA,0.9999749660491943,0.53338003,0.5,0.49124882,0.49124882,-0.5087261497974396,-0.5087261497974396
00081_id03589_wavtolip.mp4,1,FVFA,0.9999525547027588,0.5333801,0.5,0.49124882,0.49124882,-0.508703738451004,-0.508703738451004
00081_id03651_wavtolip.mp4,1,FVFA,0.9996994733810425,0.5333804,0.5,0.49124882,0.49124882,-0.5084506571292877,-0.5084506571292877
00081_id03716_wavtolip.mp4,1,FVFA,0.9974393844604492,0.53338,0.5,0.49124882,0.49124882,-0.5061905682086945,-0.5061905682086945
00001_id00234_wavtolip.mp4,1,FVFA,0.9999964237213135,0.5333804,0.5,0.49124882,0.49124882,-0.5087476074695587,-0.5087476074695587
00001_id00271_wavtolip.mp4,1,FVFA,0.9901941418647766,0.5333804,0.5,0.49124882,0.49124882,-0.49894532561302185,-0.49894532561302185
00001_id00325_wavtolip.mp4,1,FVFA,0.9999978542327881,0.5333804,0.5,0.49124882,0.49124882,-0.5087490379810333,-0.5087490379810333
00001_id00374_wavtolip.mp4,1,FVFA,0.9999830722808838,0.5333804,0.5,0.49124882,0.49124882,-0.508734256029129,-0.508734256029129
00001_id00434_wavtolip.mp4,1,FVFA,0.9999969005584717,0.5333804,0.5,0.49124882,0.49124882,-0.5087480843067169,-0.5087480843067169
00001_id00484_wavtolip.mp4,1,FVFA,0.9999971389770508,0.5333804,0.5,0.49124882,0.49124882,-0.508748322725296,-0.508748322725296
00001_id00633_wavtolip.mp4,1,FVFA,0.9999957084655762,0.5333804,0.5,0.49124882,0.49124882,-0.5087468922138214,-0.5087468922138214
00001_id00813_wavtolip.mp4,1,FVFA,0.9999957084655762,0.5333804,0.5,0.49124882,0.49124882,-0.5087468922138214,-0.5087468922138214
00001_id03620_wavtolip.mp4,1,FVFA,0.9999969005584717,0.5333804,0.5,0.49124882,0.49124882,-0.5087480843067169,-0.5087480843067169
00001_id03649_wavtolip.mp4,1,FVFA,0.9999978542327881,0.5333804,0.5,0.49124882,0.49124882,-0.5087490379810333,-0.5087490379810333
00092_id00042_wavtolip.mp4,1,FVFA,0.9999972581863403,0.53338087,0.5,0.49124882,0.49124882,-0.5087484419345856,-0.5087484419345856
00092_id00232_wavtolip.mp4,1,FVFA,0.9999910593032837,0.53338087,0.5,0.49124882,0.49124882,-0.5087422430515289,-0.5087422430515289
00092_id00270_wavtolip.mp4,1,FVFA,0.9234895706176758,0.5333795,0.5,0.49124882,0.49124882,-0.432240754365921,-0.432240754365921
00092_id00287_wavtolip.mp4,1,FVFA,0.9999243021011353,0.5333808,0.5,0.49124882,0.49124882,-0.5086754858493805,-0.5086754858493805
00092_id00332_wavtolip.mp4,1,FVFA,0.9999836683273315,0.53338087,0.5,0.49124882,0.49124882,-0.5087348520755768,-0.5087348520755768
00092_id00495_wavtolip.mp4,1,FVFA,0.9984325766563416,0.5333796,0.5,0.49124882,0.49124882,-0.5071837604045868,-0.5071837604045868
00092_id00806_wavtolip.mp4,1,FVFA,0.9998689889907837,0.53338087,0.5,0.49124882,0.49124882,-0.5086201727390289,-0.5086201727390289
00092_id03589_wavtolip.mp4,1,FVFA,0.9999986886978149,0.5333795,0.5,0.49124882,0.49124882,-0.5087498724460602,-0.5087498724460602
00092_id03858_wavtolip.mp4,1,FVFA,0.9999947547912598,0.5333808,0.5,0.49124882,0.49124882,-0.508745938539505,-0.508745938539505
00040_id00262_wavtolip.mp4,1,FVFA,0.9999939203262329,0.5333805,0.5,0.49124882,0.49124882,-0.5087451040744781,-0.5087451040744781
00040_id00270_wavtolip.mp4,1,FVFA,0.910249650478363,0.5333805,0.5,0.49124882,0.49124882,-0.4190008342266083,-0.4190008342266083
00040_id00330_wavtolip.mp4,1,FVFA,0.9840313196182251,0.5333805,0.5,0.49124882,0.49124882,-0.49278250336647034,-0.49278250336647034
00040_id00434_wavtolip.mp4,1,FVFA,0.9946492314338684,0.5333805,0.5,0.49124882,0.49124882,-0.5034004151821136,-0.5034004151821136
00040_id00495_wavtolip.mp4,1,FVFA,0.9980384707450867,0.5333805,0.5,0.49124882,0.49124882,-0.5067896544933319,-0.5067896544933319
00040_id00897_wavtolip.mp4,1,FVFA,0.9999985694885254,0.5333805,0.5,0.49124882,0.49124882,-0.5087497532367706,-0.5087497532367706
00040_id03716_wavtolip.mp4,1,FVFA,0.9999971389770508,0.5333805,0.5,0.49124882,0.49124882,-0.508748322725296,-0.508748322725296
00040_id03844_wavtolip.mp4,1,FVFA,0.9987838864326477,0.5333805,0.5,0.49124882,0.49124882,-0.5075350701808929,-0.5075350701808929
00093_id00071_wavtolip.mp4,1,FVFA,0.9998846054077148,0.5333799,0.5,0.49124882,0.49124882,-0.5086357891559601,-0.5086357891559601
00093_id00395_wavtolip.mp4,1,FVFA,0.9670687913894653,0.5333799,0.5,0.49124882,0.49124882,-0.47581997513771057,-0.47581997513771057
00093_id00569_wavtolip.mp4,1,FVFA,0.9869259595870972,0.5333799,0.5,0.49124882,0.49124882,-0.4956771433353424,-0.4956771433353424
00093_id00591_wavtolip.mp4,1,FVFA,0.9987754225730896,0.5333799,0.5,0.49124882,0.49124882,-0.5075266063213348,-0.5075266063213348
00093_id00633_wavtolip.mp4,1,FVFA,0.9999961853027344,0.53337985,0.5,0.49124882,0.49124882,-0.5087473690509796,-0.5087473690509796
00093_id01002_wavtolip.mp4,1,FVFA,0.9999401569366455,0.5333799,0.5,0.49124882,0.49124882,-0.5086913406848907,-0.5086913406848907
00093_id03941_wavtolip.mp4,1,FVFA,0.9925609230995178,0.53337985,0.5,0.49124882,0.49124882,-0.5013121068477631,-0.5013121068477631
00028_id00188_wavtolip.mp4,1,FVFA,0.9999972581863403,0.5333798,0.5,0.49124882,0.49124882,-0.5087484419345856,-0.5087484419345856
00028_id00271_wavtolip.mp4,1,FVFA,0.9896503686904907,0.53337985,0.5,0.49124882,0.49124882,-0.49840155243873596,-0.49840155243873596
00028_id00332_wavtolip.mp4,1,FVFA,0.9999878406524658,0.53337985,0.5,0.49124882,0.49124882,-0.5087390244007111,-0.5087390244007111
00028_id00403_wavtolip.mp4,1,FVFA,0.999998927116394,0.53337985,0.5,0.49124882,0.49124882,-0.5087501108646393,-0.5087501108646393
00028_id00495_wavtolip.mp4,1,FVFA,0.998322069644928,0.53337985,0.5,0.49124882,0.49124882,-0.5070732533931732,-0.5070732533931732
00028_id00569_wavtolip.mp4,1,FVFA,0.9999033212661743,0.5333798,0.5,0.49124882,0.49124882,-0.5086545050144196,-0.5086545050144196
00028_id00735_wavtolip.mp4,1,FVFA,0.9999988079071045,0.53337985,0.5,0.49124882,0.49124882,-0.5087499916553497,-0.5087499916553497
00028_id00806_wavtolip.mp4,1,FVFA,0.9999228715896606,0.53337985,0.5,0.49124882,0.49124882,-0.5086740553379059,-0.5086740553379059
00028_id01002_wavtolip.mp4,1,FVFA,0.9999470710754395,0.5333798,0.5,0.49124882,0.49124882,-0.5086982548236847,-0.5086982548236847
00028_id03620_wavtolip.mp4,1,FVFA,0.9999972581863403,0.53337985,0.5,0.49124882,0.49124882,-0.5087484419345856,-0.5087484419345856
00092_id00188_wavtolip.mp4,1,FVFA,0.9996587038040161,0.5333796,0.5,0.49124882,0.49124882,-0.5084098875522614,-0.5084098875522614
00092_id00262_wavtolip.mp4,1,FVFA,0.9999947547912598,0.5333795,0.5,0.49124882,0.49124882,-0.508745938539505,-0.508745938539505
00092_id00270_wavtolip.mp4,1,FVFA,0.9234895706176758,0.5333795,0.5,0.49124882,0.49124882,-0.432240754365921,-0.432240754365921
00092_id00379_wavtolip.mp4,1,FVFA,0.8853534460067749,0.5333796,0.5,0.49124882,0.49124882,-0.39410462975502014,-0.39410462975502014
00092_id00434_wavtolip.mp4,1,FVFA,0.9999978542327881,0.5333795,0.5,0.49124882,0.49124882,-0.5087490379810333,-0.5087490379810333
00092_id00495_wavtolip.mp4,1,FVFA,0.9984325766563416,0.5333796,0.5,0.49124882,0.49124882,-0.5071837604045868,-0.5071837604045868
00092_id00735_wavtolip.mp4,1,FVFA,0.9992115497589111,0.5333795,0.5,0.49124882,0.49124882,-0.5079627335071564,-0.5079627335071564
00092_id00813_wavtolip.mp4,1,FVFA,0.9999955892562866,0.5333795,0.5,0.49124882,0.49124882,-0.5087467730045319,-0.5087467730045319
00092_id03589_wavtolip.mp4,1,FVFA,0.9999986886978149,0.5333795,0.5,0.49124882,0.49124882,-0.5087498724460602,-0.5087498724460602
00021_id00071_wavtolip.mp4,1,FVFA,0.9999827146530151,0.53337854,0.5,0.49124882,0.49124882,-0.5087338984012604,-0.5087338984012604
00021_id00328_wavtolip.mp4,1,FVFA,0.9999980926513672,0.5333784,0.5,0.49124882,0.49124882,-0.5087492763996124,-0.5087492763996124
00021_id00332_wavtolip.mp4,1,FVFA,0.9999860525131226,0.5333784,0.5,0.49124882,0.49124882,-0.5087372362613678,-0.5087372362613678
00021_id00379_wavtolip.mp4,1,FVFA,0.9999972581863403,0.5333784,0.5,0.49124882,0.49124882,-0.5087484419345856,-0.5087484419345856
00021_id00491_wavtolip.mp4,1,FVFA,0.9999831914901733,0.5333784,0.5,0.49124882,0.49124882,-0.5087343752384186,-0.5087343752384186
00021_id00735_wavtolip.mp4,1,FVFA,0.9999986886978149,0.53337854,0.5,0.49124882,0.49124882,-0.5087498724460602,-0.5087498724460602
00021_id00806_wavtolip.mp4,1,FVFA,0.9998975992202759,0.5333784,0.5,0.49124882,0.49124882,-0.5086487829685211,-0.5086487829685211
00021_id03649_wavtolip.mp4,1,FVFA,0.9999977350234985,0.53337854,0.5,0.49124882,0.49124882,-0.5087489187717438,-0.5087489187717438
00021_id03716_wavtolip.mp4,1,FVFA,0.9999967813491821,0.5333784,0.5,0.49124882,0.49124882,-0.5087479650974274,-0.5087479650974274
