sample_id,label,category,visual_score,audio_score,fusion_score,prediction_0.5,prediction_0.79
00001.mp4,0,RVRA,0.788725,0.857146,0.822936,1,1
00001_0.mp4,1,FVRA,0.792755,0.840293,0.816524,1,1
00001_fake.mp4,1,RVFA,0.789016,0.854320,0.821668,1,1
00001_id00068_A7uFnQw--bY.mp4,1,FVRA,0.789497,0.857174,0.823336,1,1
00001_id00068_A7uFnQw--bY_id00270_wavtolip.mp4,1,FVFA,0.790064,0.859888,0.824976,1,1
00001_id00071_wavtolip.mp4,1,FVFA,0.786571,0.859772,0.823171,1,1
00001_id00188_e-vm5FB3idA.mp4,1,FVRA,0.789479,0.857174,0.823327,1,1
00001_id00188_e-vm5FB3idA_id01002_wavtolip.mp4,1,FVFA,0.790043,0.859148,0.824595,1,1
00001_id00188_e-vm5FB3idA_id03858_wavtolip.mp4,1,FVFA,0.788946,0.859844,0.824395,1,1
00001_id00234_wavtolip.mp4,1,FVFA,0.789486,0.859621,0.824553,1,1
00001_id00270_hoEQ70-sDME.mp4,1,FVRA,0.785760,0.858827,0.822293,1,1
00001_id00270_hoEQ70-sDME_id00270_wavtolip.mp4,1,FVFA,0.786739,0.859888,0.823314,1,1
00001_id00270_wavtolip.mp4,1,FVFA,0.786607,0.859888,0.823248,1,1
00001_id00271_wavtolip.mp4,1,FVFA,0.789483,0.859070,0.824276,1,1
00001_id00287_wavtolip.mp4,1,FVRA,0.786597,0.859603,0.823100,1,1
00001_id00325_4vJtbNe0L98.mp4,1,FVRA,0.789205,0.857174,0.823190,1,1
00001_id00325_4vJtbNe0L98_id03941_wavtolip.mp4,1,FVFA,0.789802,0.859325,0.824564,1,1
00001_id00325_wavtolip.mp4,1,FVFA,0.789486,0.859722,0.824604,1,1
00001_id00328_wavtolip.mp4,1,FVFA,0.786639,0.859849,0.823244,1,1
00001_id00330_wavtolip.mp4,1,FVRA,0.789496,0.854823,0.822160,1,1
00001_id00332_wavtolip.mp4,1,FVFA,0.786617,0.859963,0.823290,1,1
00001_id00373_wavtolip.mp4,1,FVRA,0.789501,0.857104,0.823302,1,1
00001_id00374_w1qI7y9AGTc.mp4,1,FVRA,0.787062,0.858827,0.822945,1,1
00001_id00374_wavtolip.mp4,1,FVFA,0.789489,0.859369,0.824429,1,1
00001_id00395_wavtolip.mp4,1,FVRA,0.786634,0.859359,0.822997,1,1
00001_id00403_wavtolip.mp4,1,FVRA,0.789478,0.858088,0.823783,1,1
00001_id00434_wavtolip.mp4,1,FVFA,0.789483,0.859485,0.824484,1,1
00001_id00484_wavtolip.mp4,1,FVFA,0.789470,0.859437,0.824454,1,1
00001_id00491_wavtolip.mp4,1,FVRA,0.789465,0.857832,0.823649,1,1
00001_id00495_wavtolip.mp4,1,FVRA,0.789460,0.859768,0.824614,1,1
00001_id00569_gSynmpwioV4.mp4,1,FVRA,0.788912,0.857174,0.823043,1,1
00001_id00569_gSynmpwioV4_id00434_wavtolip.mp4,1,FVFA,0.789560,0.859485,0.824523,1,1
00001_id00581_7AxvP19LGKg.mp4,1,FVRA,0.786946,0.858827,0.822886,1,1
00001_id00581_7AxvP19LGKg_id00735_wavtolip.mp4,1,FVFA,0.787793,0.859780,0.823787,1,1
00001_id00581_wavtolip.mp4,1,FVFA,0.786632,0.859876,0.823254,1,1
00001_id00589_uOzKwYEVR6s.mp4,1,FVRA,0.788351,0.857174,0.822763,1,1
00001_id00589_uOzKwYEVR6s_id00373_wavtolip.mp4,1,FVFA,0.789010,0.857656,0.823333,1,1
00001_id00589_wavtolip.mp4,1,FVRA,0.786613,0.859006,0.822810,1,1
00001_id00591_1Jo8xElXQMs.mp4,1,FVRA,0.787529,0.857174,0.822352,1,1
00001_id00591_1Jo8xElXQMs_id00287_wavtolip.mp4,1,FVFA,0.788409,0.859660,0.824035,1,1
00001_id00633_UXrTMta1EDM.mp4,1,FVRA,0.788324,0.857174,0.822749,1,1
00001_id00633_UXrTMta1EDM_id00287_wavtolip.mp4,1,FVFA,0.789089,0.859660,0.824374,1,1
00001_id00633_wavtolip.mp4,1,FVFA,0.789487,0.859274,0.824381,1,1
00001_id00634_z5t9oJizDQg.mp4,1,FVRA,0.788855,0.857174,0.823014,1,1
00001_id00634_z5t9oJizDQg_faceswap.mp4,1,FVRA,0.788989,0.857146,0.823068,1,1
00001_id00634_z5t9oJizDQg_faceswap_id00325_wavtolip.mp4,1,FVFA,0.789669,0.859722,0.824695,1,1
00001_id00634_z5t9oJizDQg_faceswap_id00495_wavtolip.mp4,1,FVFA,0.789750,0.860019,0.824885,1,1
00001_id00634_z5t9oJizDQg_faceswap_id03844_wavtolip.mp4,1,FVFA,0.789724,0.859099,0.824411,1,1
00001_id00634_z5t9oJizDQg_id03620_wavtolip.mp4,1,FVFA,0.788257,0.859687,0.823972,1,1
00001_id00634_z5t9oJizDQg_id03941_wavtolip.mp4,1,FVFA,0.789463,0.859325,0.824394,1,1
00001_id00813_wavtolip.mp4,1,FVFA,0.789480,0.859079,0.824280,1,1
00001_id00823_wavtolip.mp4,1,FVRA,0.789480,0.851903,0.820691,1,1
00001_id00826_MYagwzy91Yk.mp4,1,FVRA,0.789076,0.857174,0.823125,1,1
00001_id00826_MYagwzy91Yk_id00634_wavtolip.mp4,1,FVFA,0.789725,0.859743,0.824734,1,1
00001_id00897_0ayFw8JhoyI.mp4,1,FVRA,0.787448,0.858827,0.823138,1,1
00001_id00897_0ayFw8JhoyI_faceswap.mp4,1,FVRA,0.786111,0.858818,0.822464,1,1
00001_id00897_0ayFw8JhoyI_faceswap_id00262_wavtolip.mp4,1,FVFA,0.787199,0.859469,0.823334,1,1
00001_id00897_0ayFw8JhoyI_faceswap_id00633_wavtolip.mp4,1,FVFA,0.787197,0.859444,0.823321,1,1
00001_id00897_0ayFw8JhoyI_faceswap_id03371_wavtolip.mp4,1,FVFA,0.787197,0.859604,0.823401,1,1
00001_id00897_0ayFw8JhoyI_id00373_wavtolip.mp4,1,FVFA,0.788216,0.858336,0.823276,1,1
00001_id01001_wavtolip.mp4,1,FVRA,0.786587,0.859824,0.823206,1,1
00001_id01018_wavtolip.mp4,1,FVFA,0.786612,0.860132,0.823372,1,1
00001_id03589_9NxOQlwpMys.mp4,1,FVRA,0.789143,0.857174,0.823158,1,1
00001_id03589_9NxOQlwpMys_id00434_wavtolip.mp4,1,FVFA,0.789765,0.859485,0.824625,1,1
00001_id03589_wavtolip.mp4,1,FVFA,0.786619,0.859191,0.822905,1,1
00001_id03620_wavtolip.mp4,1,FVFA,0.789489,0.859474,0.824481,1,1
00001_id03649_389qfFqUddI.mp4,1,FVRA,0.787852,0.858827,0.823339,1,1
00001_id03649_389qfFqUddI_id00591_wavtolip.mp4,1,FVFA,0.788474,0.859656,0.824065,1,1
00001_id03649_wavtolip.mp4,1,FVFA,0.789546,0.859660,0.824603,1,1
00001_id03716_s-lxbGafZQA.mp4,1,FVRA,0.787407,0.858827,0.823117,1,1
00001_id03716_wavtolip.mp4,1,FVRA,0.786602,0.858440,0.822521,1,1
00001_id03844_AEAEN1Lns2c.mp4,1,FVRA,0.788263,0.858827,0.823545,1,1
00001_id03844_AEAEN1Lns2c_id03589_wavtolip.mp4,1,FVFA,0.788953,0.859191,0.824072,1,1
00002.mp4,0,RVRA,0.791632,0.854881,0.823256,1,1
00002_0.mp4,1,FVRA,0.787532,0.859101,0.823317,1,1
00002_fake.mp4,1,RVFA,0.791612,0.857461,0.824536,1,1
00002_id00068_A7uFnQw--bY.mp4,1,FVRA,0.791686,0.854962,0.823324,1,1
00002_id00068_A7uFnQw--bY_id00287_wavtolip.mp4,1,FVFA,0.791327,0.859660,0.825493,1,1
00002_id00071_wavtolip.mp4,1,FVRA,0.791668,0.860066,0.825867,1,1
00002_id00188_wavtolip.mp4,1,FVFA,0.791631,0.859694,0.825663,1,1
00002_id00234_wavtolip.mp4,1,FVRA,0.791651,0.856768,0.824210,1,1
00002_id00262_3p7sRWAAh1Q.mp4,1,FVRA,0.791596,0.854962,0.823279,1,1
00002_id00262_3p7sRWAAh1Q_id03651_wavtolip.mp4,1,FVFA,0.791533,0.859724,0.825628,1,1
00002_id00262_wavtolip.mp4,1,FVFA,0.791661,0.857881,0.824771,1,1
00002_id00270_wavtolip.mp4,1,FVFA,0.791659,0.859898,0.825778,1,1
00002_id00287_2NpfYjyMsPM.mp4,1,FVRA,0.791650,0.854962,0.823306,1,1
00002_id00287_2NpfYjyMsPM_id00071_wavtolip.mp4,1,FVFA,0.791293,0.859856,0.825574,1,1
00002_id00332_wavtolip.mp4,1,FVRA,0.791665,0.857336,0.824500,1,1
00002_id00373_wavtolip.mp4,1,FVFA,0.791656,0.856142,0.823899,1,1
00002_id00374_wavtolip.mp4,1,FVRA,0.791666,0.858120,0.824893,1,1
00002_id00395_wM5kGJfTtEM.mp4,1,FVRA,0.791372,0.854962,0.823167,1,1
00002_id00395_wM5kGJfTtEM_id00271_wavtolip.mp4,1,FVFA,0.791292,0.859070,0.825181,1,1
00002_id00495_E46aiMUC4A0.mp4,1,FVRA,0.791648,0.854962,0.823305,1,1
00002_id00495_E46aiMUC4A0_faceswap.mp4,1,FVRA,0.791669,0.854881,0.823275,1,1
00002_id00495_E46aiMUC4A0_faceswap_id00271_wavtolip.mp4,1,FVFA,0.791602,0.859070,0.825336,1,1
00002_id00495_E46aiMUC4A0_faceswap_id00328_wavtolip.mp4,1,FVFA,0.791548,0.859431,0.825490,1,1
00002_id00495_E46aiMUC4A0_faceswap_id00434_wavtolip.mp4,1,FVFA,0.791662,0.858438,0.825050,1,1
00002_id00495_E46aiMUC4A0_faceswap_id01002_wavtolip.mp4,1,FVFA,0.791609,0.859148,0.825378,1,1
00002_id00495_E46aiMUC4A0_id00581_wavtolip.mp4,1,FVFA,0.791496,0.858981,0.825238,1,1
00002_id00495_wavtolip.mp4,1,FVFA,0.791648,0.860019,0.825834,1,1
00002_id00496_SImaDcXQnh8.mp4,1,FVRA,0.791489,0.854962,0.823225,1,1
00002_id00496_SImaDcXQnh8_id00271_wavtolip.mp4,1,FVFA,0.791374,0.859070,0.825222,1,1
00002_id00589_uOzKwYEVR6s.mp4,1,FVRA,0.791365,0.854962,0.823163,1,1
00002_id00589_wavtolip.mp4,1,FVRA,0.791640,0.857043,0.824342,1,1
00002_id00633_wavtolip.mp4,1,FVRA,0.791647,0.858702,0.825175,1,1
00002_id00634_z5t9oJizDQg.mp4,1,FVRA,0.791650,0.854962,0.823306,1,1
00002_id00634_z5t9oJizDQg_id00374_wavtolip.mp4,1,FVFA,0.791483,0.859009,0.825246,1,1
00002_id00806_wavtolip.mp4,1,FVFA,0.791652,0.858914,0.825283,1,1
00002_id01002_wavtolip.mp4,1,FVFA,0.791643,0.859148,0.825396,1,1
00002_id03371_wavtolip.mp4,1,FVFA,0.791657,0.858727,0.825192,1,1
00002_id03649_389qfFqUddI.mp4,1,FVRA,0.791553,0.854962,0.823257,1,1
00002_id03649_389qfFqUddI_id00633_wavtolip.mp4,1,FVFA,0.791338,0.857962,0.824650,1,1
00002_id03844_wavtolip.mp4,1,FVRA,0.791584,0.859533,0.825558,1,1
00002_id03858_uKVqPfRf-ac.mp4,1,FVRA,0.791428,0.854962,0.823195,1,1
00002_id03858_uKVqPfRf-ac_id01002_wavtolip.mp4,1,FVFA,0.791291,0.859148,0.825220,1,1
00002_id03858_wavtolip.mp4,1,FVRA,0.791673,0.859131,0.825402,1,1
00004.mp4,0,RVRA,0.729298,0.845473,0.787386,1,0
00004_0.mp4,1,FVRA,0.790129,0.853598,0.821863,1,1
00004_1.mp4,1,FVRA,0.792548,0.859347,0.825947,1,1
00004_1_id00262_wavtolip.mp4,1,FVFA,0.792621,0.859039,0.825830,1,1
00004_1_id00373_wavtolip.mp4,1,FVFA,0.792622,0.857552,0.825087,1,1
00004_1_id00569_wavtolip.mp4,1,FVFA,0.792578,0.859631,0.826104,1,1
00004_1_id00581_wavtolip.mp4,1,FVFA,0.792612,0.859680,0.826146,1,1
00004_1_id00633_wavtolip.mp4,1,FVFA,0.792616,0.859162,0.825889,1,1
00004_2.mp4,1,FVRA,0.792108,0.859235,0.825672,1,1
00004_2_id00068_wavtolip.mp4,1,FVFA,0.792210,0.853041,0.822626,1,1
00004_2_id00332_wavtolip.mp4,1,FVFA,0.792206,0.859844,0.826025,1,1
00004_2_id00581_wavtolip.mp4,1,FVFA,0.792216,0.859725,0.825970,1,1
00004_2_id03716_wavtolip.mp4,1,FVFA,0.792210,0.859492,0.825851,1,1
00004_3.mp4,1,FVRA,0.791548,0.859438,0.825493,1,1
00004_3_id00332_wavtolip.mp4,1,FVFA,0.791945,0.859907,0.825926,1,1
00004_3_id00434_wavtolip.mp4,1,FVFA,0.791940,0.859583,0.825761,1,1
00004_3_id00495_wavtolip.mp4,1,FVFA,0.791938,0.860019,0.825979,1,1
00004_3_id03371_wavtolip.mp4,1,FVFA,0.791952,0.859576,0.825764,1,1
00004_3_id03716_wavtolip.mp4,1,FVFA,0.791940,0.859614,0.825777,1,1
00004_fake.mp4,1,RVFA,0.731062,0.851501,0.791281,1,1
00004_id00068_wavtolip.mp4,1,FVRA,0.736061,0.849422,0.792741,1,1
00004_id00071_wavtolip.mp4,1,FVFA,0.736924,0.859856,0.798390,1,1
00004_id00232_kL0cCveU1zg.mp4,1,FVRA,0.732074,0.845706,0.788890,1,0
00004_id00232_kL0cCveU1zg_id00806_wavtolip.mp4,1,FVFA,0.738858,0.858967,0.798913,1,1
00004_id00234_wavtolip.mp4,1,FVRA,0.736078,0.857002,0.796540,1,1
00004_id00262_wavtolip.mp4,1,FVRA,0.736194,0.854913,0.795553,1,1
00004_id00270_wavtolip.mp4,1,FVFA,0.736214,0.859898,0.798056,1,1
00004_id00287_wavtolip.mp4,1,FVFA,0.736894,0.859660,0.798277,1,1
00004_id00365_XV-imLNJvfk.mp4,1,FVRA,0.734745,0.845706,0.790225,1,1
00004_id00365_wavtolip.mp4,1,FVRA,0.735914,0.859397,0.797656,1,1
00004_id00373_wavtolip.mp4,1,FVFA,0.736025,0.856546,0.796286,1,1
00004_id00395_wM5kGJfTtEM.mp4,1,FVRA,0.728887,0.845706,0.787297,1,0
00004_id00395_wM5kGJfTtEM_id00634_wavtolip.mp4,1,FVFA,0.735269,0.859187,0.797228,1,1
00004_id00403_wavtolip.mp4,1,FVFA,0.736219,0.859441,0.797830,1,1
00004_id00484_u7YTz8eFZv0.mp4,1,FVRA,0.733937,0.845706,0.789821,1,0
00004_id00484_u7YTz8eFZv0_id00188_wavtolip.mp4,1,FVFA,0.740464,0.859694,0.800079,1,1
00004_id00484_wavtolip.mp4,1,FVRA,0.736822,0.857754,0.797288,1,1
00004_id00495_E46aiMUC4A0.mp4,1,FVRA,0.733431,0.845706,0.789569,1,0
00004_id00495_E46aiMUC4A0_faceswap.mp4,1,FVRA,0.731157,0.845473,0.788315,1,0
00004_id00495_E46aiMUC4A0_faceswap_id00071_wavtolip.mp4,1,FVFA,0.738799,0.859856,0.799327,1,1
00004_id00495_E46aiMUC4A0_faceswap_id00434_wavtolip.mp4,1,FVFA,0.737900,0.858585,0.798243,1,1
00004_id00495_E46aiMUC4A0_faceswap_id00591_wavtolip.mp4,1,FVFA,0.737835,0.859721,0.798778,1,1
00004_id00495_E46aiMUC4A0_faceswap_id00813_wavtolip.mp4,1,FVFA,0.737980,0.858285,0.798132,1,1
00004_id00495_E46aiMUC4A0_id00496_wavtolip.mp4,1,FVFA,0.740148,0.857184,0.798666,1,1
00004_id00496_wavtolip.mp4,1,FVRA,0.736048,0.857860,0.796954,1,1
00004_id00581_7AxvP19LGKg.mp4,1,FVRA,0.730402,0.845706,0.788054,1,0
00004_id00581_7AxvP19LGKg_id00581_wavtolip.mp4,1,FVFA,0.736995,0.859034,0.798015,1,1
00004_id00591_wavtolip.mp4,1,FVRA,0.736370,0.859417,0.797894,1,1
00004_id00813_wavtolip.mp4,1,FVFA,0.736083,0.858285,0.797184,1,1
00004_id00823_wavtolip.mp4,1,FVFA,0.735638,0.859431,0.797535,1,1
00004_id00826_MYagwzy91Yk.mp4,1,FVRA,0.733797,0.845706,0.789752,1,0
00004_id00826_MYagwzy91Yk_id00403_wavtolip.mp4,1,FVFA,0.740158,0.859441,0.799799,1,1
00004_id00897_wavtolip.mp4,1,FVFA,0.735984,0.859623,0.797804,1,1
00004_id01002_wavtolip.mp4,1,FVFA,0.736404,0.859148,0.797776,1,1
00004_id03371_truKMXt8Dak.mp4,1,FVRA,0.734377,0.845706,0.790042,1,1
00004_id03371_truKMXt8Dak_id00823_wavtolip.mp4,1,FVFA,0.740559,0.859431,0.799995,1,1
00004_id03589_9NxOQlwpMys.mp4,1,FVRA,0.735335,0.845706,0.790521,1,1
00004_id03589_9NxOQlwpMys_id00735_wavtolip.mp4,1,FVFA,0.743196,0.859871,0.801533,1,1
00004_id03589_wavtolip.mp4,1,FVRA,0.736121,0.857213,0.796667,1,1
00004_id03716_wavtolip.mp4,1,FVRA,0.736009,0.855677,0.795843,1,1
00004_id03844_AEAEN1Lns2c.mp4,1,FVRA,0.740116,0.845706,0.792911,1,1
00004_id03844_AEAEN1Lns2c_id00633_wavtolip.mp4,1,FVFA,0.746111,0.858361,0.802236,1,1
00005.mp4,0,RVRA,0.781555,0.857788,0.819672,1,1
00005_fake.mp4,1,RVFA,0.782041,0.858697,0.820369,1,1
00005_id00042_wavtolip.mp4,1,FVFA,0.783121,0.858850,0.820986,1,1
00005_id00068_wavtolip.mp4,1,FVRA,0.766974,0.849401,0.808187,1,1
00005_id00071_wavtolip.mp4,1,FVFA,0.789615,0.859772,0.824693,1,1
00005_id00188_e-vm5FB3idA.mp4,1,FVRA,0.783506,0.857862,0.820684,1,1
00005_id00188_wavtolip.mp4,1,FVRA,0.789596,0.859783,0.824689,1,1
00005_id00232_wavtolip.mp4,1,FVFA,0.782856,0.859241,0.821048,1,1
00005_id00234_M3g5KRLJB60.mp4,1,FVRA,0.782844,0.857862,0.820353,1,1
00005_id00234_M3g5KRLJB60_id00328_wavtolip.mp4,1,FVFA,0.784216,0.859431,0.821824,1,1
00005_id00234_wavtolip.mp4,1,FVRA,0.783027,0.856483,0.819755,1,1
00005_id00262_3p7sRWAAh1Q.mp4,1,FVRA,0.789748,0.859116,0.824432,1,1
00005_id00262_3p7sRWAAh1Q_faceswap.mp4,1,FVRA,0.789996,0.859103,0.824550,1,1
00005_id00262_3p7sRWAAh1Q_faceswap_id00271_wavtolip.mp4,1,FVFA,0.789806,0.859070,0.824438,1,1
00005_id00262_3p7sRWAAh1Q_faceswap_id00897_wavtolip.mp4,1,FVFA,0.789749,0.860040,0.824895,1,1
00005_id00262_3p7sRWAAh1Q_faceswap_id03589_wavtolip.mp4,1,FVFA,0.789739,0.859191,0.824465,1,1
00005_id00262_3p7sRWAAh1Q_faceswap_id03941_wavtolip.mp4,1,FVFA,0.789741,0.859358,0.824550,1,1
00005_id00262_3p7sRWAAh1Q_id00826_wavtolip.mp4,1,FVFA,0.789717,0.859453,0.824585,1,1
00005_id00270_hoEQ70-sDME.mp4,1,FVRA,0.789343,0.859116,0.824230,1,1
00005_id00270_wavtolip.mp4,1,FVRA,0.789604,0.859343,0.824473,1,1
00005_id00271_je6JSLqEEcw.mp4,1,FVRA,0.789621,0.859116,0.824369,1,1
00005_id00271_je6JSLqEEcw_id00232_wavtolip.mp4,1,FVFA,0.789579,0.859815,0.824697,1,1
00005_id00271_wavtolip.mp4,1,FVFA,0.783148,0.859070,0.821109,1,1
00005_id00287_wavtolip.mp4,1,FVFA,0.783019,0.859660,0.821340,1,1
00005_id00325_4vJtbNe0L98.mp4,1,FVRA,0.789632,0.859116,0.824374,1,1
00005_id00325_4vJtbNe0L98_id00826_wavtolip.mp4,1,FVFA,0.789442,0.859453,0.824447,1,1
00005_id00328_wavtolip.mp4,1,FVFA,0.766783,0.859431,0.813107,1,1
00005_id00330_wavtolip.mp4,1,FVFA,0.766891,0.858951,0.812921,1,1
00005_id00330_zCFFgGSIZ_s.mp4,1,FVRA,0.781912,0.857862,0.819887,1,1
00005_id00330_zCFFgGSIZ_s_id00328_wavtolip.mp4,1,FVFA,0.783312,0.859431,0.821372,1,1
00005_id00332__zNddcZV1EU.mp4,1,FVRA,0.782705,0.857862,0.820283,1,1
00005_id00332__zNddcZV1EU_id00634_wavtolip.mp4,1,FVFA,0.783984,0.859358,0.821671,1,1
00005_id00332_wavtolip.mp4,1,FVFA,0.766704,0.859554,0.813129,1,1
00005_id00365_XV-imLNJvfk.mp4,1,FVRA,0.769583,0.855155,0.812369,1,1
00005_id00365_XV-imLNJvfk_id00496_wavtolip.mp4,1,FVFA,0.772815,0.854021,0.813418,1,1
00005_id00365_wavtolip.mp4,1,FVRA,0.789605,0.859609,0.824607,1,1
00005_id00373_5NXv3Dxkd6E.mp4,1,FVRA,0.782790,0.857862,0.820326,1,1
00005_id00373_5NXv3Dxkd6E_id00496_wavtolip.mp4,1,FVFA,0.772361,0.854021,0.813191,1,1
00005_id00373_wavtolip.mp4,1,FVFA,0.767006,0.854162,0.810584,1,1
00005_id00374_wavtolip.mp4,1,FVRA,0.782886,0.858120,0.820503,1,1
00005_id00379_fgkgYHCuk4g.mp4,1,FVRA,0.769254,0.855155,0.812204,1,1
00005_id00379_fgkgYHCuk4g_faceswap.mp4,1,FVRA,0.765059,0.855132,0.810096,1,1
00005_id00379_fgkgYHCuk4g_faceswap_id00188_wavtolip.mp4,1,FVFA,0.768361,0.859694,0.814027,1,1
00005_id00379_fgkgYHCuk4g_faceswap_id00232_wavtolip.mp4,1,FVFA,0.768165,0.859241,0.813703,1,1
00005_id00379_fgkgYHCuk4g_faceswap_id00403_wavtolip.mp4,1,FVFA,0.768529,0.859577,0.814053,1,1
00005_id00379_fgkgYHCuk4g_faceswap_id00569_wavtolip.mp4,1,FVFA,0.768504,0.859631,0.814067,1,1
00005_id00379_fgkgYHCuk4g_id00484_wavtolip.mp4,1,FVFA,0.789583,0.859927,0.824755,1,1
00005_id00379_fgkgYHCuk4g_id00496_wavtolip.mp4,1,FVFA,0.772398,0.854021,0.813209,1,1
00005_id00379_wavtolip.mp4,1,FVFA,0.783125,0.859673,0.821399,1,1
00005_id00403_n4LSCxzFr6o.mp4,1,FVRA,0.789296,0.859116,0.824206,1,1
00005_id00491_wavtolip.mp4,1,FVFA,0.783085,0.859201,0.821143,1,1
00005_id00495_wavtolip.mp4,1,FVFA,0.782717,0.860019,0.821368,1,1
00005_id00496_SImaDcXQnh8.mp4,1,FVRA,0.782592,0.857862,0.820227,1,1
00005_id00496_SImaDcXQnh8_id00232_wavtolip.mp4,1,FVFA,0.783768,0.859241,0.821504,1,1
00005_id00496_SImaDcXQnh8_id00373_wavtolip.mp4,1,FVFA,0.789698,0.858336,0.824017,1,1
00005_id00496_wavtolip.mp4,1,FVFA,0.782613,0.854021,0.818317,1,1
00005_id00569_gSynmpwioV4.mp4,1,FVRA,0.782936,0.857862,0.820399,1,1
00005_id00569_gSynmpwioV4_id03858_wavtolip.mp4,1,FVFA,0.773784,0.859494,0.816639,1,1
00005_id00581_wavtolip.mp4,1,FVRA,0.789616,0.859980,0.824798,1,1
00005_id00589_wavtolip.mp4,1,FVRA,0.783002,0.857043,0.820022,1,1
00005_id00591_1Jo8xElXQMs.mp4,1,FVRA,0.782374,0.857862,0.820118,1,1
00005_id00591_1Jo8xElXQMs_faceswap.mp4,1,FVRA,0.781973,0.857788,0.819881,1,1
00005_id00591_1Jo8xElXQMs_faceswap_id00188_wavtolip.mp4,1,FVFA,0.783254,0.859694,0.821474,1,1
00005_id00591_1Jo8xElXQMs_faceswap_id00332_wavtolip.mp4,1,FVFA,0.783331,0.859554,0.821443,1,1
00005_id00591_1Jo8xElXQMs_faceswap_id00735_wavtolip.mp4,1,FVFA,0.783439,0.859871,0.821655,1,1
00005_id00591_1Jo8xElXQMs_faceswap_id00897_wavtolip.mp4,1,FVFA,0.782745,0.858536,0.820641,1,1
00005_id00591_1Jo8xElXQMs_faceswap_id03858_wavtolip.mp4,1,FVFA,0.783370,0.859494,0.821432,1,1
00005_id00591_1Jo8xElXQMs_id00328_wavtolip.mp4,1,FVFA,0.783889,0.859431,0.821660,1,1
00005_id00591_wavtolip.mp4,1,FVFA,0.767250,0.859721,0.813486,1,1
00005_id00634_wavtolip.mp4,1,FVFA,0.789598,0.859895,0.824747,1,1
00005_id00806_wavtolip.mp4,1,FVRA,0.782368,0.855524,0.818946,1,1
00005_id00813_dKs9CWJIkSI.mp4,1,FVRA,0.783040,0.857862,0.820451,1,1
00005_id00813_dKs9CWJIkSI_id00484_wavtolip.mp4,1,FVFA,0.784437,0.859602,0.822019,1,1
00005_id00813_dKs9CWJIkSI_id01002_wavtolip.mp4,1,FVFA,0.772678,0.859148,0.815913,1,1
00005_id00823_wavtolip.mp4,1,FVFA,0.789426,0.859399,0.824413,1,1
00005_id00826_wavtolip.mp4,1,FVRA,0.789610,0.859784,0.824697,1,1
00005_id00897_wavtolip.mp4,1,FVFA,0.789625,0.860040,0.824833,1,1
00005_id01002_eQTviHjyISo.mp4,1,FVRA,0.768477,0.855155,0.811816,1,1
00005_id01002_eQTviHjyISo_id03620_wavtolip.mp4,1,FVFA,0.771711,0.856106,0.813909,1,1
00005_id01002_wavtolip.mp4,1,FVFA,0.783087,0.859148,0.821118,1,1
00005_id01018_wavtolip.mp4,1,FVRA,0.767194,0.857415,0.812304,1,1
00005_id03371_truKMXt8Dak.mp4,1,FVRA,0.782874,0.857862,0.820368,1,1
00005_id03371_truKMXt8Dak_id03589_wavtolip.mp4,1,FVFA,0.784131,0.857546,0.820838,1,1
00005_id03371_wavtolip.mp4,1,FVRA,0.767191,0.857399,0.812295,1,1
00005_id03589_9NxOQlwpMys.mp4,1,FVRA,0.789712,0.859116,0.824414,1,1
00005_id03589_9NxOQlwpMys_id00287_wavtolip.mp4,1,FVFA,0.789525,0.859543,0.824534,1,1
00005_id03620_YkXM5A8w07E.mp4,1,FVRA,0.789282,0.859116,0.824199,1,1
00005_id03620_YkXM5A8w07E_id03858_wavtolip.mp4,1,FVFA,0.789337,0.859844,0.824590,1,1
00005_id03620_wavtolip.mp4,1,FVFA,0.789605,0.859687,0.824646,1,1
00005_id03651_wavtolip.mp4,1,FVFA,0.782362,0.859724,0.821043,1,1
00005_id03716_wavtolip.mp4,1,FVFA,0.767431,0.858186,0.812808,1,1
00005_id03816_wavtolip.mp4,1,FVRA,0.766516,0.858439,0.812477,1,1
00005_id03858_uKVqPfRf-ac.mp4,1,FVRA,0.769113,0.855155,0.812134,1,1
00005_id03858_uKVqPfRf-ac_id03589_wavtolip.mp4,1,FVFA,0.771970,0.857546,0.814758,1,1
00005_id03858_wavtolip.mp4,1,FVFA,0.766719,0.859494,0.813106,1,1
00010.mp4,0,RVRA,0.790889,0.856915,0.823902,1,1
00010_fake.mp4,1,RVFA,0.790628,0.854255,0.822441,1,1
00010_id00068_A7uFnQw--bY.mp4,1,FVRA,0.789244,0.857028,0.823136,1,1
00010_id00188_wavtolip.mp4,1,FVRA,0.790005,0.859563,0.824784,1,1
00010_id00234_wavtolip.mp4,1,FVFA,0.790115,0.858883,0.824499,1,1
00010_id00330_wavtolip.mp4,1,FVFA,0.790061,0.858951,0.824506,1,1
00010_id00330_zCFFgGSIZ_s.mp4,1,FVRA,0.790494,0.857028,0.823761,1,1
00010_id00330_zCFFgGSIZ_s_id00188_wavtolip.mp4,1,FVFA,0.789575,0.859694,0.824634,1,1
00010_id00332_wavtolip.mp4,1,FVFA,0.790057,0.859554,0.824805,1,1
00010_id00374_wavtolip.mp4,1,FVRA,0.790037,0.858120,0.824078,1,1
00010_id00379_wavtolip.mp4,1,FVRA,0.790059,0.859274,0.824666,1,1
00010_id00395_wM5kGJfTtEM.mp4,1,FVRA,0.790172,0.857028,0.823600,1,1
00010_id00395_wM5kGJfTtEM_id00325_wavtolip.mp4,1,FVFA,0.789368,0.859217,0.824293,1,1
00010_id00434_wavtolip.mp4,1,FVFA,0.790116,0.857154,0.823635,1,1
00010_id00484_wavtolip.mp4,1,FVRA,0.790059,0.857754,0.823906,1,1
00010_id00495_E46aiMUC4A0.mp4,1,FVRA,0.789536,0.857028,0.823282,1,1
00010_id00495_E46aiMUC4A0_id00806_wavtolip.mp4,1,FVFA,0.788688,0.858085,0.823387,1,1
00010_id00495_wavtolip.mp4,1,FVFA,0.789817,0.860019,0.824918,1,1
00010_id00589_wavtolip.mp4,1,FVRA,0.790085,0.857043,0.823564,1,1
00010_id00591_1Jo8xElXQMs.mp4,1,FVRA,0.790196,0.857028,0.823612,1,1
00010_id00591_1Jo8xElXQMs_id00735_wavtolip.mp4,1,FVFA,0.789308,0.859871,0.824589,1,1
00010_id00591_wavtolip.mp4,1,FVFA,0.789806,0.859721,0.824763,1,1
00010_id00826_MYagwzy91Yk.mp4,1,FVRA,0.789131,0.857028,0.823080,1,1
00010_id00826_MYagwzy91Yk_id00271_wavtolip.mp4,1,FVFA,0.788069,0.859070,0.823570,1,1
00010_id00826_wavtolip.mp4,1,FVRA,0.790067,0.859380,0.824723,1,1
00010_id01018_wavtolip.mp4,1,FVFA,0.790090,0.859073,0.824582,1,1
00010_id03371_truKMXt8Dak.mp4,1,FVRA,0.789647,0.857028,0.823337,1,1
00010_id03371_truKMXt8Dak_faceswap.mp4,1,FVRA,0.790577,0.856915,0.823746,1,1
00010_id03371_truKMXt8Dak_faceswap_id00271_wavtolip.mp4,1,FVFA,0.789619,0.859070,0.824345,1,1
00010_id03371_truKMXt8Dak_faceswap_id00330_wavtolip.mp4,1,FVFA,0.789723,0.858951,0.824337,1,1
00010_id03371_truKMXt8Dak_faceswap_id00496_wavtolip.mp4,1,FVFA,0.789802,0.854893,0.822348,1,1
00010_id03371_truKMXt8Dak_faceswap_id01018_wavtolip.mp4,1,FVFA,0.789744,0.859073,0.824408,1,1
00010_id03371_truKMXt8Dak_id00287_wavtolip.mp4,1,FVFA,0.788581,0.859660,0.824120,1,1
00010_id03589_wavtolip.mp4,1,FVFA,0.790105,0.857546,0.823825,1,1
00010_id03620_wavtolip.mp4,1,FVFA,0.790151,0.857196,0.823674,1,1
00010_id03858_uKVqPfRf-ac.mp4,1,FVRA,0.789694,0.857028,0.823361,1,1
00010_id03858_uKVqPfRf-ac_id00735_wavtolip.mp4,1,FVFA,0.788631,0.859871,0.824251,1,1
00014.mp4,0,RVRA,0.791236,0.859438,0.825337,1,1
00014_fake.mp4,1,RVFA,0.791475,0.858413,0.824944,1,1
00014_id00188_e-vm5FB3idA.mp4,1,FVRA,0.791992,0.859493,0.825743,1,1
00014_id00188_e-vm5FB3idA_id03651_wavtolip.mp4,1,FVFA,0.792156,0.859724,0.825940,1,1
00014_id00188_wavtolip.mp4,1,FVRA,0.791689,0.859676,0.825682,1,1
00014_id00232_kL0cCveU1zg.mp4,1,FVRA,0.791764,0.859493,0.825629,1,1
00014_id00232_kL0cCveU1zg_id00806_wavtolip.mp4,1,FVFA,0.792046,0.859762,0.825904,1,1
00014_id00262_3p7sRWAAh1Q.mp4,1,FVRA,0.791294,0.859493,0.825393,1,1
00014_id00262_3p7sRWAAh1Q_id00270_wavtolip.mp4,1,FVFA,0.791709,0.859888,0.825798,1,1
00014_id00262_wavtolip.mp4,1,FVFA,0.791723,0.859336,0.825529,1,1
00014_id00270_hoEQ70-sDME.mp4,1,FVRA,0.790758,0.859493,0.825126,1,1
00014_id00270_hoEQ70-sDME_id00591_wavtolip.mp4,1,FVFA,0.791243,0.859721,0.825482,1,1
00014_id00271_wavtolip.mp4,1,FVFA,0.791716,0.859070,0.825393,1,1
00014_id00328_wavtolip.mp4,1,FVFA,0.791699,0.859702,0.825701,1,1
00014_id00330_wavtolip.mp4,1,FVRA,0.791709,0.855742,0.823725,1,1
00014_id00379_fgkgYHCuk4g.mp4,1,FVRA,0.791597,0.859493,0.825545,1,1
00014_id00379_fgkgYHCuk4g_id03620_wavtolip.mp4,1,FVFA,0.791894,0.859592,0.825743,1,1
00014_id00403_wavtolip.mp4,1,FVFA,0.791705,0.859917,0.825811,1,1
00014_id00581_7AxvP19LGKg.mp4,1,FVRA,0.791548,0.859493,0.825521,1,1
00014_id00581_7AxvP19LGKg_id00232_wavtolip.mp4,1,FVFA,0.791894,0.859749,0.825822,1,1
00014_id00589_wavtolip.mp4,1,FVRA,0.791694,0.858815,0.825254,1,1
00014_id00633_wavtolip.mp4,1,FVRA,0.791703,0.859700,0.825702,1,1
00014_id00735_ivJSkq5hGOQ.mp4,1,FVRA,0.791810,0.859493,0.825652,1,1
00014_id00735_ivJSkq5hGOQ_id03589_wavtolip.mp4,1,FVFA,0.792058,0.859092,0.825575,1,1
00014_id00813_wavtolip.mp4,1,FVRA,0.791694,0.859248,0.825471,1,1
00014_id00897_0ayFw8JhoyI.mp4,1,FVRA,0.791429,0.859493,0.825461,1,1
00014_id00897_0ayFw8JhoyI_id00496_wavtolip.mp4,1,FVFA,0.791719,0.858510,0.825114,1,1
00014_id01001_wavtolip.mp4,1,FVRA,0.791704,0.859711,0.825707,1,1
00014_id01018_wavtolip.mp4,1,FVRA,0.791694,0.859648,0.825671,1,1
00014_id03371_truKMXt8Dak.mp4,1,FVRA,0.791605,0.859493,0.825549,1,1
00014_id03371_truKMXt8Dak_faceswap.mp4,1,FVRA,0.791518,0.859438,0.825478,1,1
00014_id03371_truKMXt8Dak_faceswap_id00271_wavtolip.mp4,1,FVFA,0.791935,0.859070,0.825503,1,1
00014_id03371_truKMXt8Dak_faceswap_id00806_wavtolip.mp4,1,FVFA,0.791925,0.859762,0.825844,1,1
00014_id03371_truKMXt8Dak_faceswap_id01018_wavtolip.mp4,1,FVFA,0.791922,0.860112,0.826017,1,1
00014_id03371_truKMXt8Dak_faceswap_id03716_wavtolip.mp4,1,FVFA,0.791932,0.859614,0.825773,1,1
00014_id03371_truKMXt8Dak_id00071_wavtolip.mp4,1,FVFA,0.791902,0.859772,0.825837,1,1
00014_id03371_wavtolip.mp4,1,FVFA,0.791721,0.859576,0.825648,1,1
00014_id03651_wavtolip.mp4,1,FVFA,0.791721,0.859724,0.825722,1,1
00014_id03716_wavtolip.mp4,1,FVFA,0.791690,0.859614,0.825652,1,1
00014_id03816_XXD0yTNei50.mp4,1,FVRA,0.791113,0.859493,0.825303,1,1
00014_id03816_XXD0yTNei50_id00271_wavtolip.mp4,1,FVFA,0.791548,0.859070,0.825309,1,1
00014_id03816_wavtolip.mp4,1,FVRA,0.791697,0.858736,0.825217,1,1
00014_id03844_wavtolip.mp4,1,FVRA,0.791709,0.859605,0.825657,1,1
00015.mp4,0,RVRA,0.786654,0.852686,0.819670,1,1
00015_fake.mp4,1,RVFA,0.786320,0.854063,0.820191,1,1
00015_id00042_4yuJSkaZwn0.mp4,1,FVRA,0.782134,0.858396,0.820265,1,1
00015_id00042_4yuJSkaZwn0_faceswap.mp4,1,FVRA,0.778582,0.858362,0.818472,1,1
00015_id00042_4yuJSkaZwn0_faceswap_id00188_wavtolip.mp4,1,FVFA,0.779952,0.859694,0.819823,1,1
00015_id00042_4yuJSkaZwn0_faceswap_id00232_wavtolip.mp4,1,FVFA,0.781244,0.859136,0.820190,1,1
00015_id00042_4yuJSkaZwn0_faceswap_id00484_wavtolip.mp4,1,FVFA,0.781269,0.859602,0.820435,1,1
00015_id00042_4yuJSkaZwn0_faceswap_id00591_wavtolip.mp4,1,FVFA,0.780102,0.859721,0.819911,1,1
00015_id00042_4yuJSkaZwn0_id00826_wavtolip.mp4,1,FVFA,0.783771,0.859514,0.821643,1,1
00015_id00042_wavtolip.mp4,1,FVRA,0.779935,0.856927,0.818431,1,1
00015_id00188_wavtolip.mp4,1,FVFA,0.778671,0.859694,0.819182,1,1
00015_id00232_wavtolip.mp4,1,FVFA,0.785838,0.859241,0.822539,1,1
00015_id00262_3p7sRWAAh1Q.mp4,1,FVRA,0.785775,0.852769,0.819272,1,1
00015_id00262_3p7sRWAAh1Q_faceswap.mp4,1,FVRA,0.786282,0.852686,0.819484,1,1
00015_id00262_3p7sRWAAh1Q_faceswap_id00188_wavtolip.mp4,1,FVFA,0.785462,0.859694,0.822578,1,1
00015_id00262_3p7sRWAAh1Q_faceswap_id00234_wavtolip.mp4,1,FVFA,0.785562,0.858883,0.822223,1,1
00015_id00262_3p7sRWAAh1Q_faceswap_id00374_wavtolip.mp4,1,FVFA,0.785542,0.859009,0.822275,1,1
00015_id00262_3p7sRWAAh1Q_id00232_wavtolip.mp4,1,FVFA,0.785105,0.859241,0.822173,1,1
00015_id00262_wavtolip.mp4,1,FVRA,0.780197,0.854064,0.817130,1,1
00015_id00270_wavtolip.mp4,1,FVRA,0.785927,0.858215,0.822071,1,1
00015_id00271_wavtolip.mp4,1,FVFA,0.779359,0.859070,0.819214,1,1
00015_id00287_2NpfYjyMsPM.mp4,1,FVRA,0.785083,0.852769,0.818926,1,1
00015_id00287_2NpfYjyMsPM_id00332_wavtolip.mp4,1,FVFA,0.784300,0.859554,0.821927,1,1
00015_id00287_2NpfYjyMsPM_id03371_wavtolip.mp4,1,FVFA,0.783794,0.858701,0.821247,1,1
00015_id00287_wavtolip.mp4,1,FVRA,0.785787,0.859654,0.822720,1,1
00015_id00330_wavtolip.mp4,1,FVFA,0.785868,0.858951,0.822410,1,1
00015_id00365_XV-imLNJvfk.mp4,1,FVRA,0.780243,0.858396,0.819320,1,1
00015_id00365_XV-imLNJvfk_id00332_wavtolip.mp4,1,FVFA,0.782556,0.859554,0.821055,1,1
00015_id00373_5NXv3Dxkd6E.mp4,1,FVRA,0.785719,0.852769,0.819244,1,1
00015_id00373_5NXv3Dxkd6E_id00806_wavtolip.mp4,1,FVFA,0.785018,0.857076,0.821047,1,1
00015_id00374_wavtolip.mp4,1,FVFA,0.785855,0.859009,0.822432,1,1
00015_id00379_wavtolip.mp4,1,FVFA,0.785808,0.859673,0.822741,1,1
00015_id00434_wavtolip.mp4,1,FVFA,0.785816,0.857240,0.821528,1,1
00015_id00569_gSynmpwioV4.mp4,1,FVRA,0.785246,0.852769,0.819007,1,1
00015_id00569_gSynmpwioV4_id00569_wavtolip.mp4,1,FVFA,0.784464,0.859631,0.822047,1,1
00015_id00569_wavtolip.mp4,1,FVFA,0.778713,0.859631,0.819172,1,1
00015_id00581_wavtolip.mp4,1,FVRA,0.780160,0.859292,0.819726,1,1
00015_id00589_wavtolip.mp4,1,FVRA,0.785900,0.857043,0.821471,1,1
00015_id00591_1Jo8xElXQMs.mp4,1,FVRA,0.777025,0.858396,0.817711,1,1
00015_id00591_wavtolip.mp4,1,FVRA,0.779447,0.859417,0.819432,1,1
00015_id00633_UXrTMta1EDM.mp4,1,FVRA,0.778377,0.858396,0.818387,1,1
00015_id00633_wavtolip.mp4,1,FVRA,0.785826,0.858419,0.822123,1,1
00015_id00634_wavtolip.mp4,1,FVRA,0.785855,0.858030,0.821942,1,1
00015_id00735_wavtolip.mp4,1,FVRA,0.785869,0.859433,0.822651,1,1
00015_id00806_wavtolip.mp4,1,FVFA,0.780140,0.858880,0.819510,1,1
00015_id00813_dKs9CWJIkSI.mp4,1,FVRA,0.785096,0.852769,0.818932,1,1
00015_id00813_dKs9CWJIkSI_id00897_wavtolip.mp4,1,FVFA,0.784307,0.858619,0.821463,1,1
00015_id00813_wavtolip.mp4,1,FVFA,0.780143,0.858124,0.819134,1,1
00015_id00823_wavtolip.mp4,1,FVFA,0.785807,0.859431,0.822619,1,1
00015_id00897_0ayFw8JhoyI.mp4,1,FVRA,0.785096,0.852769,0.818932,1,1
00015_id00897_0ayFw8JhoyI_id00484_wavtolip.mp4,1,FVFA,0.782739,0.859602,0.821170,1,1
00015_id00897_0ayFw8JhoyI_id00735_wavtolip.mp4,1,FVFA,0.784394,0.859871,0.822133,1,1
00015_id00897_wavtolip.mp4,1,FVRA,0.785812,0.858629,0.822220,1,1
00015_id01002_eQTviHjyISo.mp4,1,FVRA,0.778728,0.858396,0.818562,1,1
00015_id01002_eQTviHjyISo_id00325_wavtolip.mp4,1,FVFA,0.780702,0.859148,0.819925,1,1
00015_id03371_wavtolip.mp4,1,FVRA,0.780153,0.858115,0.819134,1,1
00015_id03589_9NxOQlwpMys.mp4,1,FVRA,0.784762,0.852769,0.818765,1,1
00015_id03589_wavtolip.mp4,1,FVFA,0.780014,0.857546,0.818780,1,1
00015_id03620_YkXM5A8w07E.mp4,1,FVRA,0.785973,0.852769,0.819371,1,1
00015_id03620_YkXM5A8w07E_id00806_wavtolip.mp4,1,FVFA,0.785361,0.857076,0.821218,1,1
00015_id03620_YkXM5A8w07E_id03844_wavtolip.mp4,1,FVFA,0.779287,0.859099,0.819193,1,1
00015_id03649_389qfFqUddI.mp4,1,FVRA,0.781014,0.858396,0.819705,1,1
00015_id03649_389qfFqUddI_id00330_wavtolip.mp4,1,FVFA,0.782743,0.858951,0.820847,1,1
00015_id03649_wavtolip.mp4,1,FVRA,0.779835,0.858410,0.819123,1,1
00015_id03651_EjcoRkL6loI.mp4,1,FVRA,0.779800,0.858396,0.819098,1,1
00015_id03651_EjcoRkL6loI_id00806_wavtolip.mp4,1,FVFA,0.782150,0.858880,0.820515,1,1
00015_id03716_wavtolip.mp4,1,FVFA,0.785868,0.858186,0.822027,1,1
00015_id03844_wavtolip.mp4,1,FVFA,0.778849,0.859099,0.818974,1,1
00015_id03858_uKVqPfRf-ac.mp4,1,FVRA,0.785636,0.852769,0.819202,1,1
00015_id03858_uKVqPfRf-ac_id00633_wavtolip.mp4,1,FVFA,0.784847,0.858063,0.821455,1,1
00015_id03858_wavtolip.mp4,1,FVRA,0.779944,0.859131,0.819537,1,1
00020.mp4,0,RVRA,0.785483,0.858547,0.822015,1,1
00020_fake.mp4,1,RVFA,0.786031,0.854447,0.820239,1,1
00020_id00071_wavtolip.mp4,1,FVRA,0.786806,0.860066,0.823436,1,1
00020_id00188_wavtolip.mp4,1,FVRA,0.786817,0.859535,0.823176,1,1
00020_id00232_wavtolip.mp4,1,FVFA,0.786769,0.859555,0.823162,1,1
00020_id00262_wavtolip.mp4,1,FVFA,0.786781,0.859183,0.822982,1,1
00020_id00270_hoEQ70-sDME.mp4,1,FVRA,0.783618,0.858609,0.821114,1,1
00020_id00270_hoEQ70-sDME_id03651_wavtolip.mp4,1,FVFA,0.785405,0.859724,0.822564,1,1
00020_id00270_wavtolip.mp4,1,FVFA,0.786786,0.859888,0.823337,1,1
00020_id00271_wavtolip.mp4,1,FVFA,0.786761,0.859070,0.822915,1,1
00020_id00330_wavtolip.mp4,1,FVFA,0.786796,0.859532,0.823164,1,1
00020_id00365_wavtolip.mp4,1,FVRA,0.786783,0.859393,0.823088,1,1
00020_id00373_5NXv3Dxkd6E.mp4,1,FVRA,0.785509,0.858609,0.822059,1,1
00020_id00373_5NXv3Dxkd6E_id00826_wavtolip.mp4,1,FVFA,0.786872,0.859453,0.823162,1,1
00020_id00374_w1qI7y9AGTc.mp4,1,FVRA,0.785390,0.858609,0.822000,1,1
00020_id00374_w1qI7y9AGTc_id00806_wavtolip.mp4,1,FVFA,0.786686,0.859654,0.823170,1,1
00020_id00374_wavtolip.mp4,1,FVFA,0.786789,0.859483,0.823136,1,1
00020_id00379_fgkgYHCuk4g.mp4,1,FVRA,0.785403,0.858609,0.822006,1,1
00020_id00379_fgkgYHCuk4g_id00634_wavtolip.mp4,1,FVFA,0.786718,0.859749,0.823234,1,1
00020_id00491_ShjiTWoOtM4.mp4,1,FVRA,0.783702,0.858609,0.821155,1,1
00020_id00491_ShjiTWoOtM4_id00330_wavtolip.mp4,1,FVFA,0.785199,0.859532,0.822365,1,1
00020_id00569_gSynmpwioV4.mp4,1,FVRA,0.785742,0.858609,0.822175,1,1
00020_id00569_gSynmpwioV4_faceswap.mp4,1,FVRA,0.785702,0.858547,0.822125,1,1
00020_id00569_gSynmpwioV4_faceswap_id00270_wavtolip.mp4,1,FVFA,0.786988,0.859888,0.823438,1,1
00020_id00569_gSynmpwioV4_faceswap_id00328_wavtolip.mp4,1,FVFA,0.787022,0.859333,0.823178,1,1
00020_id00569_gSynmpwioV4_faceswap_id00395_wavtolip.mp4,1,FVFA,0.787084,0.859779,0.823432,1,1
00020_id00569_gSynmpwioV4_faceswap_id00491_wavtolip.mp4,1,FVFA,0.786987,0.859201,0.823094,1,1
00020_id00569_gSynmpwioV4_faceswap_id00581_wavtolip.mp4,1,FVFA,0.786953,0.859741,0.823347,1,1
00020_id00569_gSynmpwioV4_id00262_wavtolip.mp4,1,FVFA,0.786927,0.859183,0.823055,1,1
00020_id00581_wavtolip.mp4,1,FVFA,0.786768,0.859741,0.823254,1,1
00020_id00633_UXrTMta1EDM.mp4,1,FVRA,0.784881,0.858609,0.821745,1,1
00020_id00633_wavtolip.mp4,1,FVRA,0.786792,0.859594,0.823193,1,1
00020_id00806_wavtolip.mp4,1,FVFA,0.786790,0.859654,0.823222,1,1
00020_id00897_0ayFw8JhoyI.mp4,1,FVRA,0.785556,0.858609,0.822082,1,1
00020_id00897_0ayFw8JhoyI_id03649_wavtolip.mp4,1,FVFA,0.786994,0.859660,0.823327,1,1
00020_id01018_VNPt_GB5QiE.mp4,1,FVRA,0.785715,0.858609,0.822162,1,1
00020_id01018_VNPt_GB5QiE_id00735_wavtolip.mp4,1,FVFA,0.787028,0.859780,0.823404,1,1
00020_id03620_wavtolip.mp4,1,FVRA,0.786779,0.858451,0.822615,1,1
00020_id03649_389qfFqUddI.mp4,1,FVRA,0.786247,0.858609,0.822428,1,1
00020_id03649_389qfFqUddI_id03620_wavtolip.mp4,1,FVFA,0.787401,0.859475,0.823438,1,1
00020_id03716_wavtolip.mp4,1,FVRA,0.786785,0.857823,0.822304,1,1
00020_id03816_wavtolip.mp4,1,FVRA,0.786793,0.858491,0.822642,1,1
00020_id03844_wavtolip.mp4,1,FVFA,0.786901,0.859056,0.822979,1,1
00021.mp4,0,RVRA,0.749166,0.859410,0.804288,1,1
00021_0.mp4,1,FVRA,0.789479,0.844385,0.816932,1,1
00021_fake.mp4,1,RVFA,0.750871,0.858920,0.804895,1,1
00021_id00068_A7uFnQw--bY.mp4,1,FVRA,0.754426,0.859436,0.806931,1,1
00021_id00068_A7uFnQw--bY_id00569_wavtolip.mp4,1,FVFA,0.760279,0.859620,0.809949,1,1
00021_id00068_wavtolip.mp4,1,FVRA,0.754006,0.854860,0.804433,1,1
00021_id00071_wavtolip.mp4,1,FVFA,0.754922,0.859772,0.807347,1,1
00021_id00262_3p7sRWAAh1Q.mp4,1,FVRA,0.752115,0.859436,0.805775,1,1
00021_id00262_3p7sRWAAh1Q_id00395_wavtolip.mp4,1,FVFA,0.757919,0.859758,0.808839,1,1
00021_id00262_wavtolip.mp4,1,FVRA,0.754074,0.857790,0.805932,1,1
00021_id00287_2NpfYjyMsPM.mp4,1,FVRA,0.754851,0.859436,0.807143,1,1
00021_id00287_2NpfYjyMsPM_id00434_wavtolip.mp4,1,FVFA,0.759178,0.859583,0.809380,1,1
00021_id00328_wavtolip.mp4,1,FVFA,0.754021,0.859702,0.806861,1,1
00021_id00332__zNddcZV1EU.mp4,1,FVRA,0.752425,0.859436,0.805931,1,1
00021_id00332__zNddcZV1EU_id00271_wavtolip.mp4,1,FVFA,0.757353,0.859070,0.808211,1,1
00021_id00332_wavtolip.mp4,1,FVFA,0.753931,0.859907,0.806919,1,1
00021_id00365_XV-imLNJvfk.mp4,1,FVRA,0.753492,0.859436,0.806464,1,1
00021_id00365_XV-imLNJvfk_id00270_wavtolip.mp4,1,FVFA,0.758404,0.859888,0.809146,1,1
00021_id00374_wavtolip.mp4,1,FVRA,0.754011,0.859016,0.806513,1,1
00021_id00379_wavtolip.mp4,1,FVFA,0.753757,0.859639,0.806698,1,1
00021_id00434_wavtolip.mp4,1,FVRA,0.753970,0.859720,0.806845,1,1
00021_id00491_wavtolip.mp4,1,FVFA,0.753997,0.859396,0.806696,1,1
00021_id00495_E46aiMUC4A0.mp4,1,FVRA,0.752658,0.859436,0.806047,1,1
00021_id00495_E46aiMUC4A0_id01002_wavtolip.mp4,1,FVFA,0.756843,0.859146,0.807994,1,1
00021_id00581_wavtolip.mp4,1,FVRA,0.753995,0.859946,0.806970,1,1
00021_id00735_ivJSkq5hGOQ.mp4,1,FVRA,0.754267,0.859436,0.806852,1,1
00021_id00735_ivJSkq5hGOQ_id00379_wavtolip.mp4,1,FVFA,0.758229,0.859639,0.808934,1,1
00021_id00735_wavtolip.mp4,1,FVFA,0.754841,0.859780,0.807311,1,1
00021_id00806_0sk9s9lFIAk.mp4,1,FVRA,0.747905,0.859436,0.803670,1,1
00021_id00806_0sk9s9lFIAk_id00042_wavtolip.mp4,1,FVFA,0.751953,0.858828,0.805391,1,1
00021_id00806_wavtolip.mp4,1,FVFA,0.754007,0.859762,0.806885,1,1
00021_id00826_wavtolip.mp4,1,FVRA,0.753958,0.859691,0.806825,1,1
00021_id00897_wavtolip.mp4,1,FVRA,0.754009,0.860038,0.807024,1,1
00021_id01001_dHJc8dh9X8c.mp4,1,FVRA,0.754172,0.859436,0.806804,1,1
00021_id01001_dHJc8dh9X8c_id03589_wavtolip.mp4,1,FVFA,0.758338,0.859092,0.808715,1,1
00021_id03649_wavtolip.mp4,1,FVFA,0.755133,0.859660,0.807397,1,1
00021_id03651_wavtolip.mp4,1,FVRA,0.753556,0.859868,0.806712,1,1
00021_id03716_wavtolip.mp4,1,FVFA,0.753971,0.859614,0.806793,1,1
00021_id03816_XXD0yTNei50.mp4,1,FVRA,0.751405,0.859436,0.805421,1,1
00021_id03816_XXD0yTNei50_faceswap.mp4,1,FVRA,0.751074,0.859410,0.805242,1,1
00021_id03816_XXD0yTNei50_faceswap_id00328_wavtolip.mp4,1,FVFA,0.755880,0.859702,0.807791,1,1
00021_id03816_XXD0yTNei50_faceswap_id00379_wavtolip.mp4,1,FVFA,0.755572,0.859639,0.807606,1,1
00021_id03816_XXD0yTNei50_faceswap_id00484_wavtolip.mp4,1,FVFA,0.755847,0.859558,0.807703,1,1
00021_id03816_XXD0yTNei50_faceswap_id00591_wavtolip.mp4,1,FVFA,0.757285,0.859721,0.808503,1,1
00021_id03816_XXD0yTNei50_faceswap_id03649_wavtolip.mp4,1,FVFA,0.756971,0.859660,0.808316,1,1
00021_id03816_XXD0yTNei50_id01002_wavtolip.mp4,1,FVFA,0.755391,0.859146,0.807268,1,1
00025.mp4,0,RVRA,0.782889,0.855103,0.818996,1,1
00025_0.mp4,1,FVRA,0.792098,0.859235,0.825666,1,1
00025_fake.mp4,1,RVFA,0.783640,0.850922,0.817281,1,1
00025_id00068_A7uFnQw--bY.mp4,1,FVRA,0.785034,0.855233,0.820134,1,1
00025_id00068_A7uFnQw--bY_id00496_wavtolip.mp4,1,FVFA,0.786494,0.856730,0.821612,1,1
00025_id00071_wavtolip.mp4,1,FVFA,0.784601,0.859856,0.822229,1,1
00025_id00270_wavtolip.mp4,1,FVFA,0.784488,0.859898,0.822193,1,1
00025_id00287_2NpfYjyMsPM.mp4,1,FVRA,0.785560,0.855233,0.820397,1,1
00025_id00330_wavtolip.mp4,1,FVRA,0.784833,0.850792,0.817812,1,1
00025_id00332__zNddcZV1EU.mp4,1,FVRA,0.783633,0.855233,0.819433,1,1
00025_id00332__zNddcZV1EU_id03651_wavtolip.mp4,1,FVFA,0.786092,0.859724,0.822908,1,1
00025_id00332_wavtolip.mp4,1,FVRA,0.784794,0.857336,0.821065,1,1
00025_id00365_XV-imLNJvfk.mp4,1,FVRA,0.784734,0.855233,0.819984,1,1
00025_id00365_XV-imLNJvfk_faceswap.mp4,1,FVRA,0.783752,0.855103,0.819427,1,1
00025_id00365_XV-imLNJvfk_faceswap_id00395_wavtolip.mp4,1,FVFA,0.785486,0.859779,0.822632,1,1
00025_id00365_XV-imLNJvfk_faceswap_id00491_wavtolip.mp4,1,FVFA,0.785327,0.859201,0.822264,1,1
00025_id00365_XV-imLNJvfk_faceswap_id00581_wavtolip.mp4,1,FVFA,0.785528,0.858833,0.822180,1,1
00025_id00365_XV-imLNJvfk_faceswap_id00735_wavtolip.mp4,1,FVFA,0.785419,0.859871,0.822645,1,1
00025_id00365_XV-imLNJvfk_id00897_wavtolip.mp4,1,FVFA,0.786218,0.859437,0.822828,1,1
00025_id00374_wavtolip.mp4,1,FVFA,0.784818,0.859009,0.821913,1,1
00025_id00484_u7YTz8eFZv0.mp4,1,FVRA,0.784981,0.855233,0.820107,1,1
00025_id00484_u7YTz8eFZv0_id00270_wavtolip.mp4,1,FVFA,0.786325,0.859898,0.823112,1,1
00025_id00495_E46aiMUC4A0.mp4,1,FVRA,0.784402,0.855233,0.819818,1,1
00025_id00495_E46aiMUC4A0_id03844_wavtolip.mp4,1,FVFA,0.786010,0.859099,0.822555,1,1
00025_id00496_wavtolip.mp4,1,FVFA,0.784746,0.856730,0.820738,1,1
00025_id00569_wavtolip.mp4,1,FVFA,0.784726,0.859631,0.822178,1,1
00025_id00581_wavtolip.mp4,1,FVRA,0.784758,0.859206,0.821982,1,1
00025_id00634_wavtolip.mp4,1,FVRA,0.784746,0.858157,0.821452,1,1
00025_id00826_wavtolip.mp4,1,FVFA,0.784544,0.859514,0.822029,1,1
00025_id00897_0ayFw8JhoyI.mp4,1,FVRA,0.784457,0.855233,0.819845,1,1
00025_id01002_wavtolip.mp4,1,FVRA,0.784499,0.855389,0.819944,1,1
00025_id01018_VNPt_GB5QiE.mp4,1,FVRA,0.784532,0.855233,0.819883,1,1
00025_id01018_wavtolip.mp4,1,FVFA,0.784767,0.859312,0.822039,1,1
00025_id03371_wavtolip.mp4,1,FVRA,0.784763,0.858026,0.821394,1,1
00025_id03589_wavtolip.mp4,1,FVFA,0.784802,0.857546,0.821174,1,1
00025_id03649_wavtolip.mp4,1,FVRA,0.784545,0.858410,0.821478,1,1
00025_id03651_wavtolip.mp4,1,FVRA,0.784522,0.859868,0.822195,1,1
00025_id03716_wavtolip.mp4,1,FVFA,0.784742,0.858546,0.821644,1,1
00025_id03844_AEAEN1Lns2c.mp4,1,FVRA,0.786061,0.855233,0.820647,1,1
00025_id03844_AEAEN1Lns2c_id00484_wavtolip.mp4,1,FVFA,0.787311,0.859602,0.823457,1,1
00025_id03844_wavtolip.mp4,1,FVFA,0.784683,0.859099,0.821891,1,1
00025_id03858_uKVqPfRf-ac.mp4,1,FVRA,0.784403,0.855233,0.819818,1,1
00027.mp4,0,RVRA,0.744007,0.859254,0.801630,1,1
00027_0.mp4,1,FVRA,0.789938,0.859103,0.824521,1,1
00027_fake.mp4,1,RVFA,0.745640,0.856975,0.801307,1,1
00027_id00068_A7uFnQw--bY.mp4,1,FVRA,0.751378,0.859278,0.805328,1,1
00027_id00068_A7uFnQw--bY_id00634_wavtolip.mp4,1,FVFA,0.755838,0.859866,0.807852,1,1
00027_id00232_wavtolip.mp4,1,FVRA,0.749143,0.859575,0.804359,1,1
00027_id00262_3p7sRWAAh1Q.mp4,1,FVRA,0.745704,0.859278,0.802491,1,1
00027_id00270_wavtolip.mp4,1,FVFA,0.749198,0.859888,0.804543,1,1
00027_id00271_je6JSLqEEcw.mp4,1,FVRA,0.745491,0.859278,0.802385,1,1
00027_id00271_je6JSLqEEcw_id00591_wavtolip.mp4,1,FVFA,0.749225,0.859721,0.804473,1,1
00027_id00271_wavtolip.mp4,1,FVFA,0.749126,0.859070,0.804098,1,1
00027_id00328_wavtolip.mp4,1,FVRA,0.749167,0.859881,0.804524,1,1
00027_id00373_wavtolip.mp4,1,FVFA,0.749124,0.858259,0.803691,1,1
00027_id00374_wavtolip.mp4,1,FVRA,0.749267,0.859126,0.804196,1,1
00027_id00379_wavtolip.mp4,1,FVFA,0.749172,0.859639,0.804406,1,1
00027_id00395_wM5kGJfTtEM.mp4,1,FVRA,0.745157,0.859278,0.802217,1,1
00027_id00395_wM5kGJfTtEM_faceswap.mp4,1,FVRA,0.745603,0.859254,0.802428,1,1
00027_id00395_wM5kGJfTtEM_faceswap_id00271_wavtolip.mp4,1,FVFA,0.750537,0.859070,0.804804,1,1
00027_id00395_wM5kGJfTtEM_faceswap_id00330_wavtolip.mp4,1,FVFA,0.750605,0.859662,0.805134,1,1
00027_id00395_wM5kGJfTtEM_faceswap_id00496_wavtolip.mp4,1,FVFA,0.750586,0.858593,0.804589,1,1
00027_id00395_wM5kGJfTtEM_faceswap_id03649_wavtolip.mp4,1,FVFA,0.750382,0.859660,0.805021,1,1
00027_id00395_wM5kGJfTtEM_faceswap_id03651_wavtolip.mp4,1,FVFA,0.750422,0.859639,0.805031,1,1
00027_id00395_wM5kGJfTtEM_id03589_wavtolip.mp4,1,FVFA,0.749275,0.859145,0.804210,1,1
00027_id00403_wavtolip.mp4,1,FVFA,0.749301,0.859928,0.804615,1,1
00027_id00434_wavtolip.mp4,1,FVFA,0.749245,0.859658,0.804452,1,1
00027_id00484_u7YTz8eFZv0.mp4,1,FVRA,0.750504,0.859278,0.804891,1,1
00027_id00484_u7YTz8eFZv0_id00496_wavtolip.mp4,1,FVFA,0.754593,0.858593,0.806593,1,1
00027_id00496_wavtolip.mp4,1,FVRA,0.749287,0.859426,0.804356,1,1
00027_id00569_wavtolip.mp4,1,FVRA,0.749319,0.859291,0.804305,1,1
00027_id00581_7AxvP19LGKg.mp4,1,FVRA,0.746363,0.859278,0.802821,1,1
00027_id00581_7AxvP19LGKg_id00897_wavtolip.mp4,1,FVFA,0.750785,0.860015,0.805400,1,1
00027_id00581_wavtolip.mp4,1,FVRA,0.749233,0.859954,0.804593,1,1
00027_id00634_z5t9oJizDQg.mp4,1,FVRA,0.747560,0.859278,0.803419,1,1
00027_id00634_z5t9oJizDQg_id00262_wavtolip.mp4,1,FVFA,0.751929,0.859413,0.805671,1,1
00027_id00806_wavtolip.mp4,1,FVRA,0.749280,0.859397,0.804339,1,1
00027_id00897_wavtolip.mp4,1,FVFA,0.749089,0.860015,0.804552,1,1
00027_id01002_wavtolip.mp4,1,FVFA,0.749264,0.859168,0.804216,1,1
00027_id01018_wavtolip.mp4,1,FVFA,0.749174,0.860099,0.804637,1,1
00027_id03589_9NxOQlwpMys.mp4,1,FVRA,0.750213,0.859278,0.804746,1,1
00027_id03589_9NxOQlwpMys_id00330_wavtolip.mp4,1,FVFA,0.754502,0.859662,0.807082,1,1
00027_id03620_wavtolip.mp4,1,FVRA,0.749194,0.858893,0.804043,1,1
00027_id03649_wavtolip.mp4,1,FVFA,0.749021,0.859660,0.804340,1,1
00027_id03858_uKVqPfRf-ac.mp4,1,FVRA,0.748266,0.859278,0.803772,1,1
00027_id03858_uKVqPfRf-ac_id03589_wavtolip.mp4,1,FVFA,0.752646,0.859145,0.805896,1,1
00027_id03858_wavtolip.mp4,1,FVRA,0.749242,0.859674,0.804458,1,1
00027_id03941_SsYtP8Ze88Q.mp4,1,FVRA,0.751590,0.859278,0.805434,1,1
00027_id03941_SsYtP8Ze88Q_id03371_wavtolip.mp4,1,FVFA,0.756307,0.859578,0.807943,1,1
00028.mp4,0,RVRA,0.788675,0.858648,0.823662,1,1
00028_0.mp4,1,FVRA,0.787910,0.847628,0.817769,1,1
00028_fake.mp4,1,RVFA,0.789007,0.855599,0.822303,1,1
00028_id00042_wavtolip.mp4,1,FVRA,0.789721,0.857525,0.823623,1,1
00028_id00068_A7uFnQw--bY.mp4,1,FVRA,0.788674,0.858720,0.823697,1,1
00028_id00068_A7uFnQw--bY_id03844_wavtolip.mp4,1,FVFA,0.789699,0.859056,0.824378,1,1
00028_id00068_wavtolip.mp4,1,FVRA,0.792548,0.849401,0.820975,1,1
00028_id00071_JU1cVINUTZA.mp4,1,FVRA,0.792156,0.840486,0.816321,1,1
00028_id00071_JU1cVINUTZA_id00484_wavtolip.mp4,1,FVFA,0.791769,0.859602,0.825685,1,1
00028_id00071_wavtolip.mp4,1,FVFA,0.792663,0.859856,0.826260,1,1
00028_id00188_e-vm5FB3idA.mp4,1,FVRA,0.790595,0.853620,0.822107,1,1
00028_id00188_e-vm5FB3idA_id00634_wavtolip.mp4,1,FVFA,0.790309,0.859358,0.824834,1,1
00028_id00188_wavtolip.mp4,1,FVFA,0.789627,0.859599,0.824613,1,1
00028_id00232_wavtolip.mp4,1,FVFA,0.791235,0.859241,0.825238,1,1
00028_id00234_wavtolip.mp4,1,FVFA,0.791237,0.858883,0.825060,1,1
00028_id00270_hoEQ70-sDME.mp4,1,FVRA,0.792603,0.840486,0.816545,1,1
00028_id00270_hoEQ70-sDME_id03651_wavtolip.mp4,1,FVFA,0.792460,0.859724,0.826092,1,1
00028_id00270_wavtolip.mp4,1,FVFA,0.791167,0.859898,0.825533,1,1
00028_id00271_wavtolip.mp4,1,FVFA,0.789680,0.859070,0.824375,1,1
00028_id00287_2NpfYjyMsPM.mp4,1,FVRA,0.790509,0.857831,0.824170,1,1
00028_id00287_2NpfYjyMsPM_faceswap.mp4,1,FVRA,0.792781,0.840293,0.816537,1,1
00028_id00287_2NpfYjyMsPM_faceswap_id00379_wavtolip.mp4,1,FVFA,0.792552,0.859673,0.826113,1,1
00028_id00287_2NpfYjyMsPM_faceswap_id01002_wavtolip.mp4,1,FVFA,0.792557,0.859148,0.825853,1,1
00028_id00287_2NpfYjyMsPM_faceswap_id03620_wavtolip.mp4,1,FVFA,0.792383,0.856106,0.824244,1,1
00028_id00287_2NpfYjyMsPM_faceswap_id03858_wavtolip.mp4,1,FVFA,0.792533,0.859494,0.826013,1,1
00028_id00287_2NpfYjyMsPM_faceswap_id03941_wavtolip.mp4,1,FVFA,0.792546,0.859325,0.825935,1,1
00028_id00287_2NpfYjyMsPM_id00262_wavtolip.mp4,1,FVFA,0.773399,0.858967,0.816183,1,1
00028_id00287_2NpfYjyMsPM_id03589_wavtolip.mp4,1,FVFA,0.790305,0.859279,0.824792,1,1
00028_id00325_4vJtbNe0L98.mp4,1,FVRA,0.771383,0.855129,0.813256,1,1
00028_id00325_4vJtbNe0L98_faceswap.mp4,1,FVRA,0.770964,0.855091,0.813027,1,1
00028_id00325_4vJtbNe0L98_faceswap_id00325_wavtolip.mp4,1,FVFA,0.773968,0.859667,0.816817,1,1
00028_id00325_4vJtbNe0L98_faceswap_id00495_wavtolip.mp4,1,FVFA,0.773064,0.860019,0.816541,1,1
00028_id00325_4vJtbNe0L98_faceswap_id00735_wavtolip.mp4,1,FVFA,0.773448,0.859780,0.816614,1,1
00028_id00325_4vJtbNe0L98_faceswap_id03858_wavtolip.mp4,1,FVFA,0.773960,0.859425,0.816693,1,1
00028_id00325_4vJtbNe0L98_id00823_wavtolip.mp4,1,FVFA,0.773706,0.859431,0.816568,1,1
00028_id00325_wavtolip.mp4,1,FVRA,0.773381,0.859591,0.816486,1,1
00028_id00328_wavtolip.mp4,1,FVFA,0.792607,0.859431,0.826019,1,1
00028_id00328_ytKnCbJSEcU.mp4,1,FVRA,0.790787,0.853620,0.822203,1,1
00028_id00328_ytKnCbJSEcU_id03716_wavtolip.mp4,1,FVFA,0.790767,0.858186,0.824477,1,1
00028_id00330_zCFFgGSIZ_s.mp4,1,FVRA,0.785671,0.858720,0.822196,1,1
00028_id00330_zCFFgGSIZ_s_id00328_wavtolip.mp4,1,FVFA,0.787119,0.859333,0.823226,1,1
00028_id00330_zCFFgGSIZ_s_id00484_wavtolip.mp4,1,FVFA,0.768109,0.859602,0.813855,1,1
00028_id00330_zCFFgGSIZ_s_id00826_wavtolip.mp4,1,FVFA,0.790260,0.859496,0.824878,1,1
00028_id00330_zCFFgGSIZ_s_id03651_wavtolip.mp4,1,FVFA,0.790755,0.859724,0.825240,1,1
00028_id00332__zNddcZV1EU.mp4,1,FVRA,0.787988,0.858720,0.823354,1,1
00028_id00332_wavtolip.mp4,1,FVFA,0.789716,0.859866,0.824791,1,1
00028_id00365_XV-imLNJvfk.mp4,1,FVRA,0.788288,0.858720,0.823504,1,1
00028_id00365_XV-imLNJvfk_id00071_wavtolip.mp4,1,FVFA,0.789347,0.859856,0.824602,1,1
00028_id00365_XV-imLNJvfk_id00826_wavtolip.mp4,1,FVFA,0.790407,0.859496,0.824952,1,1
00028_id00365_wavtolip.mp4,1,FVRA,0.789713,0.859393,0.824553,1,1
00028_id00373_wavtolip.mp4,1,FVRA,0.792485,0.849262,0.820873,1,1
00028_id00374_w1qI7y9AGTc.mp4,1,FVRA,0.790782,0.853620,0.822201,1,1
00028_id00374_w1qI7y9AGTc_id00826_wavtolip.mp4,1,FVFA,0.790560,0.859514,0.825037,1,1
00028_id00374_wavtolip.mp4,1,FVFA,0.790560,0.859668,0.825114,1,1
00028_id00379_wavtolip.mp4,1,FVFA,0.792637,0.859673,0.826155,1,1
00028_id00395_wM5kGJfTtEM.mp4,1,FVRA,0.790435,0.857831,0.824133,1,1
00028_id00395_wM5kGJfTtEM_id00484_wavtolip.mp4,1,FVFA,0.790353,0.859983,0.825168,1,1
00028_id00395_wM5kGJfTtEM_id03371_wavtolip.mp4,1,FVFA,0.792147,0.858304,0.825225,1,1
00028_id00395_wavtolip.mp4,1,FVFA,0.792672,0.859779,0.826226,1,1
00028_id00403_wavtolip.mp4,1,FVFA,0.789745,0.859875,0.824810,1,1
00028_id00434_wavtolip.mp4,1,FVFA,0.790565,0.859711,0.825138,1,1
00028_id00484_u7YTz8eFZv0.mp4,1,FVRA,0.788756,0.858720,0.823738,1,1
00028_id00484_u7YTz8eFZv0_faceswap.mp4,1,FVRA,0.789015,0.858648,0.823831,1,1
00028_id00484_u7YTz8eFZv0_faceswap_id00374_wavtolip.mp4,1,FVFA,0.790026,0.859483,0.824754,1,1
00028_id00484_u7YTz8eFZv0_faceswap_id00591_wavtolip.mp4,1,FVFA,0.789957,0.859721,0.824839,1,1
00028_id00484_u7YTz8eFZv0_faceswap_id00735_wavtolip.mp4,1,FVFA,0.789974,0.859780,0.824877,1,1
00028_id00484_u7YTz8eFZv0_faceswap_id03620_wavtolip.mp4,1,FVFA,0.790026,0.859475,0.824751,1,1
00028_id00484_u7YTz8eFZv0_id00379_wavtolip.mp4,1,FVFA,0.789683,0.859639,0.824661,1,1
00028_id00484_u7YTz8eFZv0_id00591_wavtolip.mp4,1,FVFA,0.790186,0.859656,0.824921,1,1
00028_id00484_u7YTz8eFZv0_id00823_wavtolip.mp4,1,FVFA,0.790439,0.859431,0.824935,1,1
00028_id00484_wavtolip.mp4,1,FVRA,0.789714,0.857905,0.823810,1,1
00028_id00491_wavtolip.mp4,1,FVRA,0.790560,0.858433,0.824497,1,1
00028_id00495_E46aiMUC4A0.mp4,1,FVRA,0.788135,0.858720,0.823428,1,1
00028_id00495_E46aiMUC4A0_faceswap.mp4,1,FVRA,0.790637,0.857794,0.824216,1,1
00028_id00495_E46aiMUC4A0_faceswap_id00328_wavtolip.mp4,1,FVFA,0.790588,0.859854,0.825221,1,1
00028_id00495_E46aiMUC4A0_faceswap_id00484_wavtolip.mp4,1,FVFA,0.790586,0.859983,0.825284,1,1
00028_id00495_E46aiMUC4A0_faceswap_id00826_wavtolip.mp4,1,FVFA,0.790594,0.859496,0.825045,1,1
00028_id00495_E46aiMUC4A0_faceswap_id03620_wavtolip.mp4,1,FVFA,0.790592,0.859752,0.825172,1,1
00028_id00495_E46aiMUC4A0_faceswap_id03716_wavtolip.mp4,1,FVFA,0.790598,0.859734,0.825166,1,1
00028_id00495_E46aiMUC4A0_id00374_wavtolip.mp4,1,FVFA,0.789268,0.859483,0.824376,1,1
00028_id00495_E46aiMUC4A0_id00569_wavtolip.mp4,1,FVFA,0.790441,0.859620,0.825031,1,1
00028_id00495_E46aiMUC4A0_id00591_wavtolip.mp4,1,FVFA,0.791903,0.859721,0.825812,1,1
00028_id00495_E46aiMUC4A0_id03651_wavtolip.mp4,1,FVFA,0.790626,0.859724,0.825175,1,1
00028_id00495_wavtolip.mp4,1,FVFA,0.789608,0.860019,0.824814,1,1
00028_id00496_SImaDcXQnh8.mp4,1,FVRA,0.788366,0.858720,0.823543,1,1
00028_id00496_SImaDcXQnh8_id00271_wavtolip.mp4,1,FVFA,0.792051,0.859070,0.825561,1,1
00028_id00496_SImaDcXQnh8_id01018_wavtolip.mp4,1,FVFA,0.789461,0.860071,0.824766,1,1
00028_id00496_wavtolip.mp4,1,FVFA,0.792498,0.854021,0.823259,1,1
00028_id00569_gSynmpwioV4.mp4,1,FVRA,0.790805,0.853620,0.822213,1,1
00028_id00569_gSynmpwioV4_id00262_wavtolip.mp4,1,FVFA,0.790563,0.854990,0.822776,1,1
00028_id00569_gSynmpwioV4_id00806_wavtolip.mp4,1,FVFA,0.774288,0.859548,0.816918,1,1
00028_id00569_wavtolip.mp4,1,FVFA,0.789648,0.859620,0.824634,1,1
00028_id00581_wavtolip.mp4,1,FVFA,0.790560,0.859904,0.825232,1,1
00028_id00589_uOzKwYEVR6s.mp4,1,FVRA,0.790814,0.853620,0.822217,1,1
00028_id00589_uOzKwYEVR6s_id00330_wavtolip.mp4,1,FVFA,0.790742,0.858951,0.824846,1,1
00028_id00591_wavtolip.mp4,1,FVFA,0.791184,0.859721,0.825452,1,1
00028_id00633_UXrTMta1EDM.mp4,1,FVRA,0.790375,0.857831,0.824103,1,1
00028_id00633_UXrTMta1EDM_id00806_wavtolip.mp4,1,FVFA,0.792030,0.857195,0.824612,1,1
00028_id00633_UXrTMta1EDM_id01018_wavtolip.mp4,1,FVFA,0.790248,0.860134,0.825191,1,1
00028_id00633_wavtolip.mp4,1,FVFA,0.773329,0.859105,0.816217,1,1
00028_id00634_wavtolip.mp4,1,FVRA,0.792538,0.858030,0.825284,1,1
00028_id00634_z5t9oJizDQg.mp4,1,FVRA,0.790544,0.857831,0.824188,1,1
00028_id00634_z5t9oJizDQg_id00328_wavtolip.mp4,1,FVFA,0.790422,0.859854,0.825138,1,1
00028_id00735_ivJSkq5hGOQ.mp4,1,FVRA,0.788714,0.858720,0.823717,1,1
00028_id00735_ivJSkq5hGOQ_id00634_wavtolip.mp4,1,FVFA,0.789775,0.859749,0.824762,1,1
00028_id00735_wavtolip.mp4,1,FVFA,0.789690,0.859780,0.824735,1,1
00028_id00806_wavtolip.mp4,1,FVFA,0.789725,0.859654,0.824689,1,1
00028_id00813_dKs9CWJIkSI.mp4,1,FVRA,0.791921,0.840486,0.816204,1,1
00028_id00813_dKs9CWJIkSI_id00434_wavtolip.mp4,1,FVFA,0.791450,0.857240,0.824345,1,1
00028_id00813_wavtolip.mp4,1,FVFA,0.792523,0.857519,0.825021,1,1
00028_id00823_KgExwCvgrUk.mp4,1,FVRA,0.790774,0.853620,0.822197,1,1
00028_id00823_KgExwCvgrUk_id00434_wavtolip.mp4,1,FVFA,0.790749,0.857240,0.823995,1,1
00028_id00823_wavtolip.mp4,1,FVFA,0.772643,0.859431,0.816037,1,1
00028_id00826_MYagwzy91Yk.mp4,1,FVRA,0.790408,0.857831,0.824120,1,1
00028_id00826_MYagwzy91Yk_id00271_wavtolip.mp4,1,FVFA,0.790220,0.859022,0.824621,1,1
00028_id00826_wavtolip.mp4,1,FVRA,0.792589,0.859380,0.825984,1,1
00028_id00897_0ayFw8JhoyI.mp4,1,FVRA,0.790716,0.853620,0.822168,1,1
00028_id00897_0ayFw8JhoyI_id00271_wavtolip.mp4,1,FVFA,0.790455,0.859070,0.824762,1,1
00028_id00897_wavtolip.mp4,1,FVRA,0.789732,0.860035,0.824883,1,1
00028_id01001_wavtolip.mp4,1,FVRA,0.791197,0.859447,0.825322,1,1
00028_id01002_eQTviHjyISo.mp4,1,FVRA,0.768719,0.855129,0.811924,1,1
00028_id01002_eQTviHjyISo_id00270_wavtolip.mp4,1,FVFA,0.770787,0.859888,0.815338,1,1
00028_id01002_wavtolip.mp4,1,FVFA,0.789696,0.859148,0.824422,1,1
00028_id01018_wavtolip.mp4,1,FVFA,0.791249,0.859168,0.825208,1,1
00028_id03371_wavtolip.mp4,1,FVFA,0.791196,0.858304,0.824750,1,1
00028_id03589_9NxOQlwpMys.mp4,1,FVRA,0.771203,0.855129,0.813166,1,1
00028_id03589_wavtolip.mp4,1,FVFA,0.790553,0.859279,0.824916,1,1
00028_id03620_YkXM5A8w07E.mp4,1,FVRA,0.768565,0.855129,0.811847,1,1
00028_id03620_YkXM5A8w07E_id03844_wavtolip.mp4,1,FVFA,0.770701,0.859099,0.814900,1,1
00028_id03620_wavtolip.mp4,1,FVFA,0.789722,0.859475,0.824599,1,1
00028_id03649_389qfFqUddI.mp4,1,FVRA,0.770980,0.855129,0.813054,1,1
00028_id03649_389qfFqUddI_id00374_wavtolip.mp4,1,FVFA,0.773813,0.859216,0.816515,1,1
00028_id03649_wavtolip.mp4,1,FVFA,0.790530,0.859660,0.825095,1,1
00028_id03651_EjcoRkL6loI.mp4,1,FVRA,0.770938,0.855129,0.813033,1,1
00028_id03651_EjcoRkL6loI_id00262_wavtolip.mp4,1,FVFA,0.773773,0.858967,0.816370,1,1
00028_id03651_wavtolip.mp4,1,FVFA,0.792673,0.859724,0.826198,1,1
00028_id03716_wavtolip.mp4,1,FVFA,0.773354,0.859309,0.816331,1,1
00028_id03816_XXD0yTNei50.mp4,1,FVRA,0.792550,0.840486,0.816518,1,1
00028_id03816_XXD0yTNei50_id03716_wavtolip.mp4,1,FVFA,0.792262,0.858186,0.825224,1,1
00028_id03816_wavtolip.mp4,1,FVRA,0.792622,0.858439,0.825530,1,1
00028_id03844_AEAEN1Lns2c.mp4,1,FVRA,0.790315,0.857831,0.824073,1,1
00028_id03844_AEAEN1Lns2c_id00633_wavtolip.mp4,1,FVFA,0.790052,0.859473,0.824762,1,1
00028_id03844_wavtolip.mp4,1,FVFA,0.791190,0.859099,0.825145,1,1
00028_id03858_uKVqPfRf-ac.mp4,1,FVRA,0.788186,0.858720,0.823453,1,1
00028_id03858_uKVqPfRf-ac_id00374_wavtolip.mp4,1,FVFA,0.789281,0.859483,0.824382,1,1
00028_id03858_wavtolip.mp4,1,FVFA,0.773299,0.859425,0.816362,1,1
00028_id03941_SsYtP8Ze88Q.mp4,1,FVRA,0.791999,0.840486,0.816243,1,1
00028_id03941_SsYtP8Ze88Q_id00325_wavtolip.mp4,1,FVFA,0.791564,0.859217,0.825391,1,1
00028_id03941_wavtolip.mp4,1,FVFA,0.792638,0.859325,0.825981,1,1
00037.mp4,0,RVRA,0.773869,0.858363,0.816116,1,1
00037_fake.mp4,1,RVFA,0.774908,0.853590,0.814249,1,1
00037_id00068_A7uFnQw--bY.mp4,1,FVRA,0.775365,0.858484,0.816924,1,1
00037_id00068_A7uFnQw--bY_id00374_wavtolip.mp4,1,FVFA,0.777981,0.858982,0.818482,1,1
00037_id00188_e-vm5FB3idA.mp4,1,FVRA,0.777726,0.858484,0.818105,1,1
00037_id00188_e-vm5FB3idA_id03941_wavtolip.mp4,1,FVFA,0.779745,0.859325,0.819535,1,1
00037_id00188_wavtolip.mp4,1,FVRA,0.776832,0.859563,0.818198,1,1
00037_id00232_wavtolip.mp4,1,FVRA,0.776804,0.858731,0.817767,1,1
00037_id00234_wavtolip.mp4,1,FVRA,0.776863,0.857573,0.817218,1,1
00037_id00262_3p7sRWAAh1Q.mp4,1,FVRA,0.773682,0.858484,0.816083,1,1
00037_id00262_3p7sRWAAh1Q_id00271_wavtolip.mp4,1,FVFA,0.775782,0.859070,0.817426,1,1
00037_id00262_wavtolip.mp4,1,FVRA,0.777011,0.855832,0.816422,1,1
00037_id00271_wavtolip.mp4,1,FVFA,0.776127,0.859070,0.817599,1,1
00037_id00330_wavtolip.mp4,1,FVRA,0.776910,0.852300,0.814605,1,1
00037_id00332_wavtolip.mp4,1,FVFA,0.776781,0.859503,0.818142,1,1
00037_id00373_5NXv3Dxkd6E.mp4,1,FVRA,0.774297,0.858484,0.816391,1,1
00037_id00373_5NXv3Dxkd6E_id00395_wavtolip.mp4,1,FVFA,0.776313,0.859779,0.818046,1,1
00037_id00379_wavtolip.mp4,1,FVFA,0.776092,0.859673,0.817883,1,1
00037_id00484_wavtolip.mp4,1,FVFA,0.776452,0.859602,0.818027,1,1
00037_id00495_E46aiMUC4A0.mp4,1,FVRA,0.775371,0.858484,0.816927,1,1
00037_id00495_E46aiMUC4A0_id03941_wavtolip.mp4,1,FVFA,0.777431,0.859325,0.818378,1,1
00037_id00496_wavtolip.mp4,1,FVFA,0.776924,0.857575,0.817249,1,1
00037_id00569_wavtolip.mp4,1,FVRA,0.776768,0.859271,0.818019,1,1
00037_id00581_wavtolip.mp4,1,FVRA,0.776845,0.859721,0.818283,1,1
00037_id00634_wavtolip.mp4,1,FVFA,0.776737,0.859187,0.817962,1,1
00037_id00823_wavtolip.mp4,1,FVFA,0.776326,0.859431,0.817878,1,1
00037_id00826_MYagwzy91Yk.mp4,1,FVRA,0.775449,0.858484,0.816966,1,1
00037_id00826_MYagwzy91Yk_id00495_wavtolip.mp4,1,FVFA,0.777260,0.860019,0.818640,1,1
00037_id00826_wavtolip.mp4,1,FVFA,0.776282,0.859514,0.817898,1,1
00037_id01002_wavtolip.mp4,1,FVFA,0.776205,0.859148,0.817677,1,1
00037_id03371_truKMXt8Dak.mp4,1,FVRA,0.776372,0.858484,0.817428,1,1
00037_id03371_truKMXt8Dak_id01002_wavtolip.mp4,1,FVFA,0.778414,0.859148,0.818781,1,1
00037_id03649_wavtolip.mp4,1,FVRA,0.776937,0.858410,0.817674,1,1
00037_id03844_AEAEN1Lns2c.mp4,1,FVRA,0.777649,0.858484,0.818066,1,1
00037_id03844_AEAEN1Lns2c_faceswap.mp4,1,FVRA,0.775109,0.858363,0.816736,1,1
00037_id03844_AEAEN1Lns2c_faceswap_id00234_wavtolip.mp4,1,FVFA,0.777820,0.859386,0.818603,1,1
00037_id03844_AEAEN1Lns2c_faceswap_id00328_wavtolip.mp4,1,FVFA,0.777611,0.859431,0.818521,1,1
00037_id03844_AEAEN1Lns2c_faceswap_id00332_wavtolip.mp4,1,FVFA,0.777763,0.859503,0.818633,1,1
00037_id03844_AEAEN1Lns2c_faceswap_id00373_wavtolip.mp4,1,FVFA,0.777849,0.857057,0.817453,1,1
00037_id03844_AEAEN1Lns2c_faceswap_id00569_wavtolip.mp4,1,FVFA,0.777187,0.859631,0.818409,1,1
00037_id03844_AEAEN1Lns2c_id00735_wavtolip.mp4,1,FVFA,0.779430,0.859780,0.819605,1,1
00037_id03941_SsYtP8Ze88Q.mp4,1,FVRA,0.776274,0.858484,0.817379,1,1
00037_id03941_SsYtP8Ze88Q_id00633_wavtolip.mp4,1,FVFA,0.778992,0.858834,0.818913,1,1
00040.mp4,0,RVRA,0.789587,0.845762,0.817675,1,1
00040_0.mp4,1,FVRA,0.778345,0.858362,0.818353,1,1
00040_fake.mp4,1,RVFA,0.789966,0.854665,0.822316,1,1
00040_id00068_wavtolip.mp4,1,FVRA,0.790347,0.849401,0.819874,1,1
00040_id00234_wavtolip.mp4,1,FVRA,0.790440,0.856483,0.823462,1,1
00040_id00262_wavtolip.mp4,1,FVFA,0.790627,0.855422,0.823025,1,1
00040_id00270_wavtolip.mp4,1,FVFA,0.790350,0.859898,0.825124,1,1
00040_id00328_wavtolip.mp4,1,FVRA,0.790317,0.859663,0.824990,1,1
00040_id00330_wavtolip.mp4,1,FVFA,0.790243,0.858951,0.824597,1,1
00040_id00332__zNddcZV1EU.mp4,1,FVRA,0.790667,0.845968,0.818318,1,1
00040_id00365_XV-imLNJvfk.mp4,1,FVRA,0.791026,0.845968,0.818497,1,1
00040_id00365_XV-imLNJvfk_id03716_wavtolip.mp4,1,FVFA,0.791601,0.857952,0.824776,1,1
00040_id00365_wavtolip.mp4,1,FVRA,0.790265,0.859397,0.824831,1,1
00040_id00373_wavtolip.mp4,1,FVRA,0.790635,0.849996,0.820315,1,1
00040_id00379_fgkgYHCuk4g.mp4,1,FVRA,0.790930,0.845968,0.818449,1,1
00040_id00379_fgkgYHCuk4g_id00823_wavtolip.mp4,1,FVFA,0.791416,0.859431,0.825423,1,1
00040_id00395_wM5kGJfTtEM.mp4,1,FVRA,0.790644,0.845968,0.818306,1,1
00040_id00395_wM5kGJfTtEM_id00232_wavtolip.mp4,1,FVFA,0.791174,0.859241,0.825207,1,1
00040_id00434_wavtolip.mp4,1,FVFA,0.790446,0.857240,0.823843,1,1
00040_id00495_wavtolip.mp4,1,FVFA,0.790312,0.860019,0.825166,1,1
00040_id00591_1Jo8xElXQMs.mp4,1,FVRA,0.789977,0.845968,0.817973,1,1
00040_id00591_1Jo8xElXQMs_id00823_wavtolip.mp4,1,FVFA,0.790516,0.859431,0.824973,1,1
00040_id00633_UXrTMta1EDM.mp4,1,FVRA,0.790742,0.845968,0.818355,1,1
00040_id00633_UXrTMta1EDM_id00826_wavtolip.mp4,1,FVFA,0.791338,0.859514,0.825426,1,1
00040_id00633_wavtolip.mp4,1,FVRA,0.790410,0.858419,0.824414,1,1
00040_id00813_wavtolip.mp4,1,FVRA,0.790576,0.855702,0.823139,1,1
00040_id00826_wavtolip.mp4,1,FVRA,0.790246,0.859380,0.824813,1,1
00040_id00897_0ayFw8JhoyI.mp4,1,FVRA,0.790868,0.845968,0.818418,1,1
00040_id00897_0ayFw8JhoyI_id00232_wavtolip.mp4,1,FVFA,0.791352,0.859241,0.825296,1,1
00040_id00897_wavtolip.mp4,1,FVFA,0.790617,0.858635,0.824626,1,1
00040_id03651_EjcoRkL6loI.mp4,1,FVRA,0.790947,0.845968,0.818458,1,1
00040_id03651_EjcoRkL6loI_faceswap.mp4,1,FVRA,0.789937,0.845762,0.817850,1,1
00040_id03651_EjcoRkL6loI_faceswap_id00234_wavtolip.mp4,1,FVFA,0.790611,0.858883,0.824747,1,1
00040_id03651_EjcoRkL6loI_faceswap_id00403_wavtolip.mp4,1,FVFA,0.790488,0.859577,0.825032,1,1
00040_id03651_EjcoRkL6loI_faceswap_id00735_wavtolip.mp4,1,FVFA,0.790605,0.859871,0.825238,1,1
00040_id03651_EjcoRkL6loI_faceswap_id01002_wavtolip.mp4,1,FVFA,0.790582,0.859148,0.824865,1,1
00040_id03651_EjcoRkL6loI_faceswap_id03844_wavtolip.mp4,1,FVFA,0.790571,0.859099,0.824835,1,1
00040_id03651_EjcoRkL6loI_id00328_wavtolip.mp4,1,FVFA,0.791412,0.859431,0.825422,1,1
00040_id03716_wavtolip.mp4,1,FVFA,0.790455,0.857952,0.824203,1,1
00040_id03816_XXD0yTNei50.mp4,1,FVRA,0.790518,0.845968,0.818243,1,1
00040_id03816_XXD0yTNei50_id00581_wavtolip.mp4,1,FVFA,0.791118,0.858652,0.824885,1,1
00040_id03844_wavtolip.mp4,1,FVFA,0.790333,0.859099,0.824716,1,1
00040_id03858_uKVqPfRf-ac.mp4,1,FVRA,0.790918,0.845968,0.818443,1,1
00043.mp4,0,RVRA,0.789667,0.853598,0.821633,1,1
00043_0.mp4,1,FVRA,0.790619,0.856915,0.823767,1,1
00043_fake.mp4,1,RVFA,0.789582,0.858970,0.824276,1,1
00043_id00042_wavtolip.mp4,1,FVRA,0.789632,0.857878,0.823755,1,1
00043_id00071_wavtolip.mp4,1,FVRA,0.786080,0.860066,0.823073,1,1
00043_id00188_e-vm5FB3idA.mp4,1,FVRA,0.789680,0.853664,0.821672,1,1
00043_id00188_e-vm5FB3idA_id00232_wavtolip.mp4,1,FVFA,0.789371,0.859762,0.824566,1,1
00043_id00232_wavtolip.mp4,1,FVFA,0.786065,0.859136,0.822601,1,1
00043_id00234_wavtolip.mp4,1,FVFA,0.789630,0.859634,0.824632,1,1
00043_id00262_3p7sRWAAh1Q.mp4,1,FVRA,0.786095,0.858439,0.822267,1,1
00043_id00262_3p7sRWAAh1Q_id00188_wavtolip.mp4,1,FVFA,0.785307,0.859694,0.822501,1,1
00043_id00270_hoEQ70-sDME.mp4,1,FVRA,0.786576,0.858439,0.822508,1,1
00043_id00270_hoEQ70-sDME_id03371_wavtolip.mp4,1,FVFA,0.786089,0.859347,0.822718,1,1
00043_id00270_wavtolip.mp4,1,FVRA,0.789641,0.859250,0.824445,1,1
00043_id00287_2NpfYjyMsPM.mp4,1,FVRA,0.789754,0.853664,0.821709,1,1
00043_id00287_2NpfYjyMsPM_id00735_wavtolip.mp4,1,FVFA,0.784667,0.859780,0.822224,1,1
00043_id00287_2NpfYjyMsPM_id03649_wavtolip.mp4,1,FVFA,0.789444,0.859660,0.824552,1,1
00043_id00325_4vJtbNe0L98.mp4,1,FVRA,0.789927,0.853664,0.821795,1,1
00043_id00325_4vJtbNe0L98_id00330_wavtolip.mp4,1,FVFA,0.789679,0.859612,0.824646,1,1
00043_id00328_wavtolip.mp4,1,FVRA,0.786062,0.859663,0.822863,1,1
00043_id00330_wavtolip.mp4,1,FVRA,0.786119,0.853589,0.819854,1,1
00043_id00365_wavtolip.mp4,1,FVRA,0.789620,0.859498,0.824559,1,1
00043_id00379_wavtolip.mp4,1,FVFA,0.786116,0.859639,0.822878,1,1
00043_id00395_wavtolip.mp4,1,FVRA,0.789639,0.859331,0.824485,1,1
00043_id00403_wavtolip.mp4,1,FVFA,0.786112,0.859757,0.822935,1,1
00043_id00434_wavtolip.mp4,1,FVFA,0.789639,0.859600,0.824620,1,1
00043_id00491_ShjiTWoOtM4.mp4,1,FVRA,0.788923,0.853664,0.821293,1,1
00043_id00491_ShjiTWoOtM4_id00581_wavtolip.mp4,1,FVFA,0.789043,0.859799,0.824421,1,1
00043_id00491_wavtolip.mp4,1,FVRA,0.786102,0.857832,0.821967,1,1
00043_id00496_SImaDcXQnh8.mp4,1,FVRA,0.786106,0.858439,0.822272,1,1
00043_id00496_SImaDcXQnh8_id00395_wavtolip.mp4,1,FVFA,0.785340,0.859779,0.822559,1,1
00043_id00569_gSynmpwioV4.mp4,1,FVRA,0.789764,0.853664,0.821714,1,1
00043_id00569_wavtolip.mp4,1,FVFA,0.789521,0.859620,0.824570,1,1
00043_id00581_7AxvP19LGKg.mp4,1,FVRA,0.789865,0.853664,0.821764,1,1
00043_id00581_7AxvP19LGKg_id00271_wavtolip.mp4,1,FVFA,0.789632,0.859070,0.824351,1,1
00043_id00581_wavtolip.mp4,1,FVFA,0.786106,0.859607,0.822856,1,1
00043_id00633_UXrTMta1EDM.mp4,1,FVRA,0.789716,0.853664,0.821690,1,1
00043_id00633_UXrTMta1EDM_faceswap.mp4,1,FVRA,0.789995,0.853598,0.821796,1,1
00043_id00633_UXrTMta1EDM_faceswap_id00042_wavtolip.mp4,1,FVFA,0.789865,0.858828,0.824347,1,1
00043_id00633_UXrTMta1EDM_faceswap_id00071_wavtolip.mp4,1,FVFA,0.785902,0.859856,0.822879,1,1
00043_id00633_UXrTMta1EDM_faceswap_id00270_wavtolip.mp4,1,FVFA,0.785827,0.859888,0.822857,1,1
00043_id00633_UXrTMta1EDM_faceswap_id00332_wavtolip.mp4,1,FVFA,0.785958,0.859503,0.822730,1,1
00043_id00633_UXrTMta1EDM_faceswap_id00365_wavtolip.mp4,1,FVFA,0.789942,0.857779,0.823861,1,1
00043_id00633_UXrTMta1EDM_faceswap_id00395_wavtolip.mp4,1,FVFA,0.785812,0.859779,0.822795,1,1
00043_id00633_UXrTMta1EDM_faceswap_id00897_wavtolip.mp4,1,FVFA,0.789938,0.860005,0.824971,1,1
00043_id00633_UXrTMta1EDM_faceswap_id01018_wavtolip.mp4,1,FVFA,0.785958,0.859991,0.822974,1,1
00043_id00633_UXrTMta1EDM_faceswap_id03620_wavtolip.mp4,1,FVFA,0.789941,0.859587,0.824764,1,1
00043_id00633_UXrTMta1EDM_id00325_wavtolip.mp4,1,FVFA,0.785660,0.859662,0.822661,1,1
00043_id00633_UXrTMta1EDM_id00484_wavtolip.mp4,1,FVFA,0.789606,0.859437,0.824522,1,1
00043_id00633_wavtolip.mp4,1,FVRA,0.789619,0.859703,0.824661,1,1
00043_id00735_wavtolip.mp4,1,FVFA,0.786052,0.859780,0.822916,1,1
00043_id00806_0sk9s9lFIAk.mp4,1,FVRA,0.786713,0.858439,0.822576,1,1
00043_id00806_0sk9s9lFIAk_id00581_wavtolip.mp4,1,FVFA,0.786190,0.859607,0.822898,1,1
00043_id00806_wavtolip.mp4,1,FVFA,0.786114,0.859531,0.822823,1,1
00043_id00813_wavtolip.mp4,1,FVFA,0.789642,0.859290,0.824466,1,1
00043_id00823_wavtolip.mp4,1,FVFA,0.785999,0.859431,0.822715,1,1
00043_id00826_wavtolip.mp4,1,FVFA,0.789566,0.859453,0.824509,1,1
00043_id00897_0ayFw8JhoyI.mp4,1,FVRA,0.785592,0.858439,0.822016,1,1
00043_id00897_0ayFw8JhoyI_id00271_wavtolip.mp4,1,FVFA,0.784755,0.859070,0.821913,1,1
00043_id00897_wavtolip.mp4,1,FVFA,0.789625,0.860005,0.824815,1,1
00043_id01001_dHJc8dh9X8c.mp4,1,FVRA,0.789697,0.853664,0.821681,1,1
00043_id01001_dHJc8dh9X8c_id03844_wavtolip.mp4,1,FVFA,0.789410,0.859056,0.824233,1,1
00043_id01018_wavtolip.mp4,1,FVFA,0.789623,0.860086,0.824854,1,1
00043_id03371_truKMXt8Dak.mp4,1,FVRA,0.789818,0.853664,0.821741,1,1
00043_id03371_truKMXt8Dak_id00373_wavtolip.mp4,1,FVFA,0.789624,0.858090,0.823857,1,1
00043_id03371_wavtolip.mp4,1,FVRA,0.786103,0.858845,0.822474,1,1
00043_id03620_wavtolip.mp4,1,FVFA,0.786127,0.859362,0.822745,1,1
00043_id03649_wavtolip.mp4,1,FVFA,0.785995,0.859676,0.822835,1,1
00043_id03651_EjcoRkL6loI.mp4,1,FVRA,0.789861,0.853664,0.821762,1,1
00043_id03651_wavtolip.mp4,1,FVRA,0.786100,0.859868,0.822984,1,1
00043_id03716_s-lxbGafZQA.mp4,1,FVRA,0.786307,0.858439,0.822373,1,1
00043_id03716_s-lxbGafZQA_id03620_wavtolip.mp4,1,FVFA,0.785662,0.859362,0.822512,1,1
00043_id03858_wavtolip.mp4,1,FVFA,0.789622,0.859812,0.824717,1,1
00043_id03941_wavtolip.mp4,1,FVFA,0.789544,0.859325,0.824434,1,1
00046.mp4,0,RVRA,0.774276,0.854969,0.814622,1,1
00046_0.mp4,1,FVRA,0.790889,0.857042,0.823966,1,1
00046_fake.mp4,1,RVFA,0.775110,0.848360,0.811735,1,1
00046_id00068_A7uFnQw--bY.mp4,1,FVRA,0.776690,0.855097,0.815893,1,1
00046_id00068_A7uFnQw--bY_id03651_wavtolip.mp4,1,FVFA,0.779584,0.859724,0.819654,1,1
00046_id00232_wavtolip.mp4,1,FVFA,0.776881,0.859241,0.818061,1,1
00046_id00234_M3g5KRLJB60.mp4,1,FVRA,0.775048,0.855097,0.815073,1,1
00046_id00234_wavtolip.mp4,1,FVFA,0.777102,0.858883,0.817992,1,1
00046_id00262_wavtolip.mp4,1,FVRA,0.777253,0.847835,0.812544,1,1
00046_id00287_wavtolip.mp4,1,FVRA,0.777047,0.859654,0.818350,1,1
00046_id00325_wavtolip.mp4,1,FVRA,0.777133,0.859178,0.818156,1,1
00046_id00330_wavtolip.mp4,1,FVFA,0.777161,0.858951,0.818056,1,1
00046_id00330_zCFFgGSIZ_s.mp4,1,FVRA,0.771740,0.855097,0.813418,1,1
00046_id00330_zCFFgGSIZ_s_faceswap.mp4,1,FVRA,0.774938,0.854969,0.814953,1,1
00046_id00330_zCFFgGSIZ_s_faceswap_id00325_wavtolip.mp4,1,FVFA,0.777756,0.859217,0.818487,1,1
00046_id00330_zCFFgGSIZ_s_faceswap_id00403_wavtolip.mp4,1,FVFA,0.777937,0.859577,0.818757,1,1
00046_id00330_zCFFgGSIZ_s_faceswap_id00633_wavtolip.mp4,1,FVFA,0.777968,0.858063,0.818015,1,1
00046_id00330_zCFFgGSIZ_s_faceswap_id00806_wavtolip.mp4,1,FVFA,0.777700,0.857246,0.817473,1,1
00046_id00330_zCFFgGSIZ_s_faceswap_id00823_wavtolip.mp4,1,FVFA,0.777819,0.859431,0.818625,1,1
00046_id00330_zCFFgGSIZ_s_id03716_wavtolip.mp4,1,FVFA,0.774260,0.857952,0.816106,1,1
00046_id00332__zNddcZV1EU.mp4,1,FVRA,0.774543,0.855097,0.814820,1,1
00046_id00332__zNddcZV1EU_id00806_wavtolip.mp4,1,FVFA,0.777116,0.857246,0.817181,1,1
00046_id00373_wavtolip.mp4,1,FVFA,0.777276,0.853990,0.815633,1,1
00046_id00374_w1qI7y9AGTc.mp4,1,FVRA,0.774710,0.855097,0.814903,1,1
00046_id00374_w1qI7y9AGTc_id00332_wavtolip.mp4,1,FVFA,0.777004,0.859554,0.818279,1,1
00046_id00395_wavtolip.mp4,1,FVRA,0.777116,0.859392,0.818254,1,1
00046_id00484_wavtolip.mp4,1,FVFA,0.777173,0.859602,0.818388,1,1
00046_id00569_gSynmpwioV4.mp4,1,FVRA,0.775755,0.855097,0.815426,1,1
00046_id00569_gSynmpwioV4_id00071_wavtolip.mp4,1,FVFA,0.778333,0.859856,0.819095,1,1
00046_id00569_wavtolip.mp4,1,FVRA,0.777250,0.859271,0.818261,1,1
00046_id00591_1Jo8xElXQMs.mp4,1,FVRA,0.772051,0.855097,0.813574,1,1
00046_id00591_1Jo8xElXQMs_id00569_wavtolip.mp4,1,FVFA,0.774764,0.859631,0.817197,1,1
00046_id00591_wavtolip.mp4,1,FVFA,0.777239,0.859721,0.818480,1,1
00046_id00633_UXrTMta1EDM.mp4,1,FVRA,0.774074,0.855097,0.814585,1,1
00046_id00633_UXrTMta1EDM_id00826_wavtolip.mp4,1,FVFA,0.776736,0.859514,0.818125,1,1
00046_id00806_wavtolip.mp4,1,FVRA,0.777084,0.856139,0.816612,1,1
00046_id00813_wavtolip.mp4,1,FVFA,0.776988,0.857465,0.817226,1,1
00046_id00826_wavtolip.mp4,1,FVRA,0.777131,0.859380,0.818255,1,1
00046_id00897_0ayFw8JhoyI.mp4,1,FVRA,0.775994,0.855097,0.815545,1,1
00046_id00897_wavtolip.mp4,1,FVFA,0.777039,0.858695,0.817867,1,1
00046_id01002_wavtolip.mp4,1,FVRA,0.777139,0.855389,0.816264,1,1
00046_id03371_truKMXt8Dak.mp4,1,FVRA,0.775910,0.855097,0.815503,1,1
00046_id03371_truKMXt8Dak_id00262_wavtolip.mp4,1,FVFA,0.778400,0.855792,0.817096,1,1
00046_id03589_wavtolip.mp4,1,FVRA,0.777127,0.857060,0.817094,1,1
00046_id03651_wavtolip.mp4,1,FVFA,0.777495,0.859724,0.818610,1,1
00046_id03716_wavtolip.mp4,1,FVFA,0.776978,0.857952,0.817465,1,1
00052.mp4,0,RVRA,0.792201,0.853287,0.822744,1,1
00052_fake.mp4,1,RVFA,0.792332,0.856655,0.824494,1,1
00052_id00068_wavtolip.mp4,1,FVRA,0.792189,0.849401,0.820795,1,1
00052_id00071_JU1cVINUTZA.mp4,1,FVRA,0.792247,0.853398,0.822823,1,1
00052_id00071_JU1cVINUTZA_id00806_wavtolip.mp4,1,FVFA,0.792166,0.858953,0.825559,1,1
00052_id00188_e-vm5FB3idA.mp4,1,FVRA,0.792354,0.853398,0.822876,1,1
00052_id00188_e-vm5FB3idA_id03844_wavtolip.mp4,1,FVFA,0.792044,0.859099,0.825572,1,1
00052_id00234_M3g5KRLJB60.mp4,1,FVRA,0.792245,0.853398,0.822822,1,1
00052_id00234_M3g5KRLJB60_faceswap.mp4,1,FVRA,0.792521,0.853287,0.822904,1,1
00052_id00234_M3g5KRLJB60_faceswap_id00232_wavtolip.mp4,1,FVFA,0.792245,0.859136,0.825691,1,1
00052_id00234_M3g5KRLJB60_faceswap_id00365_wavtolip.mp4,1,FVFA,0.792227,0.857601,0.824914,1,1
00052_id00234_M3g5KRLJB60_faceswap_id00806_wavtolip.mp4,1,FVFA,0.792474,0.858953,0.825714,1,1
00052_id00234_M3g5KRLJB60_faceswap_id01018_wavtolip.mp4,1,FVFA,0.792471,0.859620,0.826045,1,1
00052_id00234_M3g5KRLJB60_id00434_wavtolip.mp4,1,FVFA,0.792169,0.858557,0.825363,1,1
00052_id00270_wavtolip.mp4,1,FVRA,0.792135,0.858215,0.825175,1,1
00052_id00271_je6JSLqEEcw.mp4,1,FVRA,0.792129,0.853398,0.822763,1,1
00052_id00271_je6JSLqEEcw_id00581_wavtolip.mp4,1,FVFA,0.792124,0.859010,0.825567,1,1
00052_id00287_2NpfYjyMsPM.mp4,1,FVRA,0.792303,0.853398,0.822850,1,1
00052_id00287_2NpfYjyMsPM_id00379_wavtolip.mp4,1,FVFA,0.791950,0.859673,0.825812,1,1
00052_id00287_wavtolip.mp4,1,FVFA,0.792019,0.859660,0.825839,1,1
00052_id00325_wavtolip.mp4,1,FVRA,0.792242,0.859215,0.825729,1,1
00052_id00330_wavtolip.mp4,1,FVFA,0.792066,0.858951,0.825509,1,1
00052_id00365_wavtolip.mp4,1,FVRA,0.791963,0.859397,0.825680,1,1
00052_id00373_5NXv3Dxkd6E.mp4,1,FVRA,0.792210,0.853398,0.822804,1,1
00052_id00374_w1qI7y9AGTc.mp4,1,FVRA,0.792123,0.853398,0.822760,1,1
00052_id00374_w1qI7y9AGTc_id00271_wavtolip.mp4,1,FVFA,0.791842,0.859070,0.825456,1,1
00052_id00403_wavtolip.mp4,1,FVFA,0.792086,0.859441,0.825763,1,1
00052_id00434_wavtolip.mp4,1,FVRA,0.792242,0.858794,0.825518,1,1
00052_id00484_u7YTz8eFZv0.mp4,1,FVRA,0.792215,0.853398,0.822807,1,1
00052_id00484_u7YTz8eFZv0_id00188_wavtolip.mp4,1,FVFA,0.791813,0.859694,0.825753,1,1
00052_id00484_wavtolip.mp4,1,FVFA,0.791937,0.859602,0.825769,1,1
00052_id00569_wavtolip.mp4,1,FVRA,0.791988,0.859271,0.825629,1,1
00052_id00591_wavtolip.mp4,1,FVFA,0.791930,0.859721,0.825825,1,1
00052_id00897_0ayFw8JhoyI.mp4,1,FVRA,0.792221,0.853398,0.822809,1,1
00052_id00897_0ayFw8JhoyI_id00403_wavtolip.mp4,1,FVFA,0.792024,0.859441,0.825733,1,1
00052_id00897_wavtolip.mp4,1,FVFA,0.792243,0.859600,0.825922,1,1
00052_id01001_wavtolip.mp4,1,FVRA,0.791952,0.859447,0.825699,1,1
00052_id01002_wavtolip.mp4,1,FVRA,0.791926,0.855389,0.823657,1,1
00052_id03589_wavtolip.mp4,1,FVFA,0.792257,0.857624,0.824941,1,1
00052_id03620_wavtolip.mp4,1,FVFA,0.792239,0.858439,0.825339,1,1
00052_id03649_389qfFqUddI.mp4,1,FVRA,0.792177,0.853398,0.822787,1,1
00052_id03649_389qfFqUddI_id00042_wavtolip.mp4,1,FVFA,0.791845,0.858850,0.825347,1,1
00052_id03716_wavtolip.mp4,1,FVFA,0.792249,0.858767,0.825508,1,1
00052_id03858_wavtolip.mp4,1,FVRA,0.792239,0.859112,0.825676,1,1
00063.mp4,0,RVRA,0.792228,0.853399,0.822814,1,1
00063_fake.mp4,1,RVFA,0.792197,0.858912,0.825555,1,1
00063_id00071_wavtolip.mp4,1,FVRA,0.792033,0.860066,0.826049,1,1
00063_id00188_e-vm5FB3idA.mp4,1,FVRA,0.791636,0.853634,0.822635,1,1
00063_id00232_wavtolip.mp4,1,FVFA,0.792018,0.859241,0.825630,1,1
00063_id00234_wavtolip.mp4,1,FVFA,0.791977,0.858729,0.825353,1,1
00063_id00271_je6JSLqEEcw.mp4,1,FVRA,0.791912,0.853634,0.822773,1,1
00063_id00271_je6JSLqEEcw_id00897_wavtolip.mp4,1,FVFA,0.791673,0.859395,0.825534,1,1
00063_id00328_wavtolip.mp4,1,FVRA,0.792002,0.859663,0.825832,1,1
00063_id00330_zCFFgGSIZ_s.mp4,1,FVRA,0.792031,0.853634,0.822832,1,1
00063_id00330_zCFFgGSIZ_s_id00569_wavtolip.mp4,1,FVFA,0.792036,0.859631,0.825833,1,1
00063_id00332__zNddcZV1EU.mp4,1,FVRA,0.791947,0.853634,0.822791,1,1
00063_id00332__zNddcZV1EU_id00071_wavtolip.mp4,1,FVFA,0.791824,0.859856,0.825840,1,1
00063_id00403_n4LSCxzFr6o.mp4,1,FVRA,0.791568,0.853634,0.822601,1,1
00063_id00403_n4LSCxzFr6o_faceswap.mp4,1,FVRA,0.792238,0.853399,0.822819,1,1
00063_id00403_n4LSCxzFr6o_faceswap_id00071_wavtolip.mp4,1,FVFA,0.792085,0.859856,0.825971,1,1
00063_id00403_n4LSCxzFr6o_faceswap_id00234_wavtolip.mp4,1,FVFA,0.791940,0.858729,0.825335,1,1
00063_id00403_n4LSCxzFr6o_faceswap_id00495_wavtolip.mp4,1,FVFA,0.792028,0.860019,0.826024,1,1
00063_id00403_n4LSCxzFr6o_faceswap_id00581_wavtolip.mp4,1,FVFA,0.791936,0.858575,0.825255,1,1
00063_id00403_n4LSCxzFr6o_faceswap_id03941_wavtolip.mp4,1,FVFA,0.792060,0.859325,0.825692,1,1
00063_id00403_n4LSCxzFr6o_id00826_wavtolip.mp4,1,FVFA,0.791413,0.859514,0.825464,1,1
00063_id00403_wavtolip.mp4,1,FVFA,0.792009,0.859577,0.825793,1,1
00063_id00434_HPXkk-HGXVI.mp4,1,FVRA,0.791505,0.853634,0.822569,1,1
00063_id00434_HPXkk-HGXVI_id00188_wavtolip.mp4,1,FVFA,0.791154,0.859694,0.825424,1,1
00063_id00434_wavtolip.mp4,1,FVFA,0.791975,0.858117,0.825046,1,1
00063_id00484_wavtolip.mp4,1,FVRA,0.792007,0.857754,0.824881,1,1
00063_id00491_ShjiTWoOtM4.mp4,1,FVRA,0.791860,0.853634,0.822747,1,1
00063_id00491_ShjiTWoOtM4_id03941_wavtolip.mp4,1,FVFA,0.791819,0.859325,0.825572,1,1
00063_id00569_wavtolip.mp4,1,FVRA,0.792062,0.859271,0.825666,1,1
00063_id00581_wavtolip.mp4,1,FVRA,0.791973,0.859175,0.825574,1,1
00063_id00634_wavtolip.mp4,1,FVFA,0.792001,0.859187,0.825594,1,1
00063_id00826_wavtolip.mp4,1,FVFA,0.792106,0.859514,0.825810,1,1
00063_id00897_0ayFw8JhoyI.mp4,1,FVRA,0.791726,0.853634,0.822680,1,1
00063_id00897_0ayFw8JhoyI_id00373_wavtolip.mp4,1,FVFA,0.791373,0.855500,0.823437,1,1
00063_id01002_eQTviHjyISo.mp4,1,FVRA,0.791839,0.853634,0.822736,1,1
00063_id01002_eQTviHjyISo_id03620_wavtolip.mp4,1,FVFA,0.791662,0.858061,0.824861,1,1
00063_id01002_wavtolip.mp4,1,FVFA,0.792065,0.859148,0.825607,1,1
00063_id03371_truKMXt8Dak.mp4,1,FVRA,0.791871,0.853634,0.822752,1,1
00063_id03371_truKMXt8Dak_id00569_wavtolip.mp4,1,FVFA,0.791621,0.859631,0.825626,1,1
00063_id03371_wavtolip.mp4,1,FVRA,0.791971,0.857907,0.824939,1,1
00063_id03649_wavtolip.mp4,1,FVFA,0.792060,0.859676,0.825868,1,1
00063_id03651_wavtolip.mp4,1,FVRA,0.792084,0.859868,0.825976,1,1
00063_id03816_wavtolip.mp4,1,FVRA,0.792002,0.858439,0.825220,1,1
00063_id03844_wavtolip.mp4,1,FVRA,0.792083,0.859533,0.825808,1,1
00065.mp4,0,RVRA,0.792106,0.859894,0.826000,1,1
00065_0.mp4,1,FVRA,0.784643,0.857118,0.820880,1,1
00065_fake.mp4,1,RVFA,0.792125,0.854032,0.823078,1,1
00065_id00068_A7uFnQw--bY.mp4,1,FVRA,0.792280,0.859836,0.826058,1,1
00065_id00068_A7uFnQw--bY_id00806_wavtolip.mp4,1,FVFA,0.792217,0.859394,0.825806,1,1
00065_id00068_wavtolip.mp4,1,FVRA,0.792173,0.851496,0.821834,1,1
00065_id00271_je6JSLqEEcw.mp4,1,FVRA,0.791893,0.859836,0.825864,1,1
00065_id00271_je6JSLqEEcw_id00434_wavtolip.mp4,1,FVFA,0.791983,0.858943,0.825463,1,1
00065_id00287_wavtolip.mp4,1,FVFA,0.792153,0.859660,0.825907,1,1
00065_id00325_wavtolip.mp4,1,FVFA,0.792173,0.859493,0.825833,1,1
00065_id00373_wavtolip.mp4,1,FVRA,0.792173,0.855717,0.823945,1,1
00065_id00374_w1qI7y9AGTc.mp4,1,FVRA,0.791809,0.859836,0.825823,1,1
00065_id00374_w1qI7y9AGTc_id00826_wavtolip.mp4,1,FVFA,0.791845,0.859453,0.825649,1,1
00065_id00374_wavtolip.mp4,1,FVFA,0.792178,0.859010,0.825594,1,1
00065_id00379_wavtolip.mp4,1,FVFA,0.792152,0.859673,0.825913,1,1
00065_id00395_wavtolip.mp4,1,FVRA,0.792127,0.859392,0.825760,1,1
00065_id00484_u7YTz8eFZv0.mp4,1,FVRA,0.791995,0.859836,0.825915,1,1
00065_id00484_u7YTz8eFZv0_id03620_wavtolip.mp4,1,FVFA,0.791989,0.859095,0.825542,1,1
00065_id00495_E46aiMUC4A0.mp4,1,FVRA,0.792080,0.859836,0.825958,1,1
00065_id00495_E46aiMUC4A0_id00806_wavtolip.mp4,1,FVFA,0.792099,0.859394,0.825747,1,1
00065_id00495_wavtolip.mp4,1,FVFA,0.792121,0.860019,0.826070,1,1
00065_id00569_wavtolip.mp4,1,FVFA,0.792056,0.859631,0.825843,1,1
00065_id00581_7AxvP19LGKg.mp4,1,FVRA,0.791866,0.859836,0.825851,1,1
00065_id00581_7AxvP19LGKg_faceswap.mp4,1,FVRA,0.792303,0.859894,0.826099,1,1
00065_id00581_7AxvP19LGKg_faceswap_id00071_wavtolip.mp4,1,FVFA,0.792316,0.859856,0.826086,1,1
00065_id00581_7AxvP19LGKg_faceswap_id00188_wavtolip.mp4,1,FVFA,0.792246,0.859694,0.825970,1,1
00065_id00581_7AxvP19LGKg_faceswap_id00806_wavtolip.mp4,1,FVFA,0.792334,0.859394,0.825864,1,1
00065_id00581_7AxvP19LGKg_faceswap_id00823_wavtolip.mp4,1,FVFA,0.792303,0.859431,0.825867,1,1
00065_id00581_7AxvP19LGKg_faceswap_id01018_wavtolip.mp4,1,FVFA,0.792334,0.859915,0.826125,1,1
00065_id00581_7AxvP19LGKg_id00823_wavtolip.mp4,1,FVFA,0.791895,0.859431,0.825663,1,1
00065_id00633_wavtolip.mp4,1,FVRA,0.792174,0.859226,0.825700,1,1
00065_id00634_z5t9oJizDQg.mp4,1,FVRA,0.791938,0.859836,0.825887,1,1
00065_id00634_z5t9oJizDQg_id03716_wavtolip.mp4,1,FVFA,0.791980,0.859110,0.825545,1,1
00065_id00735_ivJSkq5hGOQ.mp4,1,FVRA,0.792288,0.859836,0.826062,1,1
00065_id00735_ivJSkq5hGOQ_id03589_wavtolip.mp4,1,FVFA,0.792242,0.858239,0.825240,1,1
00065_id00806_wavtolip.mp4,1,FVFA,0.792179,0.859394,0.825787,1,1
00065_id00897_wavtolip.mp4,1,FVFA,0.792182,0.859828,0.826005,1,1
00065_id01018_wavtolip.mp4,1,FVRA,0.792173,0.859317,0.825745,1,1
00065_id03371_truKMXt8Dak.mp4,1,FVRA,0.791886,0.859836,0.825861,1,1
00065_id03371_truKMXt8Dak_id03858_wavtolip.mp4,1,FVFA,0.791891,0.859425,0.825658,1,1
00065_id03620_wavtolip.mp4,1,FVFA,0.792174,0.859095,0.825635,1,1
00065_id03649_389qfFqUddI.mp4,1,FVRA,0.792076,0.859836,0.825956,1,1
00065_id03649_389qfFqUddI_id00495_wavtolip.mp4,1,FVFA,0.792068,0.860019,0.826044,1,1
00065_id03651_wavtolip.mp4,1,FVFA,0.792166,0.859724,0.825945,1,1
00065_id03716_wavtolip.mp4,1,FVRA,0.792164,0.856758,0.824461,1,1
00065_id03816_wavtolip.mp4,1,FVRA,0.792169,0.858439,0.825304,1,1
00072.mp4,0,RVRA,0.781897,0.855244,0.818571,1,1
00072_fake.mp4,1,RVFA,0.782381,0.851019,0.816700,1,1
00072_id00071_wavtolip.mp4,1,FVFA,0.784374,0.859856,0.822115,1,1
00072_id00232_kL0cCveU1zg.mp4,1,FVRA,0.783655,0.855331,0.819493,1,1
00072_id00232_kL0cCveU1zg_id00270_wavtolip.mp4,1,FVFA,0.785141,0.859898,0.822520,1,1
00072_id00234_wavtolip.mp4,1,FVFA,0.782902,0.858883,0.820892,1,1
00072_id00270_wavtolip.mp4,1,FVFA,0.784325,0.859898,0.822112,1,1
00072_id00271_wavtolip.mp4,1,FVFA,0.784328,0.859070,0.821699,1,1
00072_id00287_2NpfYjyMsPM.mp4,1,FVRA,0.783957,0.855331,0.819644,1,1
00072_id00287_2NpfYjyMsPM_id03589_wavtolip.mp4,1,FVFA,0.784774,0.857546,0.821160,1,1
00072_id00330_wavtolip.mp4,1,FVFA,0.783656,0.858951,0.821303,1,1
00072_id00332_wavtolip.mp4,1,FVFA,0.783629,0.859554,0.821592,1,1
00072_id00374_wavtolip.mp4,1,FVFA,0.783601,0.859009,0.821305,1,1
00072_id00434_wavtolip.mp4,1,FVRA,0.783613,0.857511,0.820562,1,1
00072_id00491_ShjiTWoOtM4.mp4,1,FVRA,0.781368,0.855331,0.818349,1,1
00072_id00491_ShjiTWoOtM4_id00496_wavtolip.mp4,1,FVFA,0.782848,0.854483,0.818666,1,1
00072_id00491_wavtolip.mp4,1,FVFA,0.784118,0.859201,0.821660,1,1
00072_id00496_wavtolip.mp4,1,FVRA,0.783621,0.855240,0.819430,1,1
00072_id00569_gSynmpwioV4.mp4,1,FVRA,0.783576,0.855331,0.819453,1,1
00072_id00569_gSynmpwioV4_faceswap.mp4,1,FVRA,0.782205,0.855244,0.818725,1,1
00072_id00569_gSynmpwioV4_faceswap_id00232_wavtolip.mp4,1,FVFA,0.784016,0.859241,0.821628,1,1
00072_id00569_gSynmpwioV4_faceswap_id00262_wavtolip.mp4,1,FVFA,0.783843,0.855906,0.819875,1,1
00072_id00569_gSynmpwioV4_faceswap_id00270_wavtolip.mp4,1,FVFA,0.784489,0.859898,0.822193,1,1
00072_id00569_gSynmpwioV4_faceswap_id00330_wavtolip.mp4,1,FVFA,0.783824,0.858951,0.821388,1,1
00072_id00569_wavtolip.mp4,1,FVRA,0.784004,0.859271,0.821638,1,1
00072_id00581_wavtolip.mp4,1,FVFA,0.783074,0.858652,0.820863,1,1
00072_id00591_1Jo8xElXQMs.mp4,1,FVRA,0.782103,0.855331,0.818717,1,1
00072_id00591_1Jo8xElXQMs_id00735_wavtolip.mp4,1,FVFA,0.783903,0.859871,0.821887,1,1
00072_id03589_wavtolip.mp4,1,FVRA,0.783063,0.857060,0.820062,1,1
00072_id03620_YkXM5A8w07E.mp4,1,FVRA,0.781850,0.855331,0.818591,1,1
00072_id03620_YkXM5A8w07E_id00379_wavtolip.mp4,1,FVFA,0.783291,0.859673,0.821482,1,1
00072_id03649_389qfFqUddI.mp4,1,FVRA,0.784131,0.855331,0.819731,1,1
00072_id03649_389qfFqUddI_id00271_wavtolip.mp4,1,FVFA,0.785859,0.859070,0.822464,1,1
00072_id03649_wavtolip.mp4,1,FVRA,0.783986,0.858410,0.821198,1,1
00072_id03651_EjcoRkL6loI.mp4,1,FVRA,0.783082,0.855331,0.819206,1,1
00072_id03651_EjcoRkL6loI_id00823_wavtolip.mp4,1,FVFA,0.784839,0.859431,0.822135,1,1
00072_id03651_wavtolip.mp4,1,FVFA,0.784344,0.859724,0.822034,1,1
00072_id03941_wavtolip.mp4,1,FVRA,0.784198,0.859757,0.821978,1,1
00078.mp4,0,RVRA,0.790880,0.859576,0.825228,1,1
00078_0.mp4,1,FVRA,0.731284,0.845473,0.788378,1,0
00078_0_id00271_wavtolip.mp4,1,FVFA,0.738604,0.859070,0.798837,1,1
00078_0_id00569_wavtolip.mp4,1,FVFA,0.738265,0.859631,0.798948,1,1
00078_0_id00634_wavtolip.mp4,1,FVFA,0.737778,0.859187,0.798483,1,1
00078_0_id03816_wavtolip.mp4,1,FVFA,0.738098,0.859887,0.798993,1,1
00078_fake.mp4,1,RVFA,0.790645,0.851262,0.820953,1,1
00078_id00042_wavtolip.mp4,1,FVFA,0.790264,0.858850,0.824557,1,1
00078_id00068_A7uFnQw--bY.mp4,1,FVRA,0.792000,0.859233,0.825617,1,1
00078_id00068_A7uFnQw--bY_id01002_wavtolip.mp4,1,FVFA,0.792080,0.859148,0.825614,1,1
00078_id00232_kL0cCveU1zg.mp4,1,FVRA,0.792073,0.859233,0.825653,1,1
00078_id00232_kL0cCveU1zg_id00071_wavtolip.mp4,1,FVFA,0.792113,0.859856,0.825984,1,1
00078_id00234_wavtolip.mp4,1,FVFA,0.792067,0.859614,0.825840,1,1
00078_id00270_wavtolip.mp4,1,FVFA,0.790241,0.859898,0.825069,1,1
00078_id00287_2NpfYjyMsPM.mp4,1,FVRA,0.791978,0.859233,0.825606,1,1
00078_id00287_2NpfYjyMsPM_id00581_wavtolip.mp4,1,FVFA,0.791995,0.859725,0.825860,1,1
00078_id00287_wavtolip.mp4,1,FVFA,0.790246,0.859660,0.824953,1,1
00078_id00325_wavtolip.mp4,1,FVRA,0.790285,0.859178,0.824732,1,1
00078_id00330_wavtolip.mp4,1,FVFA,0.790242,0.858951,0.824597,1,1
00078_id00330_zCFFgGSIZ_s_faceswap.mp4,1,FVRA,0.792068,0.859235,0.825651,1,1
00078_id00330_zCFFgGSIZ_s_faceswap_id00042_wavtolip.mp4,1,FVFA,0.792191,0.858828,0.825510,1,1
00078_id00330_zCFFgGSIZ_s_faceswap_id00379_wavtolip.mp4,1,FVFA,0.792198,0.859639,0.825919,1,1
00078_id00330_zCFFgGSIZ_s_faceswap_id00569_wavtolip.mp4,1,FVFA,0.792207,0.859631,0.825919,1,1
00078_id00330_zCFFgGSIZ_s_faceswap_id03716_wavtolip.mp4,1,FVFA,0.792176,0.859492,0.825834,1,1
00078_id00332_wavtolip.mp4,1,FVFA,0.792060,0.859844,0.825952,1,1
00078_id00365_wavtolip.mp4,1,FVRA,0.792073,0.859360,0.825717,1,1
00078_id00373_wavtolip.mp4,1,FVRA,0.790302,0.853250,0.821776,1,1
00078_id00379_wavtolip.mp4,1,FVRA,0.792057,0.859391,0.825724,1,1
00078_id00395_wM5kGJfTtEM.mp4,1,FVRA,0.790113,0.859498,0.824805,1,1
00078_id00395_wM5kGJfTtEM_id00379_wavtolip.mp4,1,FVFA,0.789499,0.859673,0.824586,1,1
00078_id00395_wavtolip.mp4,1,FVFA,0.792129,0.859779,0.825954,1,1
00078_id00403_wavtolip.mp4,1,FVFA,0.790220,0.859577,0.824898,1,1
00078_id00484_u7YTz8eFZv0.mp4,1,FVRA,0.789815,0.859498,0.824656,1,1
00078_id00484_u7YTz8eFZv0_id00330_wavtolip.mp4,1,FVFA,0.789075,0.858951,0.824013,1,1
00078_id00484_wavtolip.mp4,1,FVFA,0.790280,0.859602,0.824941,1,1
00078_id00491_wavtolip.mp4,1,FVRA,0.790273,0.857832,0.824052,1,1
00078_id00495_E46aiMUC4A0.mp4,1,FVRA,0.790016,0.859498,0.824757,1,1
00078_id00495_E46aiMUC4A0_id00328_wavtolip.mp4,1,FVFA,0.789275,0.859431,0.824353,1,1
00078_id00495_E46aiMUC4A0_id03716_wavtolip.mp4,1,FVFA,0.792035,0.859492,0.825764,1,1
00078_id00495_wavtolip.mp4,1,FVFA,0.792122,0.860019,0.826070,1,1
00078_id00496_wavtolip.mp4,1,FVFA,0.790296,0.856343,0.823319,1,1
00078_id00569_wavtolip.mp4,1,FVFA,0.790209,0.859631,0.824920,1,1
00078_id00581_7AxvP19LGKg.mp4,1,FVRA,0.790264,0.859498,0.824881,1,1
00078_id00581_7AxvP19LGKg_id00434_wavtolip.mp4,1,FVFA,0.789701,0.857592,0.823646,1,1
00078_id00589_uOzKwYEVR6s.mp4,1,FVRA,0.789862,0.859498,0.824680,1,1
00078_id00589_uOzKwYEVR6s_id00330_wavtolip.mp4,1,FVFA,0.789258,0.858951,0.824105,1,1
00078_id00591_1Jo8xElXQMs.mp4,1,FVRA,0.790142,0.859498,0.824820,1,1
00078_id00591_1Jo8xElXQMs_id00071_wavtolip.mp4,1,FVFA,0.789609,0.859856,0.824733,1,1
00078_id00633_wavtolip.mp4,1,FVRA,0.790286,0.858351,0.824318,1,1
00078_id00634_wavtolip.mp4,1,FVRA,0.792064,0.859321,0.825692,1,1
00078_id00735_wavtolip.mp4,1,FVRA,0.792069,0.859521,0.825795,1,1
00078_id00813_dKs9CWJIkSI.mp4,1,FVRA,0.791902,0.859233,0.825568,1,1
00078_id00813_dKs9CWJIkSI_id00735_wavtolip.mp4,1,FVFA,0.791934,0.859780,0.825857,1,1
00078_id00813_wavtolip.mp4,1,FVFA,0.790294,0.857794,0.824044,1,1
00078_id00823_KgExwCvgrUk.mp4,1,FVRA,0.790051,0.859498,0.824775,1,1
00078_id00823_wavtolip.mp4,1,FVRA,0.792088,0.851903,0.821996,1,1
00078_id00826_MYagwzy91Yk.mp4,1,FVRA,0.789597,0.859498,0.824547,1,1
00078_id00826_MYagwzy91Yk_id00806_wavtolip.mp4,1,FVFA,0.788937,0.858677,0.823807,1,1
00078_id00897_wavtolip.mp4,1,FVFA,0.792067,0.859951,0.826009,1,1
00078_id01001_wavtolip.mp4,1,FVRA,0.790249,0.859447,0.824848,1,1
00078_id01002_wavtolip.mp4,1,FVRA,0.792084,0.855389,0.823736,1,1
00078_id03371_wavtolip.mp4,1,FVFA,0.792065,0.859475,0.825770,1,1
00078_id03589_9NxOQlwpMys.mp4,1,FVRA,0.789685,0.859498,0.824591,1,1
00078_id03589_9NxOQlwpMys_id00569_wavtolip.mp4,1,FVFA,0.788868,0.859631,0.824249,1,1
00078_id03649_389qfFqUddI.mp4,1,FVRA,0.789763,0.859498,0.824630,1,1
00078_id03649_389qfFqUddI_faceswap.mp4,1,FVRA,0.790729,0.859576,0.825152,1,1
00078_id03649_389qfFqUddI_faceswap_id00188_wavtolip.mp4,1,FVFA,0.790033,0.859694,0.824863,1,1
00078_id03649_389qfFqUddI_faceswap_id00569_wavtolip.mp4,1,FVFA,0.790021,0.859631,0.824826,1,1
00078_id03649_389qfFqUddI_faceswap_id00581_wavtolip.mp4,1,FVFA,0.790107,0.858501,0.824304,1,1
00078_id03649_389qfFqUddI_faceswap_id01002_wavtolip.mp4,1,FVFA,0.790080,0.859148,0.824614,1,1
00078_id03649_389qfFqUddI_faceswap_id03941_wavtolip.mp4,1,FVFA,0.790064,0.859325,0.824695,1,1
00078_id03649_389qfFqUddI_id00232_wavtolip.mp4,1,FVFA,0.789057,0.859241,0.824149,1,1
00078_id03858_uKVqPfRf-ac.mp4,1,FVRA,0.791879,0.859233,0.825557,1,1
00078_id03858_uKVqPfRf-ac_id00569_wavtolip.mp4,1,FVFA,0.791962,0.859631,0.825796,1,1
00078_id03941_wavtolip.mp4,1,FVRA,0.790266,0.859757,0.825012,1,1
00081.mp4,0,RVRA,0.789531,0.844385,0.816958,1,1
00081_fake.mp4,1,RVFA,0.789402,0.856202,0.822802,1,1
00081_id00068_wavtolip.mp4,1,FVRA,0.789457,0.849401,0.819429,1,1
00081_id00188_e-vm5FB3idA.mp4,1,FVRA,0.788542,0.844640,0.816591,1,1
00081_id00262_wavtolip.mp4,1,FVFA,0.789132,0.855153,0.822142,1,1
00081_id00270_wavtolip.mp4,1,FVFA,0.789459,0.859898,0.824678,1,1
00081_id00287_2NpfYjyMsPM.mp4,1,FVRA,0.788775,0.844640,0.816708,1,1
00081_id00287_2NpfYjyMsPM_id00270_wavtolip.mp4,1,FVFA,0.788462,0.859898,0.824180,1,1
00081_id00325_4vJtbNe0L98.mp4,1,FVRA,0.788770,0.844640,0.816705,1,1
00081_id00325_4vJtbNe0L98_id00897_wavtolip.mp4,1,FVFA,0.788121,0.858536,0.823329,1,1
00081_id00328_wavtolip.mp4,1,FVFA,0.789444,0.859431,0.824438,1,1
00081_id00332_wavtolip.mp4,1,FVFA,0.789432,0.859554,0.824493,1,1
00081_id00365_XV-imLNJvfk.mp4,1,FVRA,0.788856,0.844640,0.816748,1,1
00081_id00365_XV-imLNJvfk_id00071_wavtolip.mp4,1,FVFA,0.788625,0.859856,0.824240,1,1
00081_id00373_5NXv3Dxkd6E.mp4,1,FVRA,0.789169,0.844640,0.816904,1,1
00081_id00373_5NXv3Dxkd6E_id00484_wavtolip.mp4,1,FVFA,0.788864,0.859602,0.824233,1,1
00081_id00374_w1qI7y9AGTc.mp4,1,FVRA,0.789022,0.844640,0.816831,1,1
00081_id00374_w1qI7y9AGTc_id00232_wavtolip.mp4,1,FVFA,0.788916,0.859241,0.824078,1,1
00081_id00379_wavtolip.mp4,1,FVRA,0.789467,0.859274,0.824370,1,1
00081_id00496_SImaDcXQnh8.mp4,1,FVRA,0.788993,0.844640,0.816817,1,1
00081_id00496_SImaDcXQnh8_faceswap.mp4,1,FVRA,0.789524,0.844385,0.816954,1,1
00081_id00496_SImaDcXQnh8_faceswap_id00234_wavtolip.mp4,1,FVFA,0.789409,0.858883,0.824146,1,1
00081_id00496_SImaDcXQnh8_faceswap_id00332_wavtolip.mp4,1,FVFA,0.789396,0.859554,0.824475,1,1
00081_id00496_SImaDcXQnh8_faceswap_id03589_wavtolip.mp4,1,FVFA,0.789409,0.857546,0.823477,1,1
00081_id00496_SImaDcXQnh8_faceswap_id03649_wavtolip.mp4,1,FVFA,0.789544,0.859676,0.824610,1,1
00081_id00496_SImaDcXQnh8_id00332_wavtolip.mp4,1,FVFA,0.788737,0.859554,0.824146,1,1
00081_id00496_wavtolip.mp4,1,FVRA,0.789208,0.854946,0.822077,1,1
00081_id00581_wavtolip.mp4,1,FVRA,0.789358,0.858703,0.824031,1,1
00081_id00589_wavtolip.mp4,1,FVRA,0.789469,0.857043,0.823256,1,1
00081_id00633_wavtolip.mp4,1,FVRA,0.789413,0.858419,0.823916,1,1
00081_id00634_wavtolip.mp4,1,FVFA,0.789450,0.859358,0.824404,1,1
00081_id00806_wavtolip.mp4,1,FVRA,0.789091,0.855524,0.822307,1,1
00081_id00823_wavtolip.mp4,1,FVFA,0.789642,0.859431,0.824536,1,1
00081_id01018_VNPt_GB5QiE.mp4,1,FVRA,0.789076,0.844640,0.816858,1,1
00081_id01018_VNPt_GB5QiE_id00484_wavtolip.mp4,1,FVFA,0.788783,0.859602,0.824193,1,1
00081_id01018_wavtolip.mp4,1,FVFA,0.789422,0.859168,0.824295,1,1
00081_id03589_wavtolip.mp4,1,FVFA,0.789454,0.857546,0.823500,1,1
00081_id03651_EjcoRkL6loI.mp4,1,FVRA,0.788908,0.844640,0.816774,1,1
00081_id03651_wavtolip.mp4,1,FVFA,0.789520,0.859724,0.824622,1,1
00081_id03716_wavtolip.mp4,1,FVFA,0.789367,0.858186,0.823777,1,1
00081_id03844_AEAEN1Lns2c.mp4,1,FVRA,0.788898,0.844640,0.816769,1,1
00081_id03844_AEAEN1Lns2c_id00373_wavtolip.mp4,1,FVFA,0.788638,0.854162,0.821400,1,1
00081_id03844_wavtolip.mp4,1,FVRA,0.789426,0.859533,0.824480,1,1
00086.mp4,0,RVRA,0.787791,0.858501,0.823146,1,1
00086_fake.mp4,1,RVFA,0.787951,0.857953,0.822952,1,1
00086_id00042_wavtolip.mp4,1,FVFA,0.788425,0.858850,0.823638,1,1
00086_id00068_wavtolip.mp4,1,FVRA,0.788298,0.852807,0.820553,1,1
00086_id00188_e-vm5FB3idA.mp4,1,FVRA,0.789140,0.858582,0.823861,1,1
00086_id00188_e-vm5FB3idA_id00379_wavtolip.mp4,1,FVFA,0.789583,0.859639,0.824611,1,1
00086_id00232_wavtolip.mp4,1,FVFA,0.788278,0.859136,0.823707,1,1
00086_id00234_wavtolip.mp4,1,FVRA,0.788281,0.858081,0.823181,1,1
00086_id00262_3p7sRWAAh1Q.mp4,1,FVRA,0.787567,0.858582,0.823075,1,1
00086_id00262_3p7sRWAAh1Q_id03844_wavtolip.mp4,1,FVFA,0.788641,0.859099,0.823870,1,1
00086_id00262_wavtolip.mp4,1,FVRA,0.788295,0.856696,0.822496,1,1
00086_id00287_wavtolip.mp4,1,FVFA,0.788526,0.859660,0.824093,1,1
00086_id00332__zNddcZV1EU.mp4,1,FVRA,0.787783,0.858582,0.823182,1,1
00086_id00332__zNddcZV1EU_id03649_wavtolip.mp4,1,FVFA,0.788876,0.859676,0.824276,1,1
00086_id00374_w1qI7y9AGTc.mp4,1,FVRA,0.787773,0.858582,0.823178,1,1
00086_id00374_w1qI7y9AGTc_id03651_wavtolip.mp4,1,FVFA,0.788923,0.859724,0.824323,1,1
00086_id00403_wavtolip.mp4,1,FVRA,0.788296,0.857459,0.822878,1,1
00086_id00434_wavtolip.mp4,1,FVRA,0.788286,0.859545,0.823916,1,1
00086_id00496_wavtolip.mp4,1,FVFA,0.788296,0.857722,0.823009,1,1
00086_id00569_gSynmpwioV4.mp4,1,FVRA,0.788574,0.858582,0.823578,1,1
00086_id00569_gSynmpwioV4_id00806_wavtolip.mp4,1,FVFA,0.788981,0.859531,0.824256,1,1
00086_id00569_wavtolip.mp4,1,FVRA,0.788350,0.859271,0.823811,1,1
00086_id00633_UXrTMta1EDM.mp4,1,FVRA,0.787833,0.858582,0.823207,1,1
00086_id00633_UXrTMta1EDM_faceswap.mp4,1,FVRA,0.788471,0.858501,0.823486,1,1
00086_id00633_UXrTMta1EDM_faceswap_id00330_wavtolip.mp4,1,FVFA,0.788943,0.859329,0.824136,1,1
00086_id00633_UXrTMta1EDM_faceswap_id00395_wavtolip.mp4,1,FVFA,0.789327,0.859779,0.824553,1,1
00086_id00633_UXrTMta1EDM_faceswap_id00495_wavtolip.mp4,1,FVFA,0.789388,0.860019,0.824704,1,1
00086_id00633_UXrTMta1EDM_faceswap_id00897_wavtolip.mp4,1,FVFA,0.788937,0.859886,0.824411,1,1
00086_id00633_UXrTMta1EDM_faceswap_id03651_wavtolip.mp4,1,FVFA,0.789521,0.859724,0.824622,1,1
00086_id00633_UXrTMta1EDM_id00325_wavtolip.mp4,1,FVFA,0.788339,0.859662,0.824000,1,1
00086_id00735_ivJSkq5hGOQ.mp4,1,FVRA,0.788713,0.858582,0.823648,1,1
00086_id00735_ivJSkq5hGOQ_id00271_wavtolip.mp4,1,FVFA,0.789501,0.859070,0.824286,1,1
00086_id00735_wavtolip.mp4,1,FVFA,0.788539,0.859780,0.824160,1,1
00086_id00823_wavtolip.mp4,1,FVFA,0.788766,0.859431,0.824098,1,1
00086_id00826_wavtolip.mp4,1,FVFA,0.788520,0.859453,0.823986,1,1
00086_id01002_eQTviHjyISo.mp4,1,FVRA,0.787376,0.858582,0.822979,1,1
00086_id01018_wavtolip.mp4,1,FVRA,0.788283,0.859475,0.823879,1,1
00086_id03371_wavtolip.mp4,1,FVFA,0.788294,0.859347,0.823821,1,1
00086_id03649_wavtolip.mp4,1,FVRA,0.788365,0.858410,0.823388,1,1
00086_id03651_wavtolip.mp4,1,FVFA,0.788869,0.859724,0.824296,1,1
00086_id03816_XXD0yTNei50.mp4,1,FVRA,0.787223,0.858582,0.822903,1,1
00086_id03816_XXD0yTNei50_id00287_wavtolip.mp4,1,FVFA,0.788109,0.859660,0.823885,1,1
00086_id03858_wavtolip.mp4,1,FVRA,0.788288,0.859430,0.823859,1,1
00088.mp4,0,RVRA,0.791139,0.856924,0.824032,1,1
00088_0.mp4,1,FVRA,0.790798,0.859576,0.825187,1,1
00088_fake.mp4,1,RVFA,0.791099,0.855967,0.823533,1,1
00088_id00042_wavtolip.mp4,1,FVFA,0.790873,0.858850,0.824861,1,1
00088_id00188_e-vm5FB3idA.mp4,1,FVRA,0.790571,0.856985,0.823778,1,1
00088_id00188_e-vm5FB3idA_id00188_wavtolip.mp4,1,FVFA,0.790052,0.859694,0.824873,1,1
00088_id00188_e-vm5FB3idA_id00403_wavtolip.mp4,1,FVFA,0.789327,0.859441,0.824384,1,1
00088_id00188_wavtolip.mp4,1,FVRA,0.788443,0.859563,0.824003,1,1
00088_id00232_wavtolip.mp4,1,FVRA,0.790939,0.857555,0.824247,1,1
00088_id00234_wavtolip.mp4,1,FVRA,0.790940,0.856483,0.823712,1,1
00088_id00262_3p7sRWAAh1Q.mp4,1,FVRA,0.790749,0.856985,0.823867,1,1
00088_id00262_3p7sRWAAh1Q_id00484_wavtolip.mp4,1,FVFA,0.788977,0.859602,0.824289,1,1
00088_id00270_hoEQ70-sDME.mp4,1,FVRA,0.790513,0.856985,0.823749,1,1
00088_id00270_hoEQ70-sDME_id00823_wavtolip.mp4,1,FVFA,0.790309,0.859431,0.824870,1,1
00088_id00271_wavtolip.mp4,1,FVRA,0.790852,0.858738,0.824795,1,1
00088_id00287_2NpfYjyMsPM.mp4,1,FVRA,0.789257,0.857006,0.823132,1,1
00088_id00287_2NpfYjyMsPM_id00042_wavtolip.mp4,1,FVFA,0.789279,0.858850,0.824064,1,1
00088_id00328_wavtolip.mp4,1,FVRA,0.788437,0.859663,0.824050,1,1
00088_id00330_wavtolip.mp4,1,FVFA,0.790898,0.858951,0.824925,1,1
00088_id00332__zNddcZV1EU.mp4,1,FVRA,0.790631,0.856985,0.823808,1,1
00088_id00332__zNddcZV1EU_id00042_wavtolip.mp4,1,FVFA,0.788952,0.858850,0.823901,1,1
00088_id00332__zNddcZV1EU_id00071_wavtolip.mp4,1,FVFA,0.790258,0.859856,0.825057,1,1
00088_id00332_wavtolip.mp4,1,FVFA,0.788474,0.859503,0.823988,1,1
00088_id00365_wavtolip.mp4,1,FVRA,0.788478,0.859397,0.823937,1,1
00088_id00373_wavtolip.mp4,1,FVRA,0.788424,0.855164,0.821794,1,1
00088_id00379_fgkgYHCuk4g.mp4,1,FVRA,0.790714,0.856985,0.823850,1,1
00088_id00379_fgkgYHCuk4g_id00262_wavtolip.mp4,1,FVFA,0.790407,0.857270,0.823839,1,1
00088_id00379_fgkgYHCuk4g_id03858_wavtolip.mp4,1,FVFA,0.789217,0.859425,0.824321,1,1
00088_id00395_wM5kGJfTtEM.mp4,1,FVRA,0.788758,0.857006,0.822882,1,1
00088_id00395_wM5kGJfTtEM_id03371_wavtolip.mp4,1,FVFA,0.788904,0.858964,0.823934,1,1
00088_id00395_wavtolip.mp4,1,FVFA,0.788127,0.859779,0.823953,1,1
00088_id00491_ShjiTWoOtM4.mp4,1,FVRA,0.790607,0.856985,0.823796,1,1
00088_id00491_ShjiTWoOtM4_id03844_wavtolip.mp4,1,FVFA,0.790387,0.859099,0.824743,1,1
00088_id00491_wavtolip.mp4,1,FVRA,0.788425,0.857832,0.823129,1,1
00088_id00495_wavtolip.mp4,1,FVFA,0.788053,0.860019,0.824036,1,1
00088_id00496_wavtolip.mp4,1,FVFA,0.790964,0.856274,0.823619,1,1
00088_id00569_gSynmpwioV4.mp4,1,FVRA,0.790742,0.856985,0.823864,1,1
00088_id00569_gSynmpwioV4_id00287_wavtolip.mp4,1,FVFA,0.790315,0.859660,0.824988,1,1
00088_id00569_gSynmpwioV4_id00897_wavtolip.mp4,1,FVFA,0.789301,0.859724,0.824512,1,1
00088_id00581_7AxvP19LGKg.mp4,1,FVRA,0.790838,0.856985,0.823912,1,1
00088_id00581_7AxvP19LGKg_id00813_wavtolip.mp4,1,FVFA,0.790577,0.857811,0.824194,1,1
00088_id00591_1Jo8xElXQMs.mp4,1,FVRA,0.788520,0.857006,0.822763,1,1
00088_id00591_1Jo8xElXQMs_id00330_wavtolip.mp4,1,FVFA,0.788638,0.858800,0.823719,1,1
00088_id00591_wavtolip.mp4,1,FVFA,0.790938,0.859721,0.825329,1,1
00088_id00633_UXrTMta1EDM.mp4,1,FVRA,0.788996,0.857006,0.823001,1,1
00088_id00633_UXrTMta1EDM_faceswap.mp4,1,FVRA,0.788778,0.856961,0.822869,1,1
00088_id00633_UXrTMta1EDM_faceswap_id00042_wavtolip.mp4,1,FVFA,0.788861,0.858850,0.823855,1,1
00088_id00633_UXrTMta1EDM_faceswap_id00434_wavtolip.mp4,1,FVFA,0.788914,0.858704,0.823809,1,1
00088_id00633_UXrTMta1EDM_faceswap_id03649_wavtolip.mp4,1,FVFA,0.788512,0.859676,0.824094,1,1
00088_id00633_UXrTMta1EDM_id03649_wavtolip.mp4,1,FVFA,0.788786,0.859676,0.824231,1,1
00088_id00633_wavtolip.mp4,1,FVRA,0.790962,0.858329,0.824646,1,1
00088_id00634_wavtolip.mp4,1,FVRA,0.788431,0.858714,0.823572,1,1
00088_id00735_wavtolip.mp4,1,FVFA,0.790842,0.859871,0.825357,1,1
00088_id00826_wavtolip.mp4,1,FVRA,0.788404,0.859380,0.823892,1,1
00088_id00897_wavtolip.mp4,1,FVFA,0.788421,0.859724,0.824073,1,1
00088_id01001_dHJc8dh9X8c.mp4,1,FVRA,0.790561,0.856985,0.823773,1,1
00088_id01001_dHJc8dh9X8c_id00330_wavtolip.mp4,1,FVFA,0.790197,0.858951,0.824574,1,1
00088_id01001_wavtolip.mp4,1,FVRA,0.790878,0.859447,0.825162,1,1
00088_id01002_eQTviHjyISo.mp4,1,FVRA,0.790544,0.856985,0.823765,1,1
00088_id01002_eQTviHjyISo_faceswap.mp4,1,FVRA,0.791123,0.856924,0.824024,1,1
00088_id01002_eQTviHjyISo_faceswap_id00232_wavtolip.mp4,1,FVFA,0.790835,0.859241,0.825038,1,1
00088_id01002_eQTviHjyISo_faceswap_id00270_wavtolip.mp4,1,FVFA,0.790796,0.859898,0.825347,1,1
00088_id01002_eQTviHjyISo_faceswap_id00735_wavtolip.mp4,1,FVFA,0.790799,0.859871,0.825335,1,1
00088_id01002_eQTviHjyISo_faceswap_id03620_wavtolip.mp4,1,FVFA,0.790927,0.857847,0.824387,1,1
00088_id01002_eQTviHjyISo_id00262_wavtolip.mp4,1,FVFA,0.790303,0.857270,0.823787,1,1
00088_id01002_wavtolip.mp4,1,FVRA,0.790844,0.855389,0.823116,1,1
00088_id01018_wavtolip.mp4,1,FVRA,0.790965,0.858281,0.824623,1,1
00088_id03589_wavtolip.mp4,1,FVRA,0.790903,0.857060,0.823982,1,1
00088_id03620_wavtolip.mp4,1,FVRA,0.790962,0.855150,0.823056,1,1
00088_id03716_wavtolip.mp4,1,FVFA,0.788432,0.858914,0.823673,1,1
00088_id03844_wavtolip.mp4,1,FVFA,0.790904,0.859099,0.825002,1,1
00088_id03858_uKVqPfRf-ac.mp4,1,FVRA,0.789085,0.857006,0.823045,1,1
00088_id03858_uKVqPfRf-ac_id00042_wavtolip.mp4,1,FVFA,0.789142,0.858850,0.823996,1,1
00088_id03858_wavtolip.mp4,1,FVFA,0.788454,0.859425,0.823940,1,1
00092.mp4,0,RVRA,0.787123,0.859101,0.823112,1,1
00092_0.mp4,1,FVRA,0.784580,0.857118,0.820849,1,1
00092_fake.mp4,1,RVFA,0.787376,0.854480,0.820928,1,1
00092_id00042_wavtolip.mp4,1,FVFA,0.792185,0.858828,0.825507,1,1
00092_id00068_wavtolip.mp4,1,FVRA,0.792217,0.853334,0.822775,1,1
00092_id00188_e-vm5FB3idA.mp4,1,FVRA,0.792410,0.859369,0.825890,1,1
00092_id00188_e-vm5FB3idA_id00271_wavtolip.mp4,1,FVFA,0.792333,0.859070,0.825702,1,1
00092_id00188_wavtolip.mp4,1,FVFA,0.787212,0.859694,0.823453,1,1
00092_id00232_kL0cCveU1zg.mp4,1,FVRA,0.792370,0.859369,0.825870,1,1
00092_id00232_kL0cCveU1zg_id03716_wavtolip.mp4,1,FVFA,0.792276,0.859385,0.825831,1,1
00092_id00232_wavtolip.mp4,1,FVFA,0.792179,0.859787,0.825983,1,1
00092_id00234_wavtolip.mp4,1,FVRA,0.792185,0.858782,0.825483,1,1
00092_id00262_wavtolip.mp4,1,FVFA,0.787868,0.857950,0.822909,1,1
00092_id00270_hoEQ70-sDME.mp4,1,FVRA,0.786876,0.859124,0.823000,1,1
00092_id00270_hoEQ70-sDME_id00287_wavtolip.mp4,1,FVFA,0.787011,0.859660,0.823335,1,1
00092_id00270_wavtolip.mp4,1,FVFA,0.787346,0.859898,0.823622,1,1
00092_id00271_wavtolip.mp4,1,FVFA,0.792204,0.859070,0.825637,1,1
00092_id00287_wavtolip.mp4,1,FVFA,0.792179,0.859660,0.825919,1,1
00092_id00325_4vJtbNe0L98.mp4,1,FVRA,0.792058,0.859654,0.825856,1,1
00092_id00325_4vJtbNe0L98_id00332_wavtolip.mp4,1,FVFA,0.791920,0.859957,0.825938,1,1
00092_id00325_wavtolip.mp4,1,FVRA,0.792186,0.859818,0.826002,1,1
00092_id00328_wavtolip.mp4,1,FVRA,0.787934,0.859663,0.823798,1,1
00092_id00332_wavtolip.mp4,1,FVFA,0.792188,0.859957,0.826072,1,1
00092_id00365_XV-imLNJvfk.mp4,1,FVRA,0.788023,0.859124,0.823573,1,1
00092_id00373_5NXv3Dxkd6E.mp4,1,FVRA,0.792291,0.859369,0.825830,1,1
00092_id00373_5NXv3Dxkd6E_id03844_wavtolip.mp4,1,FVFA,0.792228,0.859099,0.825663,1,1
00092_id00374_wavtolip.mp4,1,FVFA,0.792209,0.859262,0.825735,1,1
00092_id00379_wavtolip.mp4,1,FVFA,0.787499,0.859673,0.823586,1,1
00092_id00395_wM5kGJfTtEM.mp4,1,FVRA,0.787529,0.859124,0.823326,1,1
00092_id00395_wM5kGJfTtEM_faceswap.mp4,1,FVRA,0.787490,0.859101,0.823296,1,1
00092_id00395_wM5kGJfTtEM_faceswap_id00262_wavtolip.mp4,1,FVFA,0.788165,0.857950,0.823058,1,1
00092_id00395_wM5kGJfTtEM_faceswap_id00365_wavtolip.mp4,1,FVFA,0.788110,0.857601,0.822855,1,1
00092_id00395_wM5kGJfTtEM_faceswap_id00374_wavtolip.mp4,1,FVFA,0.788201,0.859009,0.823605,1,1
00092_id00395_wM5kGJfTtEM_faceswap_id00496_wavtolip.mp4,1,FVFA,0.788159,0.857063,0.822611,1,1
00092_id00395_wM5kGJfTtEM_faceswap_id01018_wavtolip.mp4,1,FVFA,0.788151,0.859593,0.823872,1,1
00092_id00395_wM5kGJfTtEM_id00328_wavtolip.mp4,1,FVFA,0.792029,0.859795,0.825912,1,1
00092_id00395_wM5kGJfTtEM_id03620_wavtolip.mp4,1,FVFA,0.788165,0.858347,0.823256,1,1
00092_id00395_wavtolip.mp4,1,FVRA,0.792187,0.859322,0.825755,1,1
00092_id00403_n4LSCxzFr6o.mp4,1,FVRA,0.792270,0.859369,0.825819,1,1
00092_id00403_n4LSCxzFr6o_id00806_wavtolip.mp4,1,FVFA,0.792182,0.859588,0.825885,1,1
00092_id00434_wavtolip.mp4,1,FVFA,0.787859,0.858486,0.823172,1,1
00092_id00484_u7YTz8eFZv0.mp4,1,FVRA,0.787895,0.859124,0.823509,1,1
00092_id00484_u7YTz8eFZv0_faceswap.mp4,1,FVRA,0.792348,0.859347,0.825847,1,1
00092_id00484_u7YTz8eFZv0_faceswap_id00287_wavtolip.mp4,1,FVFA,0.792425,0.859660,0.826043,1,1
00092_id00484_u7YTz8eFZv0_faceswap_id00484_wavtolip.mp4,1,FVFA,0.792368,0.859602,0.825985,1,1
00092_id00484_u7YTz8eFZv0_faceswap_id01002_wavtolip.mp4,1,FVFA,0.792357,0.859148,0.825752,1,1
00092_id00484_u7YTz8eFZv0_faceswap_id03589_wavtolip.mp4,1,FVFA,0.792436,0.858725,0.825581,1,1
00092_id00484_u7YTz8eFZv0_id00496_wavtolip.mp4,1,FVFA,0.792212,0.858095,0.825153,1,1
00092_id00484_wavtolip.mp4,1,FVRA,0.787937,0.857754,0.822846,1,1
00092_id00491_wavtolip.mp4,1,FVRA,0.792128,0.857832,0.824980,1,1
00092_id00495_E46aiMUC4A0.mp4,1,FVRA,0.788064,0.859124,0.823594,1,1
00092_id00495_E46aiMUC4A0_id03649_wavtolip.mp4,1,FVFA,0.788135,0.859676,0.823905,1,1
00092_id00495_E46aiMUC4A0_id03844_wavtolip.mp4,1,FVFA,0.792296,0.859099,0.825698,1,1
00092_id00495_wavtolip.mp4,1,FVFA,0.787203,0.860019,0.823611,1,1
00092_id00496_wavtolip.mp4,1,FVRA,0.787871,0.857670,0.822770,1,1
00092_id00569_wavtolip.mp4,1,FVFA,0.792174,0.859631,0.825902,1,1
00092_id00581_7AxvP19LGKg.mp4,1,FVRA,0.787961,0.859124,0.823542,1,1
00092_id00581_7AxvP19LGKg_id00581_wavtolip.mp4,1,FVFA,0.788523,0.858974,0.823749,1,1
00092_id00581_wavtolip.mp4,1,FVRA,0.792182,0.859968,0.826075,1,1
00092_id00591_wavtolip.mp4,1,FVRA,0.787386,0.859417,0.823402,1,1
00092_id00633_wavtolip.mp4,1,FVFA,0.792208,0.859162,0.825685,1,1
00092_id00634_wavtolip.mp4,1,FVFA,0.792216,0.859694,0.825955,1,1
00092_id00735_wavtolip.mp4,1,FVFA,0.787156,0.859871,0.823513,1,1
00092_id00806_wavtolip.mp4,1,FVFA,0.792181,0.859808,0.825995,1,1
00092_id00813_wavtolip.mp4,1,FVFA,0.787854,0.858217,0.823035,1,1
00092_id00823_KgExwCvgrUk.mp4,1,FVRA,0.787480,0.859124,0.823302,1,1
00092_id00823_KgExwCvgrUk_id03941_wavtolip.mp4,1,FVFA,0.787792,0.859325,0.823559,1,1
00092_id00897_0ayFw8JhoyI.mp4,1,FVRA,0.791919,0.859654,0.825787,1,1
00092_id00897_0ayFw8JhoyI_id00826_wavtolip.mp4,1,FVFA,0.791870,0.859453,0.825661,1,1
00092_id01001_wavtolip.mp4,1,FVRA,0.792193,0.859804,0.825998,1,1
00092_id01002_eQTviHjyISo.mp4,1,FVRA,0.791930,0.859654,0.825792,1,1
00092_id01002_eQTviHjyISo_id03941_wavtolip.mp4,1,FVFA,0.791938,0.859324,0.825631,1,1
00092_id01002_wavtolip.mp4,1,FVFA,0.792127,0.859148,0.825638,1,1
00092_id01018_VNPt_GB5QiE.mp4,1,FVRA,0.792144,0.859654,0.825899,1,1
00092_id01018_VNPt_GB5QiE_id00330_wavtolip.mp4,1,FVFA,0.792046,0.859664,0.825855,1,1
00092_id03371_truKMXt8Dak.mp4,1,FVRA,0.788023,0.859124,0.823573,1,1
00092_id03371_truKMXt8Dak_id00325_wavtolip.mp4,1,FVFA,0.791961,0.859870,0.825916,1,1
00092_id03371_truKMXt8Dak_id00328_wavtolip.mp4,1,FVFA,0.792196,0.859333,0.825764,1,1
00092_id03371_truKMXt8Dak_id00735_wavtolip.mp4,1,FVFA,0.788086,0.859871,0.823978,1,1
00092_id03589_wavtolip.mp4,1,FVFA,0.787867,0.857374,0.822620,1,1
00092_id03620_YkXM5A8w07E.mp4,1,FVRA,0.791821,0.859654,0.825737,1,1
00092_id03620_YkXM5A8w07E_id03858_wavtolip.mp4,1,FVFA,0.791994,0.859425,0.825710,1,1
00092_id03649_389qfFqUddI.mp4,1,FVRA,0.792200,0.859654,0.825927,1,1
00092_id03649_389qfFqUddI_id03651_wavtolip.mp4,1,FVFA,0.792074,0.859639,0.825856,1,1
00092_id03649_wavtolip.mp4,1,FVRA,0.792189,0.858728,0.825459,1,1
00092_id03651_wavtolip.mp4,1,FVRA,0.787505,0.859868,0.823687,1,1
00092_id03716_s-lxbGafZQA.mp4,1,FVRA,0.787611,0.859124,0.823367,1,1
00092_id03716_s-lxbGafZQA_faceswap.mp4,1,FVRA,0.792254,0.859634,0.825944,1,1
00092_id03716_s-lxbGafZQA_faceswap_id00403_wavtolip.mp4,1,FVFA,0.792204,0.859933,0.826069,1,1
00092_id03716_s-lxbGafZQA_faceswap_id00434_wavtolip.mp4,1,FVFA,0.792204,0.859664,0.825934,1,1
00092_id03716_s-lxbGafZQA_faceswap_id00813_wavtolip.mp4,1,FVFA,0.792200,0.859330,0.825765,1,1
00092_id03716_s-lxbGafZQA_faceswap_id01018_wavtolip.mp4,1,FVFA,0.792201,0.860126,0.826164,1,1
00092_id03716_s-lxbGafZQA_faceswap_id03858_wavtolip.mp4,1,FVFA,0.792198,0.859830,0.826014,1,1
00092_id03716_s-lxbGafZQA_id00395_wavtolip.mp4,1,FVFA,0.792078,0.859758,0.825918,1,1
00092_id03716_s-lxbGafZQA_id00581_wavtolip.mp4,1,FVFA,0.788248,0.858974,0.823611,1,1
00092_id03716_wavtolip.mp4,1,FVRA,0.792212,0.857312,0.824762,1,1
00092_id03844_AEAEN1Lns2c.mp4,1,FVRA,0.788488,0.859124,0.823806,1,1
00092_id03844_AEAEN1Lns2c_id00806_wavtolip.mp4,1,FVFA,0.788943,0.858926,0.823935,1,1
00092_id03844_wavtolip.mp4,1,FVRA,0.787749,0.859533,0.823641,1,1
00092_id03858_uKVqPfRf-ac.mp4,1,FVRA,0.792092,0.859654,0.825873,1,1
00092_id03858_uKVqPfRf-ac_id00634_wavtolip.mp4,1,FVFA,0.792053,0.859694,0.825873,1,1
00092_id03858_uKVqPfRf-ac_id00813_wavtolip.mp4,1,FVFA,0.791999,0.859330,0.825665,1,1
00092_id03858_wavtolip.mp4,1,FVFA,0.792178,0.859830,0.826004,1,1
00093.mp4,0,RVRA,0.784291,0.857118,0.820704,1,1
00093_fake.mp4,1,RVFA,0.784648,0.859189,0.821918,1,1
00093_id00071_JU1cVINUTZA.mp4,1,FVRA,0.785978,0.857184,0.821581,1,1
00093_id00071_JU1cVINUTZA_id00330_wavtolip.mp4,1,FVFA,0.786579,0.859438,0.823009,1,1
00093_id00071_wavtolip.mp4,1,FVFA,0.785291,0.859856,0.822574,1,1
00093_id00232_wavtolip.mp4,1,FVRA,0.785007,0.859224,0.822116,1,1
00093_id00234_wavtolip.mp4,1,FVRA,0.785002,0.858269,0.821636,1,1
00093_id00262_3p7sRWAAh1Q.mp4,1,FVRA,0.785423,0.857184,0.821304,1,1
00093_id00262_3p7sRWAAh1Q_id00826_wavtolip.mp4,1,FVFA,0.786263,0.859453,0.822858,1,1
00093_id00287_2NpfYjyMsPM.mp4,1,FVRA,0.786216,0.857184,0.821700,1,1
00093_id00287_2NpfYjyMsPM_id00270_wavtolip.mp4,1,FVFA,0.787001,0.859888,0.823445,1,1
00093_id00330_wavtolip.mp4,1,FVRA,0.785026,0.854225,0.819626,1,1
00093_id00379_fgkgYHCuk4g.mp4,1,FVRA,0.785868,0.857184,0.821526,1,1
00093_id00379_fgkgYHCuk4g_id00484_wavtolip.mp4,1,FVFA,0.786634,0.859602,0.823118,1,1
00093_id00395_wM5kGJfTtEM.mp4,1,FVRA,0.785606,0.857184,0.821395,1,1
00093_id00395_wM5kGJfTtEM_id00332_wavtolip.mp4,1,FVFA,0.786219,0.859685,0.822952,1,1
00093_id00395_wavtolip.mp4,1,FVFA,0.785412,0.859779,0.822596,1,1
00093_id00491_wavtolip.mp4,1,FVRA,0.785188,0.857832,0.821510,1,1
00093_id00495_E46aiMUC4A0.mp4,1,FVRA,0.786036,0.857184,0.821610,1,1
00093_id00495_E46aiMUC4A0_id03651_wavtolip.mp4,1,FVFA,0.787058,0.859724,0.823391,1,1
00093_id00569_wavtolip.mp4,1,FVFA,0.785421,0.859631,0.822526,1,1
00093_id00591_wavtolip.mp4,1,FVFA,0.785446,0.859721,0.822583,1,1
00093_id00633_UXrTMta1EDM.mp4,1,FVRA,0.785513,0.857184,0.821349,1,1
00093_id00633_UXrTMta1EDM_id00484_wavtolip.mp4,1,FVFA,0.786310,0.859602,0.822956,1,1
00093_id00633_wavtolip.mp4,1,FVFA,0.785021,0.859162,0.822092,1,1
00093_id00735_wavtolip.mp4,1,FVRA,0.785018,0.859463,0.822240,1,1
00093_id00897_0ayFw8JhoyI.mp4,1,FVRA,0.785841,0.857184,0.821513,1,1
00093_id00897_0ayFw8JhoyI_id00270_wavtolip.mp4,1,FVFA,0.786645,0.859888,0.823266,1,1
00093_id01002_wavtolip.mp4,1,FVFA,0.785202,0.859148,0.822175,1,1
00093_id01018_VNPt_GB5QiE.mp4,1,FVRA,0.786110,0.857184,0.821647,1,1
00093_id01018_VNPt_GB5QiE_id03651_wavtolip.mp4,1,FVFA,0.787107,0.859724,0.823415,1,1
00093_id03620_wavtolip.mp4,1,FVRA,0.785016,0.858253,0.821635,1,1
00093_id03651_wavtolip.mp4,1,FVRA,0.785197,0.859868,0.822533,1,1
00093_id03844_wavtolip.mp4,1,FVRA,0.785152,0.859533,0.822343,1,1
00093_id03858_wavtolip.mp4,1,FVRA,0.785011,0.859529,0.822270,1,1
00093_id03941_SsYtP8Ze88Q.mp4,1,FVRA,0.786243,0.857184,0.821713,1,1
00093_id03941_SsYtP8Ze88Q_faceswap.mp4,1,FVRA,0.784638,0.857118,0.820878,1,1
00093_id03941_SsYtP8Ze88Q_faceswap_id00287_wavtolip.mp4,1,FVFA,0.785594,0.859660,0.822627,1,1
00093_id03941_SsYtP8Ze88Q_faceswap_id00325_wavtolip.mp4,1,FVFA,0.785326,0.859703,0.822515,1,1
00093_id03941_SsYtP8Ze88Q_faceswap_id00813_wavtolip.mp4,1,FVFA,0.785335,0.859023,0.822179,1,1
00093_id03941_SsYtP8Ze88Q_faceswap_id00826_wavtolip.mp4,1,FVFA,0.785627,0.859453,0.822540,1,1
00093_id03941_SsYtP8Ze88Q_faceswap_id03716_wavtolip.mp4,1,FVFA,0.785346,0.859385,0.822366,1,1
00093_id03941_SsYtP8Ze88Q_id03649_wavtolip.mp4,1,FVFA,0.787109,0.859676,0.823392,1,1
00093_id03941_wavtolip.mp4,1,FVFA,0.785209,0.859325,0.822267,1,1
00118.mp4,0,RVRA,0.787453,0.847628,0.817540,1,1
00118_fake.mp4,1,RVFA,0.787645,0.856535,0.822090,1,1
00118_id00262_wavtolip.mp4,1,FVFA,0.788160,0.858175,0.823167,1,1
00118_id00328_wavtolip.mp4,1,FVFA,0.787864,0.859431,0.823648,1,1
00118_id00332__zNddcZV1EU.mp4,1,FVRA,0.789547,0.847824,0.818686,1,1
00118_id00332__zNddcZV1EU_id00328_wavtolip.mp4,1,FVFA,0.789882,0.859431,0.824657,1,1
00118_id00365_XV-imLNJvfk.mp4,1,FVRA,0.789790,0.847824,0.818807,1,1
00118_id00365_XV-imLNJvfk_faceswap.mp4,1,FVRA,0.787887,0.847628,0.817758,1,1
00118_id00365_XV-imLNJvfk_faceswap_id00262_wavtolip.mp4,1,FVFA,0.788489,0.858175,0.823332,1,1
00118_id00365_XV-imLNJvfk_faceswap_id00328_wavtolip.mp4,1,FVFA,0.788251,0.859431,0.823841,1,1
00118_id00365_XV-imLNJvfk_faceswap_id00569_wavtolip.mp4,1,FVFA,0.787968,0.859631,0.823799,1,1
00118_id00365_XV-imLNJvfk_faceswap_id00897_wavtolip.mp4,1,FVFA,0.788474,0.859627,0.824050,1,1
00118_id00365_XV-imLNJvfk_faceswap_id03716_wavtolip.mp4,1,FVFA,0.788473,0.858799,0.823636,1,1
00118_id00374_w1qI7y9AGTc.mp4,1,FVRA,0.789499,0.847824,0.818662,1,1
00118_id00374_w1qI7y9AGTc_id00735_wavtolip.mp4,1,FVFA,0.789676,0.859871,0.824773,1,1
00118_id00374_wavtolip.mp4,1,FVFA,0.788103,0.859009,0.823556,1,1
00118_id00395_wavtolip.mp4,1,FVRA,0.787799,0.859392,0.823596,1,1
00118_id00434_HPXkk-HGXVI.mp4,1,FVRA,0.790493,0.847824,0.819159,1,1
00118_id00434_HPXkk-HGXVI_id03371_wavtolip.mp4,1,FVFA,0.790878,0.858850,0.824864,1,1
00118_id00434_wavtolip.mp4,1,FVFA,0.788173,0.858587,0.823380,1,1
00118_id00491_ShjiTWoOtM4.mp4,1,FVRA,0.788459,0.847824,0.818142,1,1
00118_id00491_wavtolip.mp4,1,FVRA,0.787799,0.857832,0.822815,1,1
00118_id00581_7AxvP19LGKg.mp4,1,FVRA,0.789214,0.847824,0.818519,1,1
00118_id00581_7AxvP19LGKg_id00271_wavtolip.mp4,1,FVFA,0.789429,0.859070,0.824250,1,1
00118_id00591_wavtolip.mp4,1,FVFA,0.787635,0.859721,0.823678,1,1
00118_id00633_wavtolip.mp4,1,FVFA,0.788156,0.858444,0.823300,1,1
00118_id00806_wavtolip.mp4,1,FVRA,0.788190,0.858255,0.823222,1,1
00118_id00823_KgExwCvgrUk.mp4,1,FVRA,0.788827,0.847824,0.818326,1,1
00118_id00897_0ayFw8JhoyI.mp4,1,FVRA,0.789727,0.847824,0.818776,1,1
00118_id01001_wavtolip.mp4,1,FVRA,0.788029,0.859447,0.823738,1,1
00118_id01002_wavtolip.mp4,1,FVFA,0.787783,0.859148,0.823465,1,1
00118_id01018_wavtolip.mp4,1,FVRA,0.788163,0.858953,0.823558,1,1
00118_id03371_truKMXt8Dak.mp4,1,FVRA,0.789578,0.847824,0.818701,1,1
00118_id03371_truKMXt8Dak_id00328_wavtolip.mp4,1,FVFA,0.789864,0.859431,0.824648,1,1
00118_id03844_AEAEN1Lns2c.mp4,1,FVRA,0.790351,0.847824,0.819088,1,1
00118_id03844_AEAEN1Lns2c_id00395_wavtolip.mp4,1,FVFA,0.790438,0.859779,0.825108,1,1
00118_id03844_wavtolip.mp4,1,FVFA,0.787619,0.859099,0.823359,1,1
00118_id03858_wavtolip.mp4,1,FVFA,0.787933,0.859425,0.823679,1,1
00122.mp4,0,RVRA,0.790925,0.856353,0.823639,1,1
00122_fake.mp4,1,RVFA,0.790955,0.859534,0.825245,1,1
00122_id00188_e-vm5FB3idA.mp4,1,FVRA,0.791516,0.856416,0.823966,1,1
00122_id00188_e-vm5FB3idA_id00325_wavtolip.mp4,1,FVFA,0.791333,0.859796,0.825564,1,1
00122_id00234_M3g5KRLJB60.mp4,1,FVRA,0.791410,0.856416,0.823913,1,1
00122_id00234_M3g5KRLJB60_id00374_wavtolip.mp4,1,FVFA,0.791300,0.859528,0.825414,1,1
00122_id00234_wavtolip.mp4,1,FVFA,0.791076,0.859654,0.825365,1,1
00122_id00262_wavtolip.mp4,1,FVRA,0.791073,0.857715,0.824394,1,1
00122_id00271_wavtolip.mp4,1,FVFA,0.791028,0.859070,0.825049,1,1
00122_id00330_zCFFgGSIZ_s.mp4,1,FVRA,0.790760,0.856416,0.823588,1,1
00122_id00330_zCFFgGSIZ_s_id03649_wavtolip.mp4,1,FVFA,0.790789,0.859660,0.825225,1,1
00122_id00373_wavtolip.mp4,1,FVFA,0.791075,0.857836,0.824456,1,1
00122_id00403_wavtolip.mp4,1,FVFA,0.791091,0.859900,0.825495,1,1
00122_id00495_wavtolip.mp4,1,FVRA,0.791046,0.859768,0.825407,1,1
00122_id00496_wavtolip.mp4,1,FVFA,0.791082,0.858443,0.824763,1,1
00122_id00569_gSynmpwioV4.mp4,1,FVRA,0.791488,0.856416,0.823952,1,1
00122_id00569_gSynmpwioV4_id00591_wavtolip.mp4,1,FVFA,0.791305,0.859721,0.825513,1,1
00122_id00589_wavtolip.mp4,1,FVRA,0.791075,0.858729,0.824902,1,1
00122_id00591_1Jo8xElXQMs.mp4,1,FVRA,0.790873,0.856416,0.823645,1,1
00122_id00591_1Jo8xElXQMs_id00581_wavtolip.mp4,1,FVFA,0.790909,0.859752,0.825331,1,1
00122_id00633_UXrTMta1EDM.mp4,1,FVRA,0.791280,0.856416,0.823848,1,1
00122_id00633_UXrTMta1EDM_faceswap.mp4,1,FVRA,0.791349,0.856353,0.823851,1,1
00122_id00633_UXrTMta1EDM_faceswap_id00569_wavtolip.mp4,1,FVFA,0.791333,0.859620,0.825477,1,1
00122_id00633_UXrTMta1EDM_faceswap_id01002_wavtolip.mp4,1,FVFA,0.791451,0.859148,0.825299,1,1
00122_id00633_UXrTMta1EDM_faceswap_id03620_wavtolip.mp4,1,FVFA,0.791448,0.859549,0.825498,1,1
00122_id00633_UXrTMta1EDM_faceswap_id03716_wavtolip.mp4,1,FVFA,0.791448,0.859571,0.825510,1,1
00122_id00633_UXrTMta1EDM_faceswap_id03941_wavtolip.mp4,1,FVFA,0.791432,0.859325,0.825378,1,1
00122_id00633_UXrTMta1EDM_id00735_wavtolip.mp4,1,FVFA,0.791213,0.859780,0.825497,1,1
00122_id01002_eQTviHjyISo.mp4,1,FVRA,0.791102,0.856416,0.823759,1,1
00122_id01002_eQTviHjyISo_id03371_wavtolip.mp4,1,FVFA,0.791051,0.859522,0.825287,1,1
00122_id01002_wavtolip.mp4,1,FVRA,0.791058,0.855389,0.823223,1,1
00122_id01018_VNPt_GB5QiE.mp4,1,FVRA,0.791411,0.856416,0.823914,1,1
00122_id01018_VNPt_GB5QiE_id01002_wavtolip.mp4,1,FVFA,0.791334,0.859148,0.825241,1,1
00122_id03371_truKMXt8Dak.mp4,1,FVRA,0.791379,0.856416,0.823897,1,1
00122_id03371_truKMXt8Dak_id00633_wavtolip.mp4,1,FVFA,0.791273,0.859329,0.825301,1,1
00122_id03371_wavtolip.mp4,1,FVRA,0.791080,0.859048,0.825064,1,1
00122_id03589_wavtolip.mp4,1,FVRA,0.791073,0.859274,0.825173,1,1
00122_id03620_wavtolip.mp4,1,FVFA,0.791063,0.859549,0.825306,1,1
00122_id03651_wavtolip.mp4,1,FVFA,0.790975,0.859724,0.825349,1,1
00122_id03844_wavtolip.mp4,1,FVFA,0.790968,0.859056,0.825012,1,1
00122_id03858_uKVqPfRf-ac.mp4,1,FVRA,0.791289,0.856416,0.823852,1,1
00122_id03858_uKVqPfRf-ac_id00395_wavtolip.mp4,1,FVFA,0.791123,0.859779,0.825451,1,1
00122_id03941_wavtolip.mp4,1,FVFA,0.791037,0.859325,0.825181,1,1
00125.mp4,0,RVRA,0.767400,0.849826,0.808613,1,1
00125_fake.mp4,1,RVFA,0.768502,0.855597,0.812049,1,1
00125_id00188_wavtolip.mp4,1,FVFA,0.771303,0.859599,0.815451,1,1
00125_id00234_wavtolip.mp4,1,FVRA,0.770203,0.858619,0.814411,1,1
00125_id00262_3p7sRWAAh1Q.mp4,1,FVRA,0.770506,0.849860,0.810183,1,1
00125_id00262_3p7sRWAAh1Q_id00434_wavtolip.mp4,1,FVFA,0.772804,0.859576,0.816190,1,1
00125_id00271_wavtolip.mp4,1,FVFA,0.770552,0.859070,0.814811,1,1
00125_id00330_zCFFgGSIZ_s.mp4,1,FVRA,0.766142,0.849860,0.808001,1,1
00125_id00330_zCFFgGSIZ_s_id03858_wavtolip.mp4,1,FVFA,0.768806,0.859804,0.814305,1,1
00125_id00332_wavtolip.mp4,1,FVFA,0.770219,0.859898,0.815059,1,1
00125_id00365_wavtolip.mp4,1,FVRA,0.770214,0.859502,0.814858,1,1
00125_id00373_5NXv3Dxkd6E.mp4,1,FVRA,0.770751,0.849860,0.810306,1,1
00125_id00373_5NXv3Dxkd6E_id03858_wavtolip.mp4,1,FVFA,0.773307,0.859804,0.816555,1,1
00125_id00374_wavtolip.mp4,1,FVFA,0.770205,0.859547,0.814876,1,1
00125_id00395_wM5kGJfTtEM.mp4,1,FVRA,0.769840,0.849860,0.809850,1,1
00125_id00395_wM5kGJfTtEM_faceswap.mp4,1,FVRA,0.768522,0.849826,0.809174,1,1
00125_id00395_wM5kGJfTtEM_faceswap_id00332_wavtolip.mp4,1,FVFA,0.771180,0.859898,0.815539,1,1
00125_id00395_wM5kGJfTtEM_faceswap_id00379_wavtolip.mp4,1,FVFA,0.771179,0.859639,0.815409,1,1
00125_id00395_wM5kGJfTtEM_faceswap_id03651_wavtolip.mp4,1,FVFA,0.774645,0.859724,0.817184,1,1
00125_id00395_wM5kGJfTtEM_faceswap_id03858_wavtolip.mp4,1,FVFA,0.771219,0.859804,0.815511,1,1
00125_id00395_wM5kGJfTtEM_faceswap_id03941_wavtolip.mp4,1,FVFA,0.771173,0.859325,0.815249,1,1
00125_id00395_wM5kGJfTtEM_id00328_wavtolip.mp4,1,FVFA,0.772128,0.859514,0.815821,1,1
00125_id00403_wavtolip.mp4,1,FVFA,0.770212,0.859914,0.815063,1,1
00125_id00434_wavtolip.mp4,1,FVFA,0.770244,0.859576,0.814910,1,1
00125_id00495_E46aiMUC4A0.mp4,1,FVRA,0.771526,0.849860,0.810693,1,1
00125_id00495_E46aiMUC4A0_id03620_wavtolip.mp4,1,FVFA,0.773987,0.859581,0.816784,1,1
00125_id00496_wavtolip.mp4,1,FVFA,0.770276,0.858474,0.814375,1,1
00125_id00581_7AxvP19LGKg.mp4,1,FVRA,0.770084,0.849860,0.809972,1,1
00125_id00581_7AxvP19LGKg_id00735_wavtolip.mp4,1,FVFA,0.772758,0.859780,0.816269,1,1
00125_id00633_wavtolip.mp4,1,FVFA,0.770271,0.859378,0.814825,1,1
00125_id00634_z5t9oJizDQg.mp4,1,FVRA,0.771411,0.849860,0.810636,1,1
00125_id00634_z5t9oJizDQg_id00633_wavtolip.mp4,1,FVFA,0.773699,0.859378,0.816539,1,1
00125_id00735_wavtolip.mp4,1,FVRA,0.770238,0.859700,0.814969,1,1
00125_id00813_dKs9CWJIkSI.mp4,1,FVRA,0.773247,0.849860,0.811553,1,1
00125_id00813_dKs9CWJIkSI_id00395_wavtolip.mp4,1,FVFA,0.776468,0.859758,0.818113,1,1
00125_id00823_wavtolip.mp4,1,FVRA,0.770274,0.851933,0.811103,1,1
00125_id00826_wavtolip.mp4,1,FVFA,0.770386,0.859453,0.814919,1,1
00125_id01018_wavtolip.mp4,1,FVRA,0.770256,0.859635,0.814946,1,1
00125_id03371_wavtolip.mp4,1,FVRA,0.770230,0.859100,0.814665,1,1
00125_id03589_9NxOQlwpMys.mp4,1,FVRA,0.773215,0.849860,0.811537,1,1
00125_id03589_9NxOQlwpMys_id00403_wavtolip.mp4,1,FVFA,0.775303,0.859914,0.817608,1,1
00125_id03651_wavtolip.mp4,1,FVRA,0.770234,0.859868,0.815051,1,1
00125_id03858_uKVqPfRf-ac.mp4,1,FVRA,0.771447,0.849860,0.810653,1,1
00125_id03858_wavtolip.mp4,1,FVRA,0.770306,0.859640,0.814973,1,1
00130.mp4,0,RVRA,0.790730,0.854763,0.822746,1,1
00130_0.mp4,1,FVRA,0.784666,0.857118,0.820892,1,1
00130_fake.mp4,1,RVFA,0.790556,0.851501,0.821029,1,1
00130_id00042_wavtolip.mp4,1,FVRA,0.790326,0.856927,0.823626,1,1
00130_id00188_wavtolip.mp4,1,FVRA,0.790345,0.859563,0.824954,1,1
00130_id00232_wavtolip.mp4,1,FVRA,0.790344,0.858067,0.824206,1,1
00130_id00262_wavtolip.mp4,1,FVRA,0.790339,0.855104,0.822721,1,1
00130_id00270_wavtolip.mp4,1,FVFA,0.790305,0.859898,0.825101,1,1
00130_id00271_je6JSLqEEcw.mp4,1,FVRA,0.790223,0.854874,0.822549,1,1
00130_id00271_je6JSLqEEcw_id00735_wavtolip.mp4,1,FVFA,0.789791,0.859871,0.824831,1,1
00130_id00287_wavtolip.mp4,1,FVFA,0.790277,0.859660,0.824968,1,1
00130_id00373_5NXv3Dxkd6E.mp4,1,FVRA,0.790205,0.854874,0.822540,1,1
00130_id00373_5NXv3Dxkd6E_id03371_wavtolip.mp4,1,FVFA,0.789765,0.858882,0.824324,1,1
00130_id00374_wavtolip.mp4,1,FVFA,0.790304,0.859009,0.824656,1,1
00130_id00495_E46aiMUC4A0.mp4,1,FVRA,0.790123,0.854874,0.822499,1,1
00130_id00495_E46aiMUC4A0_id00325_wavtolip.mp4,1,FVFA,0.789661,0.859295,0.824478,1,1
00130_id00581_wavtolip.mp4,1,FVFA,0.790339,0.859133,0.824736,1,1
00130_id00591_1Jo8xElXQMs.mp4,1,FVRA,0.790440,0.854874,0.822657,1,1
00130_id00591_1Jo8xElXQMs_id03620_wavtolip.mp4,1,FVFA,0.790141,0.858601,0.824371,1,1
00130_id00591_wavtolip.mp4,1,FVFA,0.790326,0.859721,0.825023,1,1
00130_id00634_z5t9oJizDQg.mp4,1,FVRA,0.790094,0.854874,0.822484,1,1
00130_id00634_z5t9oJizDQg_faceswap.mp4,1,FVRA,0.790705,0.854763,0.822734,1,1
00130_id00634_z5t9oJizDQg_faceswap_id00071_wavtolip.mp4,1,FVFA,0.790207,0.859856,0.825032,1,1
00130_id00634_z5t9oJizDQg_faceswap_id00325_wavtolip.mp4,1,FVFA,0.790262,0.859295,0.824779,1,1
00130_id00634_z5t9oJizDQg_faceswap_id00395_wavtolip.mp4,1,FVFA,0.790280,0.859779,0.825030,1,1
00130_id00634_z5t9oJizDQg_faceswap_id00591_wavtolip.mp4,1,FVFA,0.790271,0.859721,0.824996,1,1
00130_id00634_z5t9oJizDQg_faceswap_id00823_wavtolip.mp4,1,FVFA,0.790289,0.859431,0.824860,1,1
00130_id00634_z5t9oJizDQg_id00897_wavtolip.mp4,1,FVFA,0.789664,0.859688,0.824676,1,1
00130_id00735_wavtolip.mp4,1,FVRA,0.790381,0.859433,0.824907,1,1
00130_id00813_wavtolip.mp4,1,FVFA,0.790327,0.858425,0.824376,1,1
00130_id00826_wavtolip.mp4,1,FVFA,0.790326,0.859514,0.824920,1,1
00130_id00897_0ayFw8JhoyI.mp4,1,FVRA,0.789847,0.854874,0.822361,1,1
00130_id00897_0ayFw8JhoyI_id00379_wavtolip.mp4,1,FVFA,0.789350,0.859673,0.824512,1,1
00130_id00897_wavtolip.mp4,1,FVFA,0.790344,0.859688,0.825016,1,1
00130_id01002_wavtolip.mp4,1,FVRA,0.790332,0.855389,0.822861,1,1
00130_id03589_9NxOQlwpMys.mp4,1,FVRA,0.789899,0.854874,0.822387,1,1
00130_id03589_9NxOQlwpMys_id00897_wavtolip.mp4,1,FVFA,0.789413,0.859688,0.824551,1,1
00130_id03589_wavtolip.mp4,1,FVRA,0.790338,0.857420,0.823879,1,1
00130_id03620_YkXM5A8w07E.mp4,1,FVRA,0.790004,0.854874,0.822439,1,1
00130_id03620_YkXM5A8w07E_id03858_wavtolip.mp4,1,FVFA,0.789635,0.859425,0.824530,1,1
00130_id03649_389qfFqUddI.mp4,1,FVRA,0.789983,0.854874,0.822429,1,1
00130_id03649_389qfFqUddI_id00495_wavtolip.mp4,1,FVFA,0.789543,0.860019,0.824781,1,1
00130_id03651_wavtolip.mp4,1,FVFA,0.790335,0.859724,0.825029,1,1
00130_id03858_uKVqPfRf-ac.mp4,1,FVRA,0.789958,0.854874,0.822416,1,1
00130_id03858_uKVqPfRf-ac_id00634_wavtolip.mp4,1,FVFA,0.789450,0.859187,0.824319,1,1
00169.mp4,0,RVRA,0.789712,0.851525,0.820619,1,1
00169_fake.mp4,1,RVFA,0.789641,0.852582,0.821112,1,1
00169_id00042_wavtolip.mp4,1,FVRA,0.789812,0.856927,0.823369,1,1
00169_id00234_wavtolip.mp4,1,FVFA,0.789864,0.858883,0.824373,1,1
00169_id00262_3p7sRWAAh1Q.mp4,1,FVRA,0.789383,0.851702,0.820543,1,1
00169_id00262_3p7sRWAAh1Q_id00634_wavtolip.mp4,1,FVFA,0.789537,0.859358,0.824447,1,1
00169_id00325_wavtolip.mp4,1,FVFA,0.789666,0.859217,0.824442,1,1
00169_id00330_wavtolip.mp4,1,FVFA,0.789872,0.858951,0.824412,1,1
00169_id00330_zCFFgGSIZ_s.mp4,1,FVRA,0.788389,0.851702,0.820045,1,1
00169_id00330_zCFFgGSIZ_s_id03371_wavtolip.mp4,1,FVFA,0.788530,0.858304,0.823417,1,1
00169_id00365_XV-imLNJvfk.mp4,1,FVRA,0.789494,0.851702,0.820598,1,1
00169_id00365_XV-imLNJvfk_id00823_wavtolip.mp4,1,FVFA,0.789529,0.859431,0.824480,1,1
00169_id00379_wavtolip.mp4,1,FVRA,0.789806,0.859274,0.824540,1,1
00169_id00395_wM5kGJfTtEM.mp4,1,FVRA,0.789120,0.851702,0.820411,1,1
00169_id00395_wavtolip.mp4,1,FVFA,0.789704,0.859779,0.824742,1,1
00169_id00434_wavtolip.mp4,1,FVFA,0.789737,0.857240,0.823489,1,1
00169_id00496_SImaDcXQnh8.mp4,1,FVRA,0.789306,0.851702,0.820504,1,1
00169_id00496_SImaDcXQnh8_id00330_wavtolip.mp4,1,FVFA,0.789444,0.858951,0.824198,1,1
00169_id00806_0sk9s9lFIAk.mp4,1,FVRA,0.788617,0.851702,0.820160,1,1
00169_id00806_0sk9s9lFIAk_id00234_wavtolip.mp4,1,FVFA,0.788847,0.858883,0.823865,1,1
00169_id00806_wavtolip.mp4,1,FVRA,0.789736,0.855828,0.822782,1,1
00169_id00823_KgExwCvgrUk.mp4,1,FVRA,0.788954,0.851702,0.820328,1,1
00169_id00897_0ayFw8JhoyI.mp4,1,FVRA,0.789367,0.851702,0.820535,1,1
00169_id00897_0ayFw8JhoyI_faceswap.mp4,1,FVRA,0.789848,0.851525,0.820687,1,1
00169_id00897_0ayFw8JhoyI_faceswap_id00234_wavtolip.mp4,1,FVFA,0.789976,0.858883,0.824429,1,1
00169_id00897_0ayFw8JhoyI_faceswap_id00271_wavtolip.mp4,1,FVFA,0.789829,0.859070,0.824450,1,1
00169_id00897_0ayFw8JhoyI_faceswap_id00634_wavtolip.mp4,1,FVFA,0.789972,0.859358,0.824665,1,1
00169_id00897_0ayFw8JhoyI_faceswap_id03716_wavtolip.mp4,1,FVFA,0.789896,0.857952,0.823924,1,1
00169_id00897_0ayFw8JhoyI_faceswap_id03844_wavtolip.mp4,1,FVFA,0.789827,0.859099,0.824463,1,1
00169_id00897_0ayFw8JhoyI_id00330_wavtolip.mp4,1,FVFA,0.789507,0.858951,0.824229,1,1
00169_id01001_wavtolip.mp4,1,FVRA,0.789812,0.859447,0.824629,1,1
00169_id03371_wavtolip.mp4,1,FVRA,0.789752,0.857399,0.823575,1,1
00169_id03589_9NxOQlwpMys.mp4,1,FVRA,0.789716,0.851702,0.820709,1,1
00169_id03589_9NxOQlwpMys_id00806_wavtolip.mp4,1,FVFA,0.789703,0.857076,0.823390,1,1
00169_id03589_wavtolip.mp4,1,FVFA,0.789727,0.857546,0.823636,1,1
00169_id03649_wavtolip.mp4,1,FVFA,0.789711,0.859676,0.824693,1,1
00169_id03716_wavtolip.mp4,1,FVFA,0.789794,0.857952,0.823873,1,1
00169_id03844_wavtolip.mp4,1,FVFA,0.789711,0.859099,0.824405,1,1
00169_id03858_uKVqPfRf-ac.mp4,1,FVRA,0.789438,0.851702,0.820570,1,1
00169_id03858_uKVqPfRf-ac_id00332_wavtolip.mp4,1,FVFA,0.789532,0.859554,0.824543,1,1
00169_id03858_wavtolip.mp4,1,FVRA,0.789719,0.859131,0.824425,1,1
00202.mp4,0,RVRA,0.786209,0.856130,0.821169,1,1
00202_0.mp4,1,FVRA,0.790201,0.858510,0.824356,1,1
00202_fake.mp4,1,RVFA,0.786240,0.858270,0.822255,1,1
00202_id00068_A7uFnQw--bY.mp4,1,FVRA,0.786161,0.856240,0.821201,1,1
00202_id00068_A7uFnQw--bY_id03589_wavtolip.mp4,1,FVFA,0.785937,0.858743,0.822340,1,1
00202_id00188_wavtolip.mp4,1,FVFA,0.786179,0.859694,0.822936,1,1
00202_id00232_wavtolip.mp4,1,FVFA,0.786086,0.859136,0.822611,1,1
00202_id00234_wavtolip.mp4,1,FVRA,0.786090,0.858277,0.822184,1,1
00202_id00271_je6JSLqEEcw.mp4,1,FVRA,0.786325,0.856240,0.821283,1,1
00202_id00271_je6JSLqEEcw_id00330_wavtolip.mp4,1,FVFA,0.786249,0.859444,0.822847,1,1
00202_id00271_wavtolip.mp4,1,FVFA,0.786170,0.859070,0.822620,1,1
00202_id00328_ytKnCbJSEcU.mp4,1,FVRA,0.786309,0.856240,0.821275,1,1
00202_id00328_ytKnCbJSEcU_id00374_wavtolip.mp4,1,FVFA,0.786211,0.859254,0.822732,1,1
00202_id00330_wavtolip.mp4,1,FVRA,0.786083,0.854289,0.820186,1,1
00202_id00373_5NXv3Dxkd6E.mp4,1,FVRA,0.786394,0.856240,0.821317,1,1
00202_id00373_5NXv3Dxkd6E_id01002_wavtolip.mp4,1,FVFA,0.786258,0.859148,0.822703,1,1
00202_id00379_wavtolip.mp4,1,FVRA,0.786073,0.859283,0.822678,1,1
00202_id00434_wavtolip.mp4,1,FVRA,0.786068,0.859570,0.822819,1,1
00202_id00495_E46aiMUC4A0.mp4,1,FVRA,0.786268,0.856240,0.821254,1,1
00202_id00495_wavtolip.mp4,1,FVFA,0.786210,0.860019,0.823114,1,1
00202_id00496_wavtolip.mp4,1,FVFA,0.786076,0.858166,0.822121,1,1
00202_id00569_gSynmpwioV4.mp4,1,FVRA,0.785925,0.856240,0.821083,1,1
00202_id00569_gSynmpwioV4_id03716_wavtolip.mp4,1,FVFA,0.785738,0.859388,0.822563,1,1
00202_id00581_7AxvP19LGKg.mp4,1,FVRA,0.786323,0.856240,0.821282,1,1
00202_id00581_7AxvP19LGKg_id03371_wavtolip.mp4,1,FVFA,0.786184,0.859394,0.822789,1,1
00202_id00735_wavtolip.mp4,1,FVFA,0.786190,0.859780,0.822985,1,1
00202_id00806_wavtolip.mp4,1,FVFA,0.786067,0.859591,0.822829,1,1
00202_id00826_MYagwzy91Yk.mp4,1,FVRA,0.785955,0.856240,0.821098,1,1
00202_id00826_MYagwzy91Yk_id00395_wavtolip.mp4,1,FVFA,0.785835,0.859779,0.822807,1,1
00202_id01002_wavtolip.mp4,1,FVFA,0.786109,0.859148,0.822628,1,1
00202_id03371_wavtolip.mp4,1,FVRA,0.786072,0.858922,0.822497,1,1
00202_id03651_wavtolip.mp4,1,FVRA,0.786134,0.859868,0.823001,1,1
00202_id03716_wavtolip.mp4,1,FVFA,0.786089,0.859388,0.822739,1,1
00202_id03816_wavtolip.mp4,1,FVRA,0.786062,0.858415,0.822239,1,1
00202_id03844_AEAEN1Lns2c.mp4,1,FVRA,0.785997,0.856240,0.821119,1,1
00202_id03844_AEAEN1Lns2c_faceswap.mp4,1,FVRA,0.786457,0.856130,0.821294,1,1
00202_id03844_AEAEN1Lns2c_faceswap_id00395_wavtolip.mp4,1,FVFA,0.786293,0.859779,0.823036,1,1
00202_id03844_AEAEN1Lns2c_faceswap_id00484_wavtolip.mp4,1,FVFA,0.786243,0.859437,0.822840,1,1
00202_id03844_AEAEN1Lns2c_faceswap_id00826_wavtolip.mp4,1,FVFA,0.786292,0.859453,0.822872,1,1
00202_id03844_AEAEN1Lns2c_faceswap_id01002_wavtolip.mp4,1,FVFA,0.786247,0.859148,0.822698,1,1
00202_id03844_AEAEN1Lns2c_id00042_wavtolip.mp4,1,FVFA,0.785859,0.858828,0.822344,1,1
00202_id03858_uKVqPfRf-ac.mp4,1,FVRA,0.786180,0.856240,0.821210,1,1
00202_id03858_uKVqPfRf-ac_id00826_wavtolip.mp4,1,FVFA,0.786135,0.859453,0.822794,1,1
00239.mp4,0,RVRA,0.789676,0.859144,0.824410,1,1
00239_0.mp4,1,FVRA,0.790823,0.857042,0.823933,1,1
00239_0_id00330_wavtolip.mp4,1,FVFA,0.789749,0.859612,0.824680,1,1
00239_0_id00491_wavtolip.mp4,1,FVFA,0.789752,0.859305,0.824529,1,1
00239_0_id03589_wavtolip.mp4,1,FVFA,0.789751,0.859085,0.824418,1,1
00239_0_id03816_wavtolip.mp4,1,FVFA,0.789746,0.859834,0.824790,1,1
00239_0_id03941_wavtolip.mp4,1,FVFA,0.789673,0.859325,0.824499,1,1
00239_1.mp4,1,FVRA,0.784193,0.858950,0.821571,1,1
00239_1_id00262_wavtolip.mp4,1,FVFA,0.785496,0.858160,0.821828,1,1
00239_1_id00735_wavtolip.mp4,1,FVFA,0.785537,0.859871,0.822704,1,1
00239_1_id01002_wavtolip.mp4,1,FVFA,0.785536,0.859148,0.822342,1,1
00239_1_id03649_wavtolip.mp4,1,FVFA,0.785294,0.859676,0.822485,1,1
00239_1_id03716_wavtolip.mp4,1,FVFA,0.785486,0.858771,0.822129,1,1
00239_2.mp4,1,FVRA,0.791203,0.853757,0.822480,1,1
00239_2_id00287_wavtolip.mp4,1,FVFA,0.791034,0.859660,0.825347,1,1
00239_2_id00332_wavtolip.mp4,1,FVFA,0.791078,0.859554,0.825316,1,1
00239_2_id00633_wavtolip.mp4,1,FVFA,0.791143,0.858063,0.824603,1,1
00239_2_id00735_wavtolip.mp4,1,FVFA,0.791055,0.859871,0.825463,1,1
00239_2_id03371_wavtolip.mp4,1,FVFA,0.791118,0.858304,0.824711,1,1
00239_fake.mp4,1,RVFA,0.789499,0.855431,0.822465,1,1
00239_id00068_wavtolip.mp4,1,FVRA,0.789142,0.854215,0.821679,1,1
00239_id00188_e-vm5FB3idA.mp4,1,FVRA,0.788518,0.859110,0.823814,1,1
00239_id00188_e-vm5FB3idA_id00373_wavtolip.mp4,1,FVFA,0.787942,0.857669,0.822805,1,1
00239_id00232_wavtolip.mp4,1,FVFA,0.789167,0.859555,0.824361,1,1
00239_id00262_wavtolip.mp4,1,FVRA,0.789148,0.857492,0.823320,1,1
00239_id00270_hoEQ70-sDME.mp4,1,FVRA,0.789755,0.859110,0.824432,1,1
00239_id00271_wavtolip.mp4,1,FVFA,0.789197,0.859070,0.824134,1,1
00239_id00287_wavtolip.mp4,1,FVFA,0.789265,0.859660,0.824463,1,1
00239_id00328_wavtolip.mp4,1,FVRA,0.789146,0.859701,0.824423,1,1
00239_id00330_wavtolip.mp4,1,FVRA,0.789138,0.854977,0.822058,1,1
00239_id00332_wavtolip.mp4,1,FVFA,0.789158,0.859866,0.824512,1,1
00239_id00373_5NXv3Dxkd6E.mp4,1,FVRA,0.789239,0.859110,0.824174,1,1
00239_id00373_5NXv3Dxkd6E_id03651_wavtolip.mp4,1,FVFA,0.789049,0.859724,0.824386,1,1
00239_id00403_wavtolip.mp4,1,FVRA,0.789154,0.858191,0.823672,1,1
00239_id00434_wavtolip.mp4,1,FVFA,0.789149,0.859496,0.824322,1,1
00239_id00484_u7YTz8eFZv0.mp4,1,FVRA,0.789034,0.859110,0.824072,1,1
00239_id00484_u7YTz8eFZv0_id03716_wavtolip.mp4,1,FVFA,0.788554,0.859505,0.824030,1,1
00239_id00491_ShjiTWoOtM4.mp4,1,FVRA,0.789685,0.859110,0.824397,1,1
00239_id00491_ShjiTWoOtM4_id00232_wavtolip.mp4,1,FVFA,0.789307,0.859555,0.824431,1,1
00239_id00491_wavtolip.mp4,1,FVRA,0.789237,0.857832,0.823535,1,1
00239_id00633_UXrTMta1EDM.mp4,1,FVRA,0.789484,0.859110,0.824297,1,1
00239_id00633_UXrTMta1EDM_id00735_wavtolip.mp4,1,FVFA,0.789076,0.859780,0.824428,1,1
00239_id00633_wavtolip.mp4,1,FVFA,0.789130,0.859306,0.824218,1,1
00239_id00735_wavtolip.mp4,1,FVRA,0.789134,0.859594,0.824364,1,1
00239_id00826_wavtolip.mp4,1,FVRA,0.789141,0.859627,0.824384,1,1
00239_id00897_0ayFw8JhoyI.mp4,1,FVRA,0.789107,0.859110,0.824108,1,1
00239_id00897_0ayFw8JhoyI_id03649_wavtolip.mp4,1,FVFA,0.788707,0.859660,0.824183,1,1
00239_id00897_wavtolip.mp4,1,FVFA,0.789166,0.859964,0.824565,1,1
00239_id01001_wavtolip.mp4,1,FVRA,0.789151,0.859608,0.824379,1,1
00239_id01002_eQTviHjyISo.mp4,1,FVRA,0.789310,0.859110,0.824210,1,1
00239_id01002_eQTviHjyISo_id00496_wavtolip.mp4,1,FVFA,0.788908,0.858353,0.823630,1,1
00239_id01002_wavtolip.mp4,1,FVFA,0.789221,0.859148,0.824184,1,1
00239_id01018_VNPt_GB5QiE.mp4,1,FVRA,0.788977,0.859110,0.824044,1,1
00239_id01018_VNPt_GB5QiE_id03589_wavtolip.mp4,1,FVFA,0.788442,0.858950,0.823696,1,1
00239_id01018_wavtolip.mp4,1,FVFA,0.789143,0.860071,0.824607,1,1
00239_id03371_truKMXt8Dak.mp4,1,FVRA,0.788927,0.859110,0.824018,1,1
00239_id03371_truKMXt8Dak_id00271_wavtolip.mp4,1,FVFA,0.788439,0.859070,0.823754,1,1
00293.mp4,0,RVRA,0.783604,0.858950,0.821277,1,1
00293_0.mp4,1,FVRA,0.790637,0.854763,0.822700,1,1
00293_fake.mp4,1,RVFA,0.783982,0.856053,0.820018,1,1
00293_id00042_wavtolip.mp4,1,FVFA,0.785019,0.858850,0.821935,1,1
00293_id00071_wavtolip.mp4,1,FVFA,0.785090,0.859856,0.822473,1,1
00293_id00188_wavtolip.mp4,1,FVRA,0.785138,0.859563,0.822351,1,1
00293_id00234_M3g5KRLJB60.mp4,1,FVRA,0.785505,0.858916,0.822210,1,1
00293_id00270_hoEQ70-sDME.mp4,1,FVRA,0.783935,0.858916,0.821426,1,1
00293_id00270_hoEQ70-sDME_id00042_wavtolip.mp4,1,FVFA,0.785176,0.858850,0.822013,1,1
00293_id00270_wavtolip.mp4,1,FVRA,0.785177,0.858215,0.821696,1,1
00293_id00287_wavtolip.mp4,1,FVRA,0.785104,0.859654,0.822379,1,1
00293_id00330_zCFFgGSIZ_s.mp4,1,FVRA,0.782464,0.858916,0.820690,1,1
00293_id00330_zCFFgGSIZ_s_id03844_wavtolip.mp4,1,FVFA,0.783848,0.859099,0.821474,1,1
00293_id00365_wavtolip.mp4,1,FVRA,0.785003,0.859397,0.822200,1,1
00293_id00379_wavtolip.mp4,1,FVFA,0.785012,0.859673,0.822343,1,1
00293_id00395_wavtolip.mp4,1,FVFA,0.784855,0.859779,0.822317,1,1
00293_id00403_wavtolip.mp4,1,FVFA,0.785180,0.859441,0.822310,1,1
00293_id00434_HPXkk-HGXVI.mp4,1,FVRA,0.786191,0.858916,0.822553,1,1
00293_id00434_HPXkk-HGXVI_id00735_wavtolip.mp4,1,FVFA,0.787103,0.859871,0.823487,1,1
00293_id00496_wavtolip.mp4,1,FVFA,0.785013,0.857184,0.821099,1,1
00293_id00569_wavtolip.mp4,1,FVFA,0.784858,0.859631,0.822244,1,1
00293_id00581_wavtolip.mp4,1,FVRA,0.785040,0.859486,0.822263,1,1
00293_id00591_1Jo8xElXQMs.mp4,1,FVRA,0.783580,0.858916,0.821248,1,1
00293_id00591_1Jo8xElXQMs_id00325_wavtolip.mp4,1,FVFA,0.784845,0.859148,0.821997,1,1
00293_id00591_wavtolip.mp4,1,FVRA,0.785124,0.859417,0.822271,1,1
00293_id00633_UXrTMta1EDM.mp4,1,FVRA,0.785145,0.858916,0.822031,1,1
00293_id00633_UXrTMta1EDM_id00826_wavtolip.mp4,1,FVFA,0.786435,0.859514,0.822974,1,1
00293_id00806_wavtolip.mp4,1,FVFA,0.785030,0.858967,0.821998,1,1
00293_id00826_wavtolip.mp4,1,FVRA,0.785119,0.859380,0.822249,1,1
00293_id00897_0ayFw8JhoyI.mp4,1,FVRA,0.785302,0.858916,0.822109,1,1
00293_id00897_0ayFw8JhoyI_id00373_wavtolip.mp4,1,FVFA,0.786347,0.856546,0.821447,1,1
00293_id01018_wavtolip.mp4,1,FVRA,0.785034,0.858903,0.821968,1,1
00293_id03371_wavtolip.mp4,1,FVFA,0.785041,0.858813,0.821927,1,1
00293_id03844_wavtolip.mp4,1,FVFA,0.784943,0.859099,0.822021,1,1
00293_id03858_uKVqPfRf-ac.mp4,1,FVRA,0.785973,0.858916,0.822445,1,1
00293_id03858_uKVqPfRf-ac_id00569_wavtolip.mp4,1,FVFA,0.786863,0.859631,0.823247,1,1
00311.mp4,0,RVRA,0.790770,0.857042,0.823906,1,1
00311_0.mp4,1,FVRA,0.790242,0.858510,0.824376,1,1
00311_fake.mp4,1,RVFA,0.790842,0.859006,0.824924,1,1
00311_id00188_e-vm5FB3idA.mp4,1,FVRA,0.790976,0.857067,0.824022,1,1
00311_id00188_e-vm5FB3idA_id00735_wavtolip.mp4,1,FVFA,0.790931,0.859871,0.825401,1,1
00311_id00188_wavtolip.mp4,1,FVRA,0.790966,0.859563,0.825265,1,1
00311_id00232_wavtolip.mp4,1,FVRA,0.790979,0.858473,0.824726,1,1
00311_id00262_3p7sRWAAh1Q.mp4,1,FVRA,0.790532,0.857067,0.823799,1,1
00311_id00262_3p7sRWAAh1Q_id00823_wavtolip.mp4,1,FVFA,0.790624,0.859431,0.825027,1,1
00311_id00287_wavtolip.mp4,1,FVFA,0.790917,0.859660,0.825289,1,1
00311_id00325_wavtolip.mp4,1,FVRA,0.790979,0.859325,0.825152,1,1
00311_id00328_wavtolip.mp4,1,FVRA,0.790940,0.859663,0.825302,1,1
00311_id00330_zCFFgGSIZ_s.mp4,1,FVRA,0.790334,0.857067,0.823701,1,1
00311_id00330_zCFFgGSIZ_s_faceswap.mp4,1,FVRA,0.790864,0.857042,0.823953,1,1
00311_id00330_zCFFgGSIZ_s_faceswap_id00262_wavtolip.mp4,1,FVFA,0.791042,0.858585,0.824813,1,1
00311_id00330_zCFFgGSIZ_s_faceswap_id00365_wavtolip.mp4,1,FVFA,0.791041,0.857601,0.824321,1,1
00311_id00330_zCFFgGSIZ_s_faceswap_id00591_wavtolip.mp4,1,FVFA,0.790961,0.859721,0.825341,1,1
00311_id00330_zCFFgGSIZ_s_faceswap_id00633_wavtolip.mp4,1,FVFA,0.791054,0.858725,0.824889,1,1
00311_id00330_zCFFgGSIZ_s_faceswap_id03716_wavtolip.mp4,1,FVFA,0.791045,0.858998,0.825022,1,1
00311_id00330_zCFFgGSIZ_s_id00071_wavtolip.mp4,1,FVFA,0.790606,0.859856,0.825231,1,1
00311_id00373_5NXv3Dxkd6E.mp4,1,FVRA,0.790953,0.857067,0.824010,1,1
00311_id00373_5NXv3Dxkd6E_id00234_wavtolip.mp4,1,FVFA,0.791051,0.859356,0.825204,1,1
00311_id00374_wavtolip.mp4,1,FVFA,0.790975,0.858950,0.824962,1,1
00311_id00434_HPXkk-HGXVI.mp4,1,FVRA,0.790869,0.857067,0.823968,1,1
00311_id00434_HPXkk-HGXVI_id03649_wavtolip.mp4,1,FVFA,0.790803,0.859676,0.825239,1,1
00311_id00491_wavtolip.mp4,1,FVFA,0.790947,0.859201,0.825074,1,1
00311_id00495_wavtolip.mp4,1,FVRA,0.790975,0.859768,0.825371,1,1
00311_id00496_wavtolip.mp4,1,FVRA,0.790972,0.858335,0.824653,1,1
00311_id00581_wavtolip.mp4,1,FVFA,0.790996,0.859347,0.825172,1,1
00311_id00589_wavtolip.mp4,1,FVRA,0.790979,0.857283,0.824131,1,1
00311_id00633_UXrTMta1EDM.mp4,1,FVRA,0.790586,0.857067,0.823827,1,1
00311_id00633_UXrTMta1EDM_id00071_wavtolip.mp4,1,FVFA,0.790710,0.859856,0.825283,1,1
00311_id00634_wavtolip.mp4,1,FVRA,0.790985,0.858739,0.824862,1,1
00311_id00823_wavtolip.mp4,1,FVFA,0.790921,0.859431,0.825176,1,1
00311_id00826_MYagwzy91Yk.mp4,1,FVRA,0.790879,0.857067,0.823973,1,1
00311_id00826_MYagwzy91Yk_id00813_wavtolip.mp4,1,FVFA,0.790874,0.858580,0.824727,1,1
00311_id00826_wavtolip.mp4,1,FVRA,0.790994,0.859380,0.825187,1,1
00311_id00897_0ayFw8JhoyI.mp4,1,FVRA,0.790676,0.857067,0.823872,1,1
00311_id00897_wavtolip.mp4,1,FVFA,0.790989,0.859739,0.825364,1,1
00311_id01018_wavtolip.mp4,1,FVFA,0.790981,0.859808,0.825395,1,1
00311_id03371_wavtolip.mp4,1,FVFA,0.790983,0.858983,0.824983,1,1
00311_id03620_YkXM5A8w07E.mp4,1,FVRA,0.790052,0.857067,0.823560,1,1
00311_id03620_YkXM5A8w07E_id00495_wavtolip.mp4,1,FVFA,0.790249,0.860019,0.825134,1,1
00311_id03716_wavtolip.mp4,1,FVRA,0.790979,0.856363,0.823671,1,1
00311_id03844_wavtolip.mp4,1,FVFA,0.790933,0.859099,0.825016,1,1
00311_id03941_wavtolip.mp4,1,FVFA,0.790964,0.859325,0.825144,1,1
00420.mp4,0,RVRA,0.790185,0.858510,0.824348,1,1
00420_0.mp4,1,FVRA,0.789165,0.858648,0.823907,1,1
00420_fake.mp4,1,RVFA,0.790117,0.855832,0.822975,1,1
00420_id00042_wavtolip.mp4,1,FVFA,0.790035,0.858828,0.824431,1,1
00420_id00068_A7uFnQw--bY.mp4,1,FVRA,0.789816,0.858558,0.824187,1,1
00420_id00068_A7uFnQw--bY_id03941_wavtolip.mp4,1,FVFA,0.789540,0.859325,0.824433,1,1
00420_id00188_wavtolip.mp4,1,FVRA,0.790026,0.859645,0.824836,1,1
00420_id00232_wavtolip.mp4,1,FVFA,0.790030,0.859742,0.824886,1,1
00420_id00234_wavtolip.mp4,1,FVFA,0.790036,0.859662,0.824849,1,1
00420_id00262_3p7sRWAAh1Q.mp4,1,FVRA,0.789832,0.858558,0.824195,1,1
00420_id00262_3p7sRWAAh1Q_id03844_wavtolip.mp4,1,FVFA,0.789662,0.859056,0.824359,1,1
00420_id00287_wavtolip.mp4,1,FVRA,0.790041,0.859654,0.824848,1,1
00420_id00328_wavtolip.mp4,1,FVFA,0.790029,0.859390,0.824710,1,1
00420_id00332_wavtolip.mp4,1,FVRA,0.790035,0.858823,0.824429,1,1
00420_id00395_wavtolip.mp4,1,FVFA,0.790095,0.859758,0.824926,1,1
00420_id00484_wavtolip.mp4,1,FVFA,0.790030,0.859437,0.824733,1,1
00420_id00495_E46aiMUC4A0.mp4,1,FVRA,0.789860,0.858558,0.824209,1,1
00420_id00569_wavtolip.mp4,1,FVRA,0.790023,0.859239,0.824631,1,1
00420_id00581_7AxvP19LGKg.mp4,1,FVRA,0.789929,0.858558,0.824243,1,1
00420_id00581_7AxvP19LGKg_id00591_wavtolip.mp4,1,FVFA,0.789791,0.859721,0.824756,1,1
00420_id00581_wavtolip.mp4,1,FVRA,0.790027,0.859929,0.824978,1,1
00420_id00591_wavtolip.mp4,1,FVFA,0.790108,0.859721,0.824914,1,1
00420_id00633_wavtolip.mp4,1,FVFA,0.790026,0.859369,0.824697,1,1
00420_id00634_z5t9oJizDQg.mp4,1,FVRA,0.789852,0.858558,0.824205,1,1
00420_id00813_dKs9CWJIkSI.mp4,1,FVRA,0.789622,0.858558,0.824090,1,1
00420_id00813_dKs9CWJIkSI_id00071_wavtolip.mp4,1,FVFA,0.789421,0.859856,0.824638,1,1
00420_id00823_KgExwCvgrUk.mp4,1,FVRA,0.789723,0.858558,0.824140,1,1
00420_id00823_KgExwCvgrUk_faceswap.mp4,1,FVRA,0.790203,0.858510,0.824357,1,1
00420_id00823_KgExwCvgrUk_faceswap_id00188_wavtolip.mp4,1,FVFA,0.790076,0.859599,0.824838,1,1
00420_id00823_KgExwCvgrUk_faceswap_id00271_wavtolip.mp4,1,FVFA,0.790044,0.859070,0.824557,1,1
00420_id00823_KgExwCvgrUk_faceswap_id00330_wavtolip.mp4,1,FVFA,0.790029,0.859583,0.824806,1,1
00420_id00823_KgExwCvgrUk_faceswap_id00897_wavtolip.mp4,1,FVFA,0.790032,0.859984,0.825008,1,1
00420_id00823_KgExwCvgrUk_id03589_wavtolip.mp4,1,FVFA,0.789569,0.859030,0.824300,1,1
00420_id00823_wavtolip.mp4,1,FVRA,0.790037,0.851903,0.820970,1,1
00420_id01018_wavtolip.mp4,1,FVRA,0.790028,0.859633,0.824830,1,1
00420_id03716_s-lxbGafZQA.mp4,1,FVRA,0.789951,0.858558,0.824255,1,1
00420_id03716_s-lxbGafZQA_id00328_wavtolip.mp4,1,FVFA,0.789780,0.859390,0.824585,1,1
00420_id03816_XXD0yTNei50.mp4,1,FVRA,0.789491,0.858558,0.824025,1,1
00420_id03816_XXD0yTNei50_id00188_wavtolip.mp4,1,FVFA,0.789468,0.859599,0.824533,1,1
00420_id03858_uKVqPfRf-ac.mp4,1,FVRA,0.789761,0.858558,0.824159,1,1
00420_id03858_uKVqPfRf-ac_id00826_wavtolip.mp4,1,FVFA,0.789561,0.859453,0.824507,1,1
00420_id03941_wavtolip.mp4,1,FVFA,0.790025,0.859325,0.824675,1,1
00430.mp4,0,RVRA,0.791910,0.857774,0.824842,1,1
00430_fake.mp4,1,RVFA,0.791711,0.858279,0.824995,1,1
00430_id00068_A7uFnQw--bY.mp4,1,FVRA,0.791058,0.857720,0.824389,1,1
00430_id00068_A7uFnQw--bY_id00735_wavtolip.mp4,1,FVFA,0.790580,0.859871,0.825225,1,1
00430_id00071_wavtolip.mp4,1,FVRA,0.791467,0.860066,0.825766,1,1
00430_id00188_wavtolip.mp4,1,FVFA,0.791513,0.859694,0.825603,1,1
00430_id00262_wavtolip.mp4,1,FVFA,0.791389,0.856855,0.824122,1,1
00430_id00330_wavtolip.mp4,1,FVFA,0.791488,0.858951,0.825220,1,1
00430_id00330_zCFFgGSIZ_s.mp4,1,FVRA,0.791857,0.857720,0.824789,1,1
00430_id00330_zCFFgGSIZ_s_id00434_wavtolip.mp4,1,FVFA,0.791597,0.857154,0.824375,1,1
00430_id00332_wavtolip.mp4,1,FVRA,0.791419,0.857336,0.824377,1,1
00430_id00365_wavtolip.mp4,1,FVRA,0.791541,0.859397,0.825469,1,1
00430_id00434_wavtolip.mp4,1,FVRA,0.791392,0.858169,0.824781,1,1
00430_id00484_wavtolip.mp4,1,FVFA,0.791516,0.859602,0.825559,1,1
00430_id00491_ShjiTWoOtM4.mp4,1,FVRA,0.791761,0.857720,0.824741,1,1
00430_id00491_ShjiTWoOtM4_id00495_wavtolip.mp4,1,FVFA,0.791526,0.860019,0.825773,1,1
00430_id00491_wavtolip.mp4,1,FVFA,0.791512,0.859201,0.825357,1,1
00430_id00569_gSynmpwioV4.mp4,1,FVRA,0.791168,0.857720,0.824444,1,1
00430_id00569_gSynmpwioV4_id00234_wavtolip.mp4,1,FVFA,0.790662,0.858883,0.824773,1,1
00430_id00569_wavtolip.mp4,1,FVRA,0.791515,0.859271,0.825393,1,1
00430_id00581_7AxvP19LGKg.mp4,1,FVRA,0.791680,0.857720,0.824700,1,1
00430_id00581_7AxvP19LGKg_faceswap.mp4,1,FVRA,0.791823,0.857774,0.824798,1,1
00430_id00581_7AxvP19LGKg_faceswap_id00234_wavtolip.mp4,1,FVFA,0.791383,0.858883,0.825133,1,1
00430_id00581_7AxvP19LGKg_faceswap_id00823_wavtolip.mp4,1,FVFA,0.791470,0.859431,0.825450,1,1
00430_id00581_7AxvP19LGKg_faceswap_id00897_wavtolip.mp4,1,FVFA,0.791310,0.859152,0.825231,1,1
00430_id00581_7AxvP19LGKg_faceswap_id03371_wavtolip.mp4,1,FVFA,0.791306,0.858197,0.824751,1,1
00430_id00581_wavtolip.mp4,1,FVFA,0.791444,0.858501,0.824972,1,1
00430_id00591_wavtolip.mp4,1,FVFA,0.791579,0.859721,0.825650,1,1
00430_id00806_0sk9s9lFIAk.mp4,1,FVRA,0.791674,0.857720,0.824697,1,1
00430_id00806_0sk9s9lFIAk_id00042_wavtolip.mp4,1,FVFA,0.791375,0.858850,0.825113,1,1
00430_id00897_wavtolip.mp4,1,FVFA,0.791383,0.859152,0.825267,1,1
00430_id03589_wavtolip.mp4,1,FVRA,0.791439,0.857060,0.824250,1,1
00430_id03649_wavtolip.mp4,1,FVFA,0.791569,0.859676,0.825622,1,1
00430_id03651_wavtolip.mp4,1,FVRA,0.791520,0.859868,0.825694,1,1
00430_id03858_uKVqPfRf-ac.mp4,1,FVRA,0.791486,0.857720,0.824603,1,1
00430_id03858_uKVqPfRf-ac_id00496_wavtolip.mp4,1,FVFA,0.790949,0.855754,0.823351,1,1
