sample,reason,component_id,identity,speaker,source,generator,original_relationship,recommended_action
00120_fake.mp4,source-identity cross | identity-speaker cross,5,fake.mp4,-,id00055,rtvc,id00055,KEEP DROPPED (Maintains Disjointness)
00021_fake.mp4,source-identity cross | identity-speaker cross,5,fake.mp4,-,id00063,rtvc,id00063,KEEP DROPPED (Maintains Disjointness)
00092_fake.mp4,source-identity cross | identity-speaker cross,5,fake.mp4,-,id00171,rtvc,id00171,KEEP DROPPED (Maintains Disjointness)
00015_fake.mp4,source-identity cross | identity-speaker cross,5,fake.mp4,-,id00183,rtvc,id00183,KEEP DROPPED (Maintains Disjointness)
00015_fake.mp4,source-identity cross | identity-speaker cross,5,fake.mp4,-,id00185,rtvc,id00185,KEEP DROPPED (Maintains Disjointness)
00120_fake.mp4,source-identity cross | identity-speaker cross,5,fake.mp4,-,id00186,rtvc,id00186,KEEP DROPPED (Maintains Disjointness)
00360_fake.mp4,source-identity cross | identity-speaker cross,5,fake.mp4,-,id00187,rtvc,id00187,KEEP DROPPED (Maintains Disjointness)
00078_fake.mp4,source-identity cross | identity-speaker cross,5,fake.mp4,-,id00192,rtvc,id00192,KEEP DROPPED (Maintains Disjointness)
00078_fake.mp4,source-identity cross | identity-speaker cross,5,fake.mp4,-,id00225,rtvc,id00225,KEEP DROPPED (Maintains Disjointness)
00015_fake.mp4,source-identity cross | identity-speaker cross,5,fake.mp4,-,id00241,rtvc,id00241,KEEP DROPPED (Maintains Disjointness)
00021_fake.mp4,source-identity cross | identity-speaker cross,5,fake.mp4,-,id00253,rtvc,id00253,KEEP DROPPED (Maintains Disjointness)
00130_fake.mp4,source-identity cross | identity-speaker cross,5,fake.mp4,-,id00265,rtvc,id00265,KEEP DROPPED (Maintains Disjointness)
00470_fake.mp4,source-identity cross | identity-speaker cross,5,fake.mp4,-,id00266,rtvc,id00266,KEEP DROPPED (Maintains Disjointness)
00268_fake.mp4,source-identity cross | identity-speaker cross,5,fake.mp4,-,id00282,rtvc,id00282,KEEP DROPPED (Maintains Disjointness)
00072_fake.mp4,source-identity cross | identity-speaker cross,5,fake.mp4,-,id00292,rtvc,id00292,KEEP DROPPED (Maintains Disjointness)
00113_fake.mp4,source-identity cross | identity-speaker cross,5,fake.mp4,-,id00305,rtvc,id00305,KEEP DROPPED (Maintains Disjointness)
00015_fake.mp4,source-identity cross | identity-speaker cross,5,fake.mp4,-,id00306,rtvc,id00306,KEEP DROPPED (Maintains Disjointness)
00217_fake.mp4,source-identity cross | identity-speaker cross,5,fake.mp4,-,id00358,rtvc,id00358,KEEP DROPPED (Maintains Disjointness)
00078_fake.mp4,source-identity cross | identity-speaker cross,5,fake.mp4,-,id00368,rtvc,id00368,KEEP DROPPED (Maintains Disjointness)
00017_fake.mp4,source-identity cross | identity-speaker cross,5,fake.mp4,-,id00415,rtvc,id00415,KEEP DROPPED (Maintains Disjointness)
00014_fake.mp4,source-identity cross | identity-speaker cross,5,fake.mp4,-,id00498,rtvc,id00498,KEEP DROPPED (Maintains Disjointness)
00028_fake.mp4,source-identity cross | identity-speaker cross,5,fake.mp4,-,id00519,rtvc,id00519,KEEP DROPPED (Maintains Disjointness)
00187_fake.mp4,source-identity cross | identity-speaker cross,5,fake.mp4,-,id00520,rtvc,id00520,KEEP DROPPED (Maintains Disjointness)
00005_fake.mp4,source-identity cross | identity-speaker cross,5,fake.mp4,-,id00535,rtvc,id00535,KEEP DROPPED (Maintains Disjointness)
00015_fake.mp4,source-identity cross | identity-speaker cross,5,fake.mp4,-,id00548,rtvc,id00548,KEEP DROPPED (Maintains Disjointness)
00028_fake.mp4,source-identity cross | identity-speaker cross,5,fake.mp4,-,id00554,rtvc,id00554,KEEP DROPPED (Maintains Disjointness)
00078_fake.mp4,source-identity cross | identity-speaker cross,5,fake.mp4,-,id00559,rtvc,id00559,KEEP DROPPED (Maintains Disjointness)
00005_fake.mp4,source-identity cross | identity-speaker cross,5,fake.mp4,-,id00594,rtvc,id00594,KEEP DROPPED (Maintains Disjointness)
00340_fake.mp4,source-identity cross | identity-speaker cross,5,fake.mp4,-,id00694,rtvc,id00694,KEEP DROPPED (Maintains Disjointness)
00206_fake.mp4,source-identity cross | identity-speaker cross,5,fake.mp4,-,id00709,rtvc,id00709,KEEP DROPPED (Maintains Disjointness)
00037_fake.mp4,source-identity cross | identity-speaker cross,5,fake.mp4,-,id00909,rtvc,id00909,KEEP DROPPED (Maintains Disjointness)
00063_fake.mp4,source-identity cross | identity-speaker cross,5,fake.mp4,-,id00919,rtvc,id00919,KEEP DROPPED (Maintains Disjointness)
00126_fake.mp4,source-identity cross | identity-speaker cross,5,fake.mp4,-,id00946,rtvc,id00946,KEEP DROPPED (Maintains Disjointness)
00028_fake.mp4,source-identity cross | identity-speaker cross,5,fake.mp4,-,id00963,rtvc,id00963,KEEP DROPPED (Maintains Disjointness)
00092_fake.mp4,source-identity cross | identity-speaker cross,5,fake.mp4,-,id00981,rtvc,id00981,KEEP DROPPED (Maintains Disjointness)
00160_fake.mp4,source-identity cross | identity-speaker cross,5,fake.mp4,-,id00990,rtvc,id00990,KEEP DROPPED (Maintains Disjointness)
00028_fake.mp4,source-identity cross | identity-speaker cross,5,fake.mp4,-,id00999,rtvc,id00999,KEEP DROPPED (Maintains Disjointness)
00322_fake.mp4,source-identity cross | identity-speaker cross,5,fake.mp4,-,id01051,rtvc,id01051,KEEP DROPPED (Maintains Disjointness)
00076_fake.mp4,source-identity cross | identity-speaker cross,5,fake.mp4,-,id01052,rtvc,id01052,KEEP DROPPED (Maintains Disjointness)
00005_fake.mp4,source-identity cross | identity-speaker cross,5,fake.mp4,-,id01058,rtvc,id01058,KEEP DROPPED (Maintains Disjointness)
00044_fake.mp4,source-identity cross | identity-speaker cross,5,fake.mp4,-,id01098,rtvc,id01098,KEEP DROPPED (Maintains Disjointness)
00206_fake.mp4,source-identity cross | identity-speaker cross,5,fake.mp4,-,id01099,rtvc,id01099,KEEP DROPPED (Maintains Disjointness)
00197_fake.mp4,source-identity cross | identity-speaker cross,5,fake.mp4,-,id01102,rtvc,id01102,KEEP DROPPED (Maintains Disjointness)
00072_fake.mp4,source-identity cross | identity-speaker cross,5,fake.mp4,-,id01123,rtvc,id01123,KEEP DROPPED (Maintains Disjointness)
00040_fake.mp4,source-identity cross | identity-speaker cross,5,fake.mp4,-,id01126,rtvc,id01126,KEEP DROPPED (Maintains Disjointness)
00118_fake.mp4,source-identity cross | identity-speaker cross,5,fake.mp4,-,id01154,rtvc,id01154,KEEP DROPPED (Maintains Disjointness)
00078_fake.mp4,source-identity cross | identity-speaker cross,5,fake.mp4,-,id01156,rtvc,id01156,KEEP DROPPED (Maintains Disjointness)
00048_fake.mp4,source-identity cross | identity-speaker cross,5,fake.mp4,-,id01157,rtvc,id01157,KEEP DROPPED (Maintains Disjointness)
00040_fake.mp4,source-identity cross | identity-speaker cross,5,fake.mp4,-,id02567,rtvc,id02567,KEEP DROPPED (Maintains Disjointness)
00150_fake.mp4,source-identity cross | identity-speaker cross,5,fake.mp4,-,id03205,rtvc,id03205,KEEP DROPPED (Maintains Disjointness)
00028_fake.mp4,source-identity cross | identity-speaker cross,7,fake.mp4,-,id00042,rtvc,id00042,KEEP DROPPED (Maintains Disjointness)
00004_fake.mp4,source-identity cross | identity-speaker cross,7,fake.mp4,-,id00068,rtvc,id00068,KEEP DROPPED (Maintains Disjointness)
00014_fake.mp4,source-identity cross | identity-speaker cross,7,fake.mp4,-,id00071,rtvc,id00071,KEEP DROPPED (Maintains Disjointness)
00020_fake.mp4,source-identity cross | identity-speaker cross,7,fake.mp4,-,id00188,rtvc,id00188,KEEP DROPPED (Maintains Disjointness)
00025_fake.mp4,source-identity cross | identity-speaker cross,7,fake.mp4,-,id00232,rtvc,id00232,KEEP DROPPED (Maintains Disjointness)
00063_fake.mp4,source-identity cross | identity-speaker cross,7,fake.mp4,-,id00234,rtvc,id00234,KEEP DROPPED (Maintains Disjointness)
00028_fake.mp4,source-identity cross | identity-speaker cross,7,fake.mp4,-,id00262,rtvc,id00262,KEEP DROPPED (Maintains Disjointness)
00088_fake.mp4,source-identity cross | identity-speaker cross,7,fake.mp4,-,id00270,rtvc,id00270,KEEP DROPPED (Maintains Disjointness)
00028_fake.mp4,source-identity cross | identity-speaker cross,7,fake.mp4,-,id00271,rtvc,id00271,KEEP DROPPED (Maintains Disjointness)
00005_fake.mp4,source-identity cross | identity-speaker cross,7,fake.mp4,-,id00287,rtvc,id00287,KEEP DROPPED (Maintains Disjointness)
00015_fake.mp4,source-identity cross | identity-speaker cross,7,fake.mp4,-,id00325,rtvc,id00325,KEEP DROPPED (Maintains Disjointness)
00092_fake.mp4,source-identity cross | identity-speaker cross,7,fake.mp4,-,id00328,rtvc,id00328,KEEP DROPPED (Maintains Disjointness)
00118_fake.mp4,source-identity cross | identity-speaker cross,7,fake.mp4,-,id00330,rtvc,id00330,KEEP DROPPED (Maintains Disjointness)
00293_fake.mp4,source-identity cross | identity-speaker cross,7,fake.mp4,-,id00332,rtvc,id00332,KEEP DROPPED (Maintains Disjointness)
00078_fake.mp4,source-identity cross | identity-speaker cross,7,fake.mp4,-,id00365,rtvc,id00365,KEEP DROPPED (Maintains Disjointness)
00028_fake.mp4,source-identity cross | identity-speaker cross,7,fake.mp4,-,id00373,rtvc,id00373,KEEP DROPPED (Maintains Disjointness)
00311_fake.mp4,source-identity cross | identity-speaker cross,7,fake.mp4,-,id00374,rtvc,id00374,KEEP DROPPED (Maintains Disjointness)
00043_fake.mp4,source-identity cross | identity-speaker cross,7,fake.mp4,-,id00379,rtvc,id00379,KEEP DROPPED (Maintains Disjointness)
00420_fake.mp4,source-identity cross | identity-speaker cross,7,fake.mp4,-,id00395,rtvc,id00395,KEEP DROPPED (Maintains Disjointness)
00052_fake.mp4,source-identity cross | identity-speaker cross,7,fake.mp4,-,id00403,rtvc,id00403,KEEP DROPPED (Maintains Disjointness)
00046_fake.mp4,source-identity cross | identity-speaker cross,7,fake.mp4,-,id00434,rtvc,id00434,KEEP DROPPED (Maintains Disjointness)
00202_fake.mp4,source-identity cross | identity-speaker cross,7,fake.mp4,-,id00484,rtvc,id00484,KEEP DROPPED (Maintains Disjointness)
00122_fake.mp4,source-identity cross | identity-speaker cross,7,fake.mp4,-,id00491,rtvc,id00491,KEEP DROPPED (Maintains Disjointness)
00027_fake.mp4,source-identity cross | identity-speaker cross,7,fake.mp4,-,id00495,rtvc,id00495,KEEP DROPPED (Maintains Disjointness)
00015_fake.mp4,source-identity cross | identity-speaker cross,7,fake.mp4,-,id00496,rtvc,id00496,KEEP DROPPED (Maintains Disjointness)
00239_fake.mp4,source-identity cross | identity-speaker cross,7,fake.mp4,-,id00569,rtvc,id00569,KEEP DROPPED (Maintains Disjointness)
00010_fake.mp4,source-identity cross | identity-speaker cross,7,fake.mp4,-,id00581,rtvc,id00581,KEEP DROPPED (Maintains Disjointness)
00130_fake.mp4,source-identity cross | identity-speaker cross,7,fake.mp4,-,id00589,rtvc,id00589,KEEP DROPPED (Maintains Disjointness)
00001_fake.mp4,source-identity cross | identity-speaker cross,7,fake.mp4,-,id00591,rtvc,id00591,KEEP DROPPED (Maintains Disjointness)
00088_fake.mp4,source-identity cross | identity-speaker cross,7,fake.mp4,-,id00633,rtvc,id00633,KEEP DROPPED (Maintains Disjointness)
00078_fake.mp4,source-identity cross | identity-speaker cross,7,fake.mp4,-,id00634,rtvc,id00634,KEEP DROPPED (Maintains Disjointness)
00037_fake.mp4,source-identity cross | identity-speaker cross,7,fake.mp4,-,id00735,rtvc,id00735,KEEP DROPPED (Maintains Disjointness)
00005_fake.mp4,source-identity cross | identity-speaker cross,7,fake.mp4,-,id00806,rtvc,id00806,KEEP DROPPED (Maintains Disjointness)
00169_fake.mp4,source-identity cross | identity-speaker cross,7,fake.mp4,-,id00813,rtvc,id00813,KEEP DROPPED (Maintains Disjointness)
00125_fake.mp4,source-identity cross | identity-speaker cross,7,fake.mp4,-,id00823,rtvc,id00823,KEEP DROPPED (Maintains Disjointness)
00065_fake.mp4,source-identity cross | identity-speaker cross,7,fake.mp4,-,id00826,rtvc,id00826,KEEP DROPPED (Maintains Disjointness)
00005_fake.mp4,source-identity cross | identity-speaker cross,7,fake.mp4,-,id00897,rtvc,id00897,KEEP DROPPED (Maintains Disjointness)
00086_fake.mp4,source-identity cross | identity-speaker cross,7,fake.mp4,-,id01001,rtvc,id01001,KEEP DROPPED (Maintains Disjointness)
00043_fake.mp4,source-identity cross | identity-speaker cross,7,fake.mp4,-,id01002,rtvc,id01002,KEEP DROPPED (Maintains Disjointness)
00072_fake.mp4,source-identity cross | identity-speaker cross,7,fake.mp4,-,id01018,rtvc,id01018,KEEP DROPPED (Maintains Disjointness)
00430_fake.mp4,source-identity cross | identity-speaker cross,7,fake.mp4,-,id03371,rtvc,id03371,KEEP DROPPED (Maintains Disjointness)
00002_fake.mp4,source-identity cross | identity-speaker cross,7,fake.mp4,-,id03589,rtvc,id03589,KEEP DROPPED (Maintains Disjointness)
00081_fake.mp4,source-identity cross | identity-speaker cross,7,fake.mp4,-,id03620,rtvc,id03620,KEEP DROPPED (Maintains Disjointness)
00001_fake.mp4,source-identity cross | identity-speaker cross,7,fake.mp4,-,id03649,rtvc,id03649,KEEP DROPPED (Maintains Disjointness)
00092_fake.mp4,source-identity cross | identity-speaker cross,7,fake.mp4,-,id03651,rtvc,id03651,KEEP DROPPED (Maintains Disjointness)
00040_fake.mp4,source-identity cross | identity-speaker cross,7,fake.mp4,-,id03716,rtvc,id03716,KEEP DROPPED (Maintains Disjointness)
00093_fake.mp4,source-identity cross | identity-speaker cross,7,fake.mp4,-,id03816,rtvc,id03816,KEEP DROPPED (Maintains Disjointness)
00028_fake.mp4,source-identity cross | identity-speaker cross,7,fake.mp4,-,id03844,rtvc,id03844,KEEP DROPPED (Maintains Disjointness)
00092_fake.mp4,source-identity cross | identity-speaker cross,7,fake.mp4,-,id03858,rtvc,id03858,KEEP DROPPED (Maintains Disjointness)
00021_fake.mp4,source-identity cross | identity-speaker cross,7,fake.mp4,-,id03941,rtvc,id03941,KEEP DROPPED (Maintains Disjointness)
00135_fake.mp4,source-identity cross | identity-speaker cross,6,fake.mp4,-,id00043,rtvc,id00043,KEEP DROPPED (Maintains Disjointness)
00281_fake.mp4,source-identity cross | identity-speaker cross,6,fake.mp4,-,id00080,rtvc,id00080,KEEP DROPPED (Maintains Disjointness)
00284_fake.mp4,source-identity cross | identity-speaker cross,6,fake.mp4,-,id00149,rtvc,id00149,KEEP DROPPED (Maintains Disjointness)
00052_fake.mp4,source-identity cross | identity-speaker cross,6,fake.mp4,-,id00235,rtvc,id00235,KEEP DROPPED (Maintains Disjointness)
00069_fake.mp4,source-identity cross | identity-speaker cross,6,fake.mp4,-,id00417,rtvc,id00417,KEEP DROPPED (Maintains Disjointness)
00043_fake.mp4,source-identity cross | identity-speaker cross,6,fake.mp4,-,id00461,rtvc,id00461,KEEP DROPPED (Maintains Disjointness)
00028_fake.mp4,source-identity cross | identity-speaker cross,6,fake.mp4,-,id00488,rtvc,id00488,KEEP DROPPED (Maintains Disjointness)
00005_fake.mp4,source-identity cross | identity-speaker cross,6,fake.mp4,-,id00739,rtvc,id00739,KEEP DROPPED (Maintains Disjointness)
00053_fake.mp4,source-identity cross | identity-speaker cross,6,fake.mp4,-,id00747,rtvc,id00747,KEEP DROPPED (Maintains Disjointness)
00083_fake.mp4,source-identity cross | identity-speaker cross,6,fake.mp4,-,id01026,rtvc,id01026,KEEP DROPPED (Maintains Disjointness)
00092_fake.mp4,source-identity cross | identity-speaker cross,6,fake.mp4,-,id02089,rtvc,id02089,KEEP DROPPED (Maintains Disjointness)
00139_fake.mp4,source-identity cross | identity-speaker cross,6,fake.mp4,-,id02310,rtvc,id02310,KEEP DROPPED (Maintains Disjointness)
00015_fake.mp4,source-identity cross | identity-speaker cross,6,fake.mp4,-,id02619,rtvc,id02619,KEEP DROPPED (Maintains Disjointness)
00023_fake.mp4,source-identity cross | identity-speaker cross,6,fake.mp4,-,id03559,rtvc,id03559,KEEP DROPPED (Maintains Disjointness)
00118_fake.mp4,source-identity cross | identity-speaker cross,6,fake.mp4,-,id03815,rtvc,id03815,KEEP DROPPED (Maintains Disjointness)
00021_fake.mp4,source-identity cross | identity-speaker cross,6,fake.mp4,-,id03897,rtvc,id03897,KEEP DROPPED (Maintains Disjointness)
00005_fake.mp4,source-identity cross | identity-speaker cross,6,fake.mp4,-,id03985,rtvc,id03985,KEEP DROPPED (Maintains Disjointness)
00072_fake.mp4,source-identity cross | identity-speaker cross,6,fake.mp4,-,id04070,rtvc,id04070,KEEP DROPPED (Maintains Disjointness)
00054_fake.mp4,source-identity cross | identity-speaker cross,6,fake.mp4,-,id04490,rtvc,id04490,KEEP DROPPED (Maintains Disjointness)
00186_fake.mp4,source-identity cross | identity-speaker cross,6,fake.mp4,-,id04529,rtvc,id04529,KEEP DROPPED (Maintains Disjointness)
00231_fake.mp4,source-identity cross | identity-speaker cross,6,fake.mp4,-,id04530,rtvc,id04530,KEEP DROPPED (Maintains Disjointness)
00417_fake.mp4,source-identity cross | identity-speaker cross,6,fake.mp4,-,id04564,rtvc,id04564,KEEP DROPPED (Maintains Disjointness)
00180_fake.mp4,source-identity cross | identity-speaker cross,6,fake.mp4,-,id04582,rtvc,id04582,KEEP DROPPED (Maintains Disjointness)
00077_fake.mp4,source-identity cross | identity-speaker cross,6,fake.mp4,-,id04583,rtvc,id04583,KEEP DROPPED (Maintains Disjointness)
00013_fake.mp4,source-identity cross | identity-speaker cross,6,fake.mp4,-,id04927,rtvc,id04927,KEEP DROPPED (Maintains Disjointness)
00052_fake.mp4,source-identity cross | identity-speaker cross,6,fake.mp4,-,id05434,rtvc,id05434,KEEP DROPPED (Maintains Disjointness)
00107_fake.mp4,source-identity cross | identity-speaker cross,6,fake.mp4,-,id05435,rtvc,id05435,KEEP DROPPED (Maintains Disjointness)
00135_fake.mp4,source-identity cross | identity-speaker cross,6,fake.mp4,-,id05478,rtvc,id05478,KEEP DROPPED (Maintains Disjointness)
00027_fake.mp4,source-identity cross | identity-speaker cross,6,fake.mp4,-,id05845,rtvc,id05845,KEEP DROPPED (Maintains Disjointness)
00161_fake.mp4,source-identity cross | identity-speaker cross,6,fake.mp4,-,id05920,rtvc,id05920,KEEP DROPPED (Maintains Disjointness)
00013_fake.mp4,source-identity cross | identity-speaker cross,6,fake.mp4,-,id05931,rtvc,id05931,KEEP DROPPED (Maintains Disjointness)
00025_fake.mp4,source-identity cross | identity-speaker cross,6,fake.mp4,-,id06232,rtvc,id06232,KEEP DROPPED (Maintains Disjointness)
00043_fake.mp4,source-identity cross | identity-speaker cross,6,fake.mp4,-,id06254,rtvc,id06254,KEEP DROPPED (Maintains Disjointness)
00159_fake.mp4,source-identity cross | identity-speaker cross,6,fake.mp4,-,id06268,rtvc,id06268,KEEP DROPPED (Maintains Disjointness)
00023_fake.mp4,source-identity cross | identity-speaker cross,6,fake.mp4,-,id06343,rtvc,id06343,KEEP DROPPED (Maintains Disjointness)
00043_fake.mp4,source-identity cross | identity-speaker cross,6,fake.mp4,-,id06428,rtvc,id06428,KEEP DROPPED (Maintains Disjointness)
00028_fake.mp4,source-identity cross | identity-speaker cross,6,fake.mp4,-,id06437,rtvc,id06437,KEEP DROPPED (Maintains Disjointness)
00110_fake.mp4,source-identity cross | identity-speaker cross,6,fake.mp4,-,id06438,rtvc,id06438,KEEP DROPPED (Maintains Disjointness)
00118_fake.mp4,source-identity cross | identity-speaker cross,6,fake.mp4,-,id06439,rtvc,id06439,KEEP DROPPED (Maintains Disjointness)
00150_fake.mp4,source-identity cross | identity-speaker cross,6,fake.mp4,-,id06445,rtvc,id06445,KEEP DROPPED (Maintains Disjointness)
00221_fake.mp4,source-identity cross | identity-speaker cross,6,fake.mp4,-,id06752,rtvc,id06752,KEEP DROPPED (Maintains Disjointness)
00175_fake.mp4,source-identity cross | identity-speaker cross,6,fake.mp4,-,id07008,rtvc,id07008,KEEP DROPPED (Maintains Disjointness)
00043_fake.mp4,source-identity cross | identity-speaker cross,6,fake.mp4,-,id07049,rtvc,id07049,KEEP DROPPED (Maintains Disjointness)
00083_fake.mp4,source-identity cross | identity-speaker cross,6,fake.mp4,-,id07051,rtvc,id07051,KEEP DROPPED (Maintains Disjointness)
00405_fake.mp4,source-identity cross | identity-speaker cross,6,fake.mp4,-,id07078,rtvc,id07078,KEEP DROPPED (Maintains Disjointness)
00052_fake.mp4,source-identity cross | identity-speaker cross,6,fake.mp4,-,id07136,rtvc,id07136,KEEP DROPPED (Maintains Disjointness)
00143_fake.mp4,source-identity cross | identity-speaker cross,6,fake.mp4,-,id07236,rtvc,id07236,KEEP DROPPED (Maintains Disjointness)
00025_fake.mp4,source-identity cross | identity-speaker cross,6,fake.mp4,-,id07377,rtvc,id07377,KEEP DROPPED (Maintains Disjointness)
00254_fake.mp4,source-identity cross | identity-speaker cross,6,fake.mp4,-,id07686,rtvc,id07686,KEEP DROPPED (Maintains Disjointness)
00028_fake.mp4,source-identity cross | identity-speaker cross,6,fake.mp4,-,id07689,rtvc,id07689,KEEP DROPPED (Maintains Disjointness)
00092_0.mp4,source-identity cross | identity-speaker cross,5,0.mp4,-,id00171,faceswap,id00171,KEEP DROPPED (Maintains Disjointness)
00015_0.mp4,source-identity cross | identity-speaker cross,5,0.mp4,-,id00183,faceswap,id00183,KEEP DROPPED (Maintains Disjointness)
00015_1.mp4,source-identity cross | identity-speaker cross,5,1.mp4,-,id00183,faceswap,id00183,KEEP DROPPED (Maintains Disjointness)
00015_2.mp4,source-identity cross | identity-speaker cross,5,2.mp4,-,id00183,faceswap,id00183,KEEP DROPPED (Maintains Disjointness)
00015_3.mp4,source-identity cross | identity-speaker cross,5,3.mp4,-,id00183,faceswap,id00183,KEEP DROPPED (Maintains Disjointness)
00311_0.mp4,source-identity cross | identity-speaker cross,5,0.mp4,-,id00185,faceswap,id00185,KEEP DROPPED (Maintains Disjointness)
00028_0.mp4,source-identity cross | identity-speaker cross,5,0.mp4,-,id00186,faceswap,id00186,KEEP DROPPED (Maintains Disjointness)
00120_0.mp4,source-identity cross | identity-speaker cross,5,0.mp4,-,id00186,faceswap,id00186,KEEP DROPPED (Maintains Disjointness)
00360_0.mp4,source-identity cross | identity-speaker cross,5,0.mp4,-,id00187,faceswap,id00187,KEEP DROPPED (Maintains Disjointness)
00015_0.mp4,source-identity cross | identity-speaker cross,5,0.mp4,-,id00241,faceswap,id00241,KEEP DROPPED (Maintains Disjointness)
00015_1.mp4,source-identity cross | identity-speaker cross,5,1.mp4,-,id00241,faceswap,id00241,KEEP DROPPED (Maintains Disjointness)
00015_2.mp4,source-identity cross | identity-speaker cross,5,2.mp4,-,id00241,faceswap,id00241,KEEP DROPPED (Maintains Disjointness)
00015_0.mp4,source-identity cross | identity-speaker cross,5,0.mp4,-,id00266,faceswap,id00266,KEEP DROPPED (Maintains Disjointness)
00113_0_1.mp4,source-identity cross | identity-speaker cross,5,0,-,id00305,faceswap,id00305,KEEP DROPPED (Maintains Disjointness)
00113_1.mp4,source-identity cross | identity-speaker cross,5,1.mp4,-,id00305,faceswap,id00305,KEEP DROPPED (Maintains Disjointness)
00078_0.mp4,source-identity cross | identity-speaker cross,5,0.mp4,-,id00368,faceswap,id00368,KEEP DROPPED (Maintains Disjointness)
00014_4.mp4,source-identity cross | identity-speaker cross,5,4.mp4,-,id00498,faceswap,id00498,KEEP DROPPED (Maintains Disjointness)
00187_0.mp4,source-identity cross | identity-speaker cross,5,0.mp4,-,id00520,faceswap,id00520,KEEP DROPPED (Maintains Disjointness)
00187_1.mp4,source-identity cross | identity-speaker cross,5,1.mp4,-,id00520,faceswap,id00520,KEEP DROPPED (Maintains Disjointness)
00187_2.mp4,source-identity cross | identity-speaker cross,5,2.mp4,-,id00520,faceswap,id00520,KEEP DROPPED (Maintains Disjointness)
00187_3.mp4,source-identity cross | identity-speaker cross,5,3.mp4,-,id00520,faceswap,id00520,KEEP DROPPED (Maintains Disjointness)
00028_0.mp4,source-identity cross | identity-speaker cross,5,0.mp4,-,id00554,faceswap,id00554,KEEP DROPPED (Maintains Disjointness)
00004_0.mp4,source-identity cross | identity-speaker cross,5,0.mp4,-,id00594,faceswap,id00594,KEEP DROPPED (Maintains Disjointness)
00206_0.mp4,source-identity cross | identity-speaker cross,5,0.mp4,-,id00709,faceswap,id00709,KEEP DROPPED (Maintains Disjointness)
00206_1.mp4,source-identity cross | identity-speaker cross,5,1.mp4,-,id00709,faceswap,id00709,KEEP DROPPED (Maintains Disjointness)
00126_0.mp4,source-identity cross | identity-speaker cross,5,0.mp4,-,id00946,faceswap,id00946,KEEP DROPPED (Maintains Disjointness)
00028_0.mp4,source-identity cross | identity-speaker cross,5,0.mp4,-,id00963,faceswap,id00963,KEEP DROPPED (Maintains Disjointness)
00028_id00415_saYfEadFy_s_faceswap.mp4,source-speaker cross | identity-speaker cross,5,id00415,faceswap.mp4,id00963,faceswap,id00963,KEEP DROPPED (Maintains Disjointness)
00028_3.mp4,source-identity cross | identity-speaker cross,5,3.mp4,-,id00999,faceswap,id00999,KEEP DROPPED (Maintains Disjointness)
00027_0.mp4,source-identity cross | identity-speaker cross,5,0.mp4,-,id01051,faceswap,id01051,KEEP DROPPED (Maintains Disjointness)
00322_0.mp4,source-identity cross | identity-speaker cross,5,0.mp4,-,id01051,faceswap,id01051,KEEP DROPPED (Maintains Disjointness)
00322_2.mp4,source-identity cross | identity-speaker cross,5,2.mp4,-,id01051,faceswap,id01051,KEEP DROPPED (Maintains Disjointness)
00072_0.mp4,source-identity cross | identity-speaker cross,5,0.mp4,-,id01052,faceswap,id01052,KEEP DROPPED (Maintains Disjointness)
00076_0.mp4,source-identity cross | identity-speaker cross,5,0.mp4,-,id01052,faceswap,id01052,KEEP DROPPED (Maintains Disjointness)
00239_0.mp4,source-identity cross | identity-speaker cross,5,0.mp4,-,id01052,faceswap,id01052,KEEP DROPPED (Maintains Disjointness)
00005_0.mp4,source-identity cross | identity-speaker cross,5,0.mp4,-,id01058,faceswap,id01058,KEEP DROPPED (Maintains Disjointness)
00005_2.mp4,source-identity cross | identity-speaker cross,5,2.mp4,-,id01058,faceswap,id01058,KEEP DROPPED (Maintains Disjointness)
00005_3.mp4,source-identity cross | identity-speaker cross,5,3.mp4,-,id01058,faceswap,id01058,KEEP DROPPED (Maintains Disjointness)
00005_4.mp4,source-identity cross | identity-speaker cross,5,4.mp4,-,id01058,faceswap,id01058,KEEP DROPPED (Maintains Disjointness)
00044_0.mp4,source-identity cross | identity-speaker cross,5,0.mp4,-,id01098,faceswap,id01098,KEEP DROPPED (Maintains Disjointness)
00005_0.mp4,source-identity cross | identity-speaker cross,5,0.mp4,-,id01102,faceswap,id01102,KEEP DROPPED (Maintains Disjointness)
00072_0.mp4,source-identity cross | identity-speaker cross,5,0.mp4,-,id01123,faceswap,id01123,KEEP DROPPED (Maintains Disjointness)
00040_0.mp4,source-identity cross | identity-speaker cross,5,0.mp4,-,id01126,faceswap,id01126,KEEP DROPPED (Maintains Disjointness)
00040_2.mp4,source-identity cross | identity-speaker cross,5,2.mp4,-,id02567,faceswap,id02567,KEEP DROPPED (Maintains Disjointness)
00028_0.mp4,source-identity cross | identity-speaker cross,7,0.mp4,-,id00042,faceswap,id00042,KEEP DROPPED (Maintains Disjointness)
00004_0.mp4,source-identity cross | identity-speaker cross,7,0.mp4,-,id00068,faceswap,id00068,KEEP DROPPED (Maintains Disjointness)
00004_1.mp4,source-identity cross | identity-speaker cross,7,1.mp4,-,id00068,faceswap,id00068,KEEP DROPPED (Maintains Disjointness)
00004_2.mp4,source-identity cross | identity-speaker cross,7,2.mp4,-,id00068,faceswap,id00068,KEEP DROPPED (Maintains Disjointness)
00004_3.mp4,source-identity cross | identity-speaker cross,7,3.mp4,-,id00068,faceswap,id00068,KEEP DROPPED (Maintains Disjointness)
00025_0.mp4,source-identity cross | identity-speaker cross,7,0.mp4,-,id00232,faceswap,id00232,KEEP DROPPED (Maintains Disjointness)
00028_0.mp4,source-identity cross | identity-speaker cross,7,0.mp4,-,id00262,faceswap,id00262,KEEP DROPPED (Maintains Disjointness)
00088_0.mp4,source-identity cross | identity-speaker cross,7,0.mp4,-,id00270,faceswap,id00270,KEEP DROPPED (Maintains Disjointness)
00028_0.mp4,source-identity cross | identity-speaker cross,7,0.mp4,-,id00271,faceswap,id00271,KEEP DROPPED (Maintains Disjointness)
00092_0.mp4,source-identity cross | identity-speaker cross,7,0.mp4,-,id00328,faceswap,id00328,KEEP DROPPED (Maintains Disjointness)
00293_0.mp4,source-identity cross | identity-speaker cross,7,0.mp4,-,id00332,faceswap,id00332,KEEP DROPPED (Maintains Disjointness)
00078_0.mp4,source-identity cross | identity-speaker cross,7,0.mp4,-,id00365,faceswap,id00365,KEEP DROPPED (Maintains Disjointness)
00078_id00330_zCFFgGSIZ_s_faceswap.mp4,source-speaker cross | identity-speaker cross,7,id00330,faceswap.mp4,id00365,faceswap,id00365,KEEP DROPPED (Maintains Disjointness)
00028_0.mp4,source-identity cross | identity-speaker cross,7,0.mp4,-,id00373,faceswap,id00373,KEEP DROPPED (Maintains Disjointness)
00311_0.mp4,source-identity cross | identity-speaker cross,7,0.mp4,-,id00374,faceswap,id00374,KEEP DROPPED (Maintains Disjointness)
00311_id00330_zCFFgGSIZ_s_faceswap.mp4,source-speaker cross | identity-speaker cross,7,id00330,faceswap.mp4,id00374,faceswap,id00374,KEEP DROPPED (Maintains Disjointness)
00420_0.mp4,source-identity cross | identity-speaker cross,7,0.mp4,-,id00395,faceswap,id00395,KEEP DROPPED (Maintains Disjointness)
00046_0.mp4,source-identity cross | identity-speaker cross,7,0.mp4,-,id00434,faceswap,id00434,KEEP DROPPED (Maintains Disjointness)
00046_id00330_zCFFgGSIZ_s_faceswap.mp4,source-speaker cross | identity-speaker cross,7,id00330,faceswap.mp4,id00434,faceswap,id00434,KEEP DROPPED (Maintains Disjointness)
00202_0.mp4,source-identity cross | identity-speaker cross,7,0.mp4,-,id00484,faceswap,id00484,KEEP DROPPED (Maintains Disjointness)
00027_0.mp4,source-identity cross | identity-speaker cross,7,0.mp4,-,id00495,faceswap,id00495,KEEP DROPPED (Maintains Disjointness)
00239_0.mp4,source-identity cross | identity-speaker cross,7,0.mp4,-,id00569,faceswap,id00569,KEEP DROPPED (Maintains Disjointness)
00239_1.mp4,source-identity cross | identity-speaker cross,7,1.mp4,-,id00569,faceswap,id00569,KEEP DROPPED (Maintains Disjointness)
00239_2.mp4,source-identity cross | identity-speaker cross,7,2.mp4,-,id00569,faceswap,id00569,KEEP DROPPED (Maintains Disjointness)
00130_0.mp4,source-identity cross | identity-speaker cross,7,0.mp4,-,id00589,faceswap,id00589,KEEP DROPPED (Maintains Disjointness)
00078_0.mp4,source-identity cross | identity-speaker cross,7,0.mp4,-,id00634,faceswap,id00634,KEEP DROPPED (Maintains Disjointness)
00065_0.mp4,source-identity cross | identity-speaker cross,7,0.mp4,-,id00826,faceswap,id00826,KEEP DROPPED (Maintains Disjointness)
00043_0.mp4,source-identity cross | identity-speaker cross,7,0.mp4,-,id01002,faceswap,id01002,KEEP DROPPED (Maintains Disjointness)
00002_0.mp4,source-identity cross | identity-speaker cross,7,0.mp4,-,id03589,faceswap,id03589,KEEP DROPPED (Maintains Disjointness)
00001_0.mp4,source-identity cross | identity-speaker cross,7,0.mp4,-,id03649,faceswap,id03649,KEEP DROPPED (Maintains Disjointness)
00040_0.mp4,source-identity cross | identity-speaker cross,7,0.mp4,-,id03716,faceswap,id03716,KEEP DROPPED (Maintains Disjointness)
00028_0.mp4,source-identity cross | identity-speaker cross,7,0.mp4,-,id03844,faceswap,id03844,KEEP DROPPED (Maintains Disjointness)
00092_0.mp4,source-identity cross | identity-speaker cross,7,0.mp4,-,id03858,faceswap,id03858,KEEP DROPPED (Maintains Disjointness)
00021_0.mp4,source-identity cross | identity-speaker cross,7,0.mp4,-,id03941,faceswap,id03941,KEEP DROPPED (Maintains Disjointness)
00028_0.mp4,source-identity cross | identity-speaker cross,6,0.mp4,-,id00080,faceswap,id00080,KEEP DROPPED (Maintains Disjointness)
00281_id07136_4e43eS5p3_M_faceswap.mp4,source-speaker cross | identity-speaker cross,6,id07136,faceswap.mp4,id00080,faceswap,id00080,KEEP DROPPED (Maintains Disjointness)
00284_0.mp4,source-identity cross | identity-speaker cross,6,0.mp4,-,id00149,faceswap,id00149,KEEP DROPPED (Maintains Disjointness)
00284_id07136_4e43eS5p3_M_faceswap.mp4,source-speaker cross | identity-speaker cross,6,id07136,faceswap.mp4,id00149,faceswap,id00149,KEEP DROPPED (Maintains Disjointness)
00052_0.mp4,source-identity cross | identity-speaker cross,6,0.mp4,-,id00235,faceswap,id00235,KEEP DROPPED (Maintains Disjointness)
00053_0.mp4,source-identity cross | identity-speaker cross,6,0.mp4,-,id00747,faceswap,id00747,KEEP DROPPED (Maintains Disjointness)
00083_1.mp4,source-identity cross | identity-speaker cross,6,1.mp4,-,id01026,faceswap,id01026,KEEP DROPPED (Maintains Disjointness)
00083_2.mp4,source-identity cross | identity-speaker cross,6,2.mp4,-,id01026,faceswap,id01026,KEEP DROPPED (Maintains Disjointness)
00092_0.mp4,source-identity cross | identity-speaker cross,6,0.mp4,-,id02089,faceswap,id02089,KEEP DROPPED (Maintains Disjointness)
00139_0.mp4,source-identity cross | identity-speaker cross,6,0.mp4,-,id02310,faceswap,id02310,KEEP DROPPED (Maintains Disjointness)
00139_2.mp4,source-identity cross | identity-speaker cross,6,2.mp4,-,id02310,faceswap,id02310,KEEP DROPPED (Maintains Disjointness)
00015_0.mp4,source-identity cross | identity-speaker cross,6,0.mp4,-,id02619,faceswap,id02619,KEEP DROPPED (Maintains Disjointness)
00118_1.mp4,source-identity cross | identity-speaker cross,6,1.mp4,-,id03815,faceswap,id03815,KEEP DROPPED (Maintains Disjointness)
00417_0.mp4,source-identity cross | identity-speaker cross,6,0.mp4,-,id04564,faceswap,id04564,KEEP DROPPED (Maintains Disjointness)
00180_0.mp4,source-identity cross | identity-speaker cross,6,0.mp4,-,id04582,faceswap,id04582,KEEP DROPPED (Maintains Disjointness)
00077_id07136_4e43eS5p3_M_faceswap.mp4,source-speaker cross | identity-speaker cross,6,id07136,faceswap.mp4,id04583,faceswap,id04583,KEEP DROPPED (Maintains Disjointness)
00052_0.mp4,source-identity cross | identity-speaker cross,6,0.mp4,-,id05434,faceswap,id05434,KEEP DROPPED (Maintains Disjointness)
00135_0.mp4,source-identity cross | identity-speaker cross,6,0.mp4,-,id05478,faceswap,id05478,KEEP DROPPED (Maintains Disjointness)
00013_0.mp4,source-identity cross | identity-speaker cross,6,0.mp4,-,id05931,faceswap,id05931,KEEP DROPPED (Maintains Disjointness)
00025_0.mp4,source-identity cross | identity-speaker cross,6,0.mp4,-,id06232,faceswap,id06232,KEEP DROPPED (Maintains Disjointness)
00043_0.mp4,source-identity cross | identity-speaker cross,6,0.mp4,-,id06254,faceswap,id06254,KEEP DROPPED (Maintains Disjointness)
00159_0.mp4,source-identity cross | identity-speaker cross,6,0.mp4,-,id06268,faceswap,id06268,KEEP DROPPED (Maintains Disjointness)
00159_id07051_d1c0Pl2aP_4_faceswap.mp4,source-speaker cross | identity-speaker cross,6,id07051,faceswap.mp4,id06268,faceswap,id06268,KEEP DROPPED (Maintains Disjointness)
00043_id07051_d1c0Pl2aP_4_faceswap.mp4,source-speaker cross | identity-speaker cross,6,id07051,faceswap.mp4,id06428,faceswap,id06428,KEEP DROPPED (Maintains Disjointness)
00028_0.mp4,source-identity cross | identity-speaker cross,6,0.mp4,-,id06437,faceswap,id06437,KEEP DROPPED (Maintains Disjointness)
00150_0.mp4,source-identity cross | identity-speaker cross,6,0.mp4,-,id06445,faceswap,id06445,KEEP DROPPED (Maintains Disjointness)
00221_0.mp4,source-identity cross | identity-speaker cross,6,0.mp4,-,id06752,faceswap,id06752,KEEP DROPPED (Maintains Disjointness)
00221_2.mp4,source-identity cross | identity-speaker cross,6,2.mp4,-,id06752,faceswap,id06752,KEEP DROPPED (Maintains Disjointness)
00221_3.mp4,source-identity cross | identity-speaker cross,6,3.mp4,-,id06752,faceswap,id06752,KEEP DROPPED (Maintains Disjointness)
00175_0.mp4,source-identity cross | identity-speaker cross,6,0.mp4,-,id07008,faceswap,id07008,KEEP DROPPED (Maintains Disjointness)
00405_0.mp4,source-identity cross | identity-speaker cross,6,0.mp4,-,id07078,faceswap,id07078,KEEP DROPPED (Maintains Disjointness)
00405_1.mp4,source-identity cross | identity-speaker cross,6,1.mp4,-,id07078,faceswap,id07078,KEEP DROPPED (Maintains Disjointness)
00405_3.mp4,source-identity cross | identity-speaker cross,6,3.mp4,-,id07078,faceswap,id07078,KEEP DROPPED (Maintains Disjointness)
00052_0.mp4,source-identity cross | identity-speaker cross,6,0.mp4,-,id07136,faceswap,id07136,KEEP DROPPED (Maintains Disjointness)
00052_1.mp4,source-identity cross | identity-speaker cross,6,1.mp4,-,id07136,faceswap,id07136,KEEP DROPPED (Maintains Disjointness)
00052_2.mp4,source-identity cross | identity-speaker cross,6,2.mp4,-,id07136,faceswap,id07136,KEEP DROPPED (Maintains Disjointness)
00143_0.mp4,source-identity cross | identity-speaker cross,6,0.mp4,-,id07236,faceswap,id07236,KEEP DROPPED (Maintains Disjointness)
00028_1.mp4,source-identity cross | identity-speaker cross,6,1.mp4,-,id07689,faceswap,id07689,KEEP DROPPED (Maintains Disjointness)
00028_2.mp4,source-identity cross | identity-speaker cross,6,2.mp4,-,id07689,faceswap,id07689,KEEP DROPPED (Maintains Disjointness)
00028_3.mp4,source-identity cross | identity-speaker cross,6,3.mp4,-,id07689,faceswap,id07689,KEEP DROPPED (Maintains Disjointness)
00120_id00183_z2DhZllPWUQ_faceswap_id00183_wavtolip.mp4,source-speaker cross | identity-speaker cross,5,id00183,faceswap,id00055,faceswap-wav2lip,id00055,KEEP DROPPED (Maintains Disjointness)
00120_id00183_z2DhZllPWUQ_faceswap_id00709_wavtolip.mp4,source-speaker cross | identity-speaker cross,5,id00183,faceswap,id00055,faceswap-wav2lip,id00055,KEEP DROPPED (Maintains Disjointness)
00120_id00183_z2DhZllPWUQ_faceswap_id00909_wavtolip.mp4,source-speaker cross | identity-speaker cross,5,id00183,faceswap,id00055,faceswap-wav2lip,id00055,KEEP DROPPED (Maintains Disjointness)
00120_id00183_z2DhZllPWUQ_faceswap_id01051_wavtolip.mp4,source-speaker cross | identity-speaker cross,5,id00183,faceswap,id00055,faceswap-wav2lip,id00055,KEEP DROPPED (Maintains Disjointness)
00120_id00183_z2DhZllPWUQ_faceswap_id01157_wavtolip.mp4,source-speaker cross | identity-speaker cross,5,id00183,faceswap,id00055,faceswap-wav2lip,id00055,KEEP DROPPED (Maintains Disjointness)
00021_id00358_vsVwGKy79kM_faceswap_id00171_wavtolip.mp4,source-speaker cross | identity-speaker cross,5,id00358,faceswap,id00063,faceswap-wav2lip,id00063,KEEP DROPPED (Maintains Disjointness)
00021_id00358_vsVwGKy79kM_faceswap_id00186_wavtolip.mp4,source-speaker cross | identity-speaker cross,5,id00358,faceswap,id00063,faceswap-wav2lip,id00063,KEEP DROPPED (Maintains Disjointness)
00021_id00358_vsVwGKy79kM_faceswap_id00241_wavtolip.mp4,source-speaker cross | identity-speaker cross,5,id00358,faceswap,id00063,faceswap-wav2lip,id00063,KEEP DROPPED (Maintains Disjointness)
00021_id00358_vsVwGKy79kM_faceswap_id00306_wavtolip.mp4,source-speaker cross | identity-speaker cross,5,id00358,faceswap,id00063,faceswap-wav2lip,id00063,KEEP DROPPED (Maintains Disjointness)
00021_id00358_vsVwGKy79kM_faceswap_id01156_wavtolip.mp4,source-speaker cross | identity-speaker cross,5,id00358,faceswap,id00063,faceswap-wav2lip,id00063,KEEP DROPPED (Maintains Disjointness)
00092_id00225_MHSgwpfHAXw_faceswap_id00063_wavtolip.mp4,source-speaker cross | identity-speaker cross,5,id00225,faceswap,id00171,faceswap-wav2lip,id00171,KEEP DROPPED (Maintains Disjointness)
00092_id00225_MHSgwpfHAXw_faceswap_id00183_wavtolip.mp4,source-speaker cross | identity-speaker cross,5,id00225,faceswap,id00171,faceswap-wav2lip,id00171,KEEP DROPPED (Maintains Disjointness)
00092_id00225_MHSgwpfHAXw_faceswap_id00187_wavtolip.mp4,source-speaker cross | identity-speaker cross,5,id00225,faceswap,id00171,faceswap-wav2lip,id00171,KEEP DROPPED (Maintains Disjointness)
00092_id00225_MHSgwpfHAXw_faceswap_id00253_wavtolip.mp4,source-speaker cross | identity-speaker cross,5,id00225,faceswap,id00171,faceswap-wav2lip,id00171,KEEP DROPPED (Maintains Disjointness)
00092_id00225_MHSgwpfHAXw_faceswap_id00519_wavtolip.mp4,source-speaker cross | identity-speaker cross,5,id00225,faceswap,id00171,faceswap-wav2lip,id00171,KEEP DROPPED (Maintains Disjointness)
00015_0_id00063_wavtolip.mp4,source-identity cross | identity-speaker cross,5,0,-,id00183,faceswap-wav2lip,id00183,KEEP DROPPED (Maintains Disjointness)
00015_0_id00171_wavtolip.mp4,source-identity cross | identity-speaker cross,5,0,-,id00183,faceswap-wav2lip,id00183,KEEP DROPPED (Maintains Disjointness)
00015_0_id00498_wavtolip.mp4,source-identity cross | identity-speaker cross,5,0,-,id00183,faceswap-wav2lip,id00183,KEEP DROPPED (Maintains Disjointness)
00015_0_id01058_wavtolip.mp4,source-identity cross | identity-speaker cross,5,0,-,id00183,faceswap-wav2lip,id00183,KEEP DROPPED (Maintains Disjointness)
00015_0_id01156_wavtolip.mp4,source-identity cross | identity-speaker cross,5,0,-,id00183,faceswap-wav2lip,id00183,KEEP DROPPED (Maintains Disjointness)
00015_1_id00186_wavtolip.mp4,source-identity cross | identity-speaker cross,5,1,-,id00183,faceswap-wav2lip,id00183,KEEP DROPPED (Maintains Disjointness)
00015_1_id00368_wavtolip.mp4,source-identity cross | identity-speaker cross,5,1,-,id00183,faceswap-wav2lip,id00183,KEEP DROPPED (Maintains Disjointness)
00015_1_id00520_wavtolip.mp4,source-identity cross | identity-speaker cross,5,1,-,id00183,faceswap-wav2lip,id00183,KEEP DROPPED (Maintains Disjointness)
00015_1_id00990_wavtolip.mp4,source-identity cross | identity-speaker cross,5,1,-,id00183,faceswap-wav2lip,id00183,KEEP DROPPED (Maintains Disjointness)
00015_1_id01154_wavtolip.mp4,source-identity cross | identity-speaker cross,5,1,-,id00183,faceswap-wav2lip,id00183,KEEP DROPPED (Maintains Disjointness)
00015_2_id00192_wavtolip.mp4,source-identity cross | identity-speaker cross,5,2,-,id00183,faceswap-wav2lip,id00183,KEEP DROPPED (Maintains Disjointness)
00015_2_id00358_wavtolip.mp4,source-identity cross | identity-speaker cross,5,2,-,id00183,faceswap-wav2lip,id00183,KEEP DROPPED (Maintains Disjointness)
00015_2_id00535_wavtolip.mp4,source-identity cross | identity-speaker cross,5,2,-,id00183,faceswap-wav2lip,id00183,KEEP DROPPED (Maintains Disjointness)
00015_2_id00559_wavtolip.mp4,source-identity cross | identity-speaker cross,5,2,-,id00183,faceswap-wav2lip,id00183,KEEP DROPPED (Maintains Disjointness)
00015_2_id01099_wavtolip.mp4,source-identity cross | identity-speaker cross,5,2,-,id00183,faceswap-wav2lip,id00183,KEEP DROPPED (Maintains Disjointness)
00015_3_id00282_wavtolip.mp4,source-identity cross | identity-speaker cross,5,3,-,id00183,faceswap-wav2lip,id00183,KEEP DROPPED (Maintains Disjointness)
00015_3_id00306_wavtolip.mp4,source-identity cross | identity-speaker cross,5,3,-,id00183,faceswap-wav2lip,id00183,KEEP DROPPED (Maintains Disjointness)
00015_3_id00358_wavtolip.mp4,source-identity cross | identity-speaker cross,5,3,-,id00183,faceswap-wav2lip,id00183,KEEP DROPPED (Maintains Disjointness)
00015_3_id00498_wavtolip.mp4,source-identity cross | identity-speaker cross,5,3,-,id00183,faceswap-wav2lip,id00183,KEEP DROPPED (Maintains Disjointness)
00015_3_id00909_wavtolip.mp4,source-identity cross | identity-speaker cross,5,3,-,id00183,faceswap-wav2lip,id00183,KEEP DROPPED (Maintains Disjointness)
00015_id00594_2WHHoksbeVw_faceswap_id00063_wavtolip.mp4,source-speaker cross | identity-speaker cross,5,id00594,faceswap,id00185,faceswap-wav2lip,id00185,KEEP DROPPED (Maintains Disjointness)
00015_id00594_2WHHoksbeVw_faceswap_id00183_wavtolip.mp4,source-speaker cross | identity-speaker cross,5,id00594,faceswap,id00185,faceswap-wav2lip,id00185,KEEP DROPPED (Maintains Disjointness)
00015_id00594_2WHHoksbeVw_faceswap_id00909_wavtolip.mp4,source-speaker cross | identity-speaker cross,5,id00594,faceswap,id00185,faceswap-wav2lip,id00185,KEEP DROPPED (Maintains Disjointness)
00015_id00594_2WHHoksbeVw_faceswap_id01102_wavtolip.mp4,source-speaker cross | identity-speaker cross,5,id00594,faceswap,id00185,faceswap-wav2lip,id00185,KEEP DROPPED (Maintains Disjointness)
00015_id00594_2WHHoksbeVw_faceswap_id02567_wavtolip.mp4,source-speaker cross | identity-speaker cross,5,id00594,faceswap,id00185,faceswap-wav2lip,id00185,KEEP DROPPED (Maintains Disjointness)
00120_id00358_vsVwGKy79kM_faceswap_id00055_wavtolip.mp4,source-speaker cross | identity-speaker cross,5,id00358,faceswap,id00186,faceswap-wav2lip,id00186,KEEP DROPPED (Maintains Disjointness)
00120_id00358_vsVwGKy79kM_faceswap_id00063_wavtolip.mp4,source-speaker cross | identity-speaker cross,5,id00358,faceswap,id00186,faceswap-wav2lip,id00186,KEEP DROPPED (Maintains Disjointness)
00120_id00358_vsVwGKy79kM_faceswap_id00185_wavtolip.mp4,source-speaker cross | identity-speaker cross,5,id00358,faceswap,id00186,faceswap-wav2lip,id00186,KEEP DROPPED (Maintains Disjointness)
00120_id00358_vsVwGKy79kM_faceswap_id00709_wavtolip.mp4,source-speaker cross | identity-speaker cross,5,id00358,faceswap,id00186,faceswap-wav2lip,id00186,KEEP DROPPED (Maintains Disjointness)
00120_id00358_vsVwGKy79kM_faceswap_id01058_wavtolip.mp4,source-speaker cross | identity-speaker cross,5,id00358,faceswap,id00186,faceswap-wav2lip,id00186,KEEP DROPPED (Maintains Disjointness)
00360_id01051_jPxk6s6FM6Y_faceswap_id00186_wavtolip.mp4,source-speaker cross | identity-speaker cross,5,id01051,faceswap,id00187,faceswap-wav2lip,id00187,KEEP DROPPED (Maintains Disjointness)
00360_id01051_jPxk6s6FM6Y_faceswap_id00225_wavtolip.mp4,source-speaker cross | identity-speaker cross,5,id01051,faceswap,id00187,faceswap-wav2lip,id00187,KEEP DROPPED (Maintains Disjointness)
00360_id01051_jPxk6s6FM6Y_faceswap_id00535_wavtolip.mp4,source-speaker cross | identity-speaker cross,5,id01051,faceswap,id00187,faceswap-wav2lip,id00187,KEEP DROPPED (Maintains Disjointness)
00360_id01051_jPxk6s6FM6Y_faceswap_id00554_wavtolip.mp4,source-speaker cross | identity-speaker cross,5,id01051,faceswap,id00187,faceswap-wav2lip,id00187,KEEP DROPPED (Maintains Disjointness)
00360_id01051_jPxk6s6FM6Y_faceswap_id01157_wavtolip.mp4,source-speaker cross | identity-speaker cross,5,id01051,faceswap,id00187,faceswap-wav2lip,id00187,KEEP DROPPED (Maintains Disjointness)
00078_id00709_Rh23ELMGsIQ_faceswap_id00305_wavtolip.mp4,source-speaker cross | identity-speaker cross,5,id00709,faceswap,id00225,faceswap-wav2lip,id00225,KEEP DROPPED (Maintains Disjointness)
00078_id00709_Rh23ELMGsIQ_faceswap_id00999_wavtolip.mp4,source-speaker cross | identity-speaker cross,5,id00709,faceswap,id00225,faceswap-wav2lip,id00225,KEEP DROPPED (Maintains Disjointness)
00078_id00709_Rh23ELMGsIQ_faceswap_id01102_wavtolip.mp4,source-speaker cross | identity-speaker cross,5,id00709,faceswap,id00225,faceswap-wav2lip,id00225,KEEP DROPPED (Maintains Disjointness)
00078_id00709_Rh23ELMGsIQ_faceswap_id01123_wavtolip.mp4,source-speaker cross | identity-speaker cross,5,id00709,faceswap,id00225,faceswap-wav2lip,id00225,KEEP DROPPED (Maintains Disjointness)
00078_id00709_Rh23ELMGsIQ_faceswap_id03205_wavtolip.mp4,source-speaker cross | identity-speaker cross,5,id00709,faceswap,id00225,faceswap-wav2lip,id00225,KEEP DROPPED (Maintains Disjointness)
00015_0_id00187_wavtolip.mp4,source-identity cross | identity-speaker cross,5,0,-,id00241,faceswap-wav2lip,id00241,KEEP DROPPED (Maintains Disjointness)
00015_0_id00253_wavtolip.mp4,source-identity cross | identity-speaker cross,5,0,-,id00241,faceswap-wav2lip,id00241,KEEP DROPPED (Maintains Disjointness)
00015_0_id00519_wavtolip.mp4,source-identity cross | identity-speaker cross,5,0,-,id00241,faceswap-wav2lip,id00241,KEEP DROPPED (Maintains Disjointness)
00015_0_id01154_wavtolip.mp4,source-identity cross | identity-speaker cross,5,0,-,id00241,faceswap-wav2lip,id00241,KEEP DROPPED (Maintains Disjointness)
00015_0_id01157_wavtolip.mp4,source-identity cross | identity-speaker cross,5,0,-,id00241,faceswap-wav2lip,id00241,KEEP DROPPED (Maintains Disjointness)
00015_1_id00192_wavtolip.mp4,source-identity cross | identity-speaker cross,5,1,-,id00241,faceswap-wav2lip,id00241,KEEP DROPPED (Maintains Disjointness)
00015_1_id00241_wavtolip.mp4,source-identity cross | identity-speaker cross,5,1,-,id00241,faceswap-wav2lip,id00241,KEEP DROPPED (Maintains Disjointness)
00015_1_id00305_wavtolip.mp4,source-identity cross | identity-speaker cross,5,1,-,id00241,faceswap-wav2lip,id00241,KEEP DROPPED (Maintains Disjointness)
00015_1_id01154_wavtolip.mp4,source-identity cross | identity-speaker cross,5,1,-,id00241,faceswap-wav2lip,id00241,KEEP DROPPED (Maintains Disjointness)
00015_1_id02567_wavtolip.mp4,source-identity cross | identity-speaker cross,5,1,-,id00241,faceswap-wav2lip,id00241,KEEP DROPPED (Maintains Disjointness)
00015_2_id00063_wavtolip.mp4,source-identity cross | identity-speaker cross,5,2,-,id00241,faceswap-wav2lip,id00241,KEEP DROPPED (Maintains Disjointness)
00015_2_id00520_wavtolip.mp4,source-identity cross | identity-speaker cross,5,2,-,id00241,faceswap-wav2lip,id00241,KEEP DROPPED (Maintains Disjointness)
00015_2_id00594_wavtolip.mp4,source-identity cross | identity-speaker cross,5,2,-,id00241,faceswap-wav2lip,id00241,KEEP DROPPED (Maintains Disjointness)
00015_2_id00963_wavtolip.mp4,source-identity cross | identity-speaker cross,5,2,-,id00241,faceswap-wav2lip,id00241,KEEP DROPPED (Maintains Disjointness)
00015_2_id01052_wavtolip.mp4,source-identity cross | identity-speaker cross,5,2,-,id00241,faceswap-wav2lip,id00241,KEEP DROPPED (Maintains Disjointness)
00021_id00183_z2DhZllPWUQ_faceswap_id00225_wavtolip.mp4,source-speaker cross | identity-speaker cross,5,id00183,faceswap,id00253,faceswap-wav2lip,id00253,KEEP DROPPED (Maintains Disjointness)
00021_id00183_z2DhZllPWUQ_faceswap_id00265_wavtolip.mp4,source-speaker cross | identity-speaker cross,5,id00183,faceswap,id00253,faceswap-wav2lip,id00253,KEEP DROPPED (Maintains Disjointness)
00021_id00183_z2DhZllPWUQ_faceswap_id00292_wavtolip.mp4,source-speaker cross | identity-speaker cross,5,id00183,faceswap,id00253,faceswap-wav2lip,id00253,KEEP DROPPED (Maintains Disjointness)
00021_id00183_z2DhZllPWUQ_faceswap_id01099_wavtolip.mp4,source-speaker cross | identity-speaker cross,5,id00183,faceswap,id00253,faceswap-wav2lip,id00253,KEEP DROPPED (Maintains Disjointness)
00021_id00183_z2DhZllPWUQ_faceswap_id01123_wavtolip.mp4,source-speaker cross | identity-speaker cross,5,id00183,faceswap,id00253,faceswap-wav2lip,id00253,KEEP DROPPED (Maintains Disjointness)
00130_id00559_Y7ovoKuvL78_faceswap_id00594_wavtolip.mp4,source-speaker cross | identity-speaker cross,5,id00559,faceswap,id00265,faceswap-wav2lip,id00265,KEEP DROPPED (Maintains Disjointness)
00130_id00559_Y7ovoKuvL78_faceswap_id00909_wavtolip.mp4,source-speaker cross | identity-speaker cross,5,id00559,faceswap,id00265,faceswap-wav2lip,id00265,KEEP DROPPED (Maintains Disjointness)
00130_id00559_Y7ovoKuvL78_faceswap_id00963_wavtolip.mp4,source-speaker cross | identity-speaker cross,5,id00559,faceswap,id00265,faceswap-wav2lip,id00265,KEEP DROPPED (Maintains Disjointness)
00130_id00559_Y7ovoKuvL78_faceswap_id01154_wavtolip.mp4,source-speaker cross | identity-speaker cross,5,id00559,faceswap,id00265,faceswap-wav2lip,id00265,KEEP DROPPED (Maintains Disjointness)
00130_id00559_Y7ovoKuvL78_faceswap_id03205_wavtolip.mp4,source-speaker cross | identity-speaker cross,5,id00559,faceswap,id00265,faceswap-wav2lip,id00265,KEEP DROPPED (Maintains Disjointness)
00470_id00594_2WHHoksbeVw_faceswap_id00305_wavtolip.mp4,source-speaker cross | identity-speaker cross,5,id00594,faceswap,id00266,faceswap-wav2lip,id00266,KEEP DROPPED (Maintains Disjointness)
00470_id00594_2WHHoksbeVw_faceswap_id00709_wavtolip.mp4,source-speaker cross | identity-speaker cross,5,id00594,faceswap,id00266,faceswap-wav2lip,id00266,KEEP DROPPED (Maintains Disjointness)
00470_id00594_2WHHoksbeVw_faceswap_id00909_wavtolip.mp4,source-speaker cross | identity-speaker cross,5,id00594,faceswap,id00266,faceswap-wav2lip,id00266,KEEP DROPPED (Maintains Disjointness)
00470_id00594_2WHHoksbeVw_faceswap_id01099_wavtolip.mp4,source-speaker cross | identity-speaker cross,5,id00594,faceswap,id00266,faceswap-wav2lip,id00266,KEEP DROPPED (Maintains Disjointness)
00470_id00594_2WHHoksbeVw_faceswap_id01102_wavtolip.mp4,source-speaker cross | identity-speaker cross,5,id00594,faceswap,id00266,faceswap-wav2lip,id00266,KEEP DROPPED (Maintains Disjointness)
00268_id00305_LdcY3ILdQrE_faceswap_id00306_wavtolip.mp4,source-speaker cross | identity-speaker cross,5,id00305,faceswap,id00282,faceswap-wav2lip,id00282,KEEP DROPPED (Maintains Disjointness)
00268_id00305_LdcY3ILdQrE_faceswap_id00368_wavtolip.mp4,source-speaker cross | identity-speaker cross,5,id00305,faceswap,id00282,faceswap-wav2lip,id00282,KEEP DROPPED (Maintains Disjointness)
00268_id00305_LdcY3ILdQrE_faceswap_id00709_wavtolip.mp4,source-speaker cross | identity-speaker cross,5,id00305,faceswap,id00282,faceswap-wav2lip,id00282,KEEP DROPPED (Maintains Disjointness)
00268_id00305_LdcY3ILdQrE_faceswap_id01052_wavtolip.mp4,source-speaker cross | identity-speaker cross,5,id00305,faceswap,id00282,faceswap-wav2lip,id00282,KEEP DROPPED (Maintains Disjointness)
00268_id00305_LdcY3ILdQrE_faceswap_id01156_wavtolip.mp4,source-speaker cross | identity-speaker cross,5,id00305,faceswap,id00282,faceswap-wav2lip,id00282,KEEP DROPPED (Maintains Disjointness)
00072_id00192_By3wxX0dyDw_faceswap_id00225_wavtolip.mp4,source-speaker cross | identity-speaker cross,5,id00192,faceswap,id00292,faceswap-wav2lip,id00292,KEEP DROPPED (Maintains Disjointness)
00072_id00192_By3wxX0dyDw_faceswap_id00709_wavtolip.mp4,source-speaker cross | identity-speaker cross,5,id00192,faceswap,id00292,faceswap-wav2lip,id00292,KEEP DROPPED (Maintains Disjointness)
00072_id00192_By3wxX0dyDw_faceswap_id00919_wavtolip.mp4,source-speaker cross | identity-speaker cross,5,id00192,faceswap,id00292,faceswap-wav2lip,id00292,KEEP DROPPED (Maintains Disjointness)
00072_id00192_By3wxX0dyDw_faceswap_id01052_wavtolip.mp4,source-speaker cross | identity-speaker cross,5,id00192,faceswap,id00292,faceswap-wav2lip,id00292,KEEP DROPPED (Maintains Disjointness)
00072_id00192_By3wxX0dyDw_faceswap_id01102_wavtolip.mp4,source-speaker cross | identity-speaker cross,5,id00192,faceswap,id00292,faceswap-wav2lip,id00292,KEEP DROPPED (Maintains Disjointness)
00113_0_1_id00183_wavtolip.mp4,source-identity cross | identity-speaker cross,5,0,id00183,id00305,faceswap-wav2lip,id00305,KEEP DROPPED (Maintains Disjointness)
00113_0_1_id00415_wavtolip.mp4,source-identity cross | identity-speaker cross,5,0,id00415,id00305,faceswap-wav2lip,id00305,KEEP DROPPED (Maintains Disjointness)
00113_0_1_id01051_wavtolip.mp4,source-identity cross | identity-speaker cross,5,0,id01051,id00305,faceswap-wav2lip,id00305,KEEP DROPPED (Maintains Disjointness)
00113_0_1_id01154_wavtolip.mp4,source-identity cross | identity-speaker cross,5,0,id01154,id00305,faceswap-wav2lip,id00305,KEEP DROPPED (Maintains Disjointness)
00113_0_1_id01157_wavtolip.mp4,source-identity cross | identity-speaker cross,5,0,id01157,id00305,faceswap-wav2lip,id00305,KEEP DROPPED (Maintains Disjointness)
00113_1_id00183_wavtolip.mp4,source-identity cross | identity-speaker cross,5,1,-,id00305,faceswap-wav2lip,id00305,KEEP DROPPED (Maintains Disjointness)
00113_1_id00185_wavtolip.mp4,source-identity cross | identity-speaker cross,5,1,-,id00305,faceswap-wav2lip,id00305,KEEP DROPPED (Maintains Disjointness)
00113_1_id00909_wavtolip.mp4,source-identity cross | identity-speaker cross,5,1,-,id00305,faceswap-wav2lip,id00305,KEEP DROPPED (Maintains Disjointness)
00113_1_id00981_wavtolip.mp4,source-identity cross | identity-speaker cross,5,1,-,id00305,faceswap-wav2lip,id00305,KEEP DROPPED (Maintains Disjointness)
00113_1_id03205_wavtolip.mp4,source-identity cross | identity-speaker cross,5,1,-,id00305,faceswap-wav2lip,id00305,KEEP DROPPED (Maintains Disjointness)
00015_id01058_2DKbOjf3Wyo_faceswap_id00253_wavtolip.mp4,source-speaker cross | identity-speaker cross,5,id01058,faceswap,id00306,faceswap-wav2lip,id00306,KEEP DROPPED (Maintains Disjointness)
00015_id01058_2DKbOjf3Wyo_faceswap_id00535_wavtolip.mp4,source-speaker cross | identity-speaker cross,5,id01058,faceswap,id00306,faceswap-wav2lip,id00306,KEEP DROPPED (Maintains Disjointness)
00015_id01058_2DKbOjf3Wyo_faceswap_id00559_wavtolip.mp4,source-speaker cross | identity-speaker cross,5,id01058,faceswap,id00306,faceswap-wav2lip,id00306,KEEP DROPPED (Maintains Disjointness)
00015_id01058_2DKbOjf3Wyo_faceswap_id00919_wavtolip.mp4,source-speaker cross | identity-speaker cross,5,id01058,faceswap,id00306,faceswap-wav2lip,id00306,KEEP DROPPED (Maintains Disjointness)
00015_id01058_2DKbOjf3Wyo_faceswap_id01157_wavtolip.mp4,source-speaker cross | identity-speaker cross,5,id01058,faceswap,id00306,faceswap-wav2lip,id00306,KEEP DROPPED (Maintains Disjointness)
00217_id00063_cVZBXC2rjPM_faceswap_id00055_wavtolip.mp4,source-speaker cross | identity-speaker cross,5,id00063,faceswap,id00358,faceswap-wav2lip,id00358,KEEP DROPPED (Maintains Disjointness)
00217_id00063_cVZBXC2rjPM_faceswap_id00063_wavtolip.mp4,source-speaker cross | identity-speaker cross,5,id00063,faceswap,id00358,faceswap-wav2lip,id00358,KEEP DROPPED (Maintains Disjointness)
00217_id00063_cVZBXC2rjPM_faceswap_id00187_wavtolip.mp4,source-speaker cross | identity-speaker cross,5,id00063,faceswap,id00358,faceswap-wav2lip,id00358,KEEP DROPPED (Maintains Disjointness)
00217_id00063_cVZBXC2rjPM_faceswap_id00253_wavtolip.mp4,source-speaker cross | identity-speaker cross,5,id00063,faceswap,id00358,faceswap-wav2lip,id00358,KEEP DROPPED (Maintains Disjointness)
00217_id00063_cVZBXC2rjPM_faceswap_id01099_wavtolip.mp4,source-speaker cross | identity-speaker cross,5,id00063,faceswap,id00358,faceswap-wav2lip,id00358,KEEP DROPPED (Maintains Disjointness)
00078_id00548_DXbYU3qhN7U_faceswap_id00185_wavtolip.mp4,source-speaker cross | identity-speaker cross,5,id00548,faceswap,id00368,faceswap-wav2lip,id00368,KEEP DROPPED (Maintains Disjointness)
00078_id00548_DXbYU3qhN7U_faceswap_id00548_wavtolip.mp4,source-speaker cross | identity-speaker cross,5,id00548,faceswap,id00368,faceswap-wav2lip,id00368,KEEP DROPPED (Maintains Disjointness)
00078_id00548_DXbYU3qhN7U_faceswap_id01058_wavtolip.mp4,source-speaker cross | identity-speaker cross,5,id00548,faceswap,id00368,faceswap-wav2lip,id00368,KEEP DROPPED (Maintains Disjointness)
00078_id00548_DXbYU3qhN7U_faceswap_id01099_wavtolip.mp4,source-speaker cross | identity-speaker cross,5,id00548,faceswap,id00368,faceswap-wav2lip,id00368,KEEP DROPPED (Maintains Disjointness)
00078_id00548_DXbYU3qhN7U_faceswap_id01102_wavtolip.mp4,source-speaker cross | identity-speaker cross,5,id00548,faceswap,id00368,faceswap-wav2lip,id00368,KEEP DROPPED (Maintains Disjointness)
00017_id00192_By3wxX0dyDw_faceswap_id00368_wavtolip.mp4,source-speaker cross | identity-speaker cross,5,id00192,faceswap,id00415,faceswap-wav2lip,id00415,KEEP DROPPED (Maintains Disjointness)
00017_id00192_By3wxX0dyDw_faceswap_id00520_wavtolip.mp4,source-speaker cross | identity-speaker cross,5,id00192,faceswap,id00415,faceswap-wav2lip,id00415,KEEP DROPPED (Maintains Disjointness)
00017_id00192_By3wxX0dyDw_faceswap_id00548_wavtolip.mp4,source-speaker cross | identity-speaker cross,5,id00192,faceswap,id00415,faceswap-wav2lip,id00415,KEEP DROPPED (Maintains Disjointness)
00017_id00192_By3wxX0dyDw_faceswap_id00909_wavtolip.mp4,source-speaker cross | identity-speaker cross,5,id00192,faceswap,id00415,faceswap-wav2lip,id00415,KEEP DROPPED (Maintains Disjointness)
00017_id00192_By3wxX0dyDw_faceswap_id01154_wavtolip.mp4,source-speaker cross | identity-speaker cross,5,id00192,faceswap,id00415,faceswap-wav2lip,id00415,KEEP DROPPED (Maintains Disjointness)
00014_4_id00187_wavtolip.mp4,source-identity cross | identity-speaker cross,5,4,-,id00498,faceswap-wav2lip,id00498,KEEP DROPPED (Maintains Disjointness)
00014_4_id00594_wavtolip.mp4,source-identity cross | identity-speaker cross,5,4,-,id00498,faceswap-wav2lip,id00498,KEEP DROPPED (Maintains Disjointness)
00014_4_id01154_wavtolip.mp4,source-identity cross | identity-speaker cross,5,4,-,id00498,faceswap-wav2lip,id00498,KEEP DROPPED (Maintains Disjointness)
00014_4_id02567_wavtolip.mp4,source-identity cross | identity-speaker cross,5,4,-,id00498,faceswap-wav2lip,id00498,KEEP DROPPED (Maintains Disjointness)
00014_4_id03205_wavtolip.mp4,source-identity cross | identity-speaker cross,5,4,-,id00498,faceswap-wav2lip,id00498,KEEP DROPPED (Maintains Disjointness)
00014_id00192_By3wxX0dyDw_faceswap_id00520_wavtolip.mp4,source-speaker cross | identity-speaker cross,5,id00192,faceswap,id00498,faceswap-wav2lip,id00498,KEEP DROPPED (Maintains Disjointness)
00014_id00192_By3wxX0dyDw_faceswap_id00594_wavtolip.mp4,source-speaker cross | identity-speaker cross,5,id00192,faceswap,id00498,faceswap-wav2lip,id00498,KEEP DROPPED (Maintains Disjointness)
00014_id00192_By3wxX0dyDw_faceswap_id00919_wavtolip.mp4,source-speaker cross | identity-speaker cross,5,id00192,faceswap,id00498,faceswap-wav2lip,id00498,KEEP DROPPED (Maintains Disjointness)
00014_id00192_By3wxX0dyDw_faceswap_id00981_wavtolip.mp4,source-speaker cross | identity-speaker cross,5,id00192,faceswap,id00498,faceswap-wav2lip,id00498,KEEP DROPPED (Maintains Disjointness)
00014_id00192_By3wxX0dyDw_faceswap_id01099_wavtolip.mp4,source-speaker cross | identity-speaker cross,5,id00192,faceswap,id00498,faceswap-wav2lip,id00498,KEEP DROPPED (Maintains Disjointness)
00028_id01154_tvmOcaG4A4w_faceswap_id00253_wavtolip.mp4,source-speaker cross | identity-speaker cross,5,id01154,faceswap,id00519,faceswap-wav2lip,id00519,KEEP DROPPED (Maintains Disjointness)
00028_id01154_tvmOcaG4A4w_faceswap_id00306_wavtolip.mp4,source-speaker cross | identity-speaker cross,5,id01154,faceswap,id00519,faceswap-wav2lip,id00519,KEEP DROPPED (Maintains Disjointness)
00028_id01154_tvmOcaG4A4w_faceswap_id00694_wavtolip.mp4,source-speaker cross | identity-speaker cross,5,id01154,faceswap,id00519,faceswap-wav2lip,id00519,KEEP DROPPED (Maintains Disjointness)
00028_id01154_tvmOcaG4A4w_faceswap_id00909_wavtolip.mp4,source-speaker cross | identity-speaker cross,5,id01154,faceswap,id00519,faceswap-wav2lip,id00519,KEEP DROPPED (Maintains Disjointness)
00028_id01154_tvmOcaG4A4w_faceswap_id01051_wavtolip.mp4,source-speaker cross | identity-speaker cross,5,id01154,faceswap,id00519,faceswap-wav2lip,id00519,KEEP DROPPED (Maintains Disjointness)
00187_1_id00055_wavtolip.mp4,source-identity cross | identity-speaker cross,5,1,-,id00520,faceswap-wav2lip,id00520,KEEP DROPPED (Maintains Disjointness)
00187_1_id00282_wavtolip.mp4,source-identity cross | identity-speaker cross,5,1,-,id00520,faceswap-wav2lip,id00520,KEEP DROPPED (Maintains Disjointness)
00187_1_id00519_wavtolip.mp4,source-identity cross | identity-speaker cross,5,1,-,id00520,faceswap-wav2lip,id00520,KEEP DROPPED (Maintains Disjointness)
00187_1_id01156_wavtolip.mp4,source-identity cross | identity-speaker cross,5,1,-,id00520,faceswap-wav2lip,id00520,KEEP DROPPED (Maintains Disjointness)
00187_1_id02567_wavtolip.mp4,source-identity cross | identity-speaker cross,5,1,-,id00520,faceswap-wav2lip,id00520,KEEP DROPPED (Maintains Disjointness)
00187_2_id00358_wavtolip.mp4,source-identity cross | identity-speaker cross,5,2,-,id00520,faceswap-wav2lip,id00520,KEEP DROPPED (Maintains Disjointness)
00187_2_id00559_wavtolip.mp4,source-identity cross | identity-speaker cross,5,2,-,id00520,faceswap-wav2lip,id00520,KEEP DROPPED (Maintains Disjointness)
00187_2_id00981_wavtolip.mp4,source-identity cross | identity-speaker cross,5,2,-,id00520,faceswap-wav2lip,id00520,KEEP DROPPED (Maintains Disjointness)
00187_2_id01051_wavtolip.mp4,source-identity cross | identity-speaker cross,5,2,-,id00520,faceswap-wav2lip,id00520,KEEP DROPPED (Maintains Disjointness)
00187_2_id01123_wavtolip.mp4,source-identity cross | identity-speaker cross,5,2,-,id00520,faceswap-wav2lip,id00520,KEEP DROPPED (Maintains Disjointness)
00187_3_id00192_wavtolip.mp4,source-identity cross | identity-speaker cross,5,3,-,id00520,faceswap-wav2lip,id00520,KEEP DROPPED (Maintains Disjointness)
00187_3_id00253_wavtolip.mp4,source-identity cross | identity-speaker cross,5,3,-,id00520,faceswap-wav2lip,id00520,KEEP DROPPED (Maintains Disjointness)
00187_3_id00368_wavtolip.mp4,source-identity cross | identity-speaker cross,5,3,-,id00520,faceswap-wav2lip,id00520,KEEP DROPPED (Maintains Disjointness)
00187_3_id00981_wavtolip.mp4,source-identity cross | identity-speaker cross,5,3,-,id00520,faceswap-wav2lip,id00520,KEEP DROPPED (Maintains Disjointness)
00187_3_id02567_wavtolip.mp4,source-identity cross | identity-speaker cross,5,3,-,id00520,faceswap-wav2lip,id00520,KEEP DROPPED (Maintains Disjointness)
00187_id00559_Y7ovoKuvL78_faceswap_id00063_wavtolip.mp4,source-speaker cross | identity-speaker cross,5,id00559,faceswap,id00520,faceswap-wav2lip,id00520,KEEP DROPPED (Maintains Disjointness)
00187_id00559_Y7ovoKuvL78_faceswap_id00266_wavtolip.mp4,source-speaker cross | identity-speaker cross,5,id00559,faceswap,id00520,faceswap-wav2lip,id00520,KEEP DROPPED (Maintains Disjointness)
00187_id00559_Y7ovoKuvL78_faceswap_id00946_wavtolip.mp4,source-speaker cross | identity-speaker cross,5,id00559,faceswap,id00520,faceswap-wav2lip,id00520,KEEP DROPPED (Maintains Disjointness)
00187_id00559_Y7ovoKuvL78_faceswap_id01098_wavtolip.mp4,source-speaker cross | identity-speaker cross,5,id00559,faceswap,id00520,faceswap-wav2lip,id00520,KEEP DROPPED (Maintains Disjointness)
00187_id00559_Y7ovoKuvL78_faceswap_id01156_wavtolip.mp4,source-speaker cross | identity-speaker cross,5,id00559,faceswap,id00520,faceswap-wav2lip,id00520,KEEP DROPPED (Maintains Disjointness)
00005_id00919_XDUn0Pskyrk_faceswap_id00183_wavtolip.mp4,source-speaker cross | identity-speaker cross,5,id00919,faceswap,id00535,faceswap-wav2lip,id00535,KEEP DROPPED (Maintains Disjointness)
00005_id00919_XDUn0Pskyrk_faceswap_id00368_wavtolip.mp4,source-speaker cross | identity-speaker cross,5,id00919,faceswap,id00535,faceswap-wav2lip,id00535,KEEP DROPPED (Maintains Disjointness)
00005_id00919_XDUn0Pskyrk_faceswap_id00415_wavtolip.mp4,source-speaker cross | identity-speaker cross,5,id00919,faceswap,id00535,faceswap-wav2lip,id00535,KEEP DROPPED (Maintains Disjointness)
00005_id00919_XDUn0Pskyrk_faceswap_id00535_wavtolip.mp4,source-speaker cross | identity-speaker cross,5,id00919,faceswap,id00535,faceswap-wav2lip,id00535,KEEP DROPPED (Maintains Disjointness)
00005_id00919_XDUn0Pskyrk_faceswap_id01099_wavtolip.mp4,source-speaker cross | identity-speaker cross,5,id00919,faceswap,id00535,faceswap-wav2lip,id00535,KEEP DROPPED (Maintains Disjointness)
00015_id00368_KohcGDsg29U_faceswap_id00183_wavtolip.mp4,source-speaker cross | identity-speaker cross,5,id00368,faceswap,id00548,faceswap-wav2lip,id00548,KEEP DROPPED (Maintains Disjointness)
00015_id00368_KohcGDsg29U_faceswap_id00241_wavtolip.mp4,source-speaker cross | identity-speaker cross,5,id00368,faceswap,id00548,faceswap-wav2lip,id00548,KEEP DROPPED (Maintains Disjointness)
00015_id00368_KohcGDsg29U_faceswap_id00305_wavtolip.mp4,source-speaker cross | identity-speaker cross,5,id00368,faceswap,id00548,faceswap-wav2lip,id00548,KEEP DROPPED (Maintains Disjointness)
00015_id00368_KohcGDsg29U_faceswap_id00554_wavtolip.mp4,source-speaker cross | identity-speaker cross,5,id00368,faceswap,id00548,faceswap-wav2lip,id00548,KEEP DROPPED (Maintains Disjointness)
00015_id00368_KohcGDsg29U_faceswap_id01156_wavtolip.mp4,source-speaker cross | identity-speaker cross,5,id00368,faceswap,id00548,faceswap-wav2lip,id00548,KEEP DROPPED (Maintains Disjointness)
00028_id01157_yDgqfOWVKko_faceswap_id00253_wavtolip.mp4,source-speaker cross | identity-speaker cross,5,id01157,faceswap,id00554,faceswap-wav2lip,id00554,KEEP DROPPED (Maintains Disjointness)
00028_id01157_yDgqfOWVKko_faceswap_id00292_wavtolip.mp4,source-speaker cross | identity-speaker cross,5,id01157,faceswap,id00554,faceswap-wav2lip,id00554,KEEP DROPPED (Maintains Disjointness)
00028_id01157_yDgqfOWVKko_faceswap_id00498_wavtolip.mp4,source-speaker cross | identity-speaker cross,5,id01157,faceswap,id00554,faceswap-wav2lip,id00554,KEEP DROPPED (Maintains Disjointness)
00028_id01157_yDgqfOWVKko_faceswap_id01052_wavtolip.mp4,source-speaker cross | identity-speaker cross,5,id01157,faceswap,id00554,faceswap-wav2lip,id00554,KEEP DROPPED (Maintains Disjointness)
00028_id01157_yDgqfOWVKko_faceswap_id01156_wavtolip.mp4,source-speaker cross | identity-speaker cross,5,id01157,faceswap,id00554,faceswap-wav2lip,id00554,KEEP DROPPED (Maintains Disjointness)
00078_id00305_LdcY3ILdQrE_faceswap_id00192_wavtolip.mp4,source-speaker cross | identity-speaker cross,5,id00305,faceswap,id00559,faceswap-wav2lip,id00559,KEEP DROPPED (Maintains Disjointness)
00078_id00305_LdcY3ILdQrE_faceswap_id00241_wavtolip.mp4,source-speaker cross | identity-speaker cross,5,id00305,faceswap,id00559,faceswap-wav2lip,id00559,KEEP DROPPED (Maintains Disjointness)
00078_id00305_LdcY3ILdQrE_faceswap_id00919_wavtolip.mp4,source-speaker cross | identity-speaker cross,5,id00305,faceswap,id00559,faceswap-wav2lip,id00559,KEEP DROPPED (Maintains Disjointness)
00078_id00305_LdcY3ILdQrE_faceswap_id00963_wavtolip.mp4,source-speaker cross | identity-speaker cross,5,id00305,faceswap,id00559,faceswap-wav2lip,id00559,KEEP DROPPED (Maintains Disjointness)
00078_id00305_LdcY3ILdQrE_faceswap_id00981_wavtolip.mp4,source-speaker cross | identity-speaker cross,5,id00305,faceswap,id00559,faceswap-wav2lip,id00559,KEEP DROPPED (Maintains Disjointness)
00005_id00185_1lsGWpwnl1M_faceswap_id00187_wavtolip.mp4,source-speaker cross | identity-speaker cross,5,id00185,faceswap,id00594,faceswap-wav2lip,id00594,KEEP DROPPED (Maintains Disjointness)
00005_id00185_1lsGWpwnl1M_faceswap_id00265_wavtolip.mp4,source-speaker cross | identity-speaker cross,5,id00185,faceswap,id00594,faceswap-wav2lip,id00594,KEEP DROPPED (Maintains Disjointness)
00005_id00185_1lsGWpwnl1M_faceswap_id00498_wavtolip.mp4,source-speaker cross | identity-speaker cross,5,id00185,faceswap,id00594,faceswap-wav2lip,id00594,KEEP DROPPED (Maintains Disjointness)
00005_id00185_1lsGWpwnl1M_faceswap_id00709_wavtolip.mp4,source-speaker cross | identity-speaker cross,5,id00185,faceswap,id00594,faceswap-wav2lip,id00594,KEEP DROPPED (Maintains Disjointness)
00005_id00185_1lsGWpwnl1M_faceswap_id00909_wavtolip.mp4,source-speaker cross | identity-speaker cross,5,id00185,faceswap,id00594,faceswap-wav2lip,id00594,KEEP DROPPED (Maintains Disjointness)
00340_id00535_BhvTIJ-YG5s_faceswap_id00225_wavtolip.mp4,source-speaker cross | identity-speaker cross,5,id00535,faceswap,id00694,faceswap-wav2lip,id00694,KEEP DROPPED (Maintains Disjointness)
00340_id00535_BhvTIJ-YG5s_faceswap_id00292_wavtolip.mp4,source-speaker cross | identity-speaker cross,5,id00535,faceswap,id00694,faceswap-wav2lip,id00694,KEEP DROPPED (Maintains Disjointness)
00340_id00535_BhvTIJ-YG5s_faceswap_id00498_wavtolip.mp4,source-speaker cross | identity-speaker cross,5,id00535,faceswap,id00694,faceswap-wav2lip,id00694,KEEP DROPPED (Maintains Disjointness)
00340_id00535_BhvTIJ-YG5s_faceswap_id00990_wavtolip.mp4,source-speaker cross | identity-speaker cross,5,id00535,faceswap,id00694,faceswap-wav2lip,id00694,KEEP DROPPED (Maintains Disjointness)
00340_id00535_BhvTIJ-YG5s_faceswap_id01099_wavtolip.mp4,source-speaker cross | identity-speaker cross,5,id00535,faceswap,id00694,faceswap-wav2lip,id00694,KEEP DROPPED (Maintains Disjointness)
00206_1_id00187_wavtolip.mp4,source-identity cross | identity-speaker cross,5,1,-,id00709,faceswap-wav2lip,id00709,KEEP DROPPED (Maintains Disjointness)
00206_1_id00548_wavtolip.mp4,source-identity cross | identity-speaker cross,5,1,-,id00709,faceswap-wav2lip,id00709,KEEP DROPPED (Maintains Disjointness)
00206_1_id00709_wavtolip.mp4,source-identity cross | identity-speaker cross,5,1,-,id00709,faceswap-wav2lip,id00709,KEEP DROPPED (Maintains Disjointness)
00206_1_id00963_wavtolip.mp4,source-identity cross | identity-speaker cross,5,1,-,id00709,faceswap-wav2lip,id00709,KEEP DROPPED (Maintains Disjointness)
00206_1_id01102_wavtolip.mp4,source-identity cross | identity-speaker cross,5,1,-,id00709,faceswap-wav2lip,id00709,KEEP DROPPED (Maintains Disjointness)
00037_id00368_KohcGDsg29U_faceswap_id00192_wavtolip.mp4,source-speaker cross | identity-speaker cross,5,id00368,faceswap,id00909,faceswap-wav2lip,id00909,KEEP DROPPED (Maintains Disjointness)
00037_id00368_KohcGDsg29U_faceswap_id00266_wavtolip.mp4,source-speaker cross | identity-speaker cross,5,id00368,faceswap,id00909,faceswap-wav2lip,id00909,KEEP DROPPED (Maintains Disjointness)
00037_id00368_KohcGDsg29U_faceswap_id00981_wavtolip.mp4,source-speaker cross | identity-speaker cross,5,id00368,faceswap,id00909,faceswap-wav2lip,id00909,KEEP DROPPED (Maintains Disjointness)
00037_id00368_KohcGDsg29U_faceswap_id01098_wavtolip.mp4,source-speaker cross | identity-speaker cross,5,id00368,faceswap,id00909,faceswap-wav2lip,id00909,KEEP DROPPED (Maintains Disjointness)
00037_id00368_KohcGDsg29U_faceswap_id01156_wavtolip.mp4,source-speaker cross | identity-speaker cross,5,id00368,faceswap,id00909,faceswap-wav2lip,id00909,KEEP DROPPED (Maintains Disjointness)
00126_id00990_G-qzOIgxEoE_faceswap_id00171_wavtolip.mp4,source-speaker cross | identity-speaker cross,5,id00990,faceswap,id00946,faceswap-wav2lip,id00946,KEEP DROPPED (Maintains Disjointness)
00126_id00990_G-qzOIgxEoE_faceswap_id00253_wavtolip.mp4,source-speaker cross | identity-speaker cross,5,id00990,faceswap,id00946,faceswap-wav2lip,id00946,KEEP DROPPED (Maintains Disjointness)
00126_id00990_G-qzOIgxEoE_faceswap_id00292_wavtolip.mp4,source-speaker cross | identity-speaker cross,5,id00990,faceswap,id00946,faceswap-wav2lip,id00946,KEEP DROPPED (Maintains Disjointness)
00126_id00990_G-qzOIgxEoE_faceswap_id00519_wavtolip.mp4,source-speaker cross | identity-speaker cross,5,id00990,faceswap,id00946,faceswap-wav2lip,id00946,KEEP DROPPED (Maintains Disjointness)
00126_id00990_G-qzOIgxEoE_faceswap_id00594_wavtolip.mp4,source-speaker cross | identity-speaker cross,5,id00990,faceswap,id00946,faceswap-wav2lip,id00946,KEEP DROPPED (Maintains Disjointness)
00028_id00415_saYfEadFy_s_faceswap_id00520_wavtolip.mp4,source-speaker cross | identity-speaker cross,5,id00415,faceswap,id00963,faceswap-wav2lip,id00963,KEEP DROPPED (Maintains Disjointness)
00028_id00415_saYfEadFy_s_faceswap_id00909_wavtolip.mp4,source-speaker cross | identity-speaker cross,5,id00415,faceswap,id00963,faceswap-wav2lip,id00963,KEEP DROPPED (Maintains Disjointness)
00028_id00415_saYfEadFy_s_faceswap_id00919_wavtolip.mp4,source-speaker cross | identity-speaker cross,5,id00415,faceswap,id00963,faceswap-wav2lip,id00963,KEEP DROPPED (Maintains Disjointness)
00028_id00415_saYfEadFy_s_faceswap_id01058_wavtolip.mp4,source-speaker cross | identity-speaker cross,5,id00415,faceswap,id00963,faceswap-wav2lip,id00963,KEEP DROPPED (Maintains Disjointness)
00028_id00415_saYfEadFy_s_faceswap_id01099_wavtolip.mp4,source-speaker cross | identity-speaker cross,5,id00415,faceswap,id00963,faceswap-wav2lip,id00963,KEEP DROPPED (Maintains Disjointness)
00160_id00946_QAiHZhQZksQ_faceswap_id00306_wavtolip.mp4,source-speaker cross | identity-speaker cross,5,id00946,faceswap,id00990,faceswap-wav2lip,id00990,KEEP DROPPED (Maintains Disjointness)
00160_id00946_QAiHZhQZksQ_faceswap_id00358_wavtolip.mp4,source-speaker cross | identity-speaker cross,5,id00946,faceswap,id00990,faceswap-wav2lip,id00990,KEEP DROPPED (Maintains Disjointness)
00160_id00946_QAiHZhQZksQ_faceswap_id00520_wavtolip.mp4,source-speaker cross | identity-speaker cross,5,id00946,faceswap,id00990,faceswap-wav2lip,id00990,KEEP DROPPED (Maintains Disjointness)
00160_id00946_QAiHZhQZksQ_faceswap_id00535_wavtolip.mp4,source-speaker cross | identity-speaker cross,5,id00946,faceswap,id00990,faceswap-wav2lip,id00990,KEEP DROPPED (Maintains Disjointness)
00160_id00946_QAiHZhQZksQ_faceswap_id01123_wavtolip.mp4,source-speaker cross | identity-speaker cross,5,id00946,faceswap,id00990,faceswap-wav2lip,id00990,KEEP DROPPED (Maintains Disjointness)
00028_3_id00282_wavtolip.mp4,source-identity cross | identity-speaker cross,5,3,-,id00999,faceswap-wav2lip,id00999,KEEP DROPPED (Maintains Disjointness)
00028_3_id00368_wavtolip.mp4,source-identity cross | identity-speaker cross,5,3,-,id00999,faceswap-wav2lip,id00999,KEEP DROPPED (Maintains Disjointness)
00028_3_id00415_wavtolip.mp4,source-identity cross | identity-speaker cross,5,3,-,id00999,faceswap-wav2lip,id00999,KEEP DROPPED (Maintains Disjointness)
00028_3_id00919_wavtolip.mp4,source-identity cross | identity-speaker cross,5,3,-,id00999,faceswap-wav2lip,id00999,KEEP DROPPED (Maintains Disjointness)
00028_3_id00963_wavtolip.mp4,source-identity cross | identity-speaker cross,5,3,-,id00999,faceswap-wav2lip,id00999,KEEP DROPPED (Maintains Disjointness)
00322_2_id00063_wavtolip.mp4,source-identity cross | identity-speaker cross,5,2,-,id01051,faceswap-wav2lip,id01051,KEEP DROPPED (Maintains Disjointness)
00322_2_id00186_wavtolip.mp4,source-identity cross | identity-speaker cross,5,2,-,id01051,faceswap-wav2lip,id01051,KEEP DROPPED (Maintains Disjointness)
00322_2_id00305_wavtolip.mp4,source-identity cross | identity-speaker cross,5,2,-,id01051,faceswap-wav2lip,id01051,KEEP DROPPED (Maintains Disjointness)
00322_2_id00990_wavtolip.mp4,source-identity cross | identity-speaker cross,5,2,-,id01051,faceswap-wav2lip,id01051,KEEP DROPPED (Maintains Disjointness)
00322_2_id01099_wavtolip.mp4,source-identity cross | identity-speaker cross,5,2,-,id01051,faceswap-wav2lip,id01051,KEEP DROPPED (Maintains Disjointness)
00322_id01102_aGFUkdgmo3A_faceswap_id00709_wavtolip.mp4,source-speaker cross | identity-speaker cross,5,id01102,faceswap,id01051,faceswap-wav2lip,id01051,KEEP DROPPED (Maintains Disjointness)
00322_id01102_aGFUkdgmo3A_faceswap_id00919_wavtolip.mp4,source-speaker cross | identity-speaker cross,5,id01102,faceswap,id01051,faceswap-wav2lip,id01051,KEEP DROPPED (Maintains Disjointness)
00322_id01102_aGFUkdgmo3A_faceswap_id00946_wavtolip.mp4,source-speaker cross | identity-speaker cross,5,id01102,faceswap,id01051,faceswap-wav2lip,id01051,KEEP DROPPED (Maintains Disjointness)
00322_id01102_aGFUkdgmo3A_faceswap_id01102_wavtolip.mp4,source-speaker cross | identity-speaker cross,5,id01102,faceswap,id01051,faceswap-wav2lip,id01051,KEEP DROPPED (Maintains Disjointness)
00322_id01102_aGFUkdgmo3A_faceswap_id01156_wavtolip.mp4,source-speaker cross | identity-speaker cross,5,id01102,faceswap,id01051,faceswap-wav2lip,id01051,KEEP DROPPED (Maintains Disjointness)
00076_id00709_Rh23ELMGsIQ_faceswap_id00063_wavtolip.mp4,source-speaker cross | identity-speaker cross,5,id00709,faceswap,id01052,faceswap-wav2lip,id01052,KEEP DROPPED (Maintains Disjointness)
00076_id00709_Rh23ELMGsIQ_faceswap_id00225_wavtolip.mp4,source-speaker cross | identity-speaker cross,5,id00709,faceswap,id01052,faceswap-wav2lip,id01052,KEEP DROPPED (Maintains Disjointness)
00076_id00709_Rh23ELMGsIQ_faceswap_id00265_wavtolip.mp4,source-speaker cross | identity-speaker cross,5,id00709,faceswap,id01052,faceswap-wav2lip,id01052,KEEP DROPPED (Maintains Disjointness)
00076_id00709_Rh23ELMGsIQ_faceswap_id01052_wavtolip.mp4,source-speaker cross | identity-speaker cross,5,id00709,faceswap,id01052,faceswap-wav2lip,id01052,KEEP DROPPED (Maintains Disjointness)
00076_id00709_Rh23ELMGsIQ_faceswap_id01156_wavtolip.mp4,source-speaker cross | identity-speaker cross,5,id00709,faceswap,id01052,faceswap-wav2lip,id01052,KEEP DROPPED (Maintains Disjointness)
00005_0_id00305_wavtolip.mp4,source-identity cross | identity-speaker cross,5,0,-,id01058,faceswap-wav2lip,id01058,KEEP DROPPED (Maintains Disjointness)
00005_0_id00519_wavtolip.mp4,source-identity cross | identity-speaker cross,5,0,-,id01058,faceswap-wav2lip,id01058,KEEP DROPPED (Maintains Disjointness)
00005_0_id00535_wavtolip.mp4,source-identity cross | identity-speaker cross,5,0,-,id01058,faceswap-wav2lip,id01058,KEEP DROPPED (Maintains Disjointness)
00005_0_id01099_wavtolip.mp4,source-identity cross | identity-speaker cross,5,0,-,id01058,faceswap-wav2lip,id01058,KEEP DROPPED (Maintains Disjointness)
00005_0_id01102_wavtolip.mp4,source-identity cross | identity-speaker cross,5,0,-,id01058,faceswap-wav2lip,id01058,KEEP DROPPED (Maintains Disjointness)
00005_2_id00253_wavtolip.mp4,source-identity cross | identity-speaker cross,5,2,-,id01058,faceswap-wav2lip,id01058,KEEP DROPPED (Maintains Disjointness)
00005_2_id00306_wavtolip.mp4,source-identity cross | identity-speaker cross,5,2,-,id01058,faceswap-wav2lip,id01058,KEEP DROPPED (Maintains Disjointness)
00005_2_id00520_wavtolip.mp4,source-identity cross | identity-speaker cross,5,2,-,id01058,faceswap-wav2lip,id01058,KEEP DROPPED (Maintains Disjointness)
00005_2_id00694_wavtolip.mp4,source-identity cross | identity-speaker cross,5,2,-,id01058,faceswap-wav2lip,id01058,KEEP DROPPED (Maintains Disjointness)
00005_2_id00981_wavtolip.mp4,source-identity cross | identity-speaker cross,5,2,-,id01058,faceswap-wav2lip,id01058,KEEP DROPPED (Maintains Disjointness)
00005_3_id00535_wavtolip.mp4,source-identity cross | identity-speaker cross,5,3,-,id01058,faceswap-wav2lip,id01058,KEEP DROPPED (Maintains Disjointness)
00005_3_id00963_wavtolip.mp4,source-identity cross | identity-speaker cross,5,3,-,id01058,faceswap-wav2lip,id01058,KEEP DROPPED (Maintains Disjointness)
00005_3_id00981_wavtolip.mp4,source-identity cross | identity-speaker cross,5,3,-,id01058,faceswap-wav2lip,id01058,KEEP DROPPED (Maintains Disjointness)
00005_3_id01123_wavtolip.mp4,source-identity cross | identity-speaker cross,5,3,-,id01058,faceswap-wav2lip,id01058,KEEP DROPPED (Maintains Disjointness)
00005_3_id03205_wavtolip.mp4,source-identity cross | identity-speaker cross,5,3,-,id01058,faceswap-wav2lip,id01058,KEEP DROPPED (Maintains Disjointness)
00005_4_id00192_wavtolip.mp4,source-identity cross | identity-speaker cross,5,4,-,id01058,faceswap-wav2lip,id01058,KEEP DROPPED (Maintains Disjointness)
00005_4_id00265_wavtolip.mp4,source-identity cross | identity-speaker cross,5,4,-,id01058,faceswap-wav2lip,id01058,KEEP DROPPED (Maintains Disjointness)
00005_4_id00909_wavtolip.mp4,source-identity cross | identity-speaker cross,5,4,-,id01058,faceswap-wav2lip,id01058,KEEP DROPPED (Maintains Disjointness)
00005_4_id01052_wavtolip.mp4,source-identity cross | identity-speaker cross,5,4,-,id01058,faceswap-wav2lip,id01058,KEEP DROPPED (Maintains Disjointness)
00005_4_id03205_wavtolip.mp4,source-identity cross | identity-speaker cross,5,4,-,id01058,faceswap-wav2lip,id01058,KEEP DROPPED (Maintains Disjointness)
00044_id01102_aGFUkdgmo3A_faceswap_id00192_wavtolip.mp4,source-speaker cross | identity-speaker cross,5,id01102,faceswap,id01098,faceswap-wav2lip,id01098,KEEP DROPPED (Maintains Disjointness)
00044_id01102_aGFUkdgmo3A_faceswap_id00358_wavtolip.mp4,source-speaker cross | identity-speaker cross,5,id01102,faceswap,id01098,faceswap-wav2lip,id01098,KEEP DROPPED (Maintains Disjointness)
00044_id01102_aGFUkdgmo3A_faceswap_id00498_wavtolip.mp4,source-speaker cross | identity-speaker cross,5,id01102,faceswap,id01098,faceswap-wav2lip,id01098,KEEP DROPPED (Maintains Disjointness)
00044_id01102_aGFUkdgmo3A_faceswap_id00520_wavtolip.mp4,source-speaker cross | identity-speaker cross,5,id01102,faceswap,id01098,faceswap-wav2lip,id01098,KEEP DROPPED (Maintains Disjointness)
00044_id01102_aGFUkdgmo3A_faceswap_id01102_wavtolip.mp4,source-speaker cross | identity-speaker cross,5,id01102,faceswap,id01098,faceswap-wav2lip,id01098,KEEP DROPPED (Maintains Disjointness)
00206_id00919_XDUn0Pskyrk_faceswap_id00055_wavtolip.mp4,source-speaker cross | identity-speaker cross,5,id00919,faceswap,id01099,faceswap-wav2lip,id01099,KEEP DROPPED (Maintains Disjointness)
00206_id00919_XDUn0Pskyrk_faceswap_id00694_wavtolip.mp4,source-speaker cross | identity-speaker cross,5,id00919,faceswap,id01099,faceswap-wav2lip,id01099,KEEP DROPPED (Maintains Disjointness)
00206_id00919_XDUn0Pskyrk_faceswap_id01058_wavtolip.mp4,source-speaker cross | identity-speaker cross,5,id00919,faceswap,id01099,faceswap-wav2lip,id01099,KEEP DROPPED (Maintains Disjointness)
00206_id00919_XDUn0Pskyrk_faceswap_id01156_wavtolip.mp4,source-speaker cross | identity-speaker cross,5,id00919,faceswap,id01099,faceswap-wav2lip,id01099,KEEP DROPPED (Maintains Disjointness)
00206_id00919_XDUn0Pskyrk_faceswap_id03205_wavtolip.mp4,source-speaker cross | identity-speaker cross,5,id00919,faceswap,id01099,faceswap-wav2lip,id01099,KEEP DROPPED (Maintains Disjointness)
00197_id01051_jPxk6s6FM6Y_faceswap_id00055_wavtolip.mp4,source-speaker cross | identity-speaker cross,5,id01051,faceswap,id01102,faceswap-wav2lip,id01102,KEEP DROPPED (Maintains Disjointness)
00197_id01051_jPxk6s6FM6Y_faceswap_id00192_wavtolip.mp4,source-speaker cross | identity-speaker cross,5,id01051,faceswap,id01102,faceswap-wav2lip,id01102,KEEP DROPPED (Maintains Disjointness)
00197_id01051_jPxk6s6FM6Y_faceswap_id00225_wavtolip.mp4,source-speaker cross | identity-speaker cross,5,id01051,faceswap,id01102,faceswap-wav2lip,id01102,KEEP DROPPED (Maintains Disjointness)
00197_id01051_jPxk6s6FM6Y_faceswap_id00292_wavtolip.mp4,source-speaker cross | identity-speaker cross,5,id01051,faceswap,id01102,faceswap-wav2lip,id01102,KEEP DROPPED (Maintains Disjointness)
00197_id01051_jPxk6s6FM6Y_faceswap_id00535_wavtolip.mp4,source-speaker cross | identity-speaker cross,5,id01051,faceswap,id01102,faceswap-wav2lip,id01102,KEEP DROPPED (Maintains Disjointness)
00072_id00282_iTsqWj6GEbo_faceswap_id00187_wavtolip.mp4,source-speaker cross | identity-speaker cross,5,id00282,faceswap,id01123,faceswap-wav2lip,id01123,KEEP DROPPED (Maintains Disjointness)
00072_id00282_iTsqWj6GEbo_faceswap_id00253_wavtolip.mp4,source-speaker cross | identity-speaker cross,5,id00282,faceswap,id01123,faceswap-wav2lip,id01123,KEEP DROPPED (Maintains Disjointness)
00072_id00282_iTsqWj6GEbo_faceswap_id00368_wavtolip.mp4,source-speaker cross | identity-speaker cross,5,id00282,faceswap,id01123,faceswap-wav2lip,id01123,KEEP DROPPED (Maintains Disjointness)
00072_id00282_iTsqWj6GEbo_faceswap_id00554_wavtolip.mp4,source-speaker cross | identity-speaker cross,5,id00282,faceswap,id01123,faceswap-wav2lip,id01123,KEEP DROPPED (Maintains Disjointness)
00072_id00282_iTsqWj6GEbo_faceswap_id00990_wavtolip.mp4,source-speaker cross | identity-speaker cross,5,id00282,faceswap,id01123,faceswap-wav2lip,id01123,KEEP DROPPED (Maintains Disjointness)
00040_id00535_BhvTIJ-YG5s_faceswap_id00063_wavtolip.mp4,source-speaker cross | identity-speaker cross,5,id00535,faceswap,id01126,faceswap-wav2lip,id01126,KEEP DROPPED (Maintains Disjointness)
00040_id00535_BhvTIJ-YG5s_faceswap_id00241_wavtolip.mp4,source-speaker cross | identity-speaker cross,5,id00535,faceswap,id01126,faceswap-wav2lip,id01126,KEEP DROPPED (Maintains Disjointness)
00040_id00535_BhvTIJ-YG5s_faceswap_id00292_wavtolip.mp4,source-speaker cross | identity-speaker cross,5,id00535,faceswap,id01126,faceswap-wav2lip,id01126,KEEP DROPPED (Maintains Disjointness)
00040_id00535_BhvTIJ-YG5s_faceswap_id00919_wavtolip.mp4,source-speaker cross | identity-speaker cross,5,id00535,faceswap,id01126,faceswap-wav2lip,id01126,KEEP DROPPED (Maintains Disjointness)
00040_id00535_BhvTIJ-YG5s_faceswap_id00981_wavtolip.mp4,source-speaker cross | identity-speaker cross,5,id00535,faceswap,id01126,faceswap-wav2lip,id01126,KEEP DROPPED (Maintains Disjointness)
00118_id02567_4Ao5jgpSXdw_faceswap_id00241_wavtolip.mp4,source-speaker cross | identity-speaker cross,5,id02567,faceswap,id01154,faceswap-wav2lip,id01154,KEEP DROPPED (Maintains Disjointness)
00118_id02567_4Ao5jgpSXdw_faceswap_id00519_wavtolip.mp4,source-speaker cross | identity-speaker cross,5,id02567,faceswap,id01154,faceswap-wav2lip,id01154,KEEP DROPPED (Maintains Disjointness)
00118_id02567_4Ao5jgpSXdw_faceswap_id00909_wavtolip.mp4,source-speaker cross | identity-speaker cross,5,id02567,faceswap,id01154,faceswap-wav2lip,id01154,KEEP DROPPED (Maintains Disjointness)
00118_id02567_4Ao5jgpSXdw_faceswap_id01058_wavtolip.mp4,source-speaker cross | identity-speaker cross,5,id02567,faceswap,id01154,faceswap-wav2lip,id01154,KEEP DROPPED (Maintains Disjointness)
00118_id02567_4Ao5jgpSXdw_faceswap_id01099_wavtolip.mp4,source-speaker cross | identity-speaker cross,5,id02567,faceswap,id01154,faceswap-wav2lip,id01154,KEEP DROPPED (Maintains Disjointness)
00048_id00554_crjq1dFN1Ko_faceswap_id00535_wavtolip.mp4,source-speaker cross | identity-speaker cross,5,id00554,faceswap,id01157,faceswap-wav2lip,id01157,KEEP DROPPED (Maintains Disjointness)
00048_id00554_crjq1dFN1Ko_faceswap_id00548_wavtolip.mp4,source-speaker cross | identity-speaker cross,5,id00554,faceswap,id01157,faceswap-wav2lip,id01157,KEEP DROPPED (Maintains Disjointness)
00048_id00554_crjq1dFN1Ko_faceswap_id00559_wavtolip.mp4,source-speaker cross | identity-speaker cross,5,id00554,faceswap,id01157,faceswap-wav2lip,id01157,KEEP DROPPED (Maintains Disjointness)
00048_id00554_crjq1dFN1Ko_faceswap_id01058_wavtolip.mp4,source-speaker cross | identity-speaker cross,5,id00554,faceswap,id01157,faceswap-wav2lip,id01157,KEEP DROPPED (Maintains Disjointness)
00048_id00554_crjq1dFN1Ko_faceswap_id01126_wavtolip.mp4,source-speaker cross | identity-speaker cross,5,id00554,faceswap,id01157,faceswap-wav2lip,id01157,KEEP DROPPED (Maintains Disjointness)
00040_2_id00063_wavtolip.mp4,source-identity cross | identity-speaker cross,5,2,-,id02567,faceswap-wav2lip,id02567,KEEP DROPPED (Maintains Disjointness)
00040_2_id00185_wavtolip.mp4,source-identity cross | identity-speaker cross,5,2,-,id02567,faceswap-wav2lip,id02567,KEEP DROPPED (Maintains Disjointness)
00040_2_id00186_wavtolip.mp4,source-identity cross | identity-speaker cross,5,2,-,id02567,faceswap-wav2lip,id02567,KEEP DROPPED (Maintains Disjointness)
00040_2_id00187_wavtolip.mp4,source-identity cross | identity-speaker cross,5,2,-,id02567,faceswap-wav2lip,id02567,KEEP DROPPED (Maintains Disjointness)
00040_2_id00520_wavtolip.mp4,source-identity cross | identity-speaker cross,5,2,-,id02567,faceswap-wav2lip,id02567,KEEP DROPPED (Maintains Disjointness)
00028_id00325_4vJtbNe0L98_faceswap_id00325_wavtolip.mp4,source-speaker cross | identity-speaker cross,7,id00325,faceswap,id00042,faceswap-wav2lip,id00042,KEEP DROPPED (Maintains Disjointness)
00028_id00325_4vJtbNe0L98_faceswap_id00495_wavtolip.mp4,source-speaker cross | identity-speaker cross,7,id00325,faceswap,id00042,faceswap-wav2lip,id00042,KEEP DROPPED (Maintains Disjointness)
00028_id00325_4vJtbNe0L98_faceswap_id00735_wavtolip.mp4,source-speaker cross | identity-speaker cross,7,id00325,faceswap,id00042,faceswap-wav2lip,id00042,KEEP DROPPED (Maintains Disjointness)
00028_id00325_4vJtbNe0L98_faceswap_id03858_wavtolip.mp4,source-speaker cross | identity-speaker cross,7,id00325,faceswap,id00042,faceswap-wav2lip,id00042,KEEP DROPPED (Maintains Disjointness)
00004_1_id00262_wavtolip.mp4,source-identity cross | identity-speaker cross,7,1,-,id00068,faceswap-wav2lip,id00068,KEEP DROPPED (Maintains Disjointness)
00004_1_id00373_wavtolip.mp4,source-identity cross | identity-speaker cross,7,1,-,id00068,faceswap-wav2lip,id00068,KEEP DROPPED (Maintains Disjointness)
00004_1_id00569_wavtolip.mp4,source-identity cross | identity-speaker cross,7,1,-,id00068,faceswap-wav2lip,id00068,KEEP DROPPED (Maintains Disjointness)
00004_1_id00581_wavtolip.mp4,source-identity cross | identity-speaker cross,7,1,-,id00068,faceswap-wav2lip,id00068,KEEP DROPPED (Maintains Disjointness)
00004_1_id00633_wavtolip.mp4,source-identity cross | identity-speaker cross,7,1,-,id00068,faceswap-wav2lip,id00068,KEEP DROPPED (Maintains Disjointness)
00004_2_id00068_wavtolip.mp4,source-identity cross | identity-speaker cross,7,2,-,id00068,faceswap-wav2lip,id00068,KEEP DROPPED (Maintains Disjointness)
00004_2_id00332_wavtolip.mp4,source-identity cross | identity-speaker cross,7,2,-,id00068,faceswap-wav2lip,id00068,KEEP DROPPED (Maintains Disjointness)
00004_2_id00581_wavtolip.mp4,source-identity cross | identity-speaker cross,7,2,-,id00068,faceswap-wav2lip,id00068,KEEP DROPPED (Maintains Disjointness)
00004_2_id03716_wavtolip.mp4,source-identity cross | identity-speaker cross,7,2,-,id00068,faceswap-wav2lip,id00068,KEEP DROPPED (Maintains Disjointness)
00004_3_id00332_wavtolip.mp4,source-identity cross | identity-speaker cross,7,3,-,id00068,faceswap-wav2lip,id00068,KEEP DROPPED (Maintains Disjointness)
00004_3_id00434_wavtolip.mp4,source-identity cross | identity-speaker cross,7,3,-,id00068,faceswap-wav2lip,id00068,KEEP DROPPED (Maintains Disjointness)
00004_3_id00495_wavtolip.mp4,source-identity cross | identity-speaker cross,7,3,-,id00068,faceswap-wav2lip,id00068,KEEP DROPPED (Maintains Disjointness)
00004_3_id03371_wavtolip.mp4,source-identity cross | identity-speaker cross,7,3,-,id00068,faceswap-wav2lip,id00068,KEEP DROPPED (Maintains Disjointness)
00004_3_id03716_wavtolip.mp4,source-identity cross | identity-speaker cross,7,3,-,id00068,faceswap-wav2lip,id00068,KEEP DROPPED (Maintains Disjointness)
00004_id00495_E46aiMUC4A0_faceswap_id00071_wavtolip.mp4,source-speaker cross | identity-speaker cross,7,id00495,faceswap,id00068,faceswap-wav2lip,id00068,KEEP DROPPED (Maintains Disjointness)
00004_id00495_E46aiMUC4A0_faceswap_id00434_wavtolip.mp4,source-speaker cross | identity-speaker cross,7,id00495,faceswap,id00068,faceswap-wav2lip,id00068,KEEP DROPPED (Maintains Disjointness)
00004_id00495_E46aiMUC4A0_faceswap_id00591_wavtolip.mp4,source-speaker cross | identity-speaker cross,7,id00495,faceswap,id00068,faceswap-wav2lip,id00068,KEEP DROPPED (Maintains Disjointness)
00004_id00495_E46aiMUC4A0_faceswap_id00813_wavtolip.mp4,source-speaker cross | identity-speaker cross,7,id00495,faceswap,id00068,faceswap-wav2lip,id00068,KEEP DROPPED (Maintains Disjointness)
00014_id03371_truKMXt8Dak_faceswap_id00271_wavtolip.mp4,source-speaker cross | identity-speaker cross,7,id03371,faceswap,id00071,faceswap-wav2lip,id00071,KEEP DROPPED (Maintains Disjointness)
00014_id03371_truKMXt8Dak_faceswap_id00806_wavtolip.mp4,source-speaker cross | identity-speaker cross,7,id03371,faceswap,id00071,faceswap-wav2lip,id00071,KEEP DROPPED (Maintains Disjointness)
00014_id03371_truKMXt8Dak_faceswap_id01018_wavtolip.mp4,source-speaker cross | identity-speaker cross,7,id03371,faceswap,id00071,faceswap-wav2lip,id00071,KEEP DROPPED (Maintains Disjointness)
00014_id03371_truKMXt8Dak_faceswap_id03716_wavtolip.mp4,source-speaker cross | identity-speaker cross,7,id03371,faceswap,id00071,faceswap-wav2lip,id00071,KEEP DROPPED (Maintains Disjointness)
00020_id00569_gSynmpwioV4_faceswap_id00270_wavtolip.mp4,source-speaker cross | identity-speaker cross,7,id00569,faceswap,id00188,faceswap-wav2lip,id00188,KEEP DROPPED (Maintains Disjointness)
00020_id00569_gSynmpwioV4_faceswap_id00328_wavtolip.mp4,source-speaker cross | identity-speaker cross,7,id00569,faceswap,id00188,faceswap-wav2lip,id00188,KEEP DROPPED (Maintains Disjointness)
00020_id00569_gSynmpwioV4_faceswap_id00395_wavtolip.mp4,source-speaker cross | identity-speaker cross,7,id00569,faceswap,id00188,faceswap-wav2lip,id00188,KEEP DROPPED (Maintains Disjointness)
00020_id00569_gSynmpwioV4_faceswap_id00491_wavtolip.mp4,source-speaker cross | identity-speaker cross,7,id00569,faceswap,id00188,faceswap-wav2lip,id00188,KEEP DROPPED (Maintains Disjointness)
00020_id00569_gSynmpwioV4_faceswap_id00581_wavtolip.mp4,source-speaker cross | identity-speaker cross,7,id00569,faceswap,id00188,faceswap-wav2lip,id00188,KEEP DROPPED (Maintains Disjointness)
00025_id00365_XV-imLNJvfk_faceswap_id00395_wavtolip.mp4,source-speaker cross | identity-speaker cross,7,id00365,faceswap,id00232,faceswap-wav2lip,id00232,KEEP DROPPED (Maintains Disjointness)
00025_id00365_XV-imLNJvfk_faceswap_id00491_wavtolip.mp4,source-speaker cross | identity-speaker cross,7,id00365,faceswap,id00232,faceswap-wav2lip,id00232,KEEP DROPPED (Maintains Disjointness)
00025_id00365_XV-imLNJvfk_faceswap_id00581_wavtolip.mp4,source-speaker cross | identity-speaker cross,7,id00365,faceswap,id00232,faceswap-wav2lip,id00232,KEEP DROPPED (Maintains Disjointness)
00025_id00365_XV-imLNJvfk_faceswap_id00735_wavtolip.mp4,source-speaker cross | identity-speaker cross,7,id00365,faceswap,id00232,faceswap-wav2lip,id00232,KEEP DROPPED (Maintains Disjointness)
00063_id00403_n4LSCxzFr6o_faceswap_id00071_wavtolip.mp4,source-speaker cross | identity-speaker cross,7,id00403,faceswap,id00234,faceswap-wav2lip,id00234,KEEP DROPPED (Maintains Disjointness)
00063_id00403_n4LSCxzFr6o_faceswap_id00234_wavtolip.mp4,source-speaker cross | identity-speaker cross,7,id00403,faceswap,id00234,faceswap-wav2lip,id00234,KEEP DROPPED (Maintains Disjointness)
00063_id00403_n4LSCxzFr6o_faceswap_id00495_wavtolip.mp4,source-speaker cross | identity-speaker cross,7,id00403,faceswap,id00234,faceswap-wav2lip,id00234,KEEP DROPPED (Maintains Disjointness)
00063_id00403_n4LSCxzFr6o_faceswap_id00581_wavtolip.mp4,source-speaker cross | identity-speaker cross,7,id00403,faceswap,id00234,faceswap-wav2lip,id00234,KEEP DROPPED (Maintains Disjointness)
00063_id00403_n4LSCxzFr6o_faceswap_id03941_wavtolip.mp4,source-speaker cross | identity-speaker cross,7,id00403,faceswap,id00234,faceswap-wav2lip,id00234,KEEP DROPPED (Maintains Disjointness)
00028_id00287_2NpfYjyMsPM_faceswap_id00379_wavtolip.mp4,source-speaker cross | identity-speaker cross,7,id00287,faceswap,id00262,faceswap-wav2lip,id00262,KEEP DROPPED (Maintains Disjointness)
00028_id00287_2NpfYjyMsPM_faceswap_id01002_wavtolip.mp4,source-speaker cross | identity-speaker cross,7,id00287,faceswap,id00262,faceswap-wav2lip,id00262,KEEP DROPPED (Maintains Disjointness)
00028_id00287_2NpfYjyMsPM_faceswap_id03620_wavtolip.mp4,source-speaker cross | identity-speaker cross,7,id00287,faceswap,id00262,faceswap-wav2lip,id00262,KEEP DROPPED (Maintains Disjointness)
00028_id00287_2NpfYjyMsPM_faceswap_id03858_wavtolip.mp4,source-speaker cross | identity-speaker cross,7,id00287,faceswap,id00262,faceswap-wav2lip,id00262,KEEP DROPPED (Maintains Disjointness)
00028_id00287_2NpfYjyMsPM_faceswap_id03941_wavtolip.mp4,source-speaker cross | identity-speaker cross,7,id00287,faceswap,id00262,faceswap-wav2lip,id00262,KEEP DROPPED (Maintains Disjointness)
00088_id00633_UXrTMta1EDM_faceswap_id00042_wavtolip.mp4,source-speaker cross | identity-speaker cross,7,id00633,faceswap,id00270,faceswap-wav2lip,id00270,KEEP DROPPED (Maintains Disjointness)
00088_id00633_UXrTMta1EDM_faceswap_id00434_wavtolip.mp4,source-speaker cross | identity-speaker cross,7,id00633,faceswap,id00270,faceswap-wav2lip,id00270,KEEP DROPPED (Maintains Disjointness)
00088_id00633_UXrTMta1EDM_faceswap_id03649_wavtolip.mp4,source-speaker cross | identity-speaker cross,7,id00633,faceswap,id00270,faceswap-wav2lip,id00270,KEEP DROPPED (Maintains Disjointness)
00028_id00495_E46aiMUC4A0_faceswap_id00328_wavtolip.mp4,source-speaker cross | identity-speaker cross,7,id00495,faceswap,id00271,faceswap-wav2lip,id00271,KEEP DROPPED (Maintains Disjointness)
00028_id00495_E46aiMUC4A0_faceswap_id00484_wavtolip.mp4,source-speaker cross | identity-speaker cross,7,id00495,faceswap,id00271,faceswap-wav2lip,id00271,KEEP DROPPED (Maintains Disjointness)
00028_id00495_E46aiMUC4A0_faceswap_id00826_wavtolip.mp4,source-speaker cross | identity-speaker cross,7,id00495,faceswap,id00271,faceswap-wav2lip,id00271,KEEP DROPPED (Maintains Disjointness)
00028_id00495_E46aiMUC4A0_faceswap_id03620_wavtolip.mp4,source-speaker cross | identity-speaker cross,7,id00495,faceswap,id00271,faceswap-wav2lip,id00271,KEEP DROPPED (Maintains Disjointness)
00028_id00495_E46aiMUC4A0_faceswap_id03716_wavtolip.mp4,source-speaker cross | identity-speaker cross,7,id00495,faceswap,id00271,faceswap-wav2lip,id00271,KEEP DROPPED (Maintains Disjointness)
00005_id00262_3p7sRWAAh1Q_faceswap_id00271_wavtolip.mp4,source-speaker cross | identity-speaker cross,7,id00262,faceswap,id00287,faceswap-wav2lip,id00287,KEEP DROPPED (Maintains Disjointness)
00005_id00262_3p7sRWAAh1Q_faceswap_id00897_wavtolip.mp4,source-speaker cross | identity-speaker cross,7,id00262,faceswap,id00287,faceswap-wav2lip,id00287,KEEP DROPPED (Maintains Disjointness)
00005_id00262_3p7sRWAAh1Q_faceswap_id03589_wavtolip.mp4,source-speaker cross | identity-speaker cross,7,id00262,faceswap,id00287,faceswap-wav2lip,id00287,KEEP DROPPED (Maintains Disjointness)
00005_id00262_3p7sRWAAh1Q_faceswap_id03941_wavtolip.mp4,source-speaker cross | identity-speaker cross,7,id00262,faceswap,id00287,faceswap-wav2lip,id00287,KEEP DROPPED (Maintains Disjointness)
00015_id00042_4yuJSkaZwn0_faceswap_id00188_wavtolip.mp4,source-speaker cross | identity-speaker cross,7,id00042,faceswap,id00325,faceswap-wav2lip,id00325,KEEP DROPPED (Maintains Disjointness)
00015_id00042_4yuJSkaZwn0_faceswap_id00232_wavtolip.mp4,source-speaker cross | identity-speaker cross,7,id00042,faceswap,id00325,faceswap-wav2lip,id00325,KEEP DROPPED (Maintains Disjointness)
00015_id00042_4yuJSkaZwn0_faceswap_id00484_wavtolip.mp4,source-speaker cross | identity-speaker cross,7,id00042,faceswap,id00325,faceswap-wav2lip,id00325,KEEP DROPPED (Maintains Disjointness)
00015_id00042_4yuJSkaZwn0_faceswap_id00591_wavtolip.mp4,source-speaker cross | identity-speaker cross,7,id00042,faceswap,id00325,faceswap-wav2lip,id00325,KEEP DROPPED (Maintains Disjointness)
00092_id00484_u7YTz8eFZv0_faceswap_id00287_wavtolip.mp4,source-speaker cross | identity-speaker cross,7,id00484,faceswap,id00328,faceswap-wav2lip,id00328,KEEP DROPPED (Maintains Disjointness)
00092_id00484_u7YTz8eFZv0_faceswap_id00484_wavtolip.mp4,source-speaker cross | identity-speaker cross,7,id00484,faceswap,id00328,faceswap-wav2lip,id00328,KEEP DROPPED (Maintains Disjointness)
00092_id00484_u7YTz8eFZv0_faceswap_id01002_wavtolip.mp4,source-speaker cross | identity-speaker cross,7,id00484,faceswap,id00328,faceswap-wav2lip,id00328,KEEP DROPPED (Maintains Disjointness)
00092_id00484_u7YTz8eFZv0_faceswap_id03589_wavtolip.mp4,source-speaker cross | identity-speaker cross,7,id00484,faceswap,id00328,faceswap-wav2lip,id00328,KEEP DROPPED (Maintains Disjointness)
00118_id00365_XV-imLNJvfk_faceswap_id00262_wavtolip.mp4,source-speaker cross | identity-speaker cross,7,id00365,faceswap,id00330,faceswap-wav2lip,id00330,KEEP DROPPED (Maintains Disjointness)
00118_id00365_XV-imLNJvfk_faceswap_id00328_wavtolip.mp4,source-speaker cross | identity-speaker cross,7,id00365,faceswap,id00330,faceswap-wav2lip,id00330,KEEP DROPPED (Maintains Disjointness)
00118_id00365_XV-imLNJvfk_faceswap_id00569_wavtolip.mp4,source-speaker cross | identity-speaker cross,7,id00365,faceswap,id00330,faceswap-wav2lip,id00330,KEEP DROPPED (Maintains Disjointness)
00118_id00365_XV-imLNJvfk_faceswap_id00897_wavtolip.mp4,source-speaker cross | identity-speaker cross,7,id00365,faceswap,id00330,faceswap-wav2lip,id00330,KEEP DROPPED (Maintains Disjointness)
00118_id00365_XV-imLNJvfk_faceswap_id03716_wavtolip.mp4,source-speaker cross | identity-speaker cross,7,id00365,faceswap,id00330,faceswap-wav2lip,id00330,KEEP DROPPED (Maintains Disjointness)
00078_0_id00271_wavtolip.mp4,source-identity cross | identity-speaker cross,7,0,-,id00365,faceswap-wav2lip,id00365,KEEP DROPPED (Maintains Disjointness)
00078_0_id00569_wavtolip.mp4,source-identity cross | identity-speaker cross,7,0,-,id00365,faceswap-wav2lip,id00365,KEEP DROPPED (Maintains Disjointness)
00078_0_id00634_wavtolip.mp4,source-identity cross | identity-speaker cross,7,0,-,id00365,faceswap-wav2lip,id00365,KEEP DROPPED (Maintains Disjointness)
00078_0_id03816_wavtolip.mp4,source-identity cross | identity-speaker cross,7,0,-,id00365,faceswap-wav2lip,id00365,KEEP DROPPED (Maintains Disjointness)
00078_id00330_zCFFgGSIZ_s_faceswap_id00042_wavtolip.mp4,source-speaker cross | identity-speaker cross,7,id00330,faceswap,id00365,faceswap-wav2lip,id00365,KEEP DROPPED (Maintains Disjointness)
00078_id00330_zCFFgGSIZ_s_faceswap_id00379_wavtolip.mp4,source-speaker cross | identity-speaker cross,7,id00330,faceswap,id00365,faceswap-wav2lip,id00365,KEEP DROPPED (Maintains Disjointness)
00078_id00330_zCFFgGSIZ_s_faceswap_id00569_wavtolip.mp4,source-speaker cross | identity-speaker cross,7,id00330,faceswap,id00365,faceswap-wav2lip,id00365,KEEP DROPPED (Maintains Disjointness)
00078_id00330_zCFFgGSIZ_s_faceswap_id03716_wavtolip.mp4,source-speaker cross | identity-speaker cross,7,id00330,faceswap,id00365,faceswap-wav2lip,id00365,KEEP DROPPED (Maintains Disjointness)
00311_id00330_zCFFgGSIZ_s_faceswap_id00262_wavtolip.mp4,source-speaker cross | identity-speaker cross,7,id00330,faceswap,id00374,faceswap-wav2lip,id00374,KEEP DROPPED (Maintains Disjointness)
00311_id00330_zCFFgGSIZ_s_faceswap_id00365_wavtolip.mp4,source-speaker cross | identity-speaker cross,7,id00330,faceswap,id00374,faceswap-wav2lip,id00374,KEEP DROPPED (Maintains Disjointness)
00311_id00330_zCFFgGSIZ_s_faceswap_id00591_wavtolip.mp4,source-speaker cross | identity-speaker cross,7,id00330,faceswap,id00374,faceswap-wav2lip,id00374,KEEP DROPPED (Maintains Disjointness)
00311_id00330_zCFFgGSIZ_s_faceswap_id00633_wavtolip.mp4,source-speaker cross | identity-speaker cross,7,id00330,faceswap,id00374,faceswap-wav2lip,id00374,KEEP DROPPED (Maintains Disjointness)
00311_id00330_zCFFgGSIZ_s_faceswap_id03716_wavtolip.mp4,source-speaker cross | identity-speaker cross,7,id00330,faceswap,id00374,faceswap-wav2lip,id00374,KEEP DROPPED (Maintains Disjointness)
00043_id00633_UXrTMta1EDM_faceswap_id00071_wavtolip.mp4,source-speaker cross | identity-speaker cross,7,id00633,faceswap,id00379,faceswap-wav2lip,id00379,KEEP DROPPED (Maintains Disjointness)
00043_id00633_UXrTMta1EDM_faceswap_id00270_wavtolip.mp4,source-speaker cross | identity-speaker cross,7,id00633,faceswap,id00379,faceswap-wav2lip,id00379,KEEP DROPPED (Maintains Disjointness)
00043_id00633_UXrTMta1EDM_faceswap_id00332_wavtolip.mp4,source-speaker cross | identity-speaker cross,7,id00633,faceswap,id00379,faceswap-wav2lip,id00379,KEEP DROPPED (Maintains Disjointness)
00043_id00633_UXrTMta1EDM_faceswap_id00395_wavtolip.mp4,source-speaker cross | identity-speaker cross,7,id00633,faceswap,id00379,faceswap-wav2lip,id00379,KEEP DROPPED (Maintains Disjointness)
00043_id00633_UXrTMta1EDM_faceswap_id01018_wavtolip.mp4,source-speaker cross | identity-speaker cross,7,id00633,faceswap,id00379,faceswap-wav2lip,id00379,KEEP DROPPED (Maintains Disjointness)
00420_id00823_KgExwCvgrUk_faceswap_id00188_wavtolip.mp4,source-speaker cross | identity-speaker cross,7,id00823,faceswap,id00395,faceswap-wav2lip,id00395,KEEP DROPPED (Maintains Disjointness)
00420_id00823_KgExwCvgrUk_faceswap_id00271_wavtolip.mp4,source-speaker cross | identity-speaker cross,7,id00823,faceswap,id00395,faceswap-wav2lip,id00395,KEEP DROPPED (Maintains Disjointness)
00420_id00823_KgExwCvgrUk_faceswap_id00330_wavtolip.mp4,source-speaker cross | identity-speaker cross,7,id00823,faceswap,id00395,faceswap-wav2lip,id00395,KEEP DROPPED (Maintains Disjointness)
00420_id00823_KgExwCvgrUk_faceswap_id00897_wavtolip.mp4,source-speaker cross | identity-speaker cross,7,id00823,faceswap,id00395,faceswap-wav2lip,id00395,KEEP DROPPED (Maintains Disjointness)
00052_id00234_M3g5KRLJB60_faceswap_id00232_wavtolip.mp4,source-speaker cross | identity-speaker cross,7,id00234,faceswap,id00403,faceswap-wav2lip,id00403,KEEP DROPPED (Maintains Disjointness)
00052_id00234_M3g5KRLJB60_faceswap_id00365_wavtolip.mp4,source-speaker cross | identity-speaker cross,7,id00234,faceswap,id00403,faceswap-wav2lip,id00403,KEEP DROPPED (Maintains Disjointness)
00052_id00234_M3g5KRLJB60_faceswap_id00806_wavtolip.mp4,source-speaker cross | identity-speaker cross,7,id00234,faceswap,id00403,faceswap-wav2lip,id00403,KEEP DROPPED (Maintains Disjointness)
00052_id00234_M3g5KRLJB60_faceswap_id01018_wavtolip.mp4,source-speaker cross | identity-speaker cross,7,id00234,faceswap,id00403,faceswap-wav2lip,id00403,KEEP DROPPED (Maintains Disjointness)
00046_id00330_zCFFgGSIZ_s_faceswap_id00325_wavtolip.mp4,source-speaker cross | identity-speaker cross,7,id00330,faceswap,id00434,faceswap-wav2lip,id00434,KEEP DROPPED (Maintains Disjointness)
00046_id00330_zCFFgGSIZ_s_faceswap_id00403_wavtolip.mp4,source-speaker cross | identity-speaker cross,7,id00330,faceswap,id00434,faceswap-wav2lip,id00434,KEEP DROPPED (Maintains Disjointness)
00046_id00330_zCFFgGSIZ_s_faceswap_id00633_wavtolip.mp4,source-speaker cross | identity-speaker cross,7,id00330,faceswap,id00434,faceswap-wav2lip,id00434,KEEP DROPPED (Maintains Disjointness)
00046_id00330_zCFFgGSIZ_s_faceswap_id00806_wavtolip.mp4,source-speaker cross | identity-speaker cross,7,id00330,faceswap,id00434,faceswap-wav2lip,id00434,KEEP DROPPED (Maintains Disjointness)
00046_id00330_zCFFgGSIZ_s_faceswap_id00823_wavtolip.mp4,source-speaker cross | identity-speaker cross,7,id00330,faceswap,id00434,faceswap-wav2lip,id00434,KEEP DROPPED (Maintains Disjointness)
00202_id03844_AEAEN1Lns2c_faceswap_id00395_wavtolip.mp4,source-speaker cross | identity-speaker cross,7,id03844,faceswap,id00484,faceswap-wav2lip,id00484,KEEP DROPPED (Maintains Disjointness)
00202_id03844_AEAEN1Lns2c_faceswap_id00484_wavtolip.mp4,source-speaker cross | identity-speaker cross,7,id03844,faceswap,id00484,faceswap-wav2lip,id00484,KEEP DROPPED (Maintains Disjointness)
00202_id03844_AEAEN1Lns2c_faceswap_id00826_wavtolip.mp4,source-speaker cross | identity-speaker cross,7,id03844,faceswap,id00484,faceswap-wav2lip,id00484,KEEP DROPPED (Maintains Disjointness)
00202_id03844_AEAEN1Lns2c_faceswap_id01002_wavtolip.mp4,source-speaker cross | identity-speaker cross,7,id03844,faceswap,id00484,faceswap-wav2lip,id00484,KEEP DROPPED (Maintains Disjointness)
00122_id00633_UXrTMta1EDM_faceswap_id00569_wavtolip.mp4,source-speaker cross | identity-speaker cross,7,id00633,faceswap,id00491,faceswap-wav2lip,id00491,KEEP DROPPED (Maintains Disjointness)
00122_id00633_UXrTMta1EDM_faceswap_id01002_wavtolip.mp4,source-speaker cross | identity-speaker cross,7,id00633,faceswap,id00491,faceswap-wav2lip,id00491,KEEP DROPPED (Maintains Disjointness)
00122_id00633_UXrTMta1EDM_faceswap_id03620_wavtolip.mp4,source-speaker cross | identity-speaker cross,7,id00633,faceswap,id00491,faceswap-wav2lip,id00491,KEEP DROPPED (Maintains Disjointness)
00122_id00633_UXrTMta1EDM_faceswap_id03716_wavtolip.mp4,source-speaker cross | identity-speaker cross,7,id00633,faceswap,id00491,faceswap-wav2lip,id00491,KEEP DROPPED (Maintains Disjointness)
00122_id00633_UXrTMta1EDM_faceswap_id03941_wavtolip.mp4,source-speaker cross | identity-speaker cross,7,id00633,faceswap,id00491,faceswap-wav2lip,id00491,KEEP DROPPED (Maintains Disjointness)
00027_id00395_wM5kGJfTtEM_faceswap_id00271_wavtolip.mp4,source-speaker cross | identity-speaker cross,7,id00395,faceswap,id00495,faceswap-wav2lip,id00495,KEEP DROPPED (Maintains Disjointness)
00027_id00395_wM5kGJfTtEM_faceswap_id00330_wavtolip.mp4,source-speaker cross | identity-speaker cross,7,id00395,faceswap,id00495,faceswap-wav2lip,id00495,KEEP DROPPED (Maintains Disjointness)
00027_id00395_wM5kGJfTtEM_faceswap_id00496_wavtolip.mp4,source-speaker cross | identity-speaker cross,7,id00395,faceswap,id00495,faceswap-wav2lip,id00495,KEEP DROPPED (Maintains Disjointness)
00027_id00395_wM5kGJfTtEM_faceswap_id03649_wavtolip.mp4,source-speaker cross | identity-speaker cross,7,id00395,faceswap,id00495,faceswap-wav2lip,id00495,KEEP DROPPED (Maintains Disjointness)
00027_id00395_wM5kGJfTtEM_faceswap_id03651_wavtolip.mp4,source-speaker cross | identity-speaker cross,7,id00395,faceswap,id00495,faceswap-wav2lip,id00495,KEEP DROPPED (Maintains Disjointness)
00015_id00262_3p7sRWAAh1Q_faceswap_id00188_wavtolip.mp4,source-speaker cross | identity-speaker cross,7,id00262,faceswap,id00496,faceswap-wav2lip,id00496,KEEP DROPPED (Maintains Disjointness)
00015_id00262_3p7sRWAAh1Q_faceswap_id00234_wavtolip.mp4,source-speaker cross | identity-speaker cross,7,id00262,faceswap,id00496,faceswap-wav2lip,id00496,KEEP DROPPED (Maintains Disjointness)
00015_id00262_3p7sRWAAh1Q_faceswap_id00374_wavtolip.mp4,source-speaker cross | identity-speaker cross,7,id00262,faceswap,id00496,faceswap-wav2lip,id00496,KEEP DROPPED (Maintains Disjointness)
00239_0_id00330_wavtolip.mp4,source-identity cross | identity-speaker cross,7,0,-,id00569,faceswap-wav2lip,id00569,KEEP DROPPED (Maintains Disjointness)
00239_0_id00491_wavtolip.mp4,source-identity cross | identity-speaker cross,7,0,-,id00569,faceswap-wav2lip,id00569,KEEP DROPPED (Maintains Disjointness)
00239_0_id03589_wavtolip.mp4,source-identity cross | identity-speaker cross,7,0,-,id00569,faceswap-wav2lip,id00569,KEEP DROPPED (Maintains Disjointness)
00239_0_id03816_wavtolip.mp4,source-identity cross | identity-speaker cross,7,0,-,id00569,faceswap-wav2lip,id00569,KEEP DROPPED (Maintains Disjointness)
00239_0_id03941_wavtolip.mp4,source-identity cross | identity-speaker cross,7,0,-,id00569,faceswap-wav2lip,id00569,KEEP DROPPED (Maintains Disjointness)
00239_1_id00262_wavtolip.mp4,source-identity cross | identity-speaker cross,7,1,-,id00569,faceswap-wav2lip,id00569,KEEP DROPPED (Maintains Disjointness)
00239_1_id00735_wavtolip.mp4,source-identity cross | identity-speaker cross,7,1,-,id00569,faceswap-wav2lip,id00569,KEEP DROPPED (Maintains Disjointness)
00239_1_id01002_wavtolip.mp4,source-identity cross | identity-speaker cross,7,1,-,id00569,faceswap-wav2lip,id00569,KEEP DROPPED (Maintains Disjointness)
00239_1_id03649_wavtolip.mp4,source-identity cross | identity-speaker cross,7,1,-,id00569,faceswap-wav2lip,id00569,KEEP DROPPED (Maintains Disjointness)
00239_1_id03716_wavtolip.mp4,source-identity cross | identity-speaker cross,7,1,-,id00569,faceswap-wav2lip,id00569,KEEP DROPPED (Maintains Disjointness)
00239_2_id00287_wavtolip.mp4,source-identity cross | identity-speaker cross,7,2,-,id00569,faceswap-wav2lip,id00569,KEEP DROPPED (Maintains Disjointness)
00239_2_id00332_wavtolip.mp4,source-identity cross | identity-speaker cross,7,2,-,id00569,faceswap-wav2lip,id00569,KEEP DROPPED (Maintains Disjointness)
00239_2_id00633_wavtolip.mp4,source-identity cross | identity-speaker cross,7,2,-,id00569,faceswap-wav2lip,id00569,KEEP DROPPED (Maintains Disjointness)
00239_2_id00735_wavtolip.mp4,source-identity cross | identity-speaker cross,7,2,-,id00569,faceswap-wav2lip,id00569,KEEP DROPPED (Maintains Disjointness)
00239_2_id03371_wavtolip.mp4,source-identity cross | identity-speaker cross,7,2,-,id00569,faceswap-wav2lip,id00569,KEEP DROPPED (Maintains Disjointness)
00010_id03371_truKMXt8Dak_faceswap_id00271_wavtolip.mp4,source-speaker cross | identity-speaker cross,7,id03371,faceswap,id00581,faceswap-wav2lip,id00581,KEEP DROPPED (Maintains Disjointness)
00010_id03371_truKMXt8Dak_faceswap_id00330_wavtolip.mp4,source-speaker cross | identity-speaker cross,7,id03371,faceswap,id00581,faceswap-wav2lip,id00581,KEEP DROPPED (Maintains Disjointness)
00010_id03371_truKMXt8Dak_faceswap_id00496_wavtolip.mp4,source-speaker cross | identity-speaker cross,7,id03371,faceswap,id00581,faceswap-wav2lip,id00581,KEEP DROPPED (Maintains Disjointness)
00010_id03371_truKMXt8Dak_faceswap_id01018_wavtolip.mp4,source-speaker cross | identity-speaker cross,7,id03371,faceswap,id00581,faceswap-wav2lip,id00581,KEEP DROPPED (Maintains Disjointness)
00130_id00634_z5t9oJizDQg_faceswap_id00071_wavtolip.mp4,source-speaker cross | identity-speaker cross,7,id00634,faceswap,id00589,faceswap-wav2lip,id00589,KEEP DROPPED (Maintains Disjointness)
00130_id00634_z5t9oJizDQg_faceswap_id00325_wavtolip.mp4,source-speaker cross | identity-speaker cross,7,id00634,faceswap,id00589,faceswap-wav2lip,id00589,KEEP DROPPED (Maintains Disjointness)
00130_id00634_z5t9oJizDQg_faceswap_id00395_wavtolip.mp4,source-speaker cross | identity-speaker cross,7,id00634,faceswap,id00589,faceswap-wav2lip,id00589,KEEP DROPPED (Maintains Disjointness)
00130_id00634_z5t9oJizDQg_faceswap_id00591_wavtolip.mp4,source-speaker cross | identity-speaker cross,7,id00634,faceswap,id00589,faceswap-wav2lip,id00589,KEEP DROPPED (Maintains Disjointness)
00130_id00634_z5t9oJizDQg_faceswap_id00823_wavtolip.mp4,source-speaker cross | identity-speaker cross,7,id00634,faceswap,id00589,faceswap-wav2lip,id00589,KEEP DROPPED (Maintains Disjointness)
00001_id00897_0ayFw8JhoyI_faceswap_id00262_wavtolip.mp4,source-speaker cross | identity-speaker cross,7,id00897,faceswap,id00591,faceswap-wav2lip,id00591,KEEP DROPPED (Maintains Disjointness)
00001_id00897_0ayFw8JhoyI_faceswap_id00633_wavtolip.mp4,source-speaker cross | identity-speaker cross,7,id00897,faceswap,id00591,faceswap-wav2lip,id00591,KEEP DROPPED (Maintains Disjointness)
00001_id00897_0ayFw8JhoyI_faceswap_id03371_wavtolip.mp4,source-speaker cross | identity-speaker cross,7,id00897,faceswap,id00591,faceswap-wav2lip,id00591,KEEP DROPPED (Maintains Disjointness)
00088_id01002_eQTviHjyISo_faceswap_id00232_wavtolip.mp4,source-speaker cross | identity-speaker cross,7,id01002,faceswap,id00633,faceswap-wav2lip,id00633,KEEP DROPPED (Maintains Disjointness)
00088_id01002_eQTviHjyISo_faceswap_id00270_wavtolip.mp4,source-speaker cross | identity-speaker cross,7,id01002,faceswap,id00633,faceswap-wav2lip,id00633,KEEP DROPPED (Maintains Disjointness)
00088_id01002_eQTviHjyISo_faceswap_id00735_wavtolip.mp4,source-speaker cross | identity-speaker cross,7,id01002,faceswap,id00633,faceswap-wav2lip,id00633,KEEP DROPPED (Maintains Disjointness)
00088_id01002_eQTviHjyISo_faceswap_id03620_wavtolip.mp4,source-speaker cross | identity-speaker cross,7,id01002,faceswap,id00633,faceswap-wav2lip,id00633,KEEP DROPPED (Maintains Disjointness)
00078_id03649_389qfFqUddI_faceswap_id00188_wavtolip.mp4,source-speaker cross | identity-speaker cross,7,id03649,faceswap,id00634,faceswap-wav2lip,id00634,KEEP DROPPED (Maintains Disjointness)
00078_id03649_389qfFqUddI_faceswap_id00569_wavtolip.mp4,source-speaker cross | identity-speaker cross,7,id03649,faceswap,id00634,faceswap-wav2lip,id00634,KEEP DROPPED (Maintains Disjointness)
00078_id03649_389qfFqUddI_faceswap_id00581_wavtolip.mp4,source-speaker cross | identity-speaker cross,7,id03649,faceswap,id00634,faceswap-wav2lip,id00634,KEEP DROPPED (Maintains Disjointness)
00078_id03649_389qfFqUddI_faceswap_id01002_wavtolip.mp4,source-speaker cross | identity-speaker cross,7,id03649,faceswap,id00634,faceswap-wav2lip,id00634,KEEP DROPPED (Maintains Disjointness)
00078_id03649_389qfFqUddI_faceswap_id03941_wavtolip.mp4,source-speaker cross | identity-speaker cross,7,id03649,faceswap,id00634,faceswap-wav2lip,id00634,KEEP DROPPED (Maintains Disjointness)
00037_id03844_AEAEN1Lns2c_faceswap_id00234_wavtolip.mp4,source-speaker cross | identity-speaker cross,7,id03844,faceswap,id00735,faceswap-wav2lip,id00735,KEEP DROPPED (Maintains Disjointness)
00037_id03844_AEAEN1Lns2c_faceswap_id00328_wavtolip.mp4,source-speaker cross | identity-speaker cross,7,id03844,faceswap,id00735,faceswap-wav2lip,id00735,KEEP DROPPED (Maintains Disjointness)
00037_id03844_AEAEN1Lns2c_faceswap_id00332_wavtolip.mp4,source-speaker cross | identity-speaker cross,7,id03844,faceswap,id00735,faceswap-wav2lip,id00735,KEEP DROPPED (Maintains Disjointness)
00037_id03844_AEAEN1Lns2c_faceswap_id00373_wavtolip.mp4,source-speaker cross | identity-speaker cross,7,id03844,faceswap,id00735,faceswap-wav2lip,id00735,KEEP DROPPED (Maintains Disjointness)
00037_id03844_AEAEN1Lns2c_faceswap_id00569_wavtolip.mp4,source-speaker cross | identity-speaker cross,7,id03844,faceswap,id00735,faceswap-wav2lip,id00735,KEEP DROPPED (Maintains Disjointness)
00005_id00379_fgkgYHCuk4g_faceswap_id00188_wavtolip.mp4,source-speaker cross | identity-speaker cross,7,id00379,faceswap,id00806,faceswap-wav2lip,id00806,KEEP DROPPED (Maintains Disjointness)
00005_id00379_fgkgYHCuk4g_faceswap_id00232_wavtolip.mp4,source-speaker cross | identity-speaker cross,7,id00379,faceswap,id00806,faceswap-wav2lip,id00806,KEEP DROPPED (Maintains Disjointness)
00005_id00379_fgkgYHCuk4g_faceswap_id00403_wavtolip.mp4,source-speaker cross | identity-speaker cross,7,id00379,faceswap,id00806,faceswap-wav2lip,id00806,KEEP DROPPED (Maintains Disjointness)
00005_id00379_fgkgYHCuk4g_faceswap_id00569_wavtolip.mp4,source-speaker cross | identity-speaker cross,7,id00379,faceswap,id00806,faceswap-wav2lip,id00806,KEEP DROPPED (Maintains Disjointness)
00169_id00897_0ayFw8JhoyI_faceswap_id00234_wavtolip.mp4,source-speaker cross | identity-speaker cross,7,id00897,faceswap,id00813,faceswap-wav2lip,id00813,KEEP DROPPED (Maintains Disjointness)
00169_id00897_0ayFw8JhoyI_faceswap_id00271_wavtolip.mp4,source-speaker cross | identity-speaker cross,7,id00897,faceswap,id00813,faceswap-wav2lip,id00813,KEEP DROPPED (Maintains Disjointness)
00169_id00897_0ayFw8JhoyI_faceswap_id00634_wavtolip.mp4,source-speaker cross | identity-speaker cross,7,id00897,faceswap,id00813,faceswap-wav2lip,id00813,KEEP DROPPED (Maintains Disjointness)
00169_id00897_0ayFw8JhoyI_faceswap_id03716_wavtolip.mp4,source-speaker cross | identity-speaker cross,7,id00897,faceswap,id00813,faceswap-wav2lip,id00813,KEEP DROPPED (Maintains Disjointness)
00169_id00897_0ayFw8JhoyI_faceswap_id03844_wavtolip.mp4,source-speaker cross | identity-speaker cross,7,id00897,faceswap,id00813,faceswap-wav2lip,id00813,KEEP DROPPED (Maintains Disjointness)
00125_id00395_wM5kGJfTtEM_faceswap_id00332_wavtolip.mp4,source-speaker cross | identity-speaker cross,7,id00395,faceswap,id00823,faceswap-wav2lip,id00823,KEEP DROPPED (Maintains Disjointness)
00125_id00395_wM5kGJfTtEM_faceswap_id00379_wavtolip.mp4,source-speaker cross | identity-speaker cross,7,id00395,faceswap,id00823,faceswap-wav2lip,id00823,KEEP DROPPED (Maintains Disjointness)
00125_id00395_wM5kGJfTtEM_faceswap_id03651_wavtolip.mp4,source-speaker cross | identity-speaker cross,7,id00395,faceswap,id00823,faceswap-wav2lip,id00823,KEEP DROPPED (Maintains Disjointness)
00125_id00395_wM5kGJfTtEM_faceswap_id03858_wavtolip.mp4,source-speaker cross | identity-speaker cross,7,id00395,faceswap,id00823,faceswap-wav2lip,id00823,KEEP DROPPED (Maintains Disjointness)
00125_id00395_wM5kGJfTtEM_faceswap_id03941_wavtolip.mp4,source-speaker cross | identity-speaker cross,7,id00395,faceswap,id00823,faceswap-wav2lip,id00823,KEEP DROPPED (Maintains Disjointness)
00065_id00581_7AxvP19LGKg_faceswap_id00071_wavtolip.mp4,source-speaker cross | identity-speaker cross,7,id00581,faceswap,id00826,faceswap-wav2lip,id00826,KEEP DROPPED (Maintains Disjointness)
00065_id00581_7AxvP19LGKg_faceswap_id00188_wavtolip.mp4,source-speaker cross | identity-speaker cross,7,id00581,faceswap,id00826,faceswap-wav2lip,id00826,KEEP DROPPED (Maintains Disjointness)
00065_id00581_7AxvP19LGKg_faceswap_id00806_wavtolip.mp4,source-speaker cross | identity-speaker cross,7,id00581,faceswap,id00826,faceswap-wav2lip,id00826,KEEP DROPPED (Maintains Disjointness)
00065_id00581_7AxvP19LGKg_faceswap_id00823_wavtolip.mp4,source-speaker cross | identity-speaker cross,7,id00581,faceswap,id00826,faceswap-wav2lip,id00826,KEEP DROPPED (Maintains Disjointness)
00065_id00581_7AxvP19LGKg_faceswap_id01018_wavtolip.mp4,source-speaker cross | identity-speaker cross,7,id00581,faceswap,id00826,faceswap-wav2lip,id00826,KEEP DROPPED (Maintains Disjointness)
00005_id00591_1Jo8xElXQMs_faceswap_id00188_wavtolip.mp4,source-speaker cross | identity-speaker cross,7,id00591,faceswap,id00897,faceswap-wav2lip,id00897,KEEP DROPPED (Maintains Disjointness)
00005_id00591_1Jo8xElXQMs_faceswap_id00332_wavtolip.mp4,source-speaker cross | identity-speaker cross,7,id00591,faceswap,id00897,faceswap-wav2lip,id00897,KEEP DROPPED (Maintains Disjointness)
00005_id00591_1Jo8xElXQMs_faceswap_id00735_wavtolip.mp4,source-speaker cross | identity-speaker cross,7,id00591,faceswap,id00897,faceswap-wav2lip,id00897,KEEP DROPPED (Maintains Disjointness)
00005_id00591_1Jo8xElXQMs_faceswap_id00897_wavtolip.mp4,source-speaker cross | identity-speaker cross,7,id00591,faceswap,id00897,faceswap-wav2lip,id00897,KEEP DROPPED (Maintains Disjointness)
00005_id00591_1Jo8xElXQMs_faceswap_id03858_wavtolip.mp4,source-speaker cross | identity-speaker cross,7,id00591,faceswap,id00897,faceswap-wav2lip,id00897,KEEP DROPPED (Maintains Disjointness)
00086_id00633_UXrTMta1EDM_faceswap_id00330_wavtolip.mp4,source-speaker cross | identity-speaker cross,7,id00633,faceswap,id01001,faceswap-wav2lip,id01001,KEEP DROPPED (Maintains Disjointness)
00086_id00633_UXrTMta1EDM_faceswap_id00395_wavtolip.mp4,source-speaker cross | identity-speaker cross,7,id00633,faceswap,id01001,faceswap-wav2lip,id01001,KEEP DROPPED (Maintains Disjointness)
00086_id00633_UXrTMta1EDM_faceswap_id00495_wavtolip.mp4,source-speaker cross | identity-speaker cross,7,id00633,faceswap,id01001,faceswap-wav2lip,id01001,KEEP DROPPED (Maintains Disjointness)
00086_id00633_UXrTMta1EDM_faceswap_id00897_wavtolip.mp4,source-speaker cross | identity-speaker cross,7,id00633,faceswap,id01001,faceswap-wav2lip,id01001,KEEP DROPPED (Maintains Disjointness)
00086_id00633_UXrTMta1EDM_faceswap_id03651_wavtolip.mp4,source-speaker cross | identity-speaker cross,7,id00633,faceswap,id01001,faceswap-wav2lip,id01001,KEEP DROPPED (Maintains Disjointness)
00043_id00633_UXrTMta1EDM_faceswap_id00042_wavtolip.mp4,source-speaker cross | identity-speaker cross,7,id00633,faceswap,id01002,faceswap-wav2lip,id01002,KEEP DROPPED (Maintains Disjointness)
00043_id00633_UXrTMta1EDM_faceswap_id00365_wavtolip.mp4,source-speaker cross | identity-speaker cross,7,id00633,faceswap,id01002,faceswap-wav2lip,id01002,KEEP DROPPED (Maintains Disjointness)
00043_id00633_UXrTMta1EDM_faceswap_id00897_wavtolip.mp4,source-speaker cross | identity-speaker cross,7,id00633,faceswap,id01002,faceswap-wav2lip,id01002,KEEP DROPPED (Maintains Disjointness)
00043_id00633_UXrTMta1EDM_faceswap_id03620_wavtolip.mp4,source-speaker cross | identity-speaker cross,7,id00633,faceswap,id01002,faceswap-wav2lip,id01002,KEEP DROPPED (Maintains Disjointness)
00072_id00569_gSynmpwioV4_faceswap_id00232_wavtolip.mp4,source-speaker cross | identity-speaker cross,7,id00569,faceswap,id01018,faceswap-wav2lip,id01018,KEEP DROPPED (Maintains Disjointness)
00072_id00569_gSynmpwioV4_faceswap_id00262_wavtolip.mp4,source-speaker cross | identity-speaker cross,7,id00569,faceswap,id01018,faceswap-wav2lip,id01018,KEEP DROPPED (Maintains Disjointness)
00072_id00569_gSynmpwioV4_faceswap_id00270_wavtolip.mp4,source-speaker cross | identity-speaker cross,7,id00569,faceswap,id01018,faceswap-wav2lip,id01018,KEEP DROPPED (Maintains Disjointness)
00072_id00569_gSynmpwioV4_faceswap_id00330_wavtolip.mp4,source-speaker cross | identity-speaker cross,7,id00569,faceswap,id01018,faceswap-wav2lip,id01018,KEEP DROPPED (Maintains Disjointness)
00430_id00581_7AxvP19LGKg_faceswap_id00234_wavtolip.mp4,source-speaker cross | identity-speaker cross,7,id00581,faceswap,id03371,faceswap-wav2lip,id03371,KEEP DROPPED (Maintains Disjointness)
00430_id00581_7AxvP19LGKg_faceswap_id00823_wavtolip.mp4,source-speaker cross | identity-speaker cross,7,id00581,faceswap,id03371,faceswap-wav2lip,id03371,KEEP DROPPED (Maintains Disjointness)
00430_id00581_7AxvP19LGKg_faceswap_id00897_wavtolip.mp4,source-speaker cross | identity-speaker cross,7,id00581,faceswap,id03371,faceswap-wav2lip,id03371,KEEP DROPPED (Maintains Disjointness)
00430_id00581_7AxvP19LGKg_faceswap_id03371_wavtolip.mp4,source-speaker cross | identity-speaker cross,7,id00581,faceswap,id03371,faceswap-wav2lip,id03371,KEEP DROPPED (Maintains Disjointness)
00002_id00495_E46aiMUC4A0_faceswap_id00271_wavtolip.mp4,source-speaker cross | identity-speaker cross,7,id00495,faceswap,id03589,faceswap-wav2lip,id03589,KEEP DROPPED (Maintains Disjointness)
00002_id00495_E46aiMUC4A0_faceswap_id00328_wavtolip.mp4,source-speaker cross | identity-speaker cross,7,id00495,faceswap,id03589,faceswap-wav2lip,id03589,KEEP DROPPED (Maintains Disjointness)
00002_id00495_E46aiMUC4A0_faceswap_id00434_wavtolip.mp4,source-speaker cross | identity-speaker cross,7,id00495,faceswap,id03589,faceswap-wav2lip,id03589,KEEP DROPPED (Maintains Disjointness)
00002_id00495_E46aiMUC4A0_faceswap_id01002_wavtolip.mp4,source-speaker cross | identity-speaker cross,7,id00495,faceswap,id03589,faceswap-wav2lip,id03589,KEEP DROPPED (Maintains Disjointness)
00081_id00496_SImaDcXQnh8_faceswap_id00234_wavtolip.mp4,source-speaker cross | identity-speaker cross,7,id00496,faceswap,id03620,faceswap-wav2lip,id03620,KEEP DROPPED (Maintains Disjointness)
00081_id00496_SImaDcXQnh8_faceswap_id00332_wavtolip.mp4,source-speaker cross | identity-speaker cross,7,id00496,faceswap,id03620,faceswap-wav2lip,id03620,KEEP DROPPED (Maintains Disjointness)
00081_id00496_SImaDcXQnh8_faceswap_id03589_wavtolip.mp4,source-speaker cross | identity-speaker cross,7,id00496,faceswap,id03620,faceswap-wav2lip,id03620,KEEP DROPPED (Maintains Disjointness)
00081_id00496_SImaDcXQnh8_faceswap_id03649_wavtolip.mp4,source-speaker cross | identity-speaker cross,7,id00496,faceswap,id03620,faceswap-wav2lip,id03620,KEEP DROPPED (Maintains Disjointness)
00001_id00634_z5t9oJizDQg_faceswap_id00325_wavtolip.mp4,source-speaker cross | identity-speaker cross,7,id00634,faceswap,id03649,faceswap-wav2lip,id03649,KEEP DROPPED (Maintains Disjointness)
00001_id00634_z5t9oJizDQg_faceswap_id00495_wavtolip.mp4,source-speaker cross | identity-speaker cross,7,id00634,faceswap,id03649,faceswap-wav2lip,id03649,KEEP DROPPED (Maintains Disjointness)
00001_id00634_z5t9oJizDQg_faceswap_id03844_wavtolip.mp4,source-speaker cross | identity-speaker cross,7,id00634,faceswap,id03649,faceswap-wav2lip,id03649,KEEP DROPPED (Maintains Disjointness)
00092_id03716_s-lxbGafZQA_faceswap_id00403_wavtolip.mp4,source-speaker cross | identity-speaker cross,7,id03716,faceswap,id03651,faceswap-wav2lip,id03651,KEEP DROPPED (Maintains Disjointness)
00092_id03716_s-lxbGafZQA_faceswap_id00434_wavtolip.mp4,source-speaker cross | identity-speaker cross,7,id03716,faceswap,id03651,faceswap-wav2lip,id03651,KEEP DROPPED (Maintains Disjointness)
00092_id03716_s-lxbGafZQA_faceswap_id00813_wavtolip.mp4,source-speaker cross | identity-speaker cross,7,id03716,faceswap,id03651,faceswap-wav2lip,id03651,KEEP DROPPED (Maintains Disjointness)
00092_id03716_s-lxbGafZQA_faceswap_id01018_wavtolip.mp4,source-speaker cross | identity-speaker cross,7,id03716,faceswap,id03651,faceswap-wav2lip,id03651,KEEP DROPPED (Maintains Disjointness)
00092_id03716_s-lxbGafZQA_faceswap_id03858_wavtolip.mp4,source-speaker cross | identity-speaker cross,7,id03716,faceswap,id03651,faceswap-wav2lip,id03651,KEEP DROPPED (Maintains Disjointness)
00040_id03651_EjcoRkL6loI_faceswap_id00234_wavtolip.mp4,source-speaker cross | identity-speaker cross,7,id03651,faceswap,id03716,faceswap-wav2lip,id03716,KEEP DROPPED (Maintains Disjointness)
00040_id03651_EjcoRkL6loI_faceswap_id00403_wavtolip.mp4,source-speaker cross | identity-speaker cross,7,id03651,faceswap,id03716,faceswap-wav2lip,id03716,KEEP DROPPED (Maintains Disjointness)
00040_id03651_EjcoRkL6loI_faceswap_id00735_wavtolip.mp4,source-speaker cross | identity-speaker cross,7,id03651,faceswap,id03716,faceswap-wav2lip,id03716,KEEP DROPPED (Maintains Disjointness)
00040_id03651_EjcoRkL6loI_faceswap_id01002_wavtolip.mp4,source-speaker cross | identity-speaker cross,7,id03651,faceswap,id03716,faceswap-wav2lip,id03716,KEEP DROPPED (Maintains Disjointness)
00040_id03651_EjcoRkL6loI_faceswap_id03844_wavtolip.mp4,source-speaker cross | identity-speaker cross,7,id03651,faceswap,id03716,faceswap-wav2lip,id03716,KEEP DROPPED (Maintains Disjointness)
00093_id03941_SsYtP8Ze88Q_faceswap_id00287_wavtolip.mp4,source-speaker cross | identity-speaker cross,7,id03941,faceswap,id03816,faceswap-wav2lip,id03816,KEEP DROPPED (Maintains Disjointness)
00093_id03941_SsYtP8Ze88Q_faceswap_id00325_wavtolip.mp4,source-speaker cross | identity-speaker cross,7,id03941,faceswap,id03816,faceswap-wav2lip,id03816,KEEP DROPPED (Maintains Disjointness)
00093_id03941_SsYtP8Ze88Q_faceswap_id00813_wavtolip.mp4,source-speaker cross | identity-speaker cross,7,id03941,faceswap,id03816,faceswap-wav2lip,id03816,KEEP DROPPED (Maintains Disjointness)
00093_id03941_SsYtP8Ze88Q_faceswap_id00826_wavtolip.mp4,source-speaker cross | identity-speaker cross,7,id03941,faceswap,id03816,faceswap-wav2lip,id03816,KEEP DROPPED (Maintains Disjointness)
00093_id03941_SsYtP8Ze88Q_faceswap_id03716_wavtolip.mp4,source-speaker cross | identity-speaker cross,7,id03941,faceswap,id03816,faceswap-wav2lip,id03816,KEEP DROPPED (Maintains Disjointness)
00028_id00484_u7YTz8eFZv0_faceswap_id00374_wavtolip.mp4,source-speaker cross | identity-speaker cross,7,id00484,faceswap,id03844,faceswap-wav2lip,id03844,KEEP DROPPED (Maintains Disjointness)
00028_id00484_u7YTz8eFZv0_faceswap_id00591_wavtolip.mp4,source-speaker cross | identity-speaker cross,7,id00484,faceswap,id03844,faceswap-wav2lip,id03844,KEEP DROPPED (Maintains Disjointness)
00028_id00484_u7YTz8eFZv0_faceswap_id00735_wavtolip.mp4,source-speaker cross | identity-speaker cross,7,id00484,faceswap,id03844,faceswap-wav2lip,id03844,KEEP DROPPED (Maintains Disjointness)
00028_id00484_u7YTz8eFZv0_faceswap_id03620_wavtolip.mp4,source-speaker cross | identity-speaker cross,7,id00484,faceswap,id03844,faceswap-wav2lip,id03844,KEEP DROPPED (Maintains Disjointness)
00092_id00395_wM5kGJfTtEM_faceswap_id00262_wavtolip.mp4,source-speaker cross | identity-speaker cross,7,id00395,faceswap,id03858,faceswap-wav2lip,id03858,KEEP DROPPED (Maintains Disjointness)
00092_id00395_wM5kGJfTtEM_faceswap_id00365_wavtolip.mp4,source-speaker cross | identity-speaker cross,7,id00395,faceswap,id03858,faceswap-wav2lip,id03858,KEEP DROPPED (Maintains Disjointness)
00092_id00395_wM5kGJfTtEM_faceswap_id00374_wavtolip.mp4,source-speaker cross | identity-speaker cross,7,id00395,faceswap,id03858,faceswap-wav2lip,id03858,KEEP DROPPED (Maintains Disjointness)
00092_id00395_wM5kGJfTtEM_faceswap_id00496_wavtolip.mp4,source-speaker cross | identity-speaker cross,7,id00395,faceswap,id03858,faceswap-wav2lip,id03858,KEEP DROPPED (Maintains Disjointness)
00092_id00395_wM5kGJfTtEM_faceswap_id01018_wavtolip.mp4,source-speaker cross | identity-speaker cross,7,id00395,faceswap,id03858,faceswap-wav2lip,id03858,KEEP DROPPED (Maintains Disjointness)
00021_id03816_XXD0yTNei50_faceswap_id00328_wavtolip.mp4,source-speaker cross | identity-speaker cross,7,id03816,faceswap,id03941,faceswap-wav2lip,id03941,KEEP DROPPED (Maintains Disjointness)
00021_id03816_XXD0yTNei50_faceswap_id00379_wavtolip.mp4,source-speaker cross | identity-speaker cross,7,id03816,faceswap,id03941,faceswap-wav2lip,id03941,KEEP DROPPED (Maintains Disjointness)
00021_id03816_XXD0yTNei50_faceswap_id00484_wavtolip.mp4,source-speaker cross | identity-speaker cross,7,id03816,faceswap,id03941,faceswap-wav2lip,id03941,KEEP DROPPED (Maintains Disjointness)
00021_id03816_XXD0yTNei50_faceswap_id00591_wavtolip.mp4,source-speaker cross | identity-speaker cross,7,id03816,faceswap,id03941,faceswap-wav2lip,id03941,KEEP DROPPED (Maintains Disjointness)
00021_id03816_XXD0yTNei50_faceswap_id03649_wavtolip.mp4,source-speaker cross | identity-speaker cross,7,id03816,faceswap,id03941,faceswap-wav2lip,id03941,KEEP DROPPED (Maintains Disjointness)
00135_id00417_GhIZam3v09g_faceswap_id02619_wavtolip.mp4,source-speaker cross | identity-speaker cross,6,id00417,faceswap,id00043,faceswap-wav2lip,id00043,KEEP DROPPED (Maintains Disjointness)
00135_id00417_GhIZam3v09g_faceswap_id04583_wavtolip.mp4,source-speaker cross | identity-speaker cross,6,id00417,faceswap,id00043,faceswap-wav2lip,id00043,KEEP DROPPED (Maintains Disjointness)
00135_id00417_GhIZam3v09g_faceswap_id04927_wavtolip.mp4,source-speaker cross | identity-speaker cross,6,id00417,faceswap,id00043,faceswap-wav2lip,id00043,KEEP DROPPED (Maintains Disjointness)
00135_id00417_GhIZam3v09g_faceswap_id05434_wavtolip.mp4,source-speaker cross | identity-speaker cross,6,id00417,faceswap,id00043,faceswap-wav2lip,id00043,KEEP DROPPED (Maintains Disjointness)
00135_id00417_GhIZam3v09g_faceswap_id07689_wavtolip.mp4,source-speaker cross | identity-speaker cross,6,id00417,faceswap,id00043,faceswap-wav2lip,id00043,KEEP DROPPED (Maintains Disjointness)
00281_id07136_4e43eS5p3_M_faceswap_id03897_wavtolip.mp4,source-speaker cross | identity-speaker cross,6,id07136,faceswap,id00080,faceswap-wav2lip,id00080,KEEP DROPPED (Maintains Disjointness)
00281_id07136_4e43eS5p3_M_faceswap_id04564_wavtolip.mp4,source-speaker cross | identity-speaker cross,6,id07136,faceswap,id00080,faceswap-wav2lip,id00080,KEEP DROPPED (Maintains Disjointness)
00281_id07136_4e43eS5p3_M_faceswap_id06437_wavtolip.mp4,source-speaker cross | identity-speaker cross,6,id07136,faceswap,id00080,faceswap-wav2lip,id00080,KEEP DROPPED (Maintains Disjointness)
00281_id07136_4e43eS5p3_M_faceswap_id06752_wavtolip.mp4,source-speaker cross | identity-speaker cross,6,id07136,faceswap,id00080,faceswap-wav2lip,id00080,KEEP DROPPED (Maintains Disjointness)
00281_id07136_4e43eS5p3_M_faceswap_id07377_wavtolip.mp4,source-speaker cross | identity-speaker cross,6,id07136,faceswap,id00080,faceswap-wav2lip,id00080,KEEP DROPPED (Maintains Disjointness)
00284_id07136_4e43eS5p3_M_faceswap_id02310_wavtolip.mp4,source-speaker cross | identity-speaker cross,6,id07136,faceswap,id00149,faceswap-wav2lip,id00149,KEEP DROPPED (Maintains Disjointness)
00284_id07136_4e43eS5p3_M_faceswap_id05920_wavtolip.mp4,source-speaker cross | identity-speaker cross,6,id07136,faceswap,id00149,faceswap-wav2lip,id00149,KEEP DROPPED (Maintains Disjointness)
00284_id07136_4e43eS5p3_M_faceswap_id06428_wavtolip.mp4,source-speaker cross | identity-speaker cross,6,id07136,faceswap,id00149,faceswap-wav2lip,id00149,KEEP DROPPED (Maintains Disjointness)
00052_id05845_XfMHm6CEwPw_faceswap_id00080_wavtolip.mp4,source-speaker cross | identity-speaker cross,6,id05845,faceswap,id00235,faceswap-wav2lip,id00235,KEEP DROPPED (Maintains Disjointness)
00052_id05845_XfMHm6CEwPw_faceswap_id04070_wavtolip.mp4,source-speaker cross | identity-speaker cross,6,id05845,faceswap,id00235,faceswap-wav2lip,id00235,KEEP DROPPED (Maintains Disjointness)
00052_id05845_XfMHm6CEwPw_faceswap_id04530_wavtolip.mp4,source-speaker cross | identity-speaker cross,6,id05845,faceswap,id00235,faceswap-wav2lip,id00235,KEEP DROPPED (Maintains Disjointness)
00052_id05845_XfMHm6CEwPw_faceswap_id06438_wavtolip.mp4,source-speaker cross | identity-speaker cross,6,id05845,faceswap,id00235,faceswap-wav2lip,id00235,KEEP DROPPED (Maintains Disjointness)
00052_id05845_XfMHm6CEwPw_faceswap_id06445_wavtolip.mp4,source-speaker cross | identity-speaker cross,6,id05845,faceswap,id00235,faceswap-wav2lip,id00235,KEEP DROPPED (Maintains Disjointness)
00069_id00739_CT-6UmfLiU0_faceswap_id04490_wavtolip.mp4,source-speaker cross | identity-speaker cross,6,id00739,faceswap,id00417,faceswap-wav2lip,id00417,KEEP DROPPED (Maintains Disjointness)
00069_id00739_CT-6UmfLiU0_faceswap_id04564_wavtolip.mp4,source-speaker cross | identity-speaker cross,6,id00739,faceswap,id00417,faceswap-wav2lip,id00417,KEEP DROPPED (Maintains Disjointness)
00069_id00739_CT-6UmfLiU0_faceswap_id05435_wavtolip.mp4,source-speaker cross | identity-speaker cross,6,id00739,faceswap,id00417,faceswap-wav2lip,id00417,KEEP DROPPED (Maintains Disjointness)
00043_id00488_F3YxmZ9CYFw_faceswap_id00149_wavtolip.mp4,source-speaker cross | identity-speaker cross,6,id00488,faceswap,id00461,faceswap-wav2lip,id00461,KEEP DROPPED (Maintains Disjointness)
00043_id00488_F3YxmZ9CYFw_faceswap_id00739_wavtolip.mp4,source-speaker cross | identity-speaker cross,6,id00488,faceswap,id00461,faceswap-wav2lip,id00461,KEEP DROPPED (Maintains Disjointness)
00043_id00488_F3YxmZ9CYFw_faceswap_id03985_wavtolip.mp4,source-speaker cross | identity-speaker cross,6,id00488,faceswap,id00461,faceswap-wav2lip,id00461,KEEP DROPPED (Maintains Disjointness)
00043_id00488_F3YxmZ9CYFw_faceswap_id04927_wavtolip.mp4,source-speaker cross | identity-speaker cross,6,id00488,faceswap,id00461,faceswap-wav2lip,id00461,KEEP DROPPED (Maintains Disjointness)
00043_id00488_F3YxmZ9CYFw_faceswap_id07689_wavtolip.mp4,source-speaker cross | identity-speaker cross,6,id00488,faceswap,id00461,faceswap-wav2lip,id00461,KEEP DROPPED (Maintains Disjointness)
00005_id00417_GhIZam3v09g_faceswap_id00417_wavtolip.mp4,source-speaker cross | identity-speaker cross,6,id00417,faceswap,id00739,faceswap-wav2lip,id00739,KEEP DROPPED (Maintains Disjointness)
00005_id00417_GhIZam3v09g_faceswap_id00488_wavtolip.mp4,source-speaker cross | identity-speaker cross,6,id00417,faceswap,id00739,faceswap-wav2lip,id00739,KEEP DROPPED (Maintains Disjointness)
00005_id00417_GhIZam3v09g_faceswap_id00747_wavtolip.mp4,source-speaker cross | identity-speaker cross,6,id00417,faceswap,id00739,faceswap-wav2lip,id00739,KEEP DROPPED (Maintains Disjointness)
00005_id00417_GhIZam3v09g_faceswap_id06343_wavtolip.mp4,source-speaker cross | identity-speaker cross,6,id00417,faceswap,id00739,faceswap-wav2lip,id00739,KEEP DROPPED (Maintains Disjointness)
00005_id00417_GhIZam3v09g_faceswap_id06428_wavtolip.mp4,source-speaker cross | identity-speaker cross,6,id00417,faceswap,id00739,faceswap-wav2lip,id00739,KEEP DROPPED (Maintains Disjointness)
00053_id02310_zA-8Pw0SvZg_faceswap_id02619_wavtolip.mp4,source-speaker cross | identity-speaker cross,6,id02310,faceswap,id00747,faceswap-wav2lip,id00747,KEEP DROPPED (Maintains Disjointness)
00053_id02310_zA-8Pw0SvZg_faceswap_id06268_wavtolip.mp4,source-speaker cross | identity-speaker cross,6,id02310,faceswap,id00747,faceswap-wav2lip,id00747,KEEP DROPPED (Maintains Disjointness)
00053_id02310_zA-8Pw0SvZg_faceswap_id06437_wavtolip.mp4,source-speaker cross | identity-speaker cross,6,id02310,faceswap,id00747,faceswap-wav2lip,id00747,KEEP DROPPED (Maintains Disjointness)
00053_id02310_zA-8Pw0SvZg_faceswap_id06752_wavtolip.mp4,source-speaker cross | identity-speaker cross,6,id02310,faceswap,id00747,faceswap-wav2lip,id00747,KEEP DROPPED (Maintains Disjointness)
00083_1_id04927_wavtolip.mp4,source-identity cross | identity-speaker cross,6,1,-,id01026,faceswap-wav2lip,id01026,KEEP DROPPED (Maintains Disjointness)
00083_1_id06428_wavtolip.mp4,source-identity cross | identity-speaker cross,6,1,-,id01026,faceswap-wav2lip,id01026,KEEP DROPPED (Maintains Disjointness)
00083_1_id06438_wavtolip.mp4,source-identity cross | identity-speaker cross,6,1,-,id01026,faceswap-wav2lip,id01026,KEEP DROPPED (Maintains Disjointness)
00083_1_id06752_wavtolip.mp4,source-identity cross | identity-speaker cross,6,1,-,id01026,faceswap-wav2lip,id01026,KEEP DROPPED (Maintains Disjointness)
00083_1_id07377_wavtolip.mp4,source-identity cross | identity-speaker cross,6,1,-,id01026,faceswap-wav2lip,id01026,KEEP DROPPED (Maintains Disjointness)
00083_2_id03559_wavtolip.mp4,source-identity cross | identity-speaker cross,6,2,-,id01026,faceswap-wav2lip,id01026,KEEP DROPPED (Maintains Disjointness)
00083_2_id04927_wavtolip.mp4,source-identity cross | identity-speaker cross,6,2,-,id01026,faceswap-wav2lip,id01026,KEEP DROPPED (Maintains Disjointness)
00083_2_id05434_wavtolip.mp4,source-identity cross | identity-speaker cross,6,2,-,id01026,faceswap-wav2lip,id01026,KEEP DROPPED (Maintains Disjointness)
00083_2_id06438_wavtolip.mp4,source-identity cross | identity-speaker cross,6,2,-,id01026,faceswap-wav2lip,id01026,KEEP DROPPED (Maintains Disjointness)
00083_2_id06752_wavtolip.mp4,source-identity cross | identity-speaker cross,6,2,-,id01026,faceswap-wav2lip,id01026,KEEP DROPPED (Maintains Disjointness)
00092_id04529_S92uo-UShxE_faceswap_id00235_wavtolip.mp4,source-speaker cross | identity-speaker cross,6,id04529,faceswap,id02089,faceswap-wav2lip,id02089,KEEP DROPPED (Maintains Disjointness)
00092_id04529_S92uo-UShxE_faceswap_id00417_wavtolip.mp4,source-speaker cross | identity-speaker cross,6,id04529,faceswap,id02089,faceswap-wav2lip,id02089,KEEP DROPPED (Maintains Disjointness)
00092_id04529_S92uo-UShxE_faceswap_id00739_wavtolip.mp4,source-speaker cross | identity-speaker cross,6,id04529,faceswap,id02089,faceswap-wav2lip,id02089,KEEP DROPPED (Maintains Disjointness)
00092_id04529_S92uo-UShxE_faceswap_id04529_wavtolip.mp4,source-speaker cross | identity-speaker cross,6,id04529,faceswap,id02089,faceswap-wav2lip,id02089,KEEP DROPPED (Maintains Disjointness)
00092_id04529_S92uo-UShxE_faceswap_id07049_wavtolip.mp4,source-speaker cross | identity-speaker cross,6,id04529,faceswap,id02089,faceswap-wav2lip,id02089,KEEP DROPPED (Maintains Disjointness)
00139_0_id00747_wavtolip.mp4,source-identity cross | identity-speaker cross,6,0,-,id02310,faceswap-wav2lip,id02310,KEEP DROPPED (Maintains Disjointness)
00139_0_id05478_wavtolip.mp4,source-identity cross | identity-speaker cross,6,0,-,id02310,faceswap-wav2lip,id02310,KEEP DROPPED (Maintains Disjointness)
00139_0_id05845_wavtolip.mp4,source-identity cross | identity-speaker cross,6,0,-,id02310,faceswap-wav2lip,id02310,KEEP DROPPED (Maintains Disjointness)
00139_0_id05931_wavtolip.mp4,source-identity cross | identity-speaker cross,6,0,-,id02310,faceswap-wav2lip,id02310,KEEP DROPPED (Maintains Disjointness)
00139_0_id07689_wavtolip.mp4,source-identity cross | identity-speaker cross,6,0,-,id02310,faceswap-wav2lip,id02310,KEEP DROPPED (Maintains Disjointness)
00139_2_id00488_wavtolip.mp4,source-identity cross | identity-speaker cross,6,2,-,id02310,faceswap-wav2lip,id02310,KEEP DROPPED (Maintains Disjointness)
00139_2_id04530_wavtolip.mp4,source-identity cross | identity-speaker cross,6,2,-,id02310,faceswap-wav2lip,id02310,KEEP DROPPED (Maintains Disjointness)
00139_2_id05435_wavtolip.mp4,source-identity cross | identity-speaker cross,6,2,-,id02310,faceswap-wav2lip,id02310,KEEP DROPPED (Maintains Disjointness)
00139_2_id05920_wavtolip.mp4,source-identity cross | identity-speaker cross,6,2,-,id02310,faceswap-wav2lip,id02310,KEEP DROPPED (Maintains Disjointness)
00139_2_id06439_wavtolip.mp4,source-identity cross | identity-speaker cross,6,2,-,id02310,faceswap-wav2lip,id02310,KEEP DROPPED (Maintains Disjointness)
00015_id00417_GhIZam3v09g_faceswap_id00235_wavtolip.mp4,source-speaker cross | identity-speaker cross,6,id00417,faceswap,id02619,faceswap-wav2lip,id02619,KEEP DROPPED (Maintains Disjointness)
00015_id00417_GhIZam3v09g_faceswap_id04582_wavtolip.mp4,source-speaker cross | identity-speaker cross,6,id00417,faceswap,id02619,faceswap-wav2lip,id02619,KEEP DROPPED (Maintains Disjointness)
00015_id00417_GhIZam3v09g_faceswap_id05845_wavtolip.mp4,source-speaker cross | identity-speaker cross,6,id00417,faceswap,id02619,faceswap-wav2lip,id02619,KEEP DROPPED (Maintains Disjointness)
00015_id00417_GhIZam3v09g_faceswap_id05920_wavtolip.mp4,source-speaker cross | identity-speaker cross,6,id00417,faceswap,id02619,faceswap-wav2lip,id02619,KEEP DROPPED (Maintains Disjointness)
00023_id05845_XfMHm6CEwPw_faceswap_id00043_wavtolip.mp4,source-speaker cross | identity-speaker cross,6,id05845,faceswap,id03559,faceswap-wav2lip,id03559,KEEP DROPPED (Maintains Disjointness)
00023_id05845_XfMHm6CEwPw_faceswap_id00461_wavtolip.mp4,source-speaker cross | identity-speaker cross,6,id05845,faceswap,id03559,faceswap-wav2lip,id03559,KEEP DROPPED (Maintains Disjointness)
00023_id05845_XfMHm6CEwPw_faceswap_id04927_wavtolip.mp4,source-speaker cross | identity-speaker cross,6,id05845,faceswap,id03559,faceswap-wav2lip,id03559,KEEP DROPPED (Maintains Disjointness)
00023_id05845_XfMHm6CEwPw_faceswap_id06438_wavtolip.mp4,source-speaker cross | identity-speaker cross,6,id05845,faceswap,id03559,faceswap-wav2lip,id03559,KEEP DROPPED (Maintains Disjointness)
00023_id05845_XfMHm6CEwPw_faceswap_id07236_wavtolip.mp4,source-speaker cross | identity-speaker cross,6,id05845,faceswap,id03559,faceswap-wav2lip,id03559,KEEP DROPPED (Maintains Disjointness)
00118_1_id00043_wavtolip.mp4,source-identity cross | identity-speaker cross,6,1,-,id03815,faceswap-wav2lip,id03815,KEEP DROPPED (Maintains Disjointness)
00118_1_id02310_wavtolip.mp4,source-identity cross | identity-speaker cross,6,1,-,id03815,faceswap-wav2lip,id03815,KEEP DROPPED (Maintains Disjointness)
00118_1_id04490_wavtolip.mp4,source-identity cross | identity-speaker cross,6,1,-,id03815,faceswap-wav2lip,id03815,KEEP DROPPED (Maintains Disjointness)
00118_1_id04927_wavtolip.mp4,source-identity cross | identity-speaker cross,6,1,-,id03815,faceswap-wav2lip,id03815,KEEP DROPPED (Maintains Disjointness)
00118_1_id06428_wavtolip.mp4,source-identity cross | identity-speaker cross,6,1,-,id03815,faceswap-wav2lip,id03815,KEEP DROPPED (Maintains Disjointness)
00021_id04490_G00MMIdUOTc_faceswap_id00149_wavtolip.mp4,source-speaker cross | identity-speaker cross,6,id04490,faceswap,id03897,faceswap-wav2lip,id03897,KEEP DROPPED (Maintains Disjointness)
00021_id04490_G00MMIdUOTc_faceswap_id04582_wavtolip.mp4,source-speaker cross | identity-speaker cross,6,id04490,faceswap,id03897,faceswap-wav2lip,id03897,KEEP DROPPED (Maintains Disjointness)
00021_id04490_G00MMIdUOTc_faceswap_id05434_wavtolip.mp4,source-speaker cross | identity-speaker cross,6,id04490,faceswap,id03897,faceswap-wav2lip,id03897,KEEP DROPPED (Maintains Disjointness)
00021_id04490_G00MMIdUOTc_faceswap_id06254_wavtolip.mp4,source-speaker cross | identity-speaker cross,6,id04490,faceswap,id03897,faceswap-wav2lip,id03897,KEEP DROPPED (Maintains Disjointness)
00005_id07686_lwSGz24c1Bs_faceswap_id00149_wavtolip.mp4,source-speaker cross | identity-speaker cross,6,id07686,faceswap,id03985,faceswap-wav2lip,id03985,KEEP DROPPED (Maintains Disjointness)
00005_id07686_lwSGz24c1Bs_faceswap_id01026_wavtolip.mp4,source-speaker cross | identity-speaker cross,6,id07686,faceswap,id03985,faceswap-wav2lip,id03985,KEEP DROPPED (Maintains Disjointness)
00005_id07686_lwSGz24c1Bs_faceswap_id07049_wavtolip.mp4,source-speaker cross | identity-speaker cross,6,id07686,faceswap,id03985,faceswap-wav2lip,id03985,KEEP DROPPED (Maintains Disjointness)
00005_id07686_lwSGz24c1Bs_faceswap_id07689_wavtolip.mp4,source-speaker cross | identity-speaker cross,6,id07686,faceswap,id03985,faceswap-wav2lip,id03985,KEEP DROPPED (Maintains Disjointness)
00072_id07078_sLVbTD3Dtgw_faceswap_id00488_wavtolip.mp4,source-speaker cross | identity-speaker cross,6,id07078,faceswap,id04070,faceswap-wav2lip,id04070,KEEP DROPPED (Maintains Disjointness)
00072_id07078_sLVbTD3Dtgw_faceswap_id03815_wavtolip.mp4,source-speaker cross | identity-speaker cross,6,id07078,faceswap,id04070,faceswap-wav2lip,id04070,KEEP DROPPED (Maintains Disjointness)
00072_id07078_sLVbTD3Dtgw_faceswap_id06428_wavtolip.mp4,source-speaker cross | identity-speaker cross,6,id07078,faceswap,id04070,faceswap-wav2lip,id04070,KEEP DROPPED (Maintains Disjointness)
00072_id07078_sLVbTD3Dtgw_faceswap_id07377_wavtolip.mp4,source-speaker cross | identity-speaker cross,6,id07078,faceswap,id04070,faceswap-wav2lip,id04070,KEEP DROPPED (Maintains Disjointness)
00054_id03897_bOGItcSqK1s_faceswap_id02619_wavtolip.mp4,source-speaker cross | identity-speaker cross,6,id03897,faceswap,id04490,faceswap-wav2lip,id04490,KEEP DROPPED (Maintains Disjointness)
00054_id03897_bOGItcSqK1s_faceswap_id03897_wavtolip.mp4,source-speaker cross | identity-speaker cross,6,id03897,faceswap,id04490,faceswap-wav2lip,id04490,KEEP DROPPED (Maintains Disjointness)
00054_id03897_bOGItcSqK1s_faceswap_id03985_wavtolip.mp4,source-speaker cross | identity-speaker cross,6,id03897,faceswap,id04490,faceswap-wav2lip,id04490,KEEP DROPPED (Maintains Disjointness)
00054_id03897_bOGItcSqK1s_faceswap_id05931_wavtolip.mp4,source-speaker cross | identity-speaker cross,6,id03897,faceswap,id04490,faceswap-wav2lip,id04490,KEEP DROPPED (Maintains Disjointness)
00054_id03897_bOGItcSqK1s_faceswap_id06752_wavtolip.mp4,source-speaker cross | identity-speaker cross,6,id03897,faceswap,id04490,faceswap-wav2lip,id04490,KEEP DROPPED (Maintains Disjointness)
00186_id01026_rM4ZERt7oM0_faceswap_id00235_wavtolip.mp4,source-speaker cross | identity-speaker cross,6,id01026,faceswap,id04529,faceswap-wav2lip,id04529,KEEP DROPPED (Maintains Disjointness)
00186_id01026_rM4ZERt7oM0_faceswap_id00739_wavtolip.mp4,source-speaker cross | identity-speaker cross,6,id01026,faceswap,id04529,faceswap-wav2lip,id04529,KEEP DROPPED (Maintains Disjointness)
00186_id01026_rM4ZERt7oM0_faceswap_id06268_wavtolip.mp4,source-speaker cross | identity-speaker cross,6,id01026,faceswap,id04529,faceswap-wav2lip,id04529,KEEP DROPPED (Maintains Disjointness)
00186_id01026_rM4ZERt7oM0_faceswap_id07049_wavtolip.mp4,source-speaker cross | identity-speaker cross,6,id01026,faceswap,id04529,faceswap-wav2lip,id04529,KEEP DROPPED (Maintains Disjointness)
00186_id01026_rM4ZERt7oM0_faceswap_id07377_wavtolip.mp4,source-speaker cross | identity-speaker cross,6,id01026,faceswap,id04529,faceswap-wav2lip,id04529,KEEP DROPPED (Maintains Disjointness)
00417_0_id00080_wavtolip.mp4,source-identity cross | identity-speaker cross,6,0,-,id04564,faceswap-wav2lip,id04564,KEEP DROPPED (Maintains Disjointness)
00417_0_id04490_wavtolip.mp4,source-identity cross | identity-speaker cross,6,0,-,id04564,faceswap-wav2lip,id04564,KEEP DROPPED (Maintains Disjointness)
00417_0_id06232_wavtolip.mp4,source-identity cross | identity-speaker cross,6,0,-,id04564,faceswap-wav2lip,id04564,KEEP DROPPED (Maintains Disjointness)
00417_0_id06268_wavtolip.mp4,source-identity cross | identity-speaker cross,6,0,-,id04564,faceswap-wav2lip,id04564,KEEP DROPPED (Maintains Disjointness)
00417_0_id06439_wavtolip.mp4,source-identity cross | identity-speaker cross,6,0,-,id04564,faceswap-wav2lip,id04564,KEEP DROPPED (Maintains Disjointness)
00180_id06445_NWtdqOxEbDY_faceswap_id00461_wavtolip.mp4,source-speaker cross | identity-speaker cross,6,id06445,faceswap,id04582,faceswap-wav2lip,id04582,KEEP DROPPED (Maintains Disjointness)
00180_id06445_NWtdqOxEbDY_faceswap_id02310_wavtolip.mp4,source-speaker cross | identity-speaker cross,6,id06445,faceswap,id04582,faceswap-wav2lip,id04582,KEEP DROPPED (Maintains Disjointness)
00180_id06445_NWtdqOxEbDY_faceswap_id02619_wavtolip.mp4,source-speaker cross | identity-speaker cross,6,id06445,faceswap,id04582,faceswap-wav2lip,id04582,KEEP DROPPED (Maintains Disjointness)
00180_id06445_NWtdqOxEbDY_faceswap_id05478_wavtolip.mp4,source-speaker cross | identity-speaker cross,6,id06445,faceswap,id04582,faceswap-wav2lip,id04582,KEEP DROPPED (Maintains Disjointness)
00180_id06445_NWtdqOxEbDY_faceswap_id07689_wavtolip.mp4,source-speaker cross | identity-speaker cross,6,id06445,faceswap,id04582,faceswap-wav2lip,id04582,KEEP DROPPED (Maintains Disjointness)
00077_id07136_4e43eS5p3_M_faceswap_id00488_wavtolip.mp4,source-speaker cross | identity-speaker cross,6,id07136,faceswap,id04583,faceswap-wav2lip,id04583,KEEP DROPPED (Maintains Disjointness)
00077_id07136_4e43eS5p3_M_faceswap_id03985_wavtolip.mp4,source-speaker cross | identity-speaker cross,6,id07136,faceswap,id04583,faceswap-wav2lip,id04583,KEEP DROPPED (Maintains Disjointness)
00077_id07136_4e43eS5p3_M_faceswap_id04927_wavtolip.mp4,source-speaker cross | identity-speaker cross,6,id07136,faceswap,id04583,faceswap-wav2lip,id04583,KEEP DROPPED (Maintains Disjointness)
00077_id07136_4e43eS5p3_M_faceswap_id06437_wavtolip.mp4,source-speaker cross | identity-speaker cross,6,id07136,faceswap,id04583,faceswap-wav2lip,id04583,KEEP DROPPED (Maintains Disjointness)
00013_id00417_GhIZam3v09g_faceswap_id00235_wavtolip.mp4,source-speaker cross | identity-speaker cross,6,id00417,faceswap,id04927,faceswap-wav2lip,id04927,KEEP DROPPED (Maintains Disjointness)
00013_id00417_GhIZam3v09g_faceswap_id00417_wavtolip.mp4,source-speaker cross | identity-speaker cross,6,id00417,faceswap,id04927,faceswap-wav2lip,id04927,KEEP DROPPED (Maintains Disjointness)
00013_id00417_GhIZam3v09g_faceswap_id01026_wavtolip.mp4,source-speaker cross | identity-speaker cross,6,id00417,faceswap,id04927,faceswap-wav2lip,id04927,KEEP DROPPED (Maintains Disjointness)
00013_id00417_GhIZam3v09g_faceswap_id03815_wavtolip.mp4,source-speaker cross | identity-speaker cross,6,id00417,faceswap,id04927,faceswap-wav2lip,id04927,KEEP DROPPED (Maintains Disjointness)
00013_id00417_GhIZam3v09g_faceswap_id05845_wavtolip.mp4,source-speaker cross | identity-speaker cross,6,id00417,faceswap,id04927,faceswap-wav2lip,id04927,KEEP DROPPED (Maintains Disjointness)
00052_id00417_GhIZam3v09g_faceswap_id03559_wavtolip.mp4,source-speaker cross | identity-speaker cross,6,id00417,faceswap,id05434,faceswap-wav2lip,id05434,KEEP DROPPED (Maintains Disjointness)
00052_id00417_GhIZam3v09g_faceswap_id05435_wavtolip.mp4,source-speaker cross | identity-speaker cross,6,id00417,faceswap,id05434,faceswap-wav2lip,id05434,KEEP DROPPED (Maintains Disjointness)
00052_id00417_GhIZam3v09g_faceswap_id05920_wavtolip.mp4,source-speaker cross | identity-speaker cross,6,id00417,faceswap,id05434,faceswap-wav2lip,id05434,KEEP DROPPED (Maintains Disjointness)
00052_id00417_GhIZam3v09g_faceswap_id06254_wavtolip.mp4,source-speaker cross | identity-speaker cross,6,id00417,faceswap,id05434,faceswap-wav2lip,id05434,KEEP DROPPED (Maintains Disjointness)
00107_id00488_F3YxmZ9CYFw_faceswap_id00080_wavtolip.mp4,source-speaker cross | identity-speaker cross,6,id00488,faceswap,id05435,faceswap-wav2lip,id05435,KEEP DROPPED (Maintains Disjointness)
00107_id00488_F3YxmZ9CYFw_faceswap_id00417_wavtolip.mp4,source-speaker cross | identity-speaker cross,6,id00488,faceswap,id05435,faceswap-wav2lip,id05435,KEEP DROPPED (Maintains Disjointness)
00107_id00488_F3YxmZ9CYFw_faceswap_id02619_wavtolip.mp4,source-speaker cross | identity-speaker cross,6,id00488,faceswap,id05435,faceswap-wav2lip,id05435,KEEP DROPPED (Maintains Disjointness)
00107_id00488_F3YxmZ9CYFw_faceswap_id03985_wavtolip.mp4,source-speaker cross | identity-speaker cross,6,id00488,faceswap,id05435,faceswap-wav2lip,id05435,KEEP DROPPED (Maintains Disjointness)
00107_id00488_F3YxmZ9CYFw_faceswap_id04582_wavtolip.mp4,source-speaker cross | identity-speaker cross,6,id00488,faceswap,id05435,faceswap-wav2lip,id05435,KEEP DROPPED (Maintains Disjointness)
00135_id05845_XfMHm6CEwPw_faceswap_id02310_wavtolip.mp4,source-speaker cross | identity-speaker cross,6,id05845,faceswap,id05478,faceswap-wav2lip,id05478,KEEP DROPPED (Maintains Disjointness)
00135_id05845_XfMHm6CEwPw_faceswap_id05845_wavtolip.mp4,source-speaker cross | identity-speaker cross,6,id05845,faceswap,id05478,faceswap-wav2lip,id05478,KEEP DROPPED (Maintains Disjointness)
00135_id05845_XfMHm6CEwPw_faceswap_id06752_wavtolip.mp4,source-speaker cross | identity-speaker cross,6,id05845,faceswap,id05478,faceswap-wav2lip,id05478,KEEP DROPPED (Maintains Disjointness)
00135_id05845_XfMHm6CEwPw_faceswap_id07051_wavtolip.mp4,source-speaker cross | identity-speaker cross,6,id05845,faceswap,id05478,faceswap-wav2lip,id05478,KEEP DROPPED (Maintains Disjointness)
00135_id05845_XfMHm6CEwPw_faceswap_id07686_wavtolip.mp4,source-speaker cross | identity-speaker cross,6,id05845,faceswap,id05478,faceswap-wav2lip,id05478,KEEP DROPPED (Maintains Disjointness)
00027_id05478_VJkjRzPt-Jw_faceswap_id05845_wavtolip.mp4,source-speaker cross | identity-speaker cross,6,id05478,faceswap,id05845,faceswap-wav2lip,id05845,KEEP DROPPED (Maintains Disjointness)
00027_id05478_VJkjRzPt-Jw_faceswap_id06254_wavtolip.mp4,source-speaker cross | identity-speaker cross,6,id05478,faceswap,id05845,faceswap-wav2lip,id05845,KEEP DROPPED (Maintains Disjointness)
00027_id05478_VJkjRzPt-Jw_faceswap_id06268_wavtolip.mp4,source-speaker cross | identity-speaker cross,6,id05478,faceswap,id05845,faceswap-wav2lip,id05845,KEEP DROPPED (Maintains Disjointness)
00027_id05478_VJkjRzPt-Jw_faceswap_id06437_wavtolip.mp4,source-speaker cross | identity-speaker cross,6,id05478,faceswap,id05845,faceswap-wav2lip,id05845,KEEP DROPPED (Maintains Disjointness)
00027_id05478_VJkjRzPt-Jw_faceswap_id07051_wavtolip.mp4,source-speaker cross | identity-speaker cross,6,id05478,faceswap,id05845,faceswap-wav2lip,id05845,KEEP DROPPED (Maintains Disjointness)
00161_id05845_XfMHm6CEwPw_faceswap_id00043_wavtolip.mp4,source-speaker cross | identity-speaker cross,6,id05845,faceswap,id05920,faceswap-wav2lip,id05920,KEEP DROPPED (Maintains Disjointness)
00161_id05845_XfMHm6CEwPw_faceswap_id00747_wavtolip.mp4,source-speaker cross | identity-speaker cross,6,id05845,faceswap,id05920,faceswap-wav2lip,id05920,KEEP DROPPED (Maintains Disjointness)
00161_id05845_XfMHm6CEwPw_faceswap_id05845_wavtolip.mp4,source-speaker cross | identity-speaker cross,6,id05845,faceswap,id05920,faceswap-wav2lip,id05920,KEEP DROPPED (Maintains Disjointness)
00161_id05845_XfMHm6CEwPw_faceswap_id06439_wavtolip.mp4,source-speaker cross | identity-speaker cross,6,id05845,faceswap,id05920,faceswap-wav2lip,id05920,KEEP DROPPED (Maintains Disjointness)
00161_id05845_XfMHm6CEwPw_faceswap_id06752_wavtolip.mp4,source-speaker cross | identity-speaker cross,6,id05845,faceswap,id05920,faceswap-wav2lip,id05920,KEEP DROPPED (Maintains Disjointness)
00013_id01026_rM4ZERt7oM0_faceswap_id04070_wavtolip.mp4,source-speaker cross | identity-speaker cross,6,id01026,faceswap,id05931,faceswap-wav2lip,id05931,KEEP DROPPED (Maintains Disjointness)
00013_id01026_rM4ZERt7oM0_faceswap_id05931_wavtolip.mp4,source-speaker cross | identity-speaker cross,6,id01026,faceswap,id05931,faceswap-wav2lip,id05931,KEEP DROPPED (Maintains Disjointness)
00013_id01026_rM4ZERt7oM0_faceswap_id06232_wavtolip.mp4,source-speaker cross | identity-speaker cross,6,id01026,faceswap,id05931,faceswap-wav2lip,id05931,KEEP DROPPED (Maintains Disjointness)
00013_id01026_rM4ZERt7oM0_faceswap_id07008_wavtolip.mp4,source-speaker cross | identity-speaker cross,6,id01026,faceswap,id05931,faceswap-wav2lip,id05931,KEEP DROPPED (Maintains Disjointness)
00025_id03559_pgetxl1qbzM_faceswap_id00739_wavtolip.mp4,source-speaker cross | identity-speaker cross,6,id03559,faceswap,id06232,faceswap-wav2lip,id06232,KEEP DROPPED (Maintains Disjointness)
00025_id03559_pgetxl1qbzM_faceswap_id04529_wavtolip.mp4,source-speaker cross | identity-speaker cross,6,id03559,faceswap,id06232,faceswap-wav2lip,id06232,KEEP DROPPED (Maintains Disjointness)
00025_id03559_pgetxl1qbzM_faceswap_id04530_wavtolip.mp4,source-speaker cross | identity-speaker cross,6,id03559,faceswap,id06232,faceswap-wav2lip,id06232,KEEP DROPPED (Maintains Disjointness)
00025_id03559_pgetxl1qbzM_faceswap_id05845_wavtolip.mp4,source-speaker cross | identity-speaker cross,6,id03559,faceswap,id06232,faceswap-wav2lip,id06232,KEEP DROPPED (Maintains Disjointness)
00025_id03559_pgetxl1qbzM_faceswap_id07008_wavtolip.mp4,source-speaker cross | identity-speaker cross,6,id03559,faceswap,id06232,faceswap-wav2lip,id06232,KEEP DROPPED (Maintains Disjointness)
00043_id05931_bFqu86NV3hk_faceswap_id00043_wavtolip.mp4,source-speaker cross | identity-speaker cross,6,id05931,faceswap,id06254,faceswap-wav2lip,id06254,KEEP DROPPED (Maintains Disjointness)
00043_id05931_bFqu86NV3hk_faceswap_id04530_wavtolip.mp4,source-speaker cross | identity-speaker cross,6,id05931,faceswap,id06254,faceswap-wav2lip,id06254,KEEP DROPPED (Maintains Disjointness)
00043_id05931_bFqu86NV3hk_faceswap_id05435_wavtolip.mp4,source-speaker cross | identity-speaker cross,6,id05931,faceswap,id06254,faceswap-wav2lip,id06254,KEEP DROPPED (Maintains Disjointness)
00043_id05931_bFqu86NV3hk_faceswap_id05920_wavtolip.mp4,source-speaker cross | identity-speaker cross,6,id05931,faceswap,id06254,faceswap-wav2lip,id06254,KEEP DROPPED (Maintains Disjointness)
00043_id05931_bFqu86NV3hk_faceswap_id06428_wavtolip.mp4,source-speaker cross | identity-speaker cross,6,id05931,faceswap,id06254,faceswap-wav2lip,id06254,KEEP DROPPED (Maintains Disjointness)
00159_id07051_d1c0Pl2aP_4_faceswap_id00488_wavtolip.mp4,source-speaker cross | identity-speaker cross,6,id07051,faceswap,id06268,faceswap-wav2lip,id06268,KEEP DROPPED (Maintains Disjointness)
00159_id07051_d1c0Pl2aP_4_faceswap_id00747_wavtolip.mp4,source-speaker cross | identity-speaker cross,6,id07051,faceswap,id06268,faceswap-wav2lip,id06268,KEEP DROPPED (Maintains Disjointness)
00159_id07051_d1c0Pl2aP_4_faceswap_id03815_wavtolip.mp4,source-speaker cross | identity-speaker cross,6,id07051,faceswap,id06268,faceswap-wav2lip,id06268,KEEP DROPPED (Maintains Disjointness)
00023_id06438_vf3xBVgYqYA_faceswap_id00235_wavtolip.mp4,source-speaker cross | identity-speaker cross,6,id06438,faceswap,id06343,faceswap-wav2lip,id06343,KEEP DROPPED (Maintains Disjointness)
00023_id06438_vf3xBVgYqYA_faceswap_id00739_wavtolip.mp4,source-speaker cross | identity-speaker cross,6,id06438,faceswap,id06343,faceswap-wav2lip,id06343,KEEP DROPPED (Maintains Disjointness)
00023_id06438_vf3xBVgYqYA_faceswap_id01026_wavtolip.mp4,source-speaker cross | identity-speaker cross,6,id06438,faceswap,id06343,faceswap-wav2lip,id06343,KEEP DROPPED (Maintains Disjointness)
00023_id06438_vf3xBVgYqYA_faceswap_id04529_wavtolip.mp4,source-speaker cross | identity-speaker cross,6,id06438,faceswap,id06343,faceswap-wav2lip,id06343,KEEP DROPPED (Maintains Disjointness)
00023_id06438_vf3xBVgYqYA_faceswap_id04530_wavtolip.mp4,source-speaker cross | identity-speaker cross,6,id06438,faceswap,id06343,faceswap-wav2lip,id06343,KEEP DROPPED (Maintains Disjointness)
00043_id07051_d1c0Pl2aP_4_faceswap_id03985_wavtolip.mp4,source-speaker cross | identity-speaker cross,6,id07051,faceswap,id06428,faceswap-wav2lip,id06428,KEEP DROPPED (Maintains Disjointness)
00043_id07051_d1c0Pl2aP_4_faceswap_id04070_wavtolip.mp4,source-speaker cross | identity-speaker cross,6,id07051,faceswap,id06428,faceswap-wav2lip,id06428,KEEP DROPPED (Maintains Disjointness)
00043_id07051_d1c0Pl2aP_4_faceswap_id04583_wavtolip.mp4,source-speaker cross | identity-speaker cross,6,id07051,faceswap,id06428,faceswap-wav2lip,id06428,KEEP DROPPED (Maintains Disjointness)
00043_id07051_d1c0Pl2aP_4_faceswap_id05478_wavtolip.mp4,source-speaker cross | identity-speaker cross,6,id07051,faceswap,id06428,faceswap-wav2lip,id06428,KEEP DROPPED (Maintains Disjointness)
00043_id07051_d1c0Pl2aP_4_faceswap_id06254_wavtolip.mp4,source-speaker cross | identity-speaker cross,6,id07051,faceswap,id06428,faceswap-wav2lip,id06428,KEEP DROPPED (Maintains Disjointness)
00028_id06438_vf3xBVgYqYA_faceswap_id02089_wavtolip.mp4,source-speaker cross | identity-speaker cross,6,id06438,faceswap,id06437,faceswap-wav2lip,id06437,KEEP DROPPED (Maintains Disjointness)
00028_id06438_vf3xBVgYqYA_faceswap_id06254_wavtolip.mp4,source-speaker cross | identity-speaker cross,6,id06438,faceswap,id06437,faceswap-wav2lip,id06437,KEEP DROPPED (Maintains Disjointness)
00028_id06438_vf3xBVgYqYA_faceswap_id06428_wavtolip.mp4,source-speaker cross | identity-speaker cross,6,id06438,faceswap,id06437,faceswap-wav2lip,id06437,KEEP DROPPED (Maintains Disjointness)
00028_id06438_vf3xBVgYqYA_faceswap_id07136_wavtolip.mp4,source-speaker cross | identity-speaker cross,6,id06438,faceswap,id06437,faceswap-wav2lip,id06437,KEEP DROPPED (Maintains Disjointness)
00028_id06438_vf3xBVgYqYA_faceswap_id07689_wavtolip.mp4,source-speaker cross | identity-speaker cross,6,id06438,faceswap,id06437,faceswap-wav2lip,id06437,KEEP DROPPED (Maintains Disjointness)
00110_id06437_3BZvvzBhj8s_faceswap_id00461_wavtolip.mp4,source-speaker cross | identity-speaker cross,6,id06437,faceswap,id06438,faceswap-wav2lip,id06438,KEEP DROPPED (Maintains Disjointness)
00110_id06437_3BZvvzBhj8s_faceswap_id02619_wavtolip.mp4,source-speaker cross | identity-speaker cross,6,id06437,faceswap,id06438,faceswap-wav2lip,id06438,KEEP DROPPED (Maintains Disjointness)
00110_id06437_3BZvvzBhj8s_faceswap_id06428_wavtolip.mp4,source-speaker cross | identity-speaker cross,6,id06437,faceswap,id06438,faceswap-wav2lip,id06438,KEEP DROPPED (Maintains Disjointness)
00110_id06437_3BZvvzBhj8s_faceswap_id07049_wavtolip.mp4,source-speaker cross | identity-speaker cross,6,id06437,faceswap,id06438,faceswap-wav2lip,id06438,KEEP DROPPED (Maintains Disjointness)
00110_id06437_3BZvvzBhj8s_faceswap_id07689_wavtolip.mp4,source-speaker cross | identity-speaker cross,6,id06437,faceswap,id06438,faceswap-wav2lip,id06438,KEEP DROPPED (Maintains Disjointness)
00118_id00417_GhIZam3v09g_faceswap_id00235_wavtolip.mp4,source-speaker cross | identity-speaker cross,6,id00417,faceswap,id06439,faceswap-wav2lip,id06439,KEEP DROPPED (Maintains Disjointness)
00118_id00417_GhIZam3v09g_faceswap_id03815_wavtolip.mp4,source-speaker cross | identity-speaker cross,6,id00417,faceswap,id06439,faceswap-wav2lip,id06439,KEEP DROPPED (Maintains Disjointness)
00118_id00417_GhIZam3v09g_faceswap_id04564_wavtolip.mp4,source-speaker cross | identity-speaker cross,6,id00417,faceswap,id06439,faceswap-wav2lip,id06439,KEEP DROPPED (Maintains Disjointness)
00118_id00417_GhIZam3v09g_faceswap_id05931_wavtolip.mp4,source-speaker cross | identity-speaker cross,6,id00417,faceswap,id06439,faceswap-wav2lip,id06439,KEEP DROPPED (Maintains Disjointness)
00118_id00417_GhIZam3v09g_faceswap_id07049_wavtolip.mp4,source-speaker cross | identity-speaker cross,6,id00417,faceswap,id06439,faceswap-wav2lip,id06439,KEEP DROPPED (Maintains Disjointness)
00150_id04582_Pm9dX-TxNx0_faceswap_id00417_wavtolip.mp4,source-speaker cross | identity-speaker cross,6,id04582,faceswap,id06445,faceswap-wav2lip,id06445,KEEP DROPPED (Maintains Disjointness)
00150_id04582_Pm9dX-TxNx0_faceswap_id00488_wavtolip.mp4,source-speaker cross | identity-speaker cross,6,id04582,faceswap,id06445,faceswap-wav2lip,id06445,KEEP DROPPED (Maintains Disjointness)
00150_id04582_Pm9dX-TxNx0_faceswap_id06438_wavtolip.mp4,source-speaker cross | identity-speaker cross,6,id04582,faceswap,id06445,faceswap-wav2lip,id06445,KEEP DROPPED (Maintains Disjointness)
00150_id04582_Pm9dX-TxNx0_faceswap_id07051_wavtolip.mp4,source-speaker cross | identity-speaker cross,6,id04582,faceswap,id06445,faceswap-wav2lip,id06445,KEEP DROPPED (Maintains Disjointness)
00150_id04582_Pm9dX-TxNx0_faceswap_id07377_wavtolip.mp4,source-speaker cross | identity-speaker cross,6,id04582,faceswap,id06445,faceswap-wav2lip,id06445,KEEP DROPPED (Maintains Disjointness)
00221_0_id00747_wavtolip.mp4,source-identity cross | identity-speaker cross,6,0,-,id06752,faceswap-wav2lip,id06752,KEEP DROPPED (Maintains Disjointness)
00221_0_id05478_wavtolip.mp4,source-identity cross | identity-speaker cross,6,0,-,id06752,faceswap-wav2lip,id06752,KEEP DROPPED (Maintains Disjointness)
00221_0_id06232_wavtolip.mp4,source-identity cross | identity-speaker cross,6,0,-,id06752,faceswap-wav2lip,id06752,KEEP DROPPED (Maintains Disjointness)
00221_2_id00417_wavtolip.mp4,source-identity cross | identity-speaker cross,6,2,-,id06752,faceswap-wav2lip,id06752,KEEP DROPPED (Maintains Disjointness)
00221_2_id02310_wavtolip.mp4,source-identity cross | identity-speaker cross,6,2,-,id06752,faceswap-wav2lip,id06752,KEEP DROPPED (Maintains Disjointness)
00221_2_id04530_wavtolip.mp4,source-identity cross | identity-speaker cross,6,2,-,id06752,faceswap-wav2lip,id06752,KEEP DROPPED (Maintains Disjointness)
00221_2_id06268_wavtolip.mp4,source-identity cross | identity-speaker cross,6,2,-,id06752,faceswap-wav2lip,id06752,KEEP DROPPED (Maintains Disjointness)
00221_2_id07689_wavtolip.mp4,source-identity cross | identity-speaker cross,6,2,-,id06752,faceswap-wav2lip,id06752,KEEP DROPPED (Maintains Disjointness)
00221_3_id00739_wavtolip.mp4,source-identity cross | identity-speaker cross,6,3,-,id06752,faceswap-wav2lip,id06752,KEEP DROPPED (Maintains Disjointness)
00221_3_id00747_wavtolip.mp4,source-identity cross | identity-speaker cross,6,3,-,id06752,faceswap-wav2lip,id06752,KEEP DROPPED (Maintains Disjointness)
00221_3_id02619_wavtolip.mp4,source-identity cross | identity-speaker cross,6,3,-,id06752,faceswap-wav2lip,id06752,KEEP DROPPED (Maintains Disjointness)
00221_3_id06438_wavtolip.mp4,source-identity cross | identity-speaker cross,6,3,-,id06752,faceswap-wav2lip,id06752,KEEP DROPPED (Maintains Disjointness)
00221_3_id07689_wavtolip.mp4,source-identity cross | identity-speaker cross,6,3,-,id06752,faceswap-wav2lip,id06752,KEEP DROPPED (Maintains Disjointness)
00221_id06254_8VSfI86Fua4_faceswap_id00488_wavtolip.mp4,source-speaker cross | identity-speaker cross,6,id06254,faceswap,id06752,faceswap-wav2lip,id06752,KEEP DROPPED (Maintains Disjointness)
00221_id06254_8VSfI86Fua4_faceswap_id03897_wavtolip.mp4,source-speaker cross | identity-speaker cross,6,id06254,faceswap,id06752,faceswap-wav2lip,id06752,KEEP DROPPED (Maintains Disjointness)
00221_id06254_8VSfI86Fua4_faceswap_id04582_wavtolip.mp4,source-speaker cross | identity-speaker cross,6,id06254,faceswap,id06752,faceswap-wav2lip,id06752,KEEP DROPPED (Maintains Disjointness)
00175_id05434_6p7kCmdOjDQ_faceswap_id00080_wavtolip.mp4,source-speaker cross | identity-speaker cross,6,id05434,faceswap,id07008,faceswap-wav2lip,id07008,KEEP DROPPED (Maintains Disjointness)
00175_id05434_6p7kCmdOjDQ_faceswap_id00235_wavtolip.mp4,source-speaker cross | identity-speaker cross,6,id05434,faceswap,id07008,faceswap-wav2lip,id07008,KEEP DROPPED (Maintains Disjointness)
00175_id05434_6p7kCmdOjDQ_faceswap_id04070_wavtolip.mp4,source-speaker cross | identity-speaker cross,6,id05434,faceswap,id07008,faceswap-wav2lip,id07008,KEEP DROPPED (Maintains Disjointness)
00175_id05434_6p7kCmdOjDQ_faceswap_id04583_wavtolip.mp4,source-speaker cross | identity-speaker cross,6,id05434,faceswap,id07008,faceswap-wav2lip,id07008,KEEP DROPPED (Maintains Disjointness)
00175_id05434_6p7kCmdOjDQ_faceswap_id06232_wavtolip.mp4,source-speaker cross | identity-speaker cross,6,id05434,faceswap,id07008,faceswap-wav2lip,id07008,KEEP DROPPED (Maintains Disjointness)
00043_id07008_hbwmyKv9Hio_faceswap_id00747_wavtolip.mp4,source-speaker cross | identity-speaker cross,6,id07008,faceswap,id07049,faceswap-wav2lip,id07049,KEEP DROPPED (Maintains Disjointness)
00043_id07008_hbwmyKv9Hio_faceswap_id05435_wavtolip.mp4,source-speaker cross | identity-speaker cross,6,id07008,faceswap,id07049,faceswap-wav2lip,id07049,KEEP DROPPED (Maintains Disjointness)
00043_id07008_hbwmyKv9Hio_faceswap_id05920_wavtolip.mp4,source-speaker cross | identity-speaker cross,6,id07008,faceswap,id07049,faceswap-wav2lip,id07049,KEEP DROPPED (Maintains Disjointness)
00043_id07008_hbwmyKv9Hio_faceswap_id06232_wavtolip.mp4,source-speaker cross | identity-speaker cross,6,id07008,faceswap,id07049,faceswap-wav2lip,id07049,KEEP DROPPED (Maintains Disjointness)
00083_id06428_A9nvRKd1afA_faceswap_id00488_wavtolip.mp4,source-speaker cross | identity-speaker cross,6,id06428,faceswap,id07051,faceswap-wav2lip,id07051,KEEP DROPPED (Maintains Disjointness)
00083_id06428_A9nvRKd1afA_faceswap_id03559_wavtolip.mp4,source-speaker cross | identity-speaker cross,6,id06428,faceswap,id07051,faceswap-wav2lip,id07051,KEEP DROPPED (Maintains Disjointness)
00083_id06428_A9nvRKd1afA_faceswap_id04070_wavtolip.mp4,source-speaker cross | identity-speaker cross,6,id06428,faceswap,id07051,faceswap-wav2lip,id07051,KEEP DROPPED (Maintains Disjointness)
00083_id06428_A9nvRKd1afA_faceswap_id05434_wavtolip.mp4,source-speaker cross | identity-speaker cross,6,id06428,faceswap,id07051,faceswap-wav2lip,id07051,KEEP DROPPED (Maintains Disjointness)
00083_id06428_A9nvRKd1afA_faceswap_id06428_wavtolip.mp4,source-speaker cross | identity-speaker cross,6,id06428,faceswap,id07051,faceswap-wav2lip,id07051,KEEP DROPPED (Maintains Disjointness)
00405_0_id00488_wavtolip.mp4,source-identity cross | identity-speaker cross,6,0,-,id07078,faceswap-wav2lip,id07078,KEEP DROPPED (Maintains Disjointness)
00405_0_id06268_wavtolip.mp4,source-identity cross | identity-speaker cross,6,0,-,id07078,faceswap-wav2lip,id07078,KEEP DROPPED (Maintains Disjointness)
00405_0_id07051_wavtolip.mp4,source-identity cross | identity-speaker cross,6,0,-,id07078,faceswap-wav2lip,id07078,KEEP DROPPED (Maintains Disjointness)
00405_0_id07377_wavtolip.mp4,source-identity cross | identity-speaker cross,6,0,-,id07078,faceswap-wav2lip,id07078,KEEP DROPPED (Maintains Disjointness)
00405_1_id01026_wavtolip.mp4,source-identity cross | identity-speaker cross,6,1,-,id07078,faceswap-wav2lip,id07078,KEEP DROPPED (Maintains Disjointness)
00405_1_id02310_wavtolip.mp4,source-identity cross | identity-speaker cross,6,1,-,id07078,faceswap-wav2lip,id07078,KEEP DROPPED (Maintains Disjointness)
00405_1_id04530_wavtolip.mp4,source-identity cross | identity-speaker cross,6,1,-,id07078,faceswap-wav2lip,id07078,KEEP DROPPED (Maintains Disjointness)
00405_1_id06752_wavtolip.mp4,source-identity cross | identity-speaker cross,6,1,-,id07078,faceswap-wav2lip,id07078,KEEP DROPPED (Maintains Disjointness)
00405_1_id07051_wavtolip.mp4,source-identity cross | identity-speaker cross,6,1,-,id07078,faceswap-wav2lip,id07078,KEEP DROPPED (Maintains Disjointness)
00405_3_id04529_wavtolip.mp4,source-identity cross | identity-speaker cross,6,3,-,id07078,faceswap-wav2lip,id07078,KEEP DROPPED (Maintains Disjointness)
00405_3_id05434_wavtolip.mp4,source-identity cross | identity-speaker cross,6,3,-,id07078,faceswap-wav2lip,id07078,KEEP DROPPED (Maintains Disjointness)
00405_3_id06232_wavtolip.mp4,source-identity cross | identity-speaker cross,6,3,-,id07078,faceswap-wav2lip,id07078,KEEP DROPPED (Maintains Disjointness)
00405_3_id06437_wavtolip.mp4,source-identity cross | identity-speaker cross,6,3,-,id07078,faceswap-wav2lip,id07078,KEEP DROPPED (Maintains Disjointness)
00405_id04070_F3CgrqRjcgw_faceswap_id00149_wavtolip.mp4,source-speaker cross | identity-speaker cross,6,id04070,faceswap,id07078,faceswap-wav2lip,id07078,KEEP DROPPED (Maintains Disjointness)
00405_id04070_F3CgrqRjcgw_faceswap_id00417_wavtolip.mp4,source-speaker cross | identity-speaker cross,6,id04070,faceswap,id07078,faceswap-wav2lip,id07078,KEEP DROPPED (Maintains Disjointness)
00405_id04070_F3CgrqRjcgw_faceswap_id01026_wavtolip.mp4,source-speaker cross | identity-speaker cross,6,id04070,faceswap,id07078,faceswap-wav2lip,id07078,KEEP DROPPED (Maintains Disjointness)
00405_id04070_F3CgrqRjcgw_faceswap_id02619_wavtolip.mp4,source-speaker cross | identity-speaker cross,6,id04070,faceswap,id07078,faceswap-wav2lip,id07078,KEEP DROPPED (Maintains Disjointness)
00405_id04070_F3CgrqRjcgw_faceswap_id06268_wavtolip.mp4,source-speaker cross | identity-speaker cross,6,id04070,faceswap,id07078,faceswap-wav2lip,id07078,KEEP DROPPED (Maintains Disjointness)
00052_0_id00488_wavtolip.mp4,source-identity cross | identity-speaker cross,6,0,-,id07136,faceswap-wav2lip,id07136,KEEP DROPPED (Maintains Disjointness)
00052_0_id00739_wavtolip.mp4,source-identity cross | identity-speaker cross,6,0,-,id07136,faceswap-wav2lip,id07136,KEEP DROPPED (Maintains Disjointness)
00052_0_id05478_wavtolip.mp4,source-identity cross | identity-speaker cross,6,0,-,id07136,faceswap-wav2lip,id07136,KEEP DROPPED (Maintains Disjointness)
00052_0_id05845_wavtolip.mp4,source-identity cross | identity-speaker cross,6,0,-,id07136,faceswap-wav2lip,id07136,KEEP DROPPED (Maintains Disjointness)
00052_0_id07008_wavtolip.mp4,source-identity cross | identity-speaker cross,6,0,-,id07136,faceswap-wav2lip,id07136,KEEP DROPPED (Maintains Disjointness)
00052_1_id00043_wavtolip.mp4,source-identity cross | identity-speaker cross,6,1,-,id07136,faceswap-wav2lip,id07136,KEEP DROPPED (Maintains Disjointness)
00052_1_id01026_wavtolip.mp4,source-identity cross | identity-speaker cross,6,1,-,id07136,faceswap-wav2lip,id07136,KEEP DROPPED (Maintains Disjointness)
00052_1_id04927_wavtolip.mp4,source-identity cross | identity-speaker cross,6,1,-,id07136,faceswap-wav2lip,id07136,KEEP DROPPED (Maintains Disjointness)
00052_1_id05845_wavtolip.mp4,source-identity cross | identity-speaker cross,6,1,-,id07136,faceswap-wav2lip,id07136,KEEP DROPPED (Maintains Disjointness)
00052_1_id07049_wavtolip.mp4,source-identity cross | identity-speaker cross,6,1,-,id07136,faceswap-wav2lip,id07136,KEEP DROPPED (Maintains Disjointness)
00052_2_id03559_wavtolip.mp4,source-identity cross | identity-speaker cross,6,2,-,id07136,faceswap-wav2lip,id07136,KEEP DROPPED (Maintains Disjointness)
00052_2_id03985_wavtolip.mp4,source-identity cross | identity-speaker cross,6,2,-,id07136,faceswap-wav2lip,id07136,KEEP DROPPED (Maintains Disjointness)
00052_2_id04490_wavtolip.mp4,source-identity cross | identity-speaker cross,6,2,-,id07136,faceswap-wav2lip,id07136,KEEP DROPPED (Maintains Disjointness)
00052_2_id06438_wavtolip.mp4,source-identity cross | identity-speaker cross,6,2,-,id07136,faceswap-wav2lip,id07136,KEEP DROPPED (Maintains Disjointness)
00052_2_id06445_wavtolip.mp4,source-identity cross | identity-speaker cross,6,2,-,id07136,faceswap-wav2lip,id07136,KEEP DROPPED (Maintains Disjointness)
00052_id04583_M10zZFjuAb0_faceswap_id03559_wavtolip.mp4,source-speaker cross | identity-speaker cross,6,id04583,faceswap,id07136,faceswap-wav2lip,id07136,KEEP DROPPED (Maintains Disjointness)
00052_id04583_M10zZFjuAb0_faceswap_id03815_wavtolip.mp4,source-speaker cross | identity-speaker cross,6,id04583,faceswap,id07136,faceswap-wav2lip,id07136,KEEP DROPPED (Maintains Disjointness)
00052_id04583_M10zZFjuAb0_faceswap_id04070_wavtolip.mp4,source-speaker cross | identity-speaker cross,6,id04583,faceswap,id07136,faceswap-wav2lip,id07136,KEEP DROPPED (Maintains Disjointness)
00052_id04583_M10zZFjuAb0_faceswap_id04490_wavtolip.mp4,source-speaker cross | identity-speaker cross,6,id04583,faceswap,id07136,faceswap-wav2lip,id07136,KEEP DROPPED (Maintains Disjointness)
00052_id04583_M10zZFjuAb0_faceswap_id06437_wavtolip.mp4,source-speaker cross | identity-speaker cross,6,id04583,faceswap,id07136,faceswap-wav2lip,id07136,KEEP DROPPED (Maintains Disjointness)
00025_id01026_rM4ZERt7oM0_faceswap_id02310_wavtolip.mp4,source-speaker cross | identity-speaker cross,6,id01026,faceswap,id07377,faceswap-wav2lip,id07377,KEEP DROPPED (Maintains Disjointness)
00025_id01026_rM4ZERt7oM0_faceswap_id04564_wavtolip.mp4,source-speaker cross | identity-speaker cross,6,id01026,faceswap,id07377,faceswap-wav2lip,id07377,KEEP DROPPED (Maintains Disjointness)
00025_id01026_rM4ZERt7oM0_faceswap_id04583_wavtolip.mp4,source-speaker cross | identity-speaker cross,6,id01026,faceswap,id07377,faceswap-wav2lip,id07377,KEEP DROPPED (Maintains Disjointness)
00025_id01026_rM4ZERt7oM0_faceswap_id05435_wavtolip.mp4,source-speaker cross | identity-speaker cross,6,id01026,faceswap,id07377,faceswap-wav2lip,id07377,KEEP DROPPED (Maintains Disjointness)
00254_id03985_01aVtyjfVFM_faceswap_id00043_wavtolip.mp4,source-speaker cross | identity-speaker cross,6,id03985,faceswap,id07686,faceswap-wav2lip,id07686,KEEP DROPPED (Maintains Disjointness)
00254_id03985_01aVtyjfVFM_faceswap_id01026_wavtolip.mp4,source-speaker cross | identity-speaker cross,6,id03985,faceswap,id07686,faceswap-wav2lip,id07686,KEEP DROPPED (Maintains Disjointness)
00254_id03985_01aVtyjfVFM_faceswap_id03897_wavtolip.mp4,source-speaker cross | identity-speaker cross,6,id03985,faceswap,id07686,faceswap-wav2lip,id07686,KEEP DROPPED (Maintains Disjointness)
00254_id03985_01aVtyjfVFM_faceswap_id04070_wavtolip.mp4,source-speaker cross | identity-speaker cross,6,id03985,faceswap,id07686,faceswap-wav2lip,id07686,KEEP DROPPED (Maintains Disjointness)
00254_id03985_01aVtyjfVFM_faceswap_id04490_wavtolip.mp4,source-speaker cross | identity-speaker cross,6,id03985,faceswap,id07686,faceswap-wav2lip,id07686,KEEP DROPPED (Maintains Disjointness)
00028_1_id00235_wavtolip.mp4,source-identity cross | identity-speaker cross,6,1,-,id07689,faceswap-wav2lip,id07689,KEEP DROPPED (Maintains Disjointness)
00028_1_id03897_wavtolip.mp4,source-identity cross | identity-speaker cross,6,1,-,id07689,faceswap-wav2lip,id07689,KEEP DROPPED (Maintains Disjointness)
00028_1_id04582_wavtolip.mp4,source-identity cross | identity-speaker cross,6,1,-,id07689,faceswap-wav2lip,id07689,KEEP DROPPED (Maintains Disjointness)
00028_1_id05435_wavtolip.mp4,source-identity cross | identity-speaker cross,6,1,-,id07689,faceswap-wav2lip,id07689,KEEP DROPPED (Maintains Disjointness)
00028_1_id07136_wavtolip.mp4,source-identity cross | identity-speaker cross,6,1,-,id07689,faceswap-wav2lip,id07689,KEEP DROPPED (Maintains Disjointness)
00028_2_id00043_wavtolip.mp4,source-identity cross | identity-speaker cross,6,2,-,id07689,faceswap-wav2lip,id07689,KEEP DROPPED (Maintains Disjointness)
00028_2_id03559_wavtolip.mp4,source-identity cross | identity-speaker cross,6,2,-,id07689,faceswap-wav2lip,id07689,KEEP DROPPED (Maintains Disjointness)
00028_2_id05435_wavtolip.mp4,source-identity cross | identity-speaker cross,6,2,-,id07689,faceswap-wav2lip,id07689,KEEP DROPPED (Maintains Disjointness)
00028_2_id06439_wavtolip.mp4,source-identity cross | identity-speaker cross,6,2,-,id07689,faceswap-wav2lip,id07689,KEEP DROPPED (Maintains Disjointness)
00028_2_id07686_wavtolip.mp4,source-identity cross | identity-speaker cross,6,2,-,id07689,faceswap-wav2lip,id07689,KEEP DROPPED (Maintains Disjointness)
00028_3_id00235_wavtolip.mp4,source-identity cross | identity-speaker cross,6,3,-,id07689,faceswap-wav2lip,id07689,KEEP DROPPED (Maintains Disjointness)
00028_3_id04564_wavtolip.mp4,source-identity cross | identity-speaker cross,6,3,-,id07689,faceswap-wav2lip,id07689,KEEP DROPPED (Maintains Disjointness)
00028_3_id06438_wavtolip.mp4,source-identity cross | identity-speaker cross,6,3,-,id07689,faceswap-wav2lip,id07689,KEEP DROPPED (Maintains Disjointness)
00028_3_id07686_wavtolip.mp4,source-identity cross | identity-speaker cross,6,3,-,id07689,faceswap-wav2lip,id07689,KEEP DROPPED (Maintains Disjointness)
00028_3_id07689_wavtolip.mp4,source-identity cross | identity-speaker cross,6,3,-,id07689,faceswap-wav2lip,id07689,KEEP DROPPED (Maintains Disjointness)
00028_id03985_01aVtyjfVFM_faceswap_id04529_wavtolip.mp4,source-speaker cross | identity-speaker cross,6,id03985,faceswap,id07689,faceswap-wav2lip,id07689,KEEP DROPPED (Maintains Disjointness)
00028_id03985_01aVtyjfVFM_faceswap_id06254_wavtolip.mp4,source-speaker cross | identity-speaker cross,6,id03985,faceswap,id07689,faceswap-wav2lip,id07689,KEEP DROPPED (Maintains Disjointness)
00028_id03985_01aVtyjfVFM_faceswap_id06343_wavtolip.mp4,source-speaker cross | identity-speaker cross,6,id03985,faceswap,id07689,faceswap-wav2lip,id07689,KEEP DROPPED (Maintains Disjointness)
00028_id03985_01aVtyjfVFM_faceswap_id06437_wavtolip.mp4,source-speaker cross | identity-speaker cross,6,id03985,faceswap,id07689,faceswap-wav2lip,id07689,KEEP DROPPED (Maintains Disjointness)
00028_id03985_01aVtyjfVFM_faceswap_id07236_wavtolip.mp4,source-speaker cross | identity-speaker cross,6,id03985,faceswap,id07689,faceswap-wav2lip,id07689,KEEP DROPPED (Maintains Disjointness)
