sample_id,label,category,prediction,logit,probability
00028.mp4,0,RVRA,1,1.7751012534473445,0.8550909
00004.mp4,0,RVRA,1,1.699527324105716,0.845473
00014.mp4,0,RVRA,1,1.8106300251937668,0.859438
00020.mp4,0,RVRA,1,1.8032761378566204,0.8585473
00025.mp4,0,RVRA,1,1.7751993869948877,0.8551031
00063.mp4,0,RVRA,1,1.7615152699680996,0.85339934
00028.mp4,0,RVRA,1,1.660409675056355,0.840293
00088.mp4,0,RVRA,1,1.7902722622447031,0.85696065
00028.mp4,0,RVRA,1,1.7970905721559536,0.8577944
00005.mp4,0,RVRA,1,1.807863332995739,0.85910344
00015.mp4,0,RVRA,1,1.801753526043142,0.85836226
00092.mp4,0,RVRA,1,1.8098743443146363,0.8593467
00118.mp4,0,RVRA,1,1.716117395931478,0.84762806
00293.mp4,0,RVRA,1,1.8065954406143538,0.8589499
00078.mp4,0,RVRA,1,1.808951017564081,0.85923505
00028.mp4,0,RVRA,1,1.7643728758195893,0.8537565
00311.mp4,0,RVRA,1,1.7909395624644977,0.85704243
00043.mp4,0,RVRA,1,1.801766763248799,0.85836387
00420.mp4,0,RVRA,1,1.8029723657417525,0.8585104
00052.mp4,0,RVRA,1,1.7606174992486976,0.853287
00046.mp4,0,RVRA,1,1.7741193325153888,0.8549692
00202.mp4,0,RVRA,1,1.7835131126705215,0.8561301
00122.mp4,0,RVRA,1,1.7853217055326218,0.85635275
00027.mp4,0,RVRA,1,1.8091037949628908,0.8592535
00015.mp4,0,RVRA,1,1.7558258505712194,0.8526861
00239.mp4,0,RVRA,1,1.8081962476203437,0.85914373
00010.mp4,0,RVRA,1,1.7899017852519346,0.85691524
00130.mp4,0,RVRA,1,1.7724580698349248,0.8547631
00001.mp4,0,RVRA,1,1.805509593517008,0.8588183
00088.mp4,0,RVRA,1,1.7899761645035153,0.85692436
00078.mp4,0,RVRA,1,1.8117717238542834,0.85957587
00037.mp4,0,RVRA,1,1.8017623508329592,0.85836333
00005.mp4,0,RVRA,1,1.7754327221571446,0.855132
00169.mp4,0,RVRA,1,1.7466151564662762,0.85152537
00125.mp4,0,RVRA,1,1.7332349559872526,0.84982574
00065.mp4,0,RVRA,1,1.8144116332721494,0.8598942
00005.mp4,0,RVRA,1,1.7970363352686687,0.8577878
00086.mp4,0,RVRA,1,1.8028928757236267,0.8585007
00043.mp4,0,RVRA,1,1.7631021687929715,0.85359776
00072.mp4,0,RVRA,1,1.7763390066379499,0.8552442
00430.mp4,0,RVRA,1,1.7969249363724102,0.8577742
00002.mp4,0,RVRA,1,1.7734047206787875,0.8548806
00081.mp4,0,RVRA,1,1.6912242031909348,0.8443851
00001.mp4,0,RVRA,1,1.7917867913909225,0.8571462
00092.mp4,0,RVRA,1,1.8122572174140266,0.85963446
00040.mp4,0,RVRA,1,1.7017439777053125,0.8457624
00093.mp4,0,RVRA,1,1.7915531561193063,0.8571176
00028.mp4,0,RVRA,1,1.8041078010301272,0.85864824
00092.mp4,0,RVRA,1,1.807845113634816,0.85910124
00021.mp4,0,RVRA,1,1.8103956807531092,0.8594097
00028_fake.mp4,1,RVFA,1,1.7902066194147221,0.8569526
00004_fake.mp4,1,RVFA,1,1.7464190492200078,0.8515006
00014_fake.mp4,1,RVFA,1,1.8021678611064251,0.8584126
00020_fake.mp4,1,RVFA,1,1.7699104115314408,0.85444653
00025_fake.mp4,1,RVFA,1,1.7418497715666068,0.85092187
00063_fake.mp4,1,RVFA,1,1.8062865175350553,0.85891247
00028_fake.mp4,1,RVFA,1,1.7754461942338597,0.85513365
00088_fake.mp4,1,RVFA,1,1.7555259906945861,0.85264844
00028_fake.mp4,1,RVFA,1,1.807169196118061,0.8590194
00005_fake.mp4,1,RVFA,1,1.8052888884348706,0.85879153
00015_fake.mp4,1,RVFA,1,1.8019471939814518,0.8583858
00092_fake.mp4,1,RVFA,1,1.799144816632926,0.8580448
00118_fake.mp4,1,RVFA,1,1.7868046984829702,0.8565351
00293_fake.mp4,1,RVFA,1,1.7828885153834744,0.8560532
00078_fake.mp4,1,RVFA,1,1.798945665728993,0.85802054
00028_fake.mp4,1,RVFA,1,1.554610052163327,0.8255786
00311_fake.mp4,1,RVFA,1,1.8070619065402043,0.8590064
00043_fake.mp4,1,RVFA,1,1.7892330355195307,0.8568332
00420_fake.mp4,1,RVFA,1,1.781097061255791,0.8558323
00052_fake.mp4,1,RVFA,1,1.7877829065093969,0.85665524
00046_fake.mp4,1,RVFA,1,1.7217994994157622,0.8483605
00202_fake.mp4,1,RVFA,1,1.8009962728287359,0.85827017
00122_fake.mp4,1,RVFA,1,1.8114246233376776,0.85953397
00027_fake.mp4,1,RVFA,1,1.7903860504379028,0.8569746
00015_fake.mp4,1,RVFA,1,1.7668273370960519,0.8540627
00239_fake.mp4,1,RVFA,1,1.7778520641288258,0.85543144
00010_fake.mp4,1,RVFA,1,1.7683737773535504,0.8542553
00130_fake.mp4,1,RVFA,1,1.7464190492200078,0.8515006
00001_fake.mp4,1,RVFA,1,1.7884412520082225,0.85673606
00088_fake.mp4,1,RVFA,1,1.782191191241336,0.8559672
00078_fake.mp4,1,RVFA,1,1.7445305440674965,0.8512616
00037_fake.mp4,1,RVFA,1,1.7630406426945846,0.8535901
00005_fake.mp4,1,RVFA,1,1.7782810838581515,0.8554845
00169_fake.mp4,1,RVFA,1,1.7549952233993271,0.85258174
00125_fake.mp4,1,RVFA,1,1.7791925824951726,0.85559714
00065_fake.mp4,1,RVFA,1,1.766579164868577,0.85403174
00005_fake.mp4,1,RVFA,1,1.8045100640944025,0.85869706
00086_fake.mp4,1,RVFA,1,1.7983904440157346,0.8579529
00043_fake.mp4,1,RVFA,1,1.8067612444667085,0.85897
00072_fake.mp4,1,RVFA,1,1.7426149231746844,0.8510189
00430_fake.mp4,1,RVFA,1,1.8010732047245903,0.8582795
00002_fake.mp4,1,RVFA,1,1.7943564306469868,0.85746056
00081_fake.mp4,1,RVFA,1,1.7840978055708423,0.8562021
00001_fake.mp4,1,RVFA,1,1.7688904323455652,0.85431963
00092_fake.mp4,1,RVFA,1,1.7443126016644372,0.851234
00040_fake.mp4,1,RVFA,1,1.771667040335358,0.85466486
00093_fake.mp4,1,RVFA,1,1.8085716107594196,0.85918915
00028_fake.mp4,1,RVFA,1,1.7792113974201564,0.85559946
00092_fake.mp4,1,RVFA,1,1.7701836171084184,0.8544805
00021_fake.mp4,1,RVFA,1,1.8063460340105832,0.8589197
00028_0.mp4,1,FVRA,1,1.8091037949628908,0.8592535
00028_id00325_4vJtbNe0L98_faceswap.mp4,1,FVRA,1,1.7751012534473445,0.8550909
00004_0.mp4,1,FVRA,1,1.7631021687929715,0.85359776
00004_1.mp4,1,FVRA,1,1.8098743443146363,0.8593467
00004_2.mp4,1,FVRA,1,1.808951017564081,0.85923505
00004_3.mp4,1,FVRA,1,1.8106300251937668,0.859438
00004_id00495_E46aiMUC4A0_faceswap.mp4,1,FVRA,1,1.699527324105716,0.845473
00014_id03371_truKMXt8Dak_faceswap.mp4,1,FVRA,1,1.8106300251937668,0.859438
00020_id00569_gSynmpwioV4_faceswap.mp4,1,FVRA,1,1.8032761378566204,0.8585473
00025_0.mp4,1,FVRA,1,1.808951017564081,0.85923505
00025_id00365_XV-imLNJvfk_faceswap.mp4,1,FVRA,1,1.7751993869948877,0.8551031
00063_id00403_n4LSCxzFr6o_faceswap.mp4,1,FVRA,1,1.7615152699680996,0.85339934
00028_0.mp4,1,FVRA,1,1.8065954406143538,0.8589499
00028_id00287_2NpfYjyMsPM_faceswap.mp4,1,FVRA,1,1.660409675056355,0.840293
00088_0.mp4,1,FVRA,1,1.8117717238542834,0.85957587
00088_id00633_UXrTMta1EDM_faceswap.mp4,1,FVRA,1,1.7902722622447031,0.85696065
00028_0.mp4,1,FVRA,1,1.8117717238542834,0.85957587
00028_id00495_E46aiMUC4A0_faceswap.mp4,1,FVRA,1,1.7970905721559536,0.8577944
00005_id00262_3p7sRWAAh1Q_faceswap.mp4,1,FVRA,1,1.807863332995739,0.85910344
00015_id00042_4yuJSkaZwn0_faceswap.mp4,1,FVRA,1,1.801753526043142,0.85836226
00092_0.mp4,1,FVRA,1,1.699527324105716,0.845473
00092_id00484_u7YTz8eFZv0_faceswap.mp4,1,FVRA,1,1.8098743443146363,0.8593467
00118_id00365_XV-imLNJvfk_faceswap.mp4,1,FVRA,1,1.716117395931478,0.84762806
00293_0.mp4,1,FVRA,1,1.7724580698349248,0.8547631
00078_0.mp4,1,FVRA,1,1.699527324105716,0.845473
00078_id00330_zCFFgGSIZ_s_faceswap.mp4,1,FVRA,1,1.808951017564081,0.85923505
00028_0.mp4,1,FVRA,1,1.7763390066379499,0.8552442
00311_0.mp4,1,FVRA,1,1.8029723657417525,0.8585104
00311_id00330_zCFFgGSIZ_s_faceswap.mp4,1,FVRA,1,1.7909395624644977,0.85704243
00043_id00633_UXrTMta1EDM_faceswap.mp4,1,FVRA,1,1.801766763248799,0.85836387
00420_0.mp4,1,FVRA,1,1.8041078010301272,0.85864824
00420_id00823_KgExwCvgrUk_faceswap.mp4,1,FVRA,1,1.8029723657417525,0.8585104
00052_id00234_M3g5KRLJB60_faceswap.mp4,1,FVRA,1,1.7606174992486976,0.853287
00046_0.mp4,1,FVRA,1,1.7909395624644977,0.85704243
00046_id00330_zCFFgGSIZ_s_faceswap.mp4,1,FVRA,1,1.7741193325153888,0.8549692
00202_0.mp4,1,FVRA,1,1.8029723657417525,0.8585104
00202_id03844_AEAEN1Lns2c_faceswap.mp4,1,FVRA,1,1.7835131126705215,0.8561301
00122_id00633_UXrTMta1EDM_faceswap.mp4,1,FVRA,1,1.7853217055326218,0.85635275
00027_0.mp4,1,FVRA,1,1.807863332995739,0.85910344
00027_id00395_wM5kGJfTtEM_faceswap.mp4,1,FVRA,1,1.8091037949628908,0.8592535
00015_id00262_3p7sRWAAh1Q_faceswap.mp4,1,FVRA,1,1.7558258505712194,0.8526861
00239_0.mp4,1,FVRA,1,1.7909395624644977,0.85704243
00239_1.mp4,1,FVRA,1,1.8065954406143538,0.8589499
00239_2.mp4,1,FVRA,1,1.7643728758195893,0.8537565
00010_id03371_truKMXt8Dak_faceswap.mp4,1,FVRA,1,1.7899017852519346,0.85691524
00130_0.mp4,1,FVRA,1,1.7915531561193063,0.8571176
00130_id00634_z5t9oJizDQg_faceswap.mp4,1,FVRA,1,1.7724580698349248,0.8547631
00001_id00897_0ayFw8JhoyI_faceswap.mp4,1,FVRA,1,1.805509593517008,0.8588183
00088_id01002_eQTviHjyISo_faceswap.mp4,1,FVRA,1,1.7899761645035153,0.85692436
00078_0.mp4,1,FVRA,1,1.699527324105716,0.845473
00078_id03649_389qfFqUddI_faceswap.mp4,1,FVRA,1,1.8117717238542834,0.85957587
00037_id03844_AEAEN1Lns2c_faceswap.mp4,1,FVRA,1,1.8017623508329592,0.85836333
00005_id00379_fgkgYHCuk4g_faceswap.mp4,1,FVRA,1,1.7754327221571446,0.855132
00169_id00897_0ayFw8JhoyI_faceswap.mp4,1,FVRA,1,1.7466151564662762,0.85152537
00125_id00395_wM5kGJfTtEM_faceswap.mp4,1,FVRA,1,1.7332349559872526,0.84982574
00065_0.mp4,1,FVRA,1,1.7915531561193063,0.8571176
00065_id00581_7AxvP19LGKg_faceswap.mp4,1,FVRA,1,1.8144116332721494,0.8598942
00005_id00591_1Jo8xElXQMs_faceswap.mp4,1,FVRA,1,1.7970363352686687,0.8577878
00086_id00633_UXrTMta1EDM_faceswap.mp4,1,FVRA,1,1.8028928757236267,0.8585007
00043_0.mp4,1,FVRA,1,1.7899017852519346,0.85691524
00043_id00633_UXrTMta1EDM_faceswap.mp4,1,FVRA,1,1.7631021687929715,0.85359776
00072_id00569_gSynmpwioV4_faceswap.mp4,1,FVRA,1,1.7763390066379499,0.8552442
00430_id00581_7AxvP19LGKg_faceswap.mp4,1,FVRA,1,1.7969249363724102,0.8577742
00002_0.mp4,1,FVRA,1,1.807845113634816,0.85910124
00002_id00495_E46aiMUC4A0_faceswap.mp4,1,FVRA,1,1.7734047206787875,0.8548806
00081_id00496_SImaDcXQnh8_faceswap.mp4,1,FVRA,1,1.6912242031909348,0.8443851
00001_0.mp4,1,FVRA,1,1.660409675056355,0.840293
00001_id00634_z5t9oJizDQg_faceswap.mp4,1,FVRA,1,1.7917867913909225,0.8571462
00092_id03716_s-lxbGafZQA_faceswap.mp4,1,FVRA,1,1.8122572174140266,0.85963446
00040_0.mp4,1,FVRA,1,1.801753526043142,0.85836226
00040_id03651_EjcoRkL6loI_faceswap.mp4,1,FVRA,1,1.7017439777053125,0.8457624
00093_id03941_SsYtP8Ze88Q_faceswap.mp4,1,FVRA,1,1.7915531561193063,0.8571176
00028_0.mp4,1,FVRA,1,1.716117395931478,0.84762806
00028_id00484_u7YTz8eFZv0_faceswap.mp4,1,FVRA,1,1.8041078010301272,0.85864824
00092_0.mp4,1,FVRA,1,1.7915531561193063,0.8571176
00092_id00395_wM5kGJfTtEM_faceswap.mp4,1,FVRA,1,1.807845113634816,0.85910124
00021_0.mp4,1,FVRA,1,1.6912242031909348,0.8443851
00021_id03816_XXD0yTNei50_faceswap.mp4,1,FVRA,1,1.8103956807531092,0.8594097
00028_id00325_4vJtbNe0L98_faceswap_id00325_wavtolip.mp4,1,FVFA,1,1.8125254722188409,0.8596668
00028_id00325_4vJtbNe0L98_faceswap_id00495_wavtolip.mp4,1,FVFA,1,1.8154499905158847,0.86001927
00028_id00325_4vJtbNe0L98_faceswap_id00735_wavtolip.mp4,1,FVFA,1,1.813467985553183,0.8597805
00028_id00325_4vJtbNe0L98_faceswap_id03858_wavtolip.mp4,1,FVFA,1,1.8105219751679724,0.85942495
00004_1_id00262_wavtolip.mp4,1,FVFA,1,1.807335068291512,0.8590395
00004_1_id00373_wavtolip.mp4,1,FVFA,1,1.7951076525527172,0.85755235
00004_1_id00569_wavtolip.mp4,1,FVFA,1,1.8122251093497919,0.8596306
00004_1_id00581_wavtolip.mp4,1,FVFA,1,1.8126312074868722,0.8596796
00004_1_id00633_wavtolip.mp4,1,FVFA,1,1.8083474644276798,0.85916203
00004_2_id00068_wavtolip.mp4,1,FVFA,1,1.7586553412905797,0.8530412
00004_2_id00332_wavtolip.mp4,1,FVFA,1,1.8139985848890214,0.85984445
00004_2_id00581_wavtolip.mp4,1,FVFA,1,1.8130067809287926,0.8597249
00004_2_id03716_wavtolip.mp4,1,FVFA,1,1.8110761287614612,0.8594919
00004_3_id00332_wavtolip.mp4,1,FVFA,1,1.8145180069304438,0.85990703
00004_3_id00434_wavtolip.mp4,1,FVFA,1,1.811827524766072,0.8595826
00004_3_id00495_wavtolip.mp4,1,FVFA,1,1.8154499905158847,0.86001927
00004_3_id03371_wavtolip.mp4,1,FVFA,1,1.8117712300509003,0.8595758
00004_3_id03716_wavtolip.mp4,1,FVFA,1,1.8120887818275377,0.85961413
00004_id00495_E46aiMUC4A0_faceswap_id00071_wavtolip.mp4,1,FVFA,1,1.8140930557840913,0.85985583
00004_id00495_E46aiMUC4A0_faceswap_id00434_wavtolip.mp4,1,FVFA,1,1.8035883216008264,0.8585852
00004_id00495_E46aiMUC4A0_faceswap_id00591_wavtolip.mp4,1,FVFA,1,1.8129731728553493,0.8597208
00004_id00495_E46aiMUC4A0_faceswap_id00813_wavtolip.mp4,1,FVFA,1,1.8011153475609416,0.85828465
00014_id03371_truKMXt8Dak_faceswap_id00271_wavtolip.mp4,1,FVFA,1,1.8075885906459859,0.8590702
00014_id03371_truKMXt8Dak_faceswap_id00806_wavtolip.mp4,1,FVFA,1,1.8133171997858435,0.8597623
00014_id03371_truKMXt8Dak_faceswap_id01018_wavtolip.mp4,1,FVFA,1,1.8162171312157676,0.8601116
00014_id03371_truKMXt8Dak_faceswap_id03716_wavtolip.mp4,1,FVFA,1,1.8120887818275377,0.85961413
00020_id00569_gSynmpwioV4_faceswap_id00270_wavtolip.mp4,1,FVFA,1,1.8143606757538444,0.8598881
00020_id00569_gSynmpwioV4_faceswap_id00328_wavtolip.mp4,1,FVFA,1,1.8097614220472655,0.85933304
00020_id00569_gSynmpwioV4_faceswap_id00395_wavtolip.mp4,1,FVFA,1,1.8134566142528372,0.8597791
00020_id00569_gSynmpwioV4_faceswap_id00491_wavtolip.mp4,1,FVFA,1,1.8086731042658772,0.85920143
00020_id00569_gSynmpwioV4_faceswap_id00581_wavtolip.mp4,1,FVFA,1,1.8131397384797698,0.8597409
00025_id00365_XV-imLNJvfk_faceswap_id00395_wavtolip.mp4,1,FVFA,1,1.8134566142528372,0.8597791
00025_id00365_XV-imLNJvfk_faceswap_id00491_wavtolip.mp4,1,FVFA,1,1.8086731042658772,0.85920143
00025_id00365_XV-imLNJvfk_faceswap_id00581_wavtolip.mp4,1,FVFA,1,1.8056275793908156,0.8588326
00025_id00365_XV-imLNJvfk_faceswap_id00735_wavtolip.mp4,1,FVFA,1,1.8142167184948514,0.85987073
00063_id00403_n4LSCxzFr6o_faceswap_id00071_wavtolip.mp4,1,FVFA,1,1.8140930557840913,0.85985583
00063_id00403_n4LSCxzFr6o_faceswap_id00234_wavtolip.mp4,1,FVFA,1,1.8047758473326705,0.8587293
00063_id00403_n4LSCxzFr6o_faceswap_id00495_wavtolip.mp4,1,FVFA,1,1.8154499905158847,0.86001927
00063_id00403_n4LSCxzFr6o_faceswap_id00581_wavtolip.mp4,1,FVFA,1,1.8035043785356628,0.858575
00063_id00403_n4LSCxzFr6o_faceswap_id03941_wavtolip.mp4,1,FVFA,1,1.809692884179444,0.85932475
00028_id00287_2NpfYjyMsPM_faceswap_id00379_wavtolip.mp4,1,FVFA,1,1.8125798211184767,0.8596734
00028_id00287_2NpfYjyMsPM_faceswap_id01002_wavtolip.mp4,1,FVFA,1,1.8082326957718478,0.85914814
00028_id00287_2NpfYjyMsPM_faceswap_id03620_wavtolip.mp4,1,FVFA,1,1.7833166563072143,0.8561059
00028_id00287_2NpfYjyMsPM_faceswap_id03858_wavtolip.mp4,1,FVFA,1,1.8110899484132847,0.85949355
00028_id00287_2NpfYjyMsPM_faceswap_id03941_wavtolip.mp4,1,FVFA,1,1.809692884179444,0.85932475
00088_id00633_UXrTMta1EDM_faceswap_id00042_wavtolip.mp4,1,FVFA,1,1.8057721257026083,0.8588501
00088_id00633_UXrTMta1EDM_faceswap_id00434_wavtolip.mp4,1,FVFA,1,1.8045680309785246,0.8587041
00088_id00633_UXrTMta1EDM_faceswap_id03649_wavtolip.mp4,1,FVFA,1,1.8125981025895541,0.8596756
00028_id00495_E46aiMUC4A0_faceswap_id00328_wavtolip.mp4,1,FVFA,1,1.8140747546378697,0.8598536
00028_id00495_E46aiMUC4A0_faceswap_id00484_wavtolip.mp4,1,FVFA,1,1.8151480048875819,0.8599829
00028_id00495_E46aiMUC4A0_faceswap_id00826_wavtolip.mp4,1,FVFA,1,1.8111141331343932,0.8594965
00028_id00495_E46aiMUC4A0_faceswap_id03620_wavtolip.mp4,1,FVFA,1,1.813228713461051,0.85975164
00028_id00495_E46aiMUC4A0_faceswap_id03716_wavtolip.mp4,1,FVFA,1,1.8130848734137262,0.8597343
00005_id00262_3p7sRWAAh1Q_faceswap_id00271_wavtolip.mp4,1,FVFA,1,1.8075885906459859,0.8590702
00005_id00262_3p7sRWAAh1Q_faceswap_id00897_wavtolip.mp4,1,FVFA,1,1.8156232906093486,0.8600401
00005_id00262_3p7sRWAAh1Q_faceswap_id03589_wavtolip.mp4,1,FVFA,1,1.8085898396304319,0.85919136
00005_id00262_3p7sRWAAh1Q_faceswap_id03941_wavtolip.mp4,1,FVFA,1,1.8099695217269318,0.8593582
00015_id00042_4yuJSkaZwn0_faceswap_id00188_wavtolip.mp4,1,FVFA,1,1.8127478220615771,0.85969365
00015_id00042_4yuJSkaZwn0_faceswap_id00232_wavtolip.mp4,1,FVFA,1,1.8081341894497953,0.8591362
00015_id00042_4yuJSkaZwn0_faceswap_id00484_wavtolip.mp4,1,FVFA,1,1.811988520477724,0.85960203
00015_id00042_4yuJSkaZwn0_faceswap_id00591_wavtolip.mp4,1,FVFA,1,1.8129731728553493,0.8597208
00092_id00484_u7YTz8eFZv0_faceswap_id00287_wavtolip.mp4,1,FVFA,1,1.8124681611354514,0.8596599
00092_id00484_u7YTz8eFZv0_faceswap_id00484_wavtolip.mp4,1,FVFA,1,1.811988520477724,0.85960203
00092_id00484_u7YTz8eFZv0_faceswap_id01002_wavtolip.mp4,1,FVFA,1,1.8082326957718478,0.85914814
00092_id00484_u7YTz8eFZv0_faceswap_id03589_wavtolip.mp4,1,FVFA,1,1.8047409634638785,0.8587251
00118_id00365_XV-imLNJvfk_faceswap_id00262_wavtolip.mp4,1,FVFA,1,1.8002154335709053,0.85817516
00118_id00365_XV-imLNJvfk_faceswap_id00328_wavtolip.mp4,1,FVFA,1,1.8105757524422617,0.85943145
00118_id00365_XV-imLNJvfk_faceswap_id00569_wavtolip.mp4,1,FVFA,1,1.8122251093497919,0.8596306
00118_id00365_XV-imLNJvfk_faceswap_id00897_wavtolip.mp4,1,FVFA,1,1.812197447612125,0.85962725
00118_id00365_XV-imLNJvfk_faceswap_id03716_wavtolip.mp4,1,FVFA,1,1.8053537691521935,0.8587994
00078_0_id00271_wavtolip.mp4,1,FVFA,1,1.8075885906459859,0.8590702
00078_0_id00569_wavtolip.mp4,1,FVFA,1,1.8122251093497919,0.8596306
00078_0_id00634_wavtolip.mp4,1,FVFA,1,1.8085553527785592,0.8591872
00078_0_id03816_wavtolip.mp4,1,FVFA,1,1.8143527601905607,0.8598871
00078_id00330_zCFFgGSIZ_s_faceswap_id00042_wavtolip.mp4,1,FVFA,1,1.8055907077320732,0.8588281
00078_id00330_zCFFgGSIZ_s_faceswap_id00379_wavtolip.mp4,1,FVFA,1,1.8122982180201939,0.8596394
00078_id00330_zCFFgGSIZ_s_faceswap_id00569_wavtolip.mp4,1,FVFA,1,1.8122251093497919,0.8596306
00078_id00330_zCFFgGSIZ_s_faceswap_id03716_wavtolip.mp4,1,FVFA,1,1.8110761287614612,0.8594919
00311_id00330_zCFFgGSIZ_s_faceswap_id00262_wavtolip.mp4,1,FVFA,1,1.8035902852417864,0.8585854
00311_id00330_zCFFgGSIZ_s_faceswap_id00365_wavtolip.mp4,1,FVFA,1,1.7955068423771423,0.8576011
00311_id00330_zCFFgGSIZ_s_faceswap_id00591_wavtolip.mp4,1,FVFA,1,1.8129731728553493,0.8597208
00311_id00330_zCFFgGSIZ_s_faceswap_id00633_wavtolip.mp4,1,FVFA,1,1.8047375242564896,0.85872465
00311_id00330_zCFFgGSIZ_s_faceswap_id03716_wavtolip.mp4,1,FVFA,1,1.8069939935562882,0.8589982
00043_id00633_UXrTMta1EDM_faceswap_id00071_wavtolip.mp4,1,FVFA,1,1.8140930557840913,0.85985583
00043_id00633_UXrTMta1EDM_faceswap_id00270_wavtolip.mp4,1,FVFA,1,1.8143606757538444,0.8598881
00043_id00633_UXrTMta1EDM_faceswap_id00332_wavtolip.mp4,1,FVFA,1,1.8111644781884464,0.85950255
00043_id00633_UXrTMta1EDM_faceswap_id00395_wavtolip.mp4,1,FVFA,1,1.8134566142528372,0.8597791
00043_id00633_UXrTMta1EDM_faceswap_id01018_wavtolip.mp4,1,FVFA,1,1.8152118619477855,0.8599906
00420_id00823_KgExwCvgrUk_faceswap_id00188_wavtolip.mp4,1,FVFA,1,1.8119648144173452,0.8595992
00420_id00823_KgExwCvgrUk_faceswap_id00271_wavtolip.mp4,1,FVFA,1,1.8075885906459859,0.8590702
00420_id00823_KgExwCvgrUk_faceswap_id00330_wavtolip.mp4,1,FVFA,1,1.8118309815333786,0.859583
00420_id00823_KgExwCvgrUk_faceswap_id00897_wavtolip.mp4,1,FVFA,1,1.815155429976301,0.8599838
00052_id00234_M3g5KRLJB60_faceswap_id00232_wavtolip.mp4,1,FVFA,1,1.8081341894497953,0.8591362
00052_id00234_M3g5KRLJB60_faceswap_id00365_wavtolip.mp4,1,FVFA,1,1.7955068423771423,0.8576011
00052_id00234_M3g5KRLJB60_faceswap_id00806_wavtolip.mp4,1,FVFA,1,1.8066210233038889,0.858953
00052_id00234_M3g5KRLJB60_faceswap_id01018_wavtolip.mp4,1,FVFA,1,1.812133728917582,0.85961956
00046_id00330_zCFFgGSIZ_s_faceswap_id00325_wavtolip.mp4,1,FVFA,1,1.8088041699360153,0.8592173
00046_id00330_zCFFgGSIZ_s_faceswap_id00403_wavtolip.mp4,1,FVFA,1,1.8117806123451614,0.85957694
00046_id00330_zCFFgGSIZ_s_faceswap_id00633_wavtolip.mp4,1,FVFA,1,1.7992926078970939,0.8580628
00046_id00330_zCFFgGSIZ_s_faceswap_id00806_wavtolip.mp4,1,FVFA,1,1.7925999514000588,0.85724574
00046_id00330_zCFFgGSIZ_s_faceswap_id00823_wavtolip.mp4,1,FVFA,1,1.8105693385297177,0.8594307
00202_id03844_AEAEN1Lns2c_faceswap_id00395_wavtolip.mp4,1,FVFA,1,1.8134566142528372,0.8597791
00202_id03844_AEAEN1Lns2c_faceswap_id00484_wavtolip.mp4,1,FVFA,1,1.8106196638685803,0.85943675
00202_id03844_AEAEN1Lns2c_faceswap_id00826_wavtolip.mp4,1,FVFA,1,1.8107509130238368,0.8594526
00202_id03844_AEAEN1Lns2c_faceswap_id01002_wavtolip.mp4,1,FVFA,1,1.8082326957718478,0.85914814
00122_id00633_UXrTMta1EDM_faceswap_id00569_wavtolip.mp4,1,FVFA,1,1.8121347167820334,0.8596197
00122_id00633_UXrTMta1EDM_faceswap_id01002_wavtolip.mp4,1,FVFA,1,1.8082326957718478,0.85914814
00122_id00633_UXrTMta1EDM_faceswap_id03620_wavtolip.mp4,1,FVFA,1,1.8115485425965414,0.8595489
00122_id00633_UXrTMta1EDM_faceswap_id03716_wavtolip.mp4,1,FVFA,1,1.8117346890871806,0.8595714
00122_id00633_UXrTMta1EDM_faceswap_id03941_wavtolip.mp4,1,FVFA,1,1.809692884179444,0.85932475
00027_id00395_wM5kGJfTtEM_faceswap_id00271_wavtolip.mp4,1,FVFA,1,1.8075885906459859,0.8590702
00027_id00395_wM5kGJfTtEM_faceswap_id00330_wavtolip.mp4,1,FVFA,1,1.8124879233111115,0.8596623
00027_id00395_wM5kGJfTtEM_faceswap_id00496_wavtolip.mp4,1,FVFA,1,1.803650668551273,0.85859275
00027_id00395_wM5kGJfTtEM_faceswap_id03649_wavtolip.mp4,1,FVFA,1,1.8124696432888814,0.8596601
00027_id00395_wM5kGJfTtEM_faceswap_id03651_wavtolip.mp4,1,FVFA,1,1.8122932781240613,0.8596388
00015_id00262_3p7sRWAAh1Q_faceswap_id00188_wavtolip.mp4,1,FVFA,1,1.8127478220615771,0.85969365
00015_id00262_3p7sRWAAh1Q_faceswap_id00234_wavtolip.mp4,1,FVFA,1,1.806040608643751,0.85888267
00015_id00262_3p7sRWAAh1Q_faceswap_id00374_wavtolip.mp4,1,FVFA,1,1.8070806077984414,0.85900867
00239_0_id00330_wavtolip.mp4,1,FVFA,1,1.8120690253245875,0.85961175
00239_0_id00491_wavtolip.mp4,1,FVFA,1,1.8095306749061022,0.85930514
00239_0_id03589_wavtolip.mp4,1,FVFA,1,1.8077126611234413,0.8590852
00239_0_id03816_wavtolip.mp4,1,FVFA,1,1.8139120334243477,0.859834
00239_0_id03941_wavtolip.mp4,1,FVFA,1,1.809692884179444,0.85932475
00239_1_id00262_wavtolip.mp4,1,FVFA,1,1.8000876213205514,0.8581596
00239_1_id00735_wavtolip.mp4,1,FVFA,1,1.8142167184948514,0.85987073
00239_1_id01002_wavtolip.mp4,1,FVFA,1,1.8082326957718478,0.85914814
00239_1_id03649_wavtolip.mp4,1,FVFA,1,1.8125981025895541,0.8596756
00239_1_id03716_wavtolip.mp4,1,FVFA,1,1.8051203109949825,0.8587711
00239_2_id00287_wavtolip.mp4,1,FVFA,1,1.8124681611354514,0.8596599
00239_2_id00332_wavtolip.mp4,1,FVFA,1,1.8115929784866278,0.8595543
00239_2_id00633_wavtolip.mp4,1,FVFA,1,1.7992926078970939,0.8580628
00239_2_id00735_wavtolip.mp4,1,FVFA,1,1.8142167184948514,0.85987073
00239_2_id03371_wavtolip.mp4,1,FVFA,1,1.8012731494849117,0.85830384
00010_id03371_truKMXt8Dak_faceswap_id00271_wavtolip.mp4,1,FVFA,1,1.8075885906459859,0.8590702
00010_id03371_truKMXt8Dak_faceswap_id00330_wavtolip.mp4,1,FVFA,1,1.8066057720285686,0.85895115
00010_id03371_truKMXt8Dak_faceswap_id00496_wavtolip.mp4,1,FVFA,1,1.773505138514619,0.854893
00010_id03371_truKMXt8Dak_faceswap_id01018_wavtolip.mp4,1,FVFA,1,1.8076151762462453,0.8590734
00130_id00634_z5t9oJizDQg_faceswap_id00071_wavtolip.mp4,1,FVFA,1,1.8140930557840913,0.85985583
00130_id00634_z5t9oJizDQg_faceswap_id00325_wavtolip.mp4,1,FVFA,1,1.8094503168293883,0.8592954
00130_id00634_z5t9oJizDQg_faceswap_id00395_wavtolip.mp4,1,FVFA,1,1.8134566142528372,0.8597791
00130_id00634_z5t9oJizDQg_faceswap_id00591_wavtolip.mp4,1,FVFA,1,1.8129731728553493,0.8597208
00130_id00634_z5t9oJizDQg_faceswap_id00823_wavtolip.mp4,1,FVFA,1,1.8105693385297177,0.8594307
00001_id00897_0ayFw8JhoyI_faceswap_id00262_wavtolip.mp4,1,FVFA,1,1.8108836550283225,0.85946864
00001_id00897_0ayFw8JhoyI_faceswap_id00633_wavtolip.mp4,1,FVFA,1,1.8106808461444297,0.85944414
00001_id00897_0ayFw8JhoyI_faceswap_id03371_wavtolip.mp4,1,FVFA,1,1.8120038308565276,0.8596039
00088_id01002_eQTviHjyISo_faceswap_id00232_wavtolip.mp4,1,FVFA,1,1.8089968490228854,0.8592406
00088_id01002_eQTviHjyISo_faceswap_id00270_wavtolip.mp4,1,FVFA,1,1.814444286645079,0.85989815
00088_id01002_eQTviHjyISo_faceswap_id00735_wavtolip.mp4,1,FVFA,1,1.8142167184948514,0.85987073
00088_id01002_eQTviHjyISo_faceswap_id03620_wavtolip.mp4,1,FVFA,1,1.7975225879282488,0.8578471
00078_id03649_389qfFqUddI_faceswap_id00188_wavtolip.mp4,1,FVFA,1,1.8127478220615771,0.85969365
00078_id03649_389qfFqUddI_faceswap_id00569_wavtolip.mp4,1,FVFA,1,1.8122251093497919,0.8596306
00078_id03649_389qfFqUddI_faceswap_id00581_wavtolip.mp4,1,FVFA,1,1.8028914037289792,0.85850054
00078_id03649_389qfFqUddI_faceswap_id01002_wavtolip.mp4,1,FVFA,1,1.8082326957718478,0.85914814
00078_id03649_389qfFqUddI_faceswap_id03941_wavtolip.mp4,1,FVFA,1,1.809692884179444,0.85932475
00037_id03844_AEAEN1Lns2c_faceswap_id00234_wavtolip.mp4,1,FVFA,1,1.8102028078938952,0.8593864
00037_id03844_AEAEN1Lns2c_faceswap_id00328_wavtolip.mp4,1,FVFA,1,1.8105757524422617,0.85943145
00037_id03844_AEAEN1Lns2c_faceswap_id00332_wavtolip.mp4,1,FVFA,1,1.8111644781884464,0.85950255
00037_id03844_AEAEN1Lns2c_faceswap_id00373_wavtolip.mp4,1,FVFA,1,1.791054864467114,0.85705656
00037_id03844_AEAEN1Lns2c_faceswap_id00569_wavtolip.mp4,1,FVFA,1,1.8122251093497919,0.8596306
00005_id00379_fgkgYHCuk4g_faceswap_id00188_wavtolip.mp4,1,FVFA,1,1.8127478220615771,0.85969365
00005_id00379_fgkgYHCuk4g_faceswap_id00232_wavtolip.mp4,1,FVFA,1,1.8089968490228854,0.8592406
00005_id00379_fgkgYHCuk4g_faceswap_id00403_wavtolip.mp4,1,FVFA,1,1.8117806123451614,0.85957694
00005_id00379_fgkgYHCuk4g_faceswap_id00569_wavtolip.mp4,1,FVFA,1,1.8122251093497919,0.8596306
00169_id00897_0ayFw8JhoyI_faceswap_id00234_wavtolip.mp4,1,FVFA,1,1.806040608643751,0.85888267
00169_id00897_0ayFw8JhoyI_faceswap_id00271_wavtolip.mp4,1,FVFA,1,1.8075885906459859,0.8590702
00169_id00897_0ayFw8JhoyI_faceswap_id00634_wavtolip.mp4,1,FVFA,1,1.8099695217269318,0.8593582
00169_id00897_0ayFw8JhoyI_faceswap_id03716_wavtolip.mp4,1,FVFA,1,1.798382129596987,0.8579519
00169_id00897_0ayFw8JhoyI_faceswap_id03844_wavtolip.mp4,1,FVFA,1,1.8078283717295631,0.8590992
00125_id00395_wM5kGJfTtEM_faceswap_id00332_wavtolip.mp4,1,FVFA,1,1.8144452761532093,0.85989827
00125_id00395_wM5kGJfTtEM_faceswap_id00379_wavtolip.mp4,1,FVFA,1,1.8122982180201939,0.8596394
00125_id00395_wM5kGJfTtEM_faceswap_id03651_wavtolip.mp4,1,FVFA,1,1.812995907639637,0.85972357
00125_id00395_wM5kGJfTtEM_faceswap_id03858_wavtolip.mp4,1,FVFA,1,1.813663784274468,0.8598041
00125_id00395_wM5kGJfTtEM_faceswap_id03941_wavtolip.mp4,1,FVFA,1,1.809692884179444,0.85932475
00065_id00581_7AxvP19LGKg_faceswap_id00071_wavtolip.mp4,1,FVFA,1,1.8140930557840913,0.85985583
00065_id00581_7AxvP19LGKg_faceswap_id00188_wavtolip.mp4,1,FVFA,1,1.8127478220615771,0.85969365
00065_id00581_7AxvP19LGKg_faceswap_id00806_wavtolip.mp4,1,FVFA,1,1.8102664381833975,0.8593941
00065_id00581_7AxvP19LGKg_faceswap_id00823_wavtolip.mp4,1,FVFA,1,1.8105693385297177,0.8594307
00065_id00581_7AxvP19LGKg_faceswap_id01018_wavtolip.mp4,1,FVFA,1,1.814586783072775,0.8599153
00005_id00591_1Jo8xElXQMs_faceswap_id00188_wavtolip.mp4,1,FVFA,1,1.8127478220615771,0.85969365
00005_id00591_1Jo8xElXQMs_faceswap_id00332_wavtolip.mp4,1,FVFA,1,1.8115929784866278,0.8595543
00005_id00591_1Jo8xElXQMs_faceswap_id00735_wavtolip.mp4,1,FVFA,1,1.8142167184948514,0.85987073
00005_id00591_1Jo8xElXQMs_faceswap_id00897_wavtolip.mp4,1,FVFA,1,1.803183870508462,0.85853606
00005_id00591_1Jo8xElXQMs_faceswap_id03858_wavtolip.mp4,1,FVFA,1,1.8110899484132847,0.85949355
00086_id00633_UXrTMta1EDM_faceswap_id00330_wavtolip.mp4,1,FVFA,1,1.8097273992304879,0.8593289
00086_id00633_UXrTMta1EDM_faceswap_id00395_wavtolip.mp4,1,FVFA,1,1.8134566142528372,0.8597791
00086_id00633_UXrTMta1EDM_faceswap_id00495_wavtolip.mp4,1,FVFA,1,1.8154499905158847,0.86001927
00086_id00633_UXrTMta1EDM_faceswap_id00897_wavtolip.mp4,1,FVFA,1,1.8143413816473495,0.85988575
00086_id00633_UXrTMta1EDM_faceswap_id03651_wavtolip.mp4,1,FVFA,1,1.812995907639637,0.85972357
00043_id00633_UXrTMta1EDM_faceswap_id00042_wavtolip.mp4,1,FVFA,1,1.8055907077320732,0.8588281
00043_id00633_UXrTMta1EDM_faceswap_id00365_wavtolip.mp4,1,FVFA,1,1.7969664656245306,0.85777926
00043_id00633_UXrTMta1EDM_faceswap_id00897_wavtolip.mp4,1,FVFA,1,1.815332158803314,0.8600051
00043_id00633_UXrTMta1EDM_faceswap_id03620_wavtolip.mp4,1,FVFA,1,1.8118601174849995,0.85958654
00072_id00569_gSynmpwioV4_faceswap_id00232_wavtolip.mp4,1,FVFA,1,1.8089968490228854,0.8592406
00072_id00569_gSynmpwioV4_faceswap_id00262_wavtolip.mp4,1,FVFA,1,1.7816981473458786,0.8559064
00072_id00569_gSynmpwioV4_faceswap_id00270_wavtolip.mp4,1,FVFA,1,1.814444286645079,0.85989815
00072_id00569_gSynmpwioV4_faceswap_id00330_wavtolip.mp4,1,FVFA,1,1.8066057720285686,0.85895115
00430_id00581_7AxvP19LGKg_faceswap_id00234_wavtolip.mp4,1,FVFA,1,1.806040608643751,0.85888267
00430_id00581_7AxvP19LGKg_faceswap_id00823_wavtolip.mp4,1,FVFA,1,1.8105693385297177,0.8594307
00430_id00581_7AxvP19LGKg_faceswap_id00897_wavtolip.mp4,1,FVFA,1,1.808260771349961,0.85915154
00430_id00581_7AxvP19LGKg_faceswap_id03371_wavtolip.mp4,1,FVFA,1,1.8003912557483346,0.85819656
00002_id00495_E46aiMUC4A0_faceswap_id00271_wavtolip.mp4,1,FVFA,1,1.8075885906459859,0.8590702
00002_id00495_E46aiMUC4A0_faceswap_id00328_wavtolip.mp4,1,FVFA,1,1.8105757524422617,0.85943145
00002_id00495_E46aiMUC4A0_faceswap_id00434_wavtolip.mp4,1,FVFA,1,1.8023772819689572,0.8584381
00002_id00495_E46aiMUC4A0_faceswap_id01002_wavtolip.mp4,1,FVFA,1,1.8082326957718478,0.85914814
00081_id00496_SImaDcXQnh8_faceswap_id00234_wavtolip.mp4,1,FVFA,1,1.806040608643751,0.85888267
00081_id00496_SImaDcXQnh8_faceswap_id00332_wavtolip.mp4,1,FVFA,1,1.8115929784866278,0.8595543
00081_id00496_SImaDcXQnh8_faceswap_id03589_wavtolip.mp4,1,FVFA,1,1.7950525167055698,0.8575456
00081_id00496_SImaDcXQnh8_faceswap_id03649_wavtolip.mp4,1,FVFA,1,1.8125981025895541,0.8596756
00001_id00634_z5t9oJizDQg_faceswap_id00325_wavtolip.mp4,1,FVFA,1,1.8129791036327914,0.85972154
00001_id00634_z5t9oJizDQg_faceswap_id00495_wavtolip.mp4,1,FVFA,1,1.8154499905158847,0.86001927
00001_id00634_z5t9oJizDQg_faceswap_id03844_wavtolip.mp4,1,FVFA,1,1.8078283717295631,0.8590992
00092_id03716_s-lxbGafZQA_faceswap_id00403_wavtolip.mp4,1,FVFA,1,1.8147362221111973,0.8599333
00092_id03716_s-lxbGafZQA_faceswap_id00434_wavtolip.mp4,1,FVFA,1,1.8125017570012276,0.85966396
00092_id03716_s-lxbGafZQA_faceswap_id00813_wavtolip.mp4,1,FVFA,1,1.8097382469947778,0.85933024
00092_id03716_s-lxbGafZQA_faceswap_id01018_wavtolip.mp4,1,FVFA,1,1.8163380106197098,0.86012614
00092_id03716_s-lxbGafZQA_faceswap_id03858_wavtolip.mp4,1,FVFA,1,1.8138813707701724,0.8598303
00040_id03651_EjcoRkL6loI_faceswap_id00234_wavtolip.mp4,1,FVFA,1,1.806040608643751,0.85888267
00040_id03651_EjcoRkL6loI_faceswap_id00403_wavtolip.mp4,1,FVFA,1,1.8117806123451614,0.85957694
00040_id03651_EjcoRkL6loI_faceswap_id00735_wavtolip.mp4,1,FVFA,1,1.8142167184948514,0.85987073
00040_id03651_EjcoRkL6loI_faceswap_id01002_wavtolip.mp4,1,FVFA,1,1.8082326957718478,0.85914814
00040_id03651_EjcoRkL6loI_faceswap_id03844_wavtolip.mp4,1,FVFA,1,1.8078283717295631,0.8590992
00093_id03941_SsYtP8Ze88Q_faceswap_id00287_wavtolip.mp4,1,FVFA,1,1.8124681611354514,0.8596599
00093_id03941_SsYtP8Ze88Q_faceswap_id00325_wavtolip.mp4,1,FVFA,1,1.8128263941767775,0.8597031
00093_id03941_SsYtP8Ze88Q_faceswap_id00813_wavtolip.mp4,1,FVFA,1,1.8071977424437187,0.85902286
00093_id03941_SsYtP8Ze88Q_faceswap_id00826_wavtolip.mp4,1,FVFA,1,1.8107509130238368,0.8594526
00093_id03941_SsYtP8Ze88Q_faceswap_id03716_wavtolip.mp4,1,FVFA,1,1.8101909700215741,0.85938495
00028_id00484_u7YTz8eFZv0_faceswap_id00374_wavtolip.mp4,1,FVFA,1,1.8110045649040323,0.85948324
00028_id00484_u7YTz8eFZv0_faceswap_id00591_wavtolip.mp4,1,FVFA,1,1.8129731728553493,0.8597208
00028_id00484_u7YTz8eFZv0_faceswap_id00735_wavtolip.mp4,1,FVFA,1,1.813467985553183,0.8597805
00028_id00484_u7YTz8eFZv0_faceswap_id03620_wavtolip.mp4,1,FVFA,1,1.8109354722594906,0.8594749
00092_id00395_wM5kGJfTtEM_faceswap_id00262_wavtolip.mp4,1,FVFA,1,1.798368924445401,0.85795027
00092_id00395_wM5kGJfTtEM_faceswap_id00365_wavtolip.mp4,1,FVFA,1,1.7955068423771423,0.8576011
00092_id00395_wM5kGJfTtEM_faceswap_id00374_wavtolip.mp4,1,FVFA,1,1.8070806077984414,0.85900867
00092_id00395_wM5kGJfTtEM_faceswap_id00496_wavtolip.mp4,1,FVFA,1,1.7911074103008786,0.857063
00092_id00395_wM5kGJfTtEM_faceswap_id01018_wavtolip.mp4,1,FVFA,1,1.8119149342352212,0.85959315
00021_id03816_XXD0yTNei50_faceswap_id00328_wavtolip.mp4,1,FVFA,1,1.8128165106476535,0.85970193
00021_id03816_XXD0yTNei50_faceswap_id00379_wavtolip.mp4,1,FVFA,1,1.8122982180201939,0.8596394
00021_id03816_XXD0yTNei50_faceswap_id00484_wavtolip.mp4,1,FVFA,1,1.811627540716168,0.85955846
00021_id03816_XXD0yTNei50_faceswap_id00591_wavtolip.mp4,1,FVFA,1,1.8129731728553493,0.8597208
00021_id03816_XXD0yTNei50_faceswap_id03649_wavtolip.mp4,1,FVFA,1,1.8124696432888814,0.8596601
00028_id00287_2NpfYjyMsPM.mp4,1,FVRA,1,1.775406740658944,0.85512877
00028_id00325_4vJtbNe0L98.mp4,1,FVRA,1,1.775406740658944,0.85512877
00028_id00330_zCFFgGSIZ_s.mp4,1,FVRA,1,1.775406740658944,0.85512877
00028_id00374_w1qI7y9AGTc.mp4,1,FVRA,1,1.775406740658944,0.85512877
00028_id00569_gSynmpwioV4.mp4,1,FVRA,1,1.775406740658944,0.85512877
00028_id01002_eQTviHjyISo.mp4,1,FVRA,1,1.775406740658944,0.85512877
00028_id03589_9NxOQlwpMys.mp4,1,FVRA,1,1.775406740658944,0.85512877
00028_id03620_YkXM5A8w07E.mp4,1,FVRA,1,1.775406740658944,0.85512877
00028_id03649_389qfFqUddI.mp4,1,FVRA,1,1.775406740658944,0.85512877
00028_id03651_EjcoRkL6loI.mp4,1,FVRA,1,1.775406740658944,0.85512877
00004_id00232_kL0cCveU1zg.mp4,1,FVRA,1,1.7013140786655634,0.8457063
00004_id00365_XV-imLNJvfk.mp4,1,FVRA,1,1.7013140786655634,0.8457063
00004_id00395_wM5kGJfTtEM.mp4,1,FVRA,1,1.7013140786655634,0.8457063
00004_id00484_u7YTz8eFZv0.mp4,1,FVRA,1,1.7013140786655634,0.8457063
00004_id00495_E46aiMUC4A0.mp4,1,FVRA,1,1.7013140786655634,0.8457063
00004_id00581_7AxvP19LGKg.mp4,1,FVRA,1,1.7013140786655634,0.8457063
00004_id00826_MYagwzy91Yk.mp4,1,FVRA,1,1.7013140786655634,0.8457063
00004_id03371_truKMXt8Dak.mp4,1,FVRA,1,1.7013140786655634,0.8457063
00004_id03589_9NxOQlwpMys.mp4,1,FVRA,1,1.7013140786655634,0.8457063
00004_id03844_AEAEN1Lns2c.mp4,1,FVRA,1,1.7013140786655634,0.8457063
00014_id00188_e-vm5FB3idA.mp4,1,FVRA,1,1.8110874806082453,0.85949326
00014_id00232_kL0cCveU1zg.mp4,1,FVRA,1,1.8110874806082453,0.85949326
00014_id00262_3p7sRWAAh1Q.mp4,1,FVRA,1,1.8110874806082453,0.85949326
00014_id00270_hoEQ70-sDME.mp4,1,FVRA,1,1.8110874806082453,0.85949326
00014_id00379_fgkgYHCuk4g.mp4,1,FVRA,1,1.8110874806082453,0.85949326
00014_id00581_7AxvP19LGKg.mp4,1,FVRA,1,1.8110874806082453,0.85949326
00014_id00735_ivJSkq5hGOQ.mp4,1,FVRA,1,1.8110874806082453,0.85949326
00014_id00897_0ayFw8JhoyI.mp4,1,FVRA,1,1.8110874806082453,0.85949326
00014_id03371_truKMXt8Dak.mp4,1,FVRA,1,1.8110874806082453,0.85949326
00014_id03816_XXD0yTNei50.mp4,1,FVRA,1,1.8110874806082453,0.85949326
00020_id00270_hoEQ70-sDME.mp4,1,FVRA,1,1.8037851903659237,0.8586091
00020_id00373_5NXv3Dxkd6E.mp4,1,FVRA,1,1.8037851903659237,0.8586091
00020_id00374_w1qI7y9AGTc.mp4,1,FVRA,1,1.8037851903659237,0.8586091
00020_id00379_fgkgYHCuk4g.mp4,1,FVRA,1,1.8037851903659237,0.8586091
00020_id00491_ShjiTWoOtM4.mp4,1,FVRA,1,1.8037851903659237,0.8586091
00020_id00569_gSynmpwioV4.mp4,1,FVRA,1,1.8037851903659237,0.8586091
00020_id00633_UXrTMta1EDM.mp4,1,FVRA,1,1.8037851903659237,0.8586091
00020_id00897_0ayFw8JhoyI.mp4,1,FVRA,1,1.8037851903659237,0.8586091
00020_id01018_VNPt_GB5QiE.mp4,1,FVRA,1,1.8037851903659237,0.8586091
00020_id03649_389qfFqUddI.mp4,1,FVRA,1,1.8037851903659237,0.8586091
00025_id00068_A7uFnQw--bY.mp4,1,FVRA,1,1.7762513848909656,0.8552334
00025_id00287_2NpfYjyMsPM.mp4,1,FVRA,1,1.7762513848909656,0.8552334
00025_id00332__zNddcZV1EU.mp4,1,FVRA,1,1.7762513848909656,0.8552334
00025_id00365_XV-imLNJvfk.mp4,1,FVRA,1,1.7762513848909656,0.8552334
00025_id00484_u7YTz8eFZv0.mp4,1,FVRA,1,1.7762513848909656,0.8552334
00025_id00495_E46aiMUC4A0.mp4,1,FVRA,1,1.7762513848909656,0.8552334
00025_id00897_0ayFw8JhoyI.mp4,1,FVRA,1,1.7762513848909656,0.8552334
00025_id01018_VNPt_GB5QiE.mp4,1,FVRA,1,1.7762513848909656,0.8552334
00025_id03844_AEAEN1Lns2c.mp4,1,FVRA,1,1.7762513848909656,0.8552334
00025_id03858_uKVqPfRf-ac.mp4,1,FVRA,1,1.7762513848909656,0.8552334
00063_id00188_e-vm5FB3idA.mp4,1,FVRA,1,1.7633893259883853,0.85363364
00063_id00271_je6JSLqEEcw.mp4,1,FVRA,1,1.7633893259883853,0.85363364
00063_id00330_zCFFgGSIZ_s.mp4,1,FVRA,1,1.7633893259883853,0.85363364
00063_id00332__zNddcZV1EU.mp4,1,FVRA,1,1.7633893259883853,0.85363364
00063_id00403_n4LSCxzFr6o.mp4,1,FVRA,1,1.7633893259883853,0.85363364
00063_id00434_HPXkk-HGXVI.mp4,1,FVRA,1,1.7633893259883853,0.85363364
00063_id00491_ShjiTWoOtM4.mp4,1,FVRA,1,1.7633893259883853,0.85363364
00063_id00897_0ayFw8JhoyI.mp4,1,FVRA,1,1.7633893259883853,0.85363364
00063_id01002_eQTviHjyISo.mp4,1,FVRA,1,1.7633893259883853,0.85363364
00063_id03371_truKMXt8Dak.mp4,1,FVRA,1,1.7633893259883853,0.85363364
00028_id00071_JU1cVINUTZA.mp4,1,FVRA,1,1.6618520796282072,0.84048647
00028_id00270_hoEQ70-sDME.mp4,1,FVRA,1,1.6618520796282072,0.84048647
00028_id00287_2NpfYjyMsPM.mp4,1,FVRA,1,1.6618520796282072,0.84048647
00028_id00395_wM5kGJfTtEM.mp4,1,FVRA,1,1.6618520796282072,0.84048647
00028_id00495_E46aiMUC4A0.mp4,1,FVRA,1,1.6618520796282072,0.84048647
00028_id00496_SImaDcXQnh8.mp4,1,FVRA,1,1.6618520796282072,0.84048647
00028_id00633_UXrTMta1EDM.mp4,1,FVRA,1,1.6618520796282072,0.84048647
00028_id00813_dKs9CWJIkSI.mp4,1,FVRA,1,1.6618520796282072,0.84048647
00028_id03816_XXD0yTNei50.mp4,1,FVRA,1,1.6618520796282072,0.84048647
00028_id03941_SsYtP8Ze88Q.mp4,1,FVRA,1,1.6618520796282072,0.84048647
00088_id00188_e-vm5FB3idA.mp4,1,FVRA,1,1.790643323634715,0.85700613
00088_id00262_3p7sRWAAh1Q.mp4,1,FVRA,1,1.790643323634715,0.85700613
00088_id00287_2NpfYjyMsPM.mp4,1,FVRA,1,1.790643323634715,0.85700613
00088_id00332__zNddcZV1EU.mp4,1,FVRA,1,1.790643323634715,0.85700613
00088_id00379_fgkgYHCuk4g.mp4,1,FVRA,1,1.790643323634715,0.85700613
00088_id00395_wM5kGJfTtEM.mp4,1,FVRA,1,1.790643323634715,0.85700613
00088_id00569_gSynmpwioV4.mp4,1,FVRA,1,1.790643323634715,0.85700613
00088_id00591_1Jo8xElXQMs.mp4,1,FVRA,1,1.790643323634715,0.85700613
00088_id00633_UXrTMta1EDM.mp4,1,FVRA,1,1.790643323634715,0.85700613
00088_id03858_uKVqPfRf-ac.mp4,1,FVRA,1,1.790643323634715,0.85700613
00028_id00287_2NpfYjyMsPM.mp4,1,FVRA,1,1.7973901345064522,0.85783094
00028_id00330_zCFFgGSIZ_s.mp4,1,FVRA,1,1.7973901345064522,0.85783094
00028_id00365_XV-imLNJvfk.mp4,1,FVRA,1,1.7973901345064522,0.85783094
00028_id00395_wM5kGJfTtEM.mp4,1,FVRA,1,1.7973901345064522,0.85783094
00028_id00484_u7YTz8eFZv0.mp4,1,FVRA,1,1.7973901345064522,0.85783094
00028_id00495_E46aiMUC4A0.mp4,1,FVRA,1,1.7973901345064522,0.85783094
00028_id00633_UXrTMta1EDM.mp4,1,FVRA,1,1.7973901345064522,0.85783094
00028_id00634_z5t9oJizDQg.mp4,1,FVRA,1,1.7973901345064522,0.85783094
00028_id00826_MYagwzy91Yk.mp4,1,FVRA,1,1.7973901345064522,0.85783094
00028_id03844_AEAEN1Lns2c.mp4,1,FVRA,1,1.7973901345064522,0.85783094
00005_id00262_3p7sRWAAh1Q.mp4,1,FVRA,1,1.8079701918850677,0.8591164
00005_id00270_hoEQ70-sDME.mp4,1,FVRA,1,1.8079701918850677,0.8591164
00005_id00271_je6JSLqEEcw.mp4,1,FVRA,1,1.8079701918850677,0.8591164
00005_id00325_4vJtbNe0L98.mp4,1,FVRA,1,1.8079701918850677,0.8591164
00005_id00379_fgkgYHCuk4g.mp4,1,FVRA,1,1.8079701918850677,0.8591164
00005_id00403_n4LSCxzFr6o.mp4,1,FVRA,1,1.8079701918850677,0.8591164
00005_id00496_SImaDcXQnh8.mp4,1,FVRA,1,1.8079701918850677,0.8591164
00005_id01002_eQTviHjyISo.mp4,1,FVRA,1,1.8079701918850677,0.8591164
00005_id03589_9NxOQlwpMys.mp4,1,FVRA,1,1.8079701918850677,0.8591164
00005_id03620_YkXM5A8w07E.mp4,1,FVRA,1,1.8079701918850677,0.8591164
00015_id00042_4yuJSkaZwn0.mp4,1,FVRA,1,1.802032514464358,0.8583962
00015_id00287_2NpfYjyMsPM.mp4,1,FVRA,1,1.802032514464358,0.8583962
00015_id00365_XV-imLNJvfk.mp4,1,FVRA,1,1.802032514464358,0.8583962
00015_id00591_1Jo8xElXQMs.mp4,1,FVRA,1,1.802032514464358,0.8583962
00015_id00633_UXrTMta1EDM.mp4,1,FVRA,1,1.802032514464358,0.8583962
00015_id00897_0ayFw8JhoyI.mp4,1,FVRA,1,1.802032514464358,0.8583962
00015_id01002_eQTviHjyISo.mp4,1,FVRA,1,1.802032514464358,0.8583962
00015_id03620_YkXM5A8w07E.mp4,1,FVRA,1,1.802032514464358,0.8583962
00015_id03649_389qfFqUddI.mp4,1,FVRA,1,1.802032514464358,0.8583962
00015_id03651_EjcoRkL6loI.mp4,1,FVRA,1,1.802032514464358,0.8583962
00092_id00188_e-vm5FB3idA.mp4,1,FVRA,1,1.8100607600733691,0.8593692
00092_id00232_kL0cCveU1zg.mp4,1,FVRA,1,1.8100607600733691,0.8593692
00092_id00373_5NXv3Dxkd6E.mp4,1,FVRA,1,1.8100607600733691,0.8593692
00092_id00403_n4LSCxzFr6o.mp4,1,FVRA,1,1.8100607600733691,0.8593692
00092_id00484_u7YTz8eFZv0.mp4,1,FVRA,1,1.8100607600733691,0.8593692
00092_id00495_E46aiMUC4A0.mp4,1,FVRA,1,1.8100607600733691,0.8593692
00092_id03371_truKMXt8Dak.mp4,1,FVRA,1,1.8100607600733691,0.8593692
00092_id03620_YkXM5A8w07E.mp4,1,FVRA,1,1.8100607600733691,0.8593692
00092_id03844_AEAEN1Lns2c.mp4,1,FVRA,1,1.8100607600733691,0.8593692
00092_id03858_uKVqPfRf-ac.mp4,1,FVRA,1,1.8100607600733691,0.8593692
00118_id00332__zNddcZV1EU.mp4,1,FVRA,1,1.7176392982001656,0.8478245
00118_id00365_XV-imLNJvfk.mp4,1,FVRA,1,1.7176392982001656,0.8478245
00118_id00374_w1qI7y9AGTc.mp4,1,FVRA,1,1.7176392982001656,0.8478245
00118_id00434_HPXkk-HGXVI.mp4,1,FVRA,1,1.7176392982001656,0.8478245
00118_id00491_ShjiTWoOtM4.mp4,1,FVRA,1,1.7176392982001656,0.8478245
00118_id00581_7AxvP19LGKg.mp4,1,FVRA,1,1.7176392982001656,0.8478245
00118_id00823_KgExwCvgrUk.mp4,1,FVRA,1,1.7176392982001656,0.8478245
00118_id00897_0ayFw8JhoyI.mp4,1,FVRA,1,1.7176392982001656,0.8478245
00118_id03371_truKMXt8Dak.mp4,1,FVRA,1,1.7176392982001656,0.8478245
00118_id03844_AEAEN1Lns2c.mp4,1,FVRA,1,1.7176392982001656,0.8478245
00293_id00234_M3g5KRLJB60.mp4,1,FVRA,1,1.8063155376476279,0.858916
00293_id00270_hoEQ70-sDME.mp4,1,FVRA,1,1.8063155376476279,0.858916
00293_id00330_zCFFgGSIZ_s.mp4,1,FVRA,1,1.8063155376476279,0.858916
00293_id00434_HPXkk-HGXVI.mp4,1,FVRA,1,1.8063155376476279,0.858916
00293_id00591_1Jo8xElXQMs.mp4,1,FVRA,1,1.8063155376476279,0.858916
00293_id00633_UXrTMta1EDM.mp4,1,FVRA,1,1.8063155376476279,0.858916
00293_id00897_0ayFw8JhoyI.mp4,1,FVRA,1,1.8063155376476279,0.858916
00293_id03858_uKVqPfRf-ac.mp4,1,FVRA,1,1.8063155376476279,0.858916
00078_id00068_A7uFnQw--bY.mp4,1,FVRA,1,1.8089382047380034,0.8592335
00078_id00232_kL0cCveU1zg.mp4,1,FVRA,1,1.8089382047380034,0.8592335
00078_id00287_2NpfYjyMsPM.mp4,1,FVRA,1,1.8089382047380034,0.8592335
00078_id00484_u7YTz8eFZv0.mp4,1,FVRA,1,1.8089382047380034,0.8592335
00078_id00495_E46aiMUC4A0.mp4,1,FVRA,1,1.8089382047380034,0.8592335
00078_id00813_dKs9CWJIkSI.mp4,1,FVRA,1,1.8089382047380034,0.8592335
00078_id03858_uKVqPfRf-ac.mp4,1,FVRA,1,1.8089382047380034,0.8592335
00028_id00188_e-vm5FB3idA.mp4,1,FVRA,1,1.7632786538501428,0.8536198
00028_id00328_ytKnCbJSEcU.mp4,1,FVRA,1,1.7632786538501428,0.8536198
00028_id00330_zCFFgGSIZ_s.mp4,1,FVRA,1,1.7632786538501428,0.8536198
00028_id00374_w1qI7y9AGTc.mp4,1,FVRA,1,1.7632786538501428,0.8536198
00028_id00484_u7YTz8eFZv0.mp4,1,FVRA,1,1.7632786538501428,0.8536198
00028_id00495_E46aiMUC4A0.mp4,1,FVRA,1,1.7632786538501428,0.8536198
00028_id00569_gSynmpwioV4.mp4,1,FVRA,1,1.7632786538501428,0.8536198
00028_id00589_uOzKwYEVR6s.mp4,1,FVRA,1,1.7632786538501428,0.8536198
00028_id00823_KgExwCvgrUk.mp4,1,FVRA,1,1.7632786538501428,0.8536198
00028_id00897_0ayFw8JhoyI.mp4,1,FVRA,1,1.7632786538501428,0.8536198
00311_id00188_e-vm5FB3idA.mp4,1,FVRA,1,1.791143415066102,0.8570674
00311_id00262_3p7sRWAAh1Q.mp4,1,FVRA,1,1.791143415066102,0.8570674
00311_id00330_zCFFgGSIZ_s.mp4,1,FVRA,1,1.791143415066102,0.8570674
00311_id00373_5NXv3Dxkd6E.mp4,1,FVRA,1,1.791143415066102,0.8570674
00311_id00434_HPXkk-HGXVI.mp4,1,FVRA,1,1.791143415066102,0.8570674
00311_id00633_UXrTMta1EDM.mp4,1,FVRA,1,1.791143415066102,0.8570674
00311_id00826_MYagwzy91Yk.mp4,1,FVRA,1,1.791143415066102,0.8570674
00311_id00897_0ayFw8JhoyI.mp4,1,FVRA,1,1.791143415066102,0.8570674
00311_id03620_YkXM5A8w07E.mp4,1,FVRA,1,1.791143415066102,0.8570674
00043_id00188_e-vm5FB3idA.mp4,1,FVRA,1,1.802386110705313,0.85843915
00043_id00262_3p7sRWAAh1Q.mp4,1,FVRA,1,1.802386110705313,0.85843915
00043_id00270_hoEQ70-sDME.mp4,1,FVRA,1,1.802386110705313,0.85843915
00043_id00287_2NpfYjyMsPM.mp4,1,FVRA,1,1.802386110705313,0.85843915
00043_id00496_SImaDcXQnh8.mp4,1,FVRA,1,1.802386110705313,0.85843915
00043_id00633_UXrTMta1EDM.mp4,1,FVRA,1,1.802386110705313,0.85843915
00043_id00806_0sk9s9lFIAk.mp4,1,FVRA,1,1.802386110705313,0.85843915
00043_id00897_0ayFw8JhoyI.mp4,1,FVRA,1,1.802386110705313,0.85843915
00043_id03716_s-lxbGafZQA.mp4,1,FVRA,1,1.802386110705313,0.85843915
00420_id00068_A7uFnQw--bY.mp4,1,FVRA,1,1.8033630121631654,0.8585578
00420_id00262_3p7sRWAAh1Q.mp4,1,FVRA,1,1.8033630121631654,0.8585578
00420_id00495_E46aiMUC4A0.mp4,1,FVRA,1,1.8033630121631654,0.8585578
00420_id00581_7AxvP19LGKg.mp4,1,FVRA,1,1.8033630121631654,0.8585578
00420_id00634_z5t9oJizDQg.mp4,1,FVRA,1,1.8033630121631654,0.8585578
00420_id00813_dKs9CWJIkSI.mp4,1,FVRA,1,1.8033630121631654,0.8585578
00420_id00823_KgExwCvgrUk.mp4,1,FVRA,1,1.8033630121631654,0.8585578
00420_id03716_s-lxbGafZQA.mp4,1,FVRA,1,1.8033630121631654,0.8585578
00420_id03816_XXD0yTNei50.mp4,1,FVRA,1,1.8033630121631654,0.8585578
00420_id03858_uKVqPfRf-ac.mp4,1,FVRA,1,1.8033630121631654,0.8585578
00052_id00071_JU1cVINUTZA.mp4,1,FVRA,1,1.7615033594666865,0.85339785
00052_id00188_e-vm5FB3idA.mp4,1,FVRA,1,1.7615033594666865,0.85339785
00052_id00234_M3g5KRLJB60.mp4,1,FVRA,1,1.7615033594666865,0.85339785
00052_id00271_je6JSLqEEcw.mp4,1,FVRA,1,1.7615033594666865,0.85339785
00052_id00287_2NpfYjyMsPM.mp4,1,FVRA,1,1.7615033594666865,0.85339785
00052_id00373_5NXv3Dxkd6E.mp4,1,FVRA,1,1.7615033594666865,0.85339785
00052_id00374_w1qI7y9AGTc.mp4,1,FVRA,1,1.7615033594666865,0.85339785
00052_id00484_u7YTz8eFZv0.mp4,1,FVRA,1,1.7615033594666865,0.85339785
00052_id00897_0ayFw8JhoyI.mp4,1,FVRA,1,1.7615033594666865,0.85339785
00052_id03649_389qfFqUddI.mp4,1,FVRA,1,1.7615033594666865,0.85339785
00046_id00068_A7uFnQw--bY.mp4,1,FVRA,1,1.77514791413425,0.8550967
00046_id00234_M3g5KRLJB60.mp4,1,FVRA,1,1.77514791413425,0.8550967
00046_id00330_zCFFgGSIZ_s.mp4,1,FVRA,1,1.77514791413425,0.8550967
00046_id00332__zNddcZV1EU.mp4,1,FVRA,1,1.77514791413425,0.8550967
00046_id00374_w1qI7y9AGTc.mp4,1,FVRA,1,1.77514791413425,0.8550967
00046_id00569_gSynmpwioV4.mp4,1,FVRA,1,1.77514791413425,0.8550967
00046_id00591_1Jo8xElXQMs.mp4,1,FVRA,1,1.77514791413425,0.8550967
00046_id00633_UXrTMta1EDM.mp4,1,FVRA,1,1.77514791413425,0.8550967
00046_id00897_0ayFw8JhoyI.mp4,1,FVRA,1,1.77514791413425,0.8550967
00046_id03371_truKMXt8Dak.mp4,1,FVRA,1,1.77514791413425,0.8550967
00202_id00068_A7uFnQw--bY.mp4,1,FVRA,1,1.784409612266462,0.8562405
00202_id00271_je6JSLqEEcw.mp4,1,FVRA,1,1.784409612266462,0.8562405
00202_id00328_ytKnCbJSEcU.mp4,1,FVRA,1,1.784409612266462,0.8562405
00202_id00373_5NXv3Dxkd6E.mp4,1,FVRA,1,1.784409612266462,0.8562405
00202_id00495_E46aiMUC4A0.mp4,1,FVRA,1,1.784409612266462,0.8562405
00202_id00569_gSynmpwioV4.mp4,1,FVRA,1,1.784409612266462,0.8562405
00202_id00581_7AxvP19LGKg.mp4,1,FVRA,1,1.784409612266462,0.8562405
00202_id00826_MYagwzy91Yk.mp4,1,FVRA,1,1.784409612266462,0.8562405
00202_id03844_AEAEN1Lns2c.mp4,1,FVRA,1,1.784409612266462,0.8562405
00202_id03858_uKVqPfRf-ac.mp4,1,FVRA,1,1.784409612266462,0.8562405
00122_id00188_e-vm5FB3idA.mp4,1,FVRA,1,1.7858354124922204,0.8564159
00122_id00234_M3g5KRLJB60.mp4,1,FVRA,1,1.7858354124922204,0.8564159
00122_id00330_zCFFgGSIZ_s.mp4,1,FVRA,1,1.7858354124922204,0.8564159
00122_id00569_gSynmpwioV4.mp4,1,FVRA,1,1.7858354124922204,0.8564159
00122_id00591_1Jo8xElXQMs.mp4,1,FVRA,1,1.7858354124922204,0.8564159
00122_id00633_UXrTMta1EDM.mp4,1,FVRA,1,1.7858354124922204,0.8564159
00122_id01002_eQTviHjyISo.mp4,1,FVRA,1,1.7858354124922204,0.8564159
00122_id01018_VNPt_GB5QiE.mp4,1,FVRA,1,1.7858354124922204,0.8564159
00122_id03371_truKMXt8Dak.mp4,1,FVRA,1,1.7858354124922204,0.8564159
00122_id03858_uKVqPfRf-ac.mp4,1,FVRA,1,1.7858354124922204,0.8564159
00027_id00068_A7uFnQw--bY.mp4,1,FVRA,1,1.8093053882263062,0.8592779
00027_id00262_3p7sRWAAh1Q.mp4,1,FVRA,1,1.8093053882263062,0.8592779
00027_id00271_je6JSLqEEcw.mp4,1,FVRA,1,1.8093053882263062,0.8592779
00027_id00395_wM5kGJfTtEM.mp4,1,FVRA,1,1.8093053882263062,0.8592779
00027_id00484_u7YTz8eFZv0.mp4,1,FVRA,1,1.8093053882263062,0.8592779
00027_id00581_7AxvP19LGKg.mp4,1,FVRA,1,1.8093053882263062,0.8592779
00027_id00634_z5t9oJizDQg.mp4,1,FVRA,1,1.8093053882263062,0.8592779
00027_id03589_9NxOQlwpMys.mp4,1,FVRA,1,1.8093053882263062,0.8592779
00027_id03858_uKVqPfRf-ac.mp4,1,FVRA,1,1.8093053882263062,0.8592779
00027_id03941_SsYtP8Ze88Q.mp4,1,FVRA,1,1.8093053882263062,0.8592779
00015_id00262_3p7sRWAAh1Q.mp4,1,FVRA,1,1.7564827273598904,0.8527686
00015_id00287_2NpfYjyMsPM.mp4,1,FVRA,1,1.7564827273598904,0.8527686
00015_id00373_5NXv3Dxkd6E.mp4,1,FVRA,1,1.7564827273598904,0.8527686
00015_id00569_gSynmpwioV4.mp4,1,FVRA,1,1.7564827273598904,0.8527686
00015_id00813_dKs9CWJIkSI.mp4,1,FVRA,1,1.7564827273598904,0.8527686
00015_id00897_0ayFw8JhoyI.mp4,1,FVRA,1,1.7564827273598904,0.8527686
00015_id03589_9NxOQlwpMys.mp4,1,FVRA,1,1.7564827273598904,0.8527686
00015_id03620_YkXM5A8w07E.mp4,1,FVRA,1,1.7564827273598904,0.8527686
00015_id03858_uKVqPfRf-ac.mp4,1,FVRA,1,1.7564827273598904,0.8527686
00239_id00188_e-vm5FB3idA.mp4,1,FVRA,1,1.8079155303226004,0.85910976
00239_id00270_hoEQ70-sDME.mp4,1,FVRA,1,1.8079155303226004,0.85910976
00239_id00373_5NXv3Dxkd6E.mp4,1,FVRA,1,1.8079155303226004,0.85910976
00239_id00484_u7YTz8eFZv0.mp4,1,FVRA,1,1.8079155303226004,0.85910976
00239_id00491_ShjiTWoOtM4.mp4,1,FVRA,1,1.8079155303226004,0.85910976
00239_id00633_UXrTMta1EDM.mp4,1,FVRA,1,1.8079155303226004,0.85910976
00239_id00897_0ayFw8JhoyI.mp4,1,FVRA,1,1.8079155303226004,0.85910976
00239_id01002_eQTviHjyISo.mp4,1,FVRA,1,1.8079155303226004,0.85910976
00239_id01018_VNPt_GB5QiE.mp4,1,FVRA,1,1.8079155303226004,0.85910976
00239_id03371_truKMXt8Dak.mp4,1,FVRA,1,1.8079155303226004,0.85910976
00010_id00068_A7uFnQw--bY.mp4,1,FVRA,1,1.7908218377253364,0.857028
00010_id00330_zCFFgGSIZ_s.mp4,1,FVRA,1,1.7908218377253364,0.857028
00010_id00395_wM5kGJfTtEM.mp4,1,FVRA,1,1.7908218377253364,0.857028
00010_id00495_E46aiMUC4A0.mp4,1,FVRA,1,1.7908218377253364,0.857028
00010_id00591_1Jo8xElXQMs.mp4,1,FVRA,1,1.7908218377253364,0.857028
00010_id00826_MYagwzy91Yk.mp4,1,FVRA,1,1.7908218377253364,0.857028
00010_id03371_truKMXt8Dak.mp4,1,FVRA,1,1.7908218377253364,0.857028
00010_id03858_uKVqPfRf-ac.mp4,1,FVRA,1,1.7908218377253364,0.857028
00130_id00271_je6JSLqEEcw.mp4,1,FVRA,1,1.7733557155298447,0.8548745
00130_id00373_5NXv3Dxkd6E.mp4,1,FVRA,1,1.7733557155298447,0.8548745
00130_id00495_E46aiMUC4A0.mp4,1,FVRA,1,1.7733557155298447,0.8548745
00130_id00591_1Jo8xElXQMs.mp4,1,FVRA,1,1.7733557155298447,0.8548745
00130_id00634_z5t9oJizDQg.mp4,1,FVRA,1,1.7733557155298447,0.8548745
00130_id00897_0ayFw8JhoyI.mp4,1,FVRA,1,1.7733557155298447,0.8548745
00130_id03589_9NxOQlwpMys.mp4,1,FVRA,1,1.7733557155298447,0.8548745
00130_id03620_YkXM5A8w07E.mp4,1,FVRA,1,1.7733557155298447,0.8548745
00130_id03649_389qfFqUddI.mp4,1,FVRA,1,1.7733557155298447,0.8548745
00130_id03858_uKVqPfRf-ac.mp4,1,FVRA,1,1.7733557155298447,0.8548745
00001_id00188_e-vm5FB3idA.mp4,1,FVRA,1,1.805578909007334,0.8588267
00001_id00270_hoEQ70-sDME.mp4,1,FVRA,1,1.805578909007334,0.8588267
00001_id00374_w1qI7y9AGTc.mp4,1,FVRA,1,1.805578909007334,0.8588267
00001_id00581_7AxvP19LGKg.mp4,1,FVRA,1,1.805578909007334,0.8588267
00001_id00633_UXrTMta1EDM.mp4,1,FVRA,1,1.805578909007334,0.8588267
00001_id00634_z5t9oJizDQg.mp4,1,FVRA,1,1.805578909007334,0.8588267
00001_id00897_0ayFw8JhoyI.mp4,1,FVRA,1,1.805578909007334,0.8588267
00001_id03649_389qfFqUddI.mp4,1,FVRA,1,1.805578909007334,0.8588267
00001_id03716_s-lxbGafZQA.mp4,1,FVRA,1,1.805578909007334,0.8588267
00001_id03844_AEAEN1Lns2c.mp4,1,FVRA,1,1.805578909007334,0.8588267
00088_id00188_e-vm5FB3idA.mp4,1,FVRA,1,1.7904750450822078,0.8569855
00088_id00262_3p7sRWAAh1Q.mp4,1,FVRA,1,1.7904750450822078,0.8569855
00088_id00270_hoEQ70-sDME.mp4,1,FVRA,1,1.7904750450822078,0.8569855
00088_id00332__zNddcZV1EU.mp4,1,FVRA,1,1.7904750450822078,0.8569855
00088_id00379_fgkgYHCuk4g.mp4,1,FVRA,1,1.7904750450822078,0.8569855
00088_id00491_ShjiTWoOtM4.mp4,1,FVRA,1,1.7904750450822078,0.8569855
00088_id00569_gSynmpwioV4.mp4,1,FVRA,1,1.7904750450822078,0.8569855
00088_id00581_7AxvP19LGKg.mp4,1,FVRA,1,1.7904750450822078,0.8569855
00088_id01001_dHJc8dh9X8c.mp4,1,FVRA,1,1.7904750450822078,0.8569855
00088_id01002_eQTviHjyISo.mp4,1,FVRA,1,1.7904750450822078,0.8569855
00078_id00395_wM5kGJfTtEM.mp4,1,FVRA,1,1.8111240045699872,0.85949767
00078_id00484_u7YTz8eFZv0.mp4,1,FVRA,1,1.8111240045699872,0.85949767
00078_id00495_E46aiMUC4A0.mp4,1,FVRA,1,1.8111240045699872,0.85949767
00078_id00581_7AxvP19LGKg.mp4,1,FVRA,1,1.8111240045699872,0.85949767
00078_id00589_uOzKwYEVR6s.mp4,1,FVRA,1,1.8111240045699872,0.85949767
00078_id00591_1Jo8xElXQMs.mp4,1,FVRA,1,1.8111240045699872,0.85949767
00078_id00823_KgExwCvgrUk.mp4,1,FVRA,1,1.8111240045699872,0.85949767
00078_id00826_MYagwzy91Yk.mp4,1,FVRA,1,1.8111240045699872,0.85949767
00078_id03589_9NxOQlwpMys.mp4,1,FVRA,1,1.8111240045699872,0.85949767
00078_id03649_389qfFqUddI.mp4,1,FVRA,1,1.8111240045699872,0.85949767
00037_id00068_A7uFnQw--bY.mp4,1,FVRA,1,1.8027535337843104,0.8584838
00037_id00188_e-vm5FB3idA.mp4,1,FVRA,1,1.8027535337843104,0.8584838
00037_id00262_3p7sRWAAh1Q.mp4,1,FVRA,1,1.8027535337843104,0.8584838
00037_id00373_5NXv3Dxkd6E.mp4,1,FVRA,1,1.8027535337843104,0.8584838
00037_id00495_E46aiMUC4A0.mp4,1,FVRA,1,1.8027535337843104,0.8584838
00037_id00826_MYagwzy91Yk.mp4,1,FVRA,1,1.8027535337843104,0.8584838
00037_id03371_truKMXt8Dak.mp4,1,FVRA,1,1.8027535337843104,0.8584838
00037_id03844_AEAEN1Lns2c.mp4,1,FVRA,1,1.8027535337843104,0.8584838
00037_id03941_SsYtP8Ze88Q.mp4,1,FVRA,1,1.8027535337843104,0.8584838
00005_id00365_XV-imLNJvfk.mp4,1,FVRA,1,1.775619899340768,0.85515517
00005_id00373_5NXv3Dxkd6E.mp4,1,FVRA,1,1.775619899340768,0.85515517
00005_id00379_fgkgYHCuk4g.mp4,1,FVRA,1,1.775619899340768,0.85515517
00005_id00569_gSynmpwioV4.mp4,1,FVRA,1,1.775619899340768,0.85515517
00005_id00813_dKs9CWJIkSI.mp4,1,FVRA,1,1.775619899340768,0.85515517
00005_id01002_eQTviHjyISo.mp4,1,FVRA,1,1.775619899340768,0.85515517
00005_id03858_uKVqPfRf-ac.mp4,1,FVRA,1,1.775619899340768,0.85515517
00169_id00262_3p7sRWAAh1Q.mp4,1,FVRA,1,1.7480141476960755,0.85170215
00169_id00330_zCFFgGSIZ_s.mp4,1,FVRA,1,1.7480141476960755,0.85170215
00169_id00365_XV-imLNJvfk.mp4,1,FVRA,1,1.7480141476960755,0.85170215
00169_id00395_wM5kGJfTtEM.mp4,1,FVRA,1,1.7480141476960755,0.85170215
00169_id00496_SImaDcXQnh8.mp4,1,FVRA,1,1.7480141476960755,0.85170215
00169_id00806_0sk9s9lFIAk.mp4,1,FVRA,1,1.7480141476960755,0.85170215
00169_id00823_KgExwCvgrUk.mp4,1,FVRA,1,1.7480141476960755,0.85170215
00169_id00897_0ayFw8JhoyI.mp4,1,FVRA,1,1.7480141476960755,0.85170215
00169_id03589_9NxOQlwpMys.mp4,1,FVRA,1,1.7480141476960755,0.85170215
00169_id03858_uKVqPfRf-ac.mp4,1,FVRA,1,1.7480141476960755,0.85170215
00125_id00262_3p7sRWAAh1Q.mp4,1,FVRA,1,1.7335016611043161,0.8498598
00125_id00330_zCFFgGSIZ_s.mp4,1,FVRA,1,1.7335016611043161,0.8498598
00125_id00373_5NXv3Dxkd6E.mp4,1,FVRA,1,1.7335016611043161,0.8498598
00125_id00395_wM5kGJfTtEM.mp4,1,FVRA,1,1.7335016611043161,0.8498598
00125_id00495_E46aiMUC4A0.mp4,1,FVRA,1,1.7335016611043161,0.8498598
00125_id00581_7AxvP19LGKg.mp4,1,FVRA,1,1.7335016611043161,0.8498598
00125_id00634_z5t9oJizDQg.mp4,1,FVRA,1,1.7335016611043161,0.8498598
00125_id00813_dKs9CWJIkSI.mp4,1,FVRA,1,1.7335016611043161,0.8498598
00125_id03589_9NxOQlwpMys.mp4,1,FVRA,1,1.7335016611043161,0.8498598
00125_id03858_uKVqPfRf-ac.mp4,1,FVRA,1,1.7335016611043161,0.8498598
00065_id00068_A7uFnQw--bY.mp4,1,FVRA,1,1.8139288487155232,0.85983604
00065_id00271_je6JSLqEEcw.mp4,1,FVRA,1,1.8139288487155232,0.85983604
00065_id00374_w1qI7y9AGTc.mp4,1,FVRA,1,1.8139288487155232,0.85983604
00065_id00484_u7YTz8eFZv0.mp4,1,FVRA,1,1.8139288487155232,0.85983604
00065_id00495_E46aiMUC4A0.mp4,1,FVRA,1,1.8139288487155232,0.85983604
00065_id00581_7AxvP19LGKg.mp4,1,FVRA,1,1.8139288487155232,0.85983604
00065_id00634_z5t9oJizDQg.mp4,1,FVRA,1,1.8139288487155232,0.85983604
00065_id00735_ivJSkq5hGOQ.mp4,1,FVRA,1,1.8139288487155232,0.85983604
00065_id03371_truKMXt8Dak.mp4,1,FVRA,1,1.8139288487155232,0.85983604
00065_id03649_389qfFqUddI.mp4,1,FVRA,1,1.8139288487155232,0.85983604
00005_id00188_e-vm5FB3idA.mp4,1,FVRA,1,1.7976447885670417,0.857862
00005_id00234_M3g5KRLJB60.mp4,1,FVRA,1,1.7976447885670417,0.857862
00005_id00330_zCFFgGSIZ_s.mp4,1,FVRA,1,1.7976447885670417,0.857862
00005_id00332__zNddcZV1EU.mp4,1,FVRA,1,1.7976447885670417,0.857862
00005_id00373_5NXv3Dxkd6E.mp4,1,FVRA,1,1.7976447885670417,0.857862
00005_id00496_SImaDcXQnh8.mp4,1,FVRA,1,1.7976447885670417,0.857862
00005_id00569_gSynmpwioV4.mp4,1,FVRA,1,1.7976447885670417,0.857862
00005_id00591_1Jo8xElXQMs.mp4,1,FVRA,1,1.7976447885670417,0.857862
00005_id00813_dKs9CWJIkSI.mp4,1,FVRA,1,1.7976447885670417,0.857862
00005_id03371_truKMXt8Dak.mp4,1,FVRA,1,1.7976447885670417,0.857862
00086_id00188_e-vm5FB3idA.mp4,1,FVRA,1,1.8035642672234844,0.85858226
00086_id00262_3p7sRWAAh1Q.mp4,1,FVRA,1,1.8035642672234844,0.85858226
00086_id00332__zNddcZV1EU.mp4,1,FVRA,1,1.8035642672234844,0.85858226
00086_id00374_w1qI7y9AGTc.mp4,1,FVRA,1,1.8035642672234844,0.85858226
00086_id00569_gSynmpwioV4.mp4,1,FVRA,1,1.8035642672234844,0.85858226
00086_id00633_UXrTMta1EDM.mp4,1,FVRA,1,1.8035642672234844,0.85858226
00086_id00735_ivJSkq5hGOQ.mp4,1,FVRA,1,1.8035642672234844,0.85858226
00086_id01002_eQTviHjyISo.mp4,1,FVRA,1,1.8035642672234844,0.85858226
00086_id03816_XXD0yTNei50.mp4,1,FVRA,1,1.8035642672234844,0.85858226
00043_id00188_e-vm5FB3idA.mp4,1,FVRA,1,1.7636302586588586,0.85366374
00043_id00287_2NpfYjyMsPM.mp4,1,FVRA,1,1.7636302586588586,0.85366374
00043_id00325_4vJtbNe0L98.mp4,1,FVRA,1,1.7636302586588586,0.85366374
00043_id00491_ShjiTWoOtM4.mp4,1,FVRA,1,1.7636302586588586,0.85366374
00043_id00569_gSynmpwioV4.mp4,1,FVRA,1,1.7636302586588586,0.85366374
00043_id00581_7AxvP19LGKg.mp4,1,FVRA,1,1.7636302586588586,0.85366374
00043_id00633_UXrTMta1EDM.mp4,1,FVRA,1,1.7636302586588586,0.85366374
00043_id01001_dHJc8dh9X8c.mp4,1,FVRA,1,1.7636302586588586,0.85366374
00043_id03371_truKMXt8Dak.mp4,1,FVRA,1,1.7636302586588586,0.85366374
00043_id03651_EjcoRkL6loI.mp4,1,FVRA,1,1.7636302586588586,0.85366374
00072_id00232_kL0cCveU1zg.mp4,1,FVRA,1,1.777039213684979,0.8553309
00072_id00287_2NpfYjyMsPM.mp4,1,FVRA,1,1.777039213684979,0.8553309
00072_id00491_ShjiTWoOtM4.mp4,1,FVRA,1,1.777039213684979,0.8553309
00072_id00569_gSynmpwioV4.mp4,1,FVRA,1,1.777039213684979,0.8553309
00072_id00591_1Jo8xElXQMs.mp4,1,FVRA,1,1.777039213684979,0.8553309
00072_id03620_YkXM5A8w07E.mp4,1,FVRA,1,1.777039213684979,0.8553309
00072_id03649_389qfFqUddI.mp4,1,FVRA,1,1.777039213684979,0.8553309
00072_id03651_EjcoRkL6loI.mp4,1,FVRA,1,1.777039213684979,0.8553309
00430_id00068_A7uFnQw--bY.mp4,1,FVRA,1,1.796482848479731,0.85772026
00430_id00330_zCFFgGSIZ_s.mp4,1,FVRA,1,1.796482848479731,0.85772026
00430_id00491_ShjiTWoOtM4.mp4,1,FVRA,1,1.796482848479731,0.85772026
00430_id00569_gSynmpwioV4.mp4,1,FVRA,1,1.796482848479731,0.85772026
00430_id00581_7AxvP19LGKg.mp4,1,FVRA,1,1.796482848479731,0.85772026
00430_id00806_0sk9s9lFIAk.mp4,1,FVRA,1,1.796482848479731,0.85772026
00430_id03858_uKVqPfRf-ac.mp4,1,FVRA,1,1.796482848479731,0.85772026
00002_id00068_A7uFnQw--bY.mp4,1,FVRA,1,1.774058285602368,0.85496163
00002_id00262_3p7sRWAAh1Q.mp4,1,FVRA,1,1.774058285602368,0.85496163
00002_id00287_2NpfYjyMsPM.mp4,1,FVRA,1,1.774058285602368,0.85496163
00002_id00395_wM5kGJfTtEM.mp4,1,FVRA,1,1.774058285602368,0.85496163
00002_id00495_E46aiMUC4A0.mp4,1,FVRA,1,1.774058285602368,0.85496163
00002_id00496_SImaDcXQnh8.mp4,1,FVRA,1,1.774058285602368,0.85496163
00002_id00589_uOzKwYEVR6s.mp4,1,FVRA,1,1.774058285602368,0.85496163
00002_id00634_z5t9oJizDQg.mp4,1,FVRA,1,1.774058285602368,0.85496163
00002_id03649_389qfFqUddI.mp4,1,FVRA,1,1.774058285602368,0.85496163
00002_id03858_uKVqPfRf-ac.mp4,1,FVRA,1,1.774058285602368,0.85496163
00081_id00188_e-vm5FB3idA.mp4,1,FVRA,1,1.6931660706678255,0.8446401
00081_id00287_2NpfYjyMsPM.mp4,1,FVRA,1,1.6931660706678255,0.8446401
00081_id00325_4vJtbNe0L98.mp4,1,FVRA,1,1.6931660706678255,0.8446401
00081_id00365_XV-imLNJvfk.mp4,1,FVRA,1,1.6931660706678255,0.8446401
00081_id00373_5NXv3Dxkd6E.mp4,1,FVRA,1,1.6931660706678255,0.8446401
00081_id00374_w1qI7y9AGTc.mp4,1,FVRA,1,1.6931660706678255,0.8446401
00081_id00496_SImaDcXQnh8.mp4,1,FVRA,1,1.6931660706678255,0.8446401
00081_id01018_VNPt_GB5QiE.mp4,1,FVRA,1,1.6931660706678255,0.8446401
00081_id03651_EjcoRkL6loI.mp4,1,FVRA,1,1.6931660706678255,0.8446401
00081_id03844_AEAEN1Lns2c.mp4,1,FVRA,1,1.6931660706678255,0.8446401
00001_id00068_A7uFnQw--bY.mp4,1,FVRA,1,1.7920165707682356,0.85717434
00001_id00188_e-vm5FB3idA.mp4,1,FVRA,1,1.7920165707682356,0.85717434
00001_id00325_4vJtbNe0L98.mp4,1,FVRA,1,1.7920165707682356,0.85717434
00001_id00569_gSynmpwioV4.mp4,1,FVRA,1,1.7920165707682356,0.85717434
00001_id00589_uOzKwYEVR6s.mp4,1,FVRA,1,1.7920165707682356,0.85717434
00001_id00591_1Jo8xElXQMs.mp4,1,FVRA,1,1.7920165707682356,0.85717434
00001_id00633_UXrTMta1EDM.mp4,1,FVRA,1,1.7920165707682356,0.85717434
00001_id00634_z5t9oJizDQg.mp4,1,FVRA,1,1.7920165707682356,0.85717434
00001_id00826_MYagwzy91Yk.mp4,1,FVRA,1,1.7920165707682356,0.85717434
00001_id03589_9NxOQlwpMys.mp4,1,FVRA,1,1.7920165707682356,0.85717434
00092_id00325_4vJtbNe0L98.mp4,1,FVRA,1,1.8124162867608913,0.85965365
00092_id00395_wM5kGJfTtEM.mp4,1,FVRA,1,1.8124162867608913,0.85965365
00092_id00897_0ayFw8JhoyI.mp4,1,FVRA,1,1.8124162867608913,0.85965365
00092_id01002_eQTviHjyISo.mp4,1,FVRA,1,1.8124162867608913,0.85965365
00092_id01018_VNPt_GB5QiE.mp4,1,FVRA,1,1.8124162867608913,0.85965365
00092_id03371_truKMXt8Dak.mp4,1,FVRA,1,1.8124162867608913,0.85965365
00092_id03620_YkXM5A8w07E.mp4,1,FVRA,1,1.8124162867608913,0.85965365
00092_id03649_389qfFqUddI.mp4,1,FVRA,1,1.8124162867608913,0.85965365
00092_id03716_s-lxbGafZQA.mp4,1,FVRA,1,1.8124162867608913,0.85965365
00092_id03858_uKVqPfRf-ac.mp4,1,FVRA,1,1.8124162867608913,0.85965365
00040_id00332__zNddcZV1EU.mp4,1,FVRA,1,1.703323503299737,0.8459683
00040_id00365_XV-imLNJvfk.mp4,1,FVRA,1,1.703323503299737,0.8459683
00040_id00379_fgkgYHCuk4g.mp4,1,FVRA,1,1.703323503299737,0.8459683
00040_id00395_wM5kGJfTtEM.mp4,1,FVRA,1,1.703323503299737,0.8459683
00040_id00591_1Jo8xElXQMs.mp4,1,FVRA,1,1.703323503299737,0.8459683
00040_id00633_UXrTMta1EDM.mp4,1,FVRA,1,1.703323503299737,0.8459683
00040_id00897_0ayFw8JhoyI.mp4,1,FVRA,1,1.703323503299737,0.8459683
00040_id03651_EjcoRkL6loI.mp4,1,FVRA,1,1.703323503299737,0.8459683
00040_id03816_XXD0yTNei50.mp4,1,FVRA,1,1.703323503299737,0.8459683
00040_id03858_uKVqPfRf-ac.mp4,1,FVRA,1,1.703323503299737,0.8459683
00093_id00071_JU1cVINUTZA.mp4,1,FVRA,1,1.7920988526395851,0.8571844
00093_id00262_3p7sRWAAh1Q.mp4,1,FVRA,1,1.7920988526395851,0.8571844
00093_id00287_2NpfYjyMsPM.mp4,1,FVRA,1,1.7920988526395851,0.8571844
00093_id00379_fgkgYHCuk4g.mp4,1,FVRA,1,1.7920988526395851,0.8571844
00093_id00395_wM5kGJfTtEM.mp4,1,FVRA,1,1.7920988526395851,0.8571844
00093_id00495_E46aiMUC4A0.mp4,1,FVRA,1,1.7920988526395851,0.8571844
00093_id00633_UXrTMta1EDM.mp4,1,FVRA,1,1.7920988526395851,0.8571844
00093_id00897_0ayFw8JhoyI.mp4,1,FVRA,1,1.7920988526395851,0.8571844
00093_id01018_VNPt_GB5QiE.mp4,1,FVRA,1,1.7920988526395851,0.8571844
00093_id03941_SsYtP8Ze88Q.mp4,1,FVRA,1,1.7920988526395851,0.8571844
00028_id00068_A7uFnQw--bY.mp4,1,FVRA,1,1.8047011674402613,0.85872024
00028_id00330_zCFFgGSIZ_s.mp4,1,FVRA,1,1.8047011674402613,0.85872024
00028_id00332__zNddcZV1EU.mp4,1,FVRA,1,1.8047011674402613,0.85872024
00028_id00365_XV-imLNJvfk.mp4,1,FVRA,1,1.8047011674402613,0.85872024
00028_id00484_u7YTz8eFZv0.mp4,1,FVRA,1,1.8047011674402613,0.85872024
00028_id00495_E46aiMUC4A0.mp4,1,FVRA,1,1.8047011674402613,0.85872024
00028_id00496_SImaDcXQnh8.mp4,1,FVRA,1,1.8047011674402613,0.85872024
00028_id00735_ivJSkq5hGOQ.mp4,1,FVRA,1,1.8047011674402613,0.85872024
00028_id03858_uKVqPfRf-ac.mp4,1,FVRA,1,1.8047011674402613,0.85872024
00092_id00270_hoEQ70-sDME.mp4,1,FVRA,1,1.808032735224082,0.85912395
00092_id00365_XV-imLNJvfk.mp4,1,FVRA,1,1.808032735224082,0.85912395
00092_id00395_wM5kGJfTtEM.mp4,1,FVRA,1,1.808032735224082,0.85912395
00092_id00484_u7YTz8eFZv0.mp4,1,FVRA,1,1.808032735224082,0.85912395
00092_id00495_E46aiMUC4A0.mp4,1,FVRA,1,1.808032735224082,0.85912395
00092_id00581_7AxvP19LGKg.mp4,1,FVRA,1,1.808032735224082,0.85912395
00092_id00823_KgExwCvgrUk.mp4,1,FVRA,1,1.808032735224082,0.85912395
00092_id03371_truKMXt8Dak.mp4,1,FVRA,1,1.808032735224082,0.85912395
00092_id03716_s-lxbGafZQA.mp4,1,FVRA,1,1.808032735224082,0.85912395
00092_id03844_AEAEN1Lns2c.mp4,1,FVRA,1,1.808032735224082,0.85912395
00021_id00068_A7uFnQw--bY.mp4,1,FVRA,1,1.810613249753569,0.859436
00021_id00262_3p7sRWAAh1Q.mp4,1,FVRA,1,1.810613249753569,0.859436
00021_id00287_2NpfYjyMsPM.mp4,1,FVRA,1,1.810613249753569,0.859436
00021_id00332__zNddcZV1EU.mp4,1,FVRA,1,1.810613249753569,0.859436
00021_id00365_XV-imLNJvfk.mp4,1,FVRA,1,1.810613249753569,0.859436
00021_id00495_E46aiMUC4A0.mp4,1,FVRA,1,1.810613249753569,0.859436
00021_id00735_ivJSkq5hGOQ.mp4,1,FVRA,1,1.810613249753569,0.859436
00021_id00806_0sk9s9lFIAk.mp4,1,FVRA,1,1.810613249753569,0.859436
00021_id01001_dHJc8dh9X8c.mp4,1,FVRA,1,1.810613249753569,0.859436
00021_id03816_XXD0yTNei50.mp4,1,FVRA,1,1.810613249753569,0.859436
00028_id00287_2NpfYjyMsPM_id00262_wavtolip.mp4,1,FVFA,1,1.8067386113236958,0.85896724
00028_id00325_4vJtbNe0L98_id00823_wavtolip.mp4,1,FVFA,1,1.8105693385297177,0.8594307
00028_id00330_zCFFgGSIZ_s_id00484_wavtolip.mp4,1,FVFA,1,1.811988520477724,0.85960203
00028_id00569_gSynmpwioV4_id00806_wavtolip.mp4,1,FVFA,1,1.8115391618679286,0.8595478
00028_id01002_eQTviHjyISo_id00270_wavtolip.mp4,1,FVFA,1,1.8143606757538444,0.8598881
00028_id03620_YkXM5A8w07E_id03844_wavtolip.mp4,1,FVFA,1,1.8078283717295631,0.8590992
00028_id03649_389qfFqUddI_id00374_wavtolip.mp4,1,FVFA,1,1.8087953004412025,0.8592162
00028_id03651_EjcoRkL6loI_id00262_wavtolip.mp4,1,FVFA,1,1.8067386113236958,0.85896724
00004_id00232_kL0cCveU1zg_id00806_wavtolip.mp4,1,FVFA,1,1.8067366432416838,0.858967
00004_id00395_wM5kGJfTtEM_id00634_wavtolip.mp4,1,FVFA,1,1.8085553527785592,0.8591872
00004_id00484_u7YTz8eFZv0_id00188_wavtolip.mp4,1,FVFA,1,1.8127478220615771,0.85969365
00004_id00495_E46aiMUC4A0_id00496_wavtolip.mp4,1,FVFA,1,1.7920993395289575,0.85718447
00004_id00581_7AxvP19LGKg_id00581_wavtolip.mp4,1,FVFA,1,1.8072922447999868,0.8590343
00004_id00826_MYagwzy91Yk_id00403_wavtolip.mp4,1,FVFA,1,1.810654695326275,0.859441
00004_id03371_truKMXt8Dak_id00823_wavtolip.mp4,1,FVFA,1,1.8105693385297177,0.8594307
00004_id03589_9NxOQlwpMys_id00735_wavtolip.mp4,1,FVFA,1,1.8142167184948514,0.85987073
00004_id03844_AEAEN1Lns2c_id00633_wavtolip.mp4,1,FVFA,1,1.8017451915706766,0.85836124
00014_id00188_e-vm5FB3idA_id03651_wavtolip.mp4,1,FVFA,1,1.812995907639637,0.85972357
00014_id00232_kL0cCveU1zg_id00806_wavtolip.mp4,1,FVFA,1,1.8133171997858435,0.8597623
00014_id00262_3p7sRWAAh1Q_id00270_wavtolip.mp4,1,FVFA,1,1.8143606757538444,0.8598881
00014_id00270_hoEQ70-sDME_id00591_wavtolip.mp4,1,FVFA,1,1.8129731728553493,0.8597208
00014_id00379_fgkgYHCuk4g_id03620_wavtolip.mp4,1,FVFA,1,1.8119040694823825,0.85959184
00014_id00581_7AxvP19LGKg_id00232_wavtolip.mp4,1,FVFA,1,1.813210423694259,0.85974944
00014_id00735_ivJSkq5hGOQ_id03589_wavtolip.mp4,1,FVFA,1,1.8077663299535862,0.8590917
00014_id00897_0ayFw8JhoyI_id00496_wavtolip.mp4,1,FVFA,1,1.8029679495107749,0.85850984
00014_id03371_truKMXt8Dak_id00071_wavtolip.mp4,1,FVFA,1,1.8133977816196625,0.859772
00014_id03816_XXD0yTNei50_id00271_wavtolip.mp4,1,FVFA,1,1.8075885906459859,0.8590702
00020_id00270_hoEQ70-sDME_id03651_wavtolip.mp4,1,FVFA,1,1.812995907639637,0.85972357
00020_id00373_5NXv3Dxkd6E_id00826_wavtolip.mp4,1,FVFA,1,1.8107509130238368,0.8594526
00020_id00374_w1qI7y9AGTc_id00806_wavtolip.mp4,1,FVFA,1,1.8124162867608913,0.85965365
00020_id00379_fgkgYHCuk4g_id00634_wavtolip.mp4,1,FVFA,1,1.8132059748684588,0.8597489
00020_id00491_ShjiTWoOtM4_id00330_wavtolip.mp4,1,FVFA,1,1.8114108003599105,0.8595323
00020_id00569_gSynmpwioV4_id00262_wavtolip.mp4,1,FVFA,1,1.8085228373864726,0.85918325
00020_id00897_0ayFw8JhoyI_id03649_wavtolip.mp4,1,FVFA,1,1.8124696432888814,0.8596601
00020_id01018_VNPt_GB5QiE_id00735_wavtolip.mp4,1,FVFA,1,1.813467985553183,0.8597805
00020_id03649_389qfFqUddI_id03620_wavtolip.mp4,1,FVFA,1,1.8109354722594906,0.8594749
00025_id00068_A7uFnQw--bY_id00496_wavtolip.mp4,1,FVFA,1,1.788391719688033,0.85673
00025_id00332__zNddcZV1EU_id03651_wavtolip.mp4,1,FVFA,1,1.812995907639637,0.85972357
00025_id00365_XV-imLNJvfk_id00897_wavtolip.mp4,1,FVFA,1,1.8106231176350673,0.85943717
00025_id00484_u7YTz8eFZv0_id00270_wavtolip.mp4,1,FVFA,1,1.814444286645079,0.85989815
00025_id00495_E46aiMUC4A0_id03844_wavtolip.mp4,1,FVFA,1,1.8078283717295631,0.8590992
00025_id03844_AEAEN1Lns2c_id00484_wavtolip.mp4,1,FVFA,1,1.811988520477724,0.85960203
00063_id00271_je6JSLqEEcw_id00897_wavtolip.mp4,1,FVFA,1,1.8102743305151958,0.859395
00063_id00330_zCFFgGSIZ_s_id00569_wavtolip.mp4,1,FVFA,1,1.8122251093497919,0.8596306
00063_id00332__zNddcZV1EU_id00071_wavtolip.mp4,1,FVFA,1,1.8140930557840913,0.85985583
00063_id00403_n4LSCxzFr6o_id00826_wavtolip.mp4,1,FVFA,1,1.8112622120254944,0.85951436
00063_id00434_HPXkk-HGXVI_id00188_wavtolip.mp4,1,FVFA,1,1.8127478220615771,0.85969365
00063_id00491_ShjiTWoOtM4_id03941_wavtolip.mp4,1,FVFA,1,1.809692884179444,0.85932475
00063_id00897_0ayFw8JhoyI_id00373_wavtolip.mp4,1,FVFA,1,1.7784083688116885,0.8555002
00063_id01002_eQTviHjyISo_id03620_wavtolip.mp4,1,FVFA,1,1.7992745001795558,0.8580606
00063_id03371_truKMXt8Dak_id00569_wavtolip.mp4,1,FVFA,1,1.8122251093497919,0.8596306
00028_id00071_JU1cVINUTZA_id00484_wavtolip.mp4,1,FVFA,1,1.811988520477724,0.85960203
00028_id00270_hoEQ70-sDME_id03651_wavtolip.mp4,1,FVFA,1,1.812995907639637,0.85972357
00028_id00395_wM5kGJfTtEM_id03371_wavtolip.mp4,1,FVFA,1,1.8012731494849117,0.85830384
00028_id00495_E46aiMUC4A0_id00591_wavtolip.mp4,1,FVFA,1,1.8129731728553493,0.8597208
00028_id00496_SImaDcXQnh8_id00271_wavtolip.mp4,1,FVFA,1,1.8075885906459859,0.8590702
00028_id00633_UXrTMta1EDM_id00806_wavtolip.mp4,1,FVFA,1,1.7921826001022063,0.85719466
00028_id00813_dKs9CWJIkSI_id00434_wavtolip.mp4,1,FVFA,1,1.7925517329317622,0.85723984
00028_id03816_XXD0yTNei50_id03716_wavtolip.mp4,1,FVFA,1,1.8003060355485543,0.8581862
00028_id03941_SsYtP8Ze88Q_id00325_wavtolip.mp4,1,FVFA,1,1.8088041699360153,0.8592173
00088_id00188_e-vm5FB3idA_id00403_wavtolip.mp4,1,FVFA,1,1.810654695326275,0.859441
00088_id00262_3p7sRWAAh1Q_id00484_wavtolip.mp4,1,FVFA,1,1.811988520477724,0.85960203
00088_id00287_2NpfYjyMsPM_id00042_wavtolip.mp4,1,FVFA,1,1.8057721257026083,0.8588501
00088_id00332__zNddcZV1EU_id00042_wavtolip.mp4,1,FVFA,1,1.8057721257026083,0.8588501
00088_id00379_fgkgYHCuk4g_id03858_wavtolip.mp4,1,FVFA,1,1.8105219751679724,0.85942495
00088_id00395_wM5kGJfTtEM_id03371_wavtolip.mp4,1,FVFA,1,1.806708106364996,0.85896355
00088_id00569_gSynmpwioV4_id00897_wavtolip.mp4,1,FVFA,1,1.8129983788342487,0.85972387
00088_id00591_1Jo8xElXQMs_id00330_wavtolip.mp4,1,FVFA,1,1.8053616336868343,0.85880035
00088_id00633_UXrTMta1EDM_id03649_wavtolip.mp4,1,FVFA,1,1.8125981025895541,0.8596756
00088_id03858_uKVqPfRf-ac_id00042_wavtolip.mp4,1,FVFA,1,1.8057721257026083,0.8588501
00028_id00287_2NpfYjyMsPM_id03589_wavtolip.mp4,1,FVFA,1,1.809317218566944,0.85927933
00028_id00330_zCFFgGSIZ_s_id00826_wavtolip.mp4,1,FVFA,1,1.8111141331343932,0.8594965
00028_id00365_XV-imLNJvfk_id00826_wavtolip.mp4,1,FVFA,1,1.8111141331343932,0.8594965
00028_id00395_wM5kGJfTtEM_id00484_wavtolip.mp4,1,FVFA,1,1.8151480048875819,0.8599829
00028_id00484_u7YTz8eFZv0_id00591_wavtolip.mp4,1,FVFA,1,1.8124355541597728,0.859656
00028_id00495_E46aiMUC4A0_id00569_wavtolip.mp4,1,FVFA,1,1.8121347167820334,0.8596197
00028_id00633_UXrTMta1EDM_id01018_wavtolip.mp4,1,FVFA,1,1.8164058860462786,0.8601343
00028_id00634_z5t9oJizDQg_id00328_wavtolip.mp4,1,FVFA,1,1.8140747546378697,0.8598536
00028_id00826_MYagwzy91Yk_id00271_wavtolip.mp4,1,FVFA,1,1.8071908518977453,0.859022
00028_id03844_AEAEN1Lns2c_id00633_wavtolip.mp4,1,FVFA,1,1.8109206671393208,0.8594731
00005_id00262_3p7sRWAAh1Q_id00826_wavtolip.mp4,1,FVFA,1,1.8107509130238368,0.8594526
00005_id00271_je6JSLqEEcw_id00232_wavtolip.mp4,1,FVFA,1,1.8137552653546625,0.8598151
00005_id00325_4vJtbNe0L98_id00826_wavtolip.mp4,1,FVFA,1,1.8107509130238368,0.8594526
00005_id00379_fgkgYHCuk4g_id00484_wavtolip.mp4,1,FVFA,1,1.8146817888120264,0.85992676
00005_id00496_SImaDcXQnh8_id00373_wavtolip.mp4,1,FVFA,1,1.8015397870711107,0.85833627
00005_id03589_9NxOQlwpMys_id00287_wavtolip.mp4,1,FVFA,1,1.8114962088135649,0.8595426
00005_id03620_YkXM5A8w07E_id03858_wavtolip.mp4,1,FVFA,1,1.8139921551662717,0.8598437
00015_id00042_4yuJSkaZwn0_id00826_wavtolip.mp4,1,FVFA,1,1.8112622120254944,0.85951436
00015_id00287_2NpfYjyMsPM_id03371_wavtolip.mp4,1,FVFA,1,1.8045405209702616,0.85870075
00015_id00365_XV-imLNJvfk_id00332_wavtolip.mp4,1,FVFA,1,1.8115929784866278,0.8595543
00015_id00897_0ayFw8JhoyI_id00484_wavtolip.mp4,1,FVFA,1,1.811988520477724,0.85960203
00015_id01002_eQTviHjyISo_id00325_wavtolip.mp4,1,FVFA,1,1.8082331883209701,0.8591482
00015_id03620_YkXM5A8w07E_id03844_wavtolip.mp4,1,FVFA,1,1.8078283717295631,0.8590992
00015_id03649_389qfFqUddI_id00330_wavtolip.mp4,1,FVFA,1,1.8066057720285686,0.85895115
00015_id03651_EjcoRkL6loI_id00806_wavtolip.mp4,1,FVFA,1,1.8060199542728985,0.85888016
00092_id00188_e-vm5FB3idA_id00271_wavtolip.mp4,1,FVFA,1,1.8075885906459859,0.8590702
00092_id00232_kL0cCveU1zg_id03716_wavtolip.mp4,1,FVFA,1,1.8101909700215741,0.85938495
00092_id00373_5NXv3Dxkd6E_id03844_wavtolip.mp4,1,FVFA,1,1.8078283717295631,0.8590992
00092_id00403_n4LSCxzFr6o_id00806_wavtolip.mp4,1,FVFA,1,1.8118719695722068,0.85958797
00092_id00484_u7YTz8eFZv0_id00496_wavtolip.mp4,1,FVFA,1,1.799553972460393,0.85809463
00092_id00495_E46aiMUC4A0_id03844_wavtolip.mp4,1,FVFA,1,1.8078283717295631,0.8590992
00092_id03371_truKMXt8Dak_id00328_wavtolip.mp4,1,FVFA,1,1.8097614220472655,0.85933304
00092_id03620_YkXM5A8w07E_id03858_wavtolip.mp4,1,FVFA,1,1.8105219751679724,0.85942495
00092_id03858_uKVqPfRf-ac_id00634_wavtolip.mp4,1,FVFA,1,1.8127488103624898,0.85969377
00118_id00332__zNddcZV1EU_id00328_wavtolip.mp4,1,FVFA,1,1.8105757524422617,0.85943145
00118_id00374_w1qI7y9AGTc_id00735_wavtolip.mp4,1,FVFA,1,1.8142167184948514,0.85987073
00118_id00434_HPXkk-HGXVI_id03371_wavtolip.mp4,1,FVFA,1,1.8057750757834785,0.8588505
00118_id00581_7AxvP19LGKg_id00271_wavtolip.mp4,1,FVFA,1,1.8075885906459859,0.8590702
00118_id03371_truKMXt8Dak_id00328_wavtolip.mp4,1,FVFA,1,1.8105757524422617,0.85943145
00118_id03844_AEAEN1Lns2c_id00395_wavtolip.mp4,1,FVFA,1,1.8134566142528372,0.8597791
00293_id00270_hoEQ70-sDME_id00042_wavtolip.mp4,1,FVFA,1,1.8057721257026083,0.8588501
00293_id00330_zCFFgGSIZ_s_id03844_wavtolip.mp4,1,FVFA,1,1.8078283717295631,0.8590992
00293_id00434_HPXkk-HGXVI_id00735_wavtolip.mp4,1,FVFA,1,1.8142167184948514,0.85987073
00293_id00591_1Jo8xElXQMs_id00325_wavtolip.mp4,1,FVFA,1,1.8082331883209701,0.8591482
00293_id00633_UXrTMta1EDM_id00826_wavtolip.mp4,1,FVFA,1,1.8112622120254944,0.85951436
00293_id00897_0ayFw8JhoyI_id00373_wavtolip.mp4,1,FVFA,1,1.78689686158647,0.8565464
00293_id03858_uKVqPfRf-ac_id00569_wavtolip.mp4,1,FVFA,1,1.8122251093497919,0.8596306
00078_id00068_A7uFnQw--bY_id01002_wavtolip.mp4,1,FVFA,1,1.8082326957718478,0.85914814
00078_id00232_kL0cCveU1zg_id00071_wavtolip.mp4,1,FVFA,1,1.8140930557840913,0.85985583
00078_id00287_2NpfYjyMsPM_id00581_wavtolip.mp4,1,FVFA,1,1.8130067809287926,0.8597249
00078_id00495_E46aiMUC4A0_id03716_wavtolip.mp4,1,FVFA,1,1.8110761287614612,0.8594919
00078_id00813_dKs9CWJIkSI_id00735_wavtolip.mp4,1,FVFA,1,1.813467985553183,0.8597805
00078_id03858_uKVqPfRf-ac_id00569_wavtolip.mp4,1,FVFA,1,1.8122251093497919,0.8596306
00028_id00188_e-vm5FB3idA_id00634_wavtolip.mp4,1,FVFA,1,1.8099695217269318,0.8593582
00028_id00328_ytKnCbJSEcU_id03716_wavtolip.mp4,1,FVFA,1,1.8003060355485543,0.8581862
00028_id00330_zCFFgGSIZ_s_id03651_wavtolip.mp4,1,FVFA,1,1.812995907639637,0.85972357
00028_id00374_w1qI7y9AGTc_id00826_wavtolip.mp4,1,FVFA,1,1.8112622120254944,0.85951436
00028_id00484_u7YTz8eFZv0_id00823_wavtolip.mp4,1,FVFA,1,1.8105693385297177,0.8594307
00028_id00495_E46aiMUC4A0_id03651_wavtolip.mp4,1,FVFA,1,1.812995907639637,0.85972357
00028_id00569_gSynmpwioV4_id00262_wavtolip.mp4,1,FVFA,1,1.77428806648615,0.8549901
00028_id00589_uOzKwYEVR6s_id00330_wavtolip.mp4,1,FVFA,1,1.8066057720285686,0.85895115
00028_id00823_KgExwCvgrUk_id00434_wavtolip.mp4,1,FVFA,1,1.7925517329317622,0.85723984
00028_id00897_0ayFw8JhoyI_id00271_wavtolip.mp4,1,FVFA,1,1.8075885906459859,0.8590702
00311_id00188_e-vm5FB3idA_id00735_wavtolip.mp4,1,FVFA,1,1.8142167184948514,0.85987073
00311_id00262_3p7sRWAAh1Q_id00823_wavtolip.mp4,1,FVFA,1,1.8105693385297177,0.8594307
00311_id00330_zCFFgGSIZ_s_id00071_wavtolip.mp4,1,FVFA,1,1.8140930557840913,0.85985583
00311_id00373_5NXv3Dxkd6E_id00234_wavtolip.mp4,1,FVFA,1,1.8099512747755773,0.859356
00311_id00434_HPXkk-HGXVI_id03649_wavtolip.mp4,1,FVFA,1,1.8125981025895541,0.8596756
00311_id00633_UXrTMta1EDM_id00071_wavtolip.mp4,1,FVFA,1,1.8140930557840913,0.85985583
00311_id00826_MYagwzy91Yk_id00813_wavtolip.mp4,1,FVFA,1,1.8035470857794376,0.8585802
00311_id03620_YkXM5A8w07E_id00495_wavtolip.mp4,1,FVFA,1,1.8154499905158847,0.86001927
00043_id00262_3p7sRWAAh1Q_id00188_wavtolip.mp4,1,FVFA,1,1.8127478220615771,0.85969365
00043_id00270_hoEQ70-sDME_id03371_wavtolip.mp4,1,FVFA,1,1.8098777962313521,0.8593471
00043_id00287_2NpfYjyMsPM_id00735_wavtolip.mp4,1,FVFA,1,1.813467985553183,0.8597805
00043_id00496_SImaDcXQnh8_id00395_wavtolip.mp4,1,FVFA,1,1.8134566142528372,0.8597791
00043_id00633_UXrTMta1EDM_id00325_wavtolip.mp4,1,FVFA,1,1.8124819946289163,0.8596616
00043_id00806_0sk9s9lFIAk_id00581_wavtolip.mp4,1,FVFA,1,1.8120295131608462,0.859607
00043_id00897_0ayFw8JhoyI_id00271_wavtolip.mp4,1,FVFA,1,1.8075885906459859,0.8590702
00043_id03716_s-lxbGafZQA_id03620_wavtolip.mp4,1,FVFA,1,1.8100010845861234,0.859362
00420_id00068_A7uFnQw--bY_id03941_wavtolip.mp4,1,FVFA,1,1.809692884179444,0.85932475
00420_id00262_3p7sRWAAh1Q_id03844_wavtolip.mp4,1,FVFA,1,1.8074743768044703,0.85905635
00420_id00581_7AxvP19LGKg_id00591_wavtolip.mp4,1,FVFA,1,1.8129731728553493,0.8597208
00420_id00813_dKs9CWJIkSI_id00071_wavtolip.mp4,1,FVFA,1,1.8140930557840913,0.85985583
00420_id00823_KgExwCvgrUk_id03589_wavtolip.mp4,1,FVFA,1,1.8072592666867966,0.8590303
00420_id03716_s-lxbGafZQA_id00328_wavtolip.mp4,1,FVFA,1,1.8102328962727383,0.85939
00420_id03816_XXD0yTNei50_id00188_wavtolip.mp4,1,FVFA,1,1.8119648144173452,0.8595992
00420_id03858_uKVqPfRf-ac_id00826_wavtolip.mp4,1,FVFA,1,1.8107509130238368,0.8594526
00052_id00071_JU1cVINUTZA_id00806_wavtolip.mp4,1,FVFA,1,1.8066210233038889,0.858953
00052_id00188_e-vm5FB3idA_id03844_wavtolip.mp4,1,FVFA,1,1.8078283717295631,0.8590992
00052_id00234_M3g5KRLJB60_id00434_wavtolip.mp4,1,FVFA,1,1.8033531955861175,0.8585566
00052_id00271_je6JSLqEEcw_id00581_wavtolip.mp4,1,FVFA,1,1.8070929113947583,0.85901016
00052_id00287_2NpfYjyMsPM_id00379_wavtolip.mp4,1,FVFA,1,1.8125798211184767,0.8596734
00052_id00374_w1qI7y9AGTc_id00271_wavtolip.mp4,1,FVFA,1,1.8075885906459859,0.8590702
00052_id00484_u7YTz8eFZv0_id00188_wavtolip.mp4,1,FVFA,1,1.8127478220615771,0.85969365
00052_id00897_0ayFw8JhoyI_id00403_wavtolip.mp4,1,FVFA,1,1.810654695326275,0.859441
00052_id03649_389qfFqUddI_id00042_wavtolip.mp4,1,FVFA,1,1.8057721257026083,0.8588501
00046_id00068_A7uFnQw--bY_id03651_wavtolip.mp4,1,FVFA,1,1.812995907639637,0.85972357
00046_id00330_zCFFgGSIZ_s_id03716_wavtolip.mp4,1,FVFA,1,1.798382129596987,0.8579519
00046_id00332__zNddcZV1EU_id00806_wavtolip.mp4,1,FVFA,1,1.7925999514000588,0.85724574
00046_id00374_w1qI7y9AGTc_id00332_wavtolip.mp4,1,FVFA,1,1.8115929784866278,0.8595543
00046_id00569_gSynmpwioV4_id00071_wavtolip.mp4,1,FVFA,1,1.8140930557840913,0.85985583
00046_id00591_1Jo8xElXQMs_id00569_wavtolip.mp4,1,FVFA,1,1.8122251093497919,0.8596306
00046_id00633_UXrTMta1EDM_id00826_wavtolip.mp4,1,FVFA,1,1.8112622120254944,0.85951436
00046_id03371_truKMXt8Dak_id00262_wavtolip.mp4,1,FVFA,1,1.7807714997927373,0.8557921
00202_id00068_A7uFnQw--bY_id03589_wavtolip.mp4,1,FVFA,1,1.8048883660421664,0.85874295
00202_id00271_je6JSLqEEcw_id00330_wavtolip.mp4,1,FVFA,1,1.810680352728216,0.8594441
00202_id00328_ytKnCbJSEcU_id00374_wavtolip.mp4,1,FVFA,1,1.8091111878430555,0.8592544
00202_id00373_5NXv3Dxkd6E_id01002_wavtolip.mp4,1,FVFA,1,1.8082326957718478,0.85914814
00202_id00569_gSynmpwioV4_id03716_wavtolip.mp4,1,FVFA,1,1.8102200716382526,0.8593885
00202_id00581_7AxvP19LGKg_id03371_wavtolip.mp4,1,FVFA,1,1.8102698910730501,0.8593945
00202_id00826_MYagwzy91Yk_id00395_wavtolip.mp4,1,FVFA,1,1.8134566142528372,0.8597791
00202_id03844_AEAEN1Lns2c_id00042_wavtolip.mp4,1,FVFA,1,1.8055907077320732,0.8588281
00202_id03858_uKVqPfRf-ac_id00826_wavtolip.mp4,1,FVFA,1,1.8107509130238368,0.8594526
00122_id00188_e-vm5FB3idA_id00325_wavtolip.mp4,1,FVFA,1,1.8135935704493222,0.85979563
00122_id00234_M3g5KRLJB60_id00374_wavtolip.mp4,1,FVFA,1,1.8113727878794774,0.8595277
00122_id00330_zCFFgGSIZ_s_id03649_wavtolip.mp4,1,FVFA,1,1.8124696432888814,0.8596601
00122_id00569_gSynmpwioV4_id00591_wavtolip.mp4,1,FVFA,1,1.8129731728553493,0.8597208
00122_id00591_1Jo8xElXQMs_id00581_wavtolip.mp4,1,FVFA,1,1.8132331623596365,0.8597522
00122_id00633_UXrTMta1EDM_id00735_wavtolip.mp4,1,FVFA,1,1.813467985553183,0.8597805
00122_id01002_eQTviHjyISo_id03371_wavtolip.mp4,1,FVFA,1,1.8113268780870395,0.85952216
00122_id01018_VNPt_GB5QiE_id01002_wavtolip.mp4,1,FVFA,1,1.8082326957718478,0.85914814
00122_id03371_truKMXt8Dak_id00633_wavtolip.mp4,1,FVFA,1,1.8097249338413068,0.8593286
00122_id03858_uKVqPfRf-ac_id00395_wavtolip.mp4,1,FVFA,1,1.8134566142528372,0.8597791
00027_id00068_A7uFnQw--bY_id00634_wavtolip.mp4,1,FVFA,1,1.8141776398887524,0.859866
00027_id00271_je6JSLqEEcw_id00591_wavtolip.mp4,1,FVFA,1,1.8129731728553493,0.8597208
00027_id00395_wM5kGJfTtEM_id03589_wavtolip.mp4,1,FVFA,1,1.8082105312416905,0.85914546
00027_id00484_u7YTz8eFZv0_id00496_wavtolip.mp4,1,FVFA,1,1.803650668551273,0.85859275
00027_id00581_7AxvP19LGKg_id00897_wavtolip.mp4,1,FVFA,1,1.8154148379922754,0.86001503
00027_id00634_z5t9oJizDQg_id00262_wavtolip.mp4,1,FVFA,1,1.8104208400540325,0.8594127
00027_id03589_9NxOQlwpMys_id00330_wavtolip.mp4,1,FVFA,1,1.8124879233111115,0.8596623
00027_id03858_uKVqPfRf-ac_id03589_wavtolip.mp4,1,FVFA,1,1.8082105312416905,0.85914546
00027_id03941_SsYtP8Ze88Q_id03371_wavtolip.mp4,1,FVFA,1,1.8117895008928566,0.859578
00015_id00262_3p7sRWAAh1Q_id00232_wavtolip.mp4,1,FVFA,1,1.8089968490228854,0.8592406
00015_id00287_2NpfYjyMsPM_id00332_wavtolip.mp4,1,FVFA,1,1.8115929784866278,0.8595543
00015_id00373_5NXv3Dxkd6E_id00806_wavtolip.mp4,1,FVFA,1,1.7912125078840575,0.85707587
00015_id00569_gSynmpwioV4_id00569_wavtolip.mp4,1,FVFA,1,1.8122251093497919,0.8596306
00015_id00813_dKs9CWJIkSI_id00897_wavtolip.mp4,1,FVFA,1,1.803864731267139,0.85861874
00015_id00897_0ayFw8JhoyI_id00735_wavtolip.mp4,1,FVFA,1,1.8142167184948514,0.85987073
00015_id03620_YkXM5A8w07E_id00806_wavtolip.mp4,1,FVFA,1,1.7912125078840575,0.85707587
00015_id03858_uKVqPfRf-ac_id00633_wavtolip.mp4,1,FVFA,1,1.7992926078970939,0.8580628
00239_id00188_e-vm5FB3idA_id00373_wavtolip.mp4,1,FVFA,1,1.7960623841185104,0.85766894
00239_id00373_5NXv3Dxkd6E_id03651_wavtolip.mp4,1,FVFA,1,1.812995907639637,0.85972357
00239_id00484_u7YTz8eFZv0_id03716_wavtolip.mp4,1,FVFA,1,1.8111832346549206,0.8595048
00239_id00491_ShjiTWoOtM4_id00232_wavtolip.mp4,1,FVFA,1,1.8116013720919684,0.8595553
00239_id00633_UXrTMta1EDM_id00735_wavtolip.mp4,1,FVFA,1,1.813467985553183,0.8597805
00239_id00897_0ayFw8JhoyI_id03649_wavtolip.mp4,1,FVFA,1,1.8124696432888814,0.8596601
00239_id01002_eQTviHjyISo_id00496_wavtolip.mp4,1,FVFA,1,1.8016736152098423,0.85835254
00239_id01018_VNPt_GB5QiE_id03589_wavtolip.mp4,1,FVFA,1,1.8065954406143538,0.8589499
00239_id03371_truKMXt8Dak_id00271_wavtolip.mp4,1,FVFA,1,1.8075885906459859,0.8590702
00010_id00330_zCFFgGSIZ_s_id00188_wavtolip.mp4,1,FVFA,1,1.8127478220615771,0.85969365
00010_id00395_wM5kGJfTtEM_id00325_wavtolip.mp4,1,FVFA,1,1.8088041699360153,0.8592173
00010_id00495_E46aiMUC4A0_id00806_wavtolip.mp4,1,FVFA,1,1.7994727190599442,0.85808474
00010_id00591_1Jo8xElXQMs_id00735_wavtolip.mp4,1,FVFA,1,1.8142167184948514,0.85987073
00010_id00826_MYagwzy91Yk_id00271_wavtolip.mp4,1,FVFA,1,1.8075885906459859,0.8590702
00010_id03371_truKMXt8Dak_id00287_wavtolip.mp4,1,FVFA,1,1.8124681611354514,0.8596599
00010_id03858_uKVqPfRf-ac_id00735_wavtolip.mp4,1,FVFA,1,1.8142167184948514,0.85987073
00130_id00271_je6JSLqEEcw_id00735_wavtolip.mp4,1,FVFA,1,1.8142167184948514,0.85987073
00130_id00373_5NXv3Dxkd6E_id03371_wavtolip.mp4,1,FVFA,1,1.8060391333213928,0.8588825
00130_id00495_E46aiMUC4A0_id00325_wavtolip.mp4,1,FVFA,1,1.8094503168293883,0.8592954
00130_id00591_1Jo8xElXQMs_id03620_wavtolip.mp4,1,FVFA,1,1.8037164549704727,0.85860074
00130_id00634_z5t9oJizDQg_id00897_wavtolip.mp4,1,FVFA,1,1.8127048316519399,0.85968846
00130_id00897_0ayFw8JhoyI_id00379_wavtolip.mp4,1,FVFA,1,1.8125798211184767,0.8596734
00130_id03589_9NxOQlwpMys_id00897_wavtolip.mp4,1,FVFA,1,1.8127048316519399,0.85968846
00130_id03620_YkXM5A8w07E_id03858_wavtolip.mp4,1,FVFA,1,1.8105219751679724,0.85942495
00130_id03649_389qfFqUddI_id00495_wavtolip.mp4,1,FVFA,1,1.8154499905158847,0.86001927
00130_id03858_uKVqPfRf-ac_id00634_wavtolip.mp4,1,FVFA,1,1.8085553527785592,0.8591872
00001_id00188_e-vm5FB3idA_id03858_wavtolip.mp4,1,FVFA,1,1.8139921551662717,0.8598437
00001_id00270_hoEQ70-sDME_id00270_wavtolip.mp4,1,FVFA,1,1.8143606757538444,0.8598881
00001_id00581_7AxvP19LGKg_id00735_wavtolip.mp4,1,FVFA,1,1.813467985553183,0.8597805
00001_id00633_UXrTMta1EDM_id00287_wavtolip.mp4,1,FVFA,1,1.8114962088135649,0.8595426
00001_id00634_z5t9oJizDQg_id03620_wavtolip.mp4,1,FVFA,1,1.8126934665934322,0.8596871
00001_id00897_0ayFw8JhoyI_id00373_wavtolip.mp4,1,FVFA,1,1.8015397870711107,0.85833627
00001_id03649_389qfFqUddI_id00591_wavtolip.mp4,1,FVFA,1,1.8124355541597728,0.859656
00001_id03844_AEAEN1Lns2c_id03589_wavtolip.mp4,1,FVFA,1,1.8085898396304319,0.85919136
00088_id00188_e-vm5FB3idA_id00188_wavtolip.mp4,1,FVFA,1,1.8127478220615771,0.85969365
00088_id00270_hoEQ70-sDME_id00823_wavtolip.mp4,1,FVFA,1,1.8105693385297177,0.8594307
00088_id00332__zNddcZV1EU_id00071_wavtolip.mp4,1,FVFA,1,1.8140930557840913,0.85985583
00088_id00379_fgkgYHCuk4g_id00262_wavtolip.mp4,1,FVFA,1,1.7928016102684348,0.8572704
00088_id00491_ShjiTWoOtM4_id03844_wavtolip.mp4,1,FVFA,1,1.8078283717295631,0.8590992
00088_id00569_gSynmpwioV4_id00287_wavtolip.mp4,1,FVFA,1,1.8124681611354514,0.8596599
00088_id00581_7AxvP19LGKg_id00813_wavtolip.mp4,1,FVFA,1,1.7972278839566775,0.85781115
00088_id01001_dHJc8dh9X8c_id00330_wavtolip.mp4,1,FVFA,1,1.8066057720285686,0.85895115
00088_id01002_eQTviHjyISo_id00262_wavtolip.mp4,1,FVFA,1,1.7928016102684348,0.8572704
00078_id00395_wM5kGJfTtEM_id00379_wavtolip.mp4,1,FVFA,1,1.8125798211184767,0.8596734
00078_id00484_u7YTz8eFZv0_id00330_wavtolip.mp4,1,FVFA,1,1.8066057720285686,0.85895115
00078_id00495_E46aiMUC4A0_id00328_wavtolip.mp4,1,FVFA,1,1.8105757524422617,0.85943145
00078_id00581_7AxvP19LGKg_id00434_wavtolip.mp4,1,FVFA,1,1.795428752271893,0.85759157
00078_id00589_uOzKwYEVR6s_id00330_wavtolip.mp4,1,FVFA,1,1.8066057720285686,0.85895115
00078_id00591_1Jo8xElXQMs_id00071_wavtolip.mp4,1,FVFA,1,1.8140930557840913,0.85985583
00078_id00826_MYagwzy91Yk_id00806_wavtolip.mp4,1,FVFA,1,1.8043410896453809,0.85867655
00078_id03589_9NxOQlwpMys_id00569_wavtolip.mp4,1,FVFA,1,1.8122251093497919,0.8596306
00078_id03649_389qfFqUddI_id00232_wavtolip.mp4,1,FVFA,1,1.8089968490228854,0.8592406
00037_id00068_A7uFnQw--bY_id00374_wavtolip.mp4,1,FVFA,1,1.8068640822917248,0.85898244
00037_id00188_e-vm5FB3idA_id03941_wavtolip.mp4,1,FVFA,1,1.809692884179444,0.85932475
00037_id00262_3p7sRWAAh1Q_id00271_wavtolip.mp4,1,FVFA,1,1.8075885906459859,0.8590702
00037_id00373_5NXv3Dxkd6E_id00395_wavtolip.mp4,1,FVFA,1,1.8134566142528372,0.8597791
00037_id00495_E46aiMUC4A0_id03941_wavtolip.mp4,1,FVFA,1,1.809692884179444,0.85932475
00037_id00826_MYagwzy91Yk_id00495_wavtolip.mp4,1,FVFA,1,1.8154499905158847,0.86001927
00037_id03371_truKMXt8Dak_id01002_wavtolip.mp4,1,FVFA,1,1.8082326957718478,0.85914814
00037_id03844_AEAEN1Lns2c_id00735_wavtolip.mp4,1,FVFA,1,1.813467985553183,0.8597805
00037_id03941_SsYtP8Ze88Q_id00633_wavtolip.mp4,1,FVFA,1,1.8056393785276792,0.858834
00005_id00365_XV-imLNJvfk_id00496_wavtolip.mp4,1,FVFA,1,1.7664911913505366,0.8540208
00005_id00373_5NXv3Dxkd6E_id00496_wavtolip.mp4,1,FVFA,1,1.7664911913505366,0.8540208
00005_id00379_fgkgYHCuk4g_id00496_wavtolip.mp4,1,FVFA,1,1.7664911913505366,0.8540208
00005_id00569_gSynmpwioV4_id03858_wavtolip.mp4,1,FVFA,1,1.8110899484132847,0.85949355
00005_id00813_dKs9CWJIkSI_id01002_wavtolip.mp4,1,FVFA,1,1.8082326957718478,0.85914814
00005_id01002_eQTviHjyISo_id03620_wavtolip.mp4,1,FVFA,1,1.7833166563072143,0.8561059
00005_id03858_uKVqPfRf-ac_id03589_wavtolip.mp4,1,FVFA,1,1.7950525167055698,0.8575456
00169_id00262_3p7sRWAAh1Q_id00634_wavtolip.mp4,1,FVFA,1,1.8099695217269318,0.8593582
00169_id00330_zCFFgGSIZ_s_id03371_wavtolip.mp4,1,FVFA,1,1.8012731494849117,0.85830384
00169_id00365_XV-imLNJvfk_id00823_wavtolip.mp4,1,FVFA,1,1.8105693385297177,0.8594307
00169_id00496_SImaDcXQnh8_id00330_wavtolip.mp4,1,FVFA,1,1.8066057720285686,0.85895115
00169_id00806_0sk9s9lFIAk_id00234_wavtolip.mp4,1,FVFA,1,1.806040608643751,0.85888267
00169_id00897_0ayFw8JhoyI_id00330_wavtolip.mp4,1,FVFA,1,1.8066057720285686,0.85895115
00169_id03589_9NxOQlwpMys_id00806_wavtolip.mp4,1,FVFA,1,1.7912125078840575,0.85707587
00169_id03858_uKVqPfRf-ac_id00332_wavtolip.mp4,1,FVFA,1,1.8115929784866278,0.8595543
00125_id00262_3p7sRWAAh1Q_id00434_wavtolip.mp4,1,FVFA,1,1.8117727114615751,0.859576
00125_id00330_zCFFgGSIZ_s_id03858_wavtolip.mp4,1,FVFA,1,1.813663784274468,0.8598041
00125_id00373_5NXv3Dxkd6E_id03858_wavtolip.mp4,1,FVFA,1,1.813663784274468,0.8598041
00125_id00395_wM5kGJfTtEM_id00328_wavtolip.mp4,1,FVFA,1,1.8112631992710078,0.8595145
00125_id00495_E46aiMUC4A0_id03620_wavtolip.mp4,1,FVFA,1,1.811817154515713,0.85958135
00125_id00581_7AxvP19LGKg_id00735_wavtolip.mp4,1,FVFA,1,1.813467985553183,0.8597805
00125_id00634_z5t9oJizDQg_id00633_wavtolip.mp4,1,FVFA,1,1.8101372076189504,0.85937846
00125_id00813_dKs9CWJIkSI_id00395_wavtolip.mp4,1,FVFA,1,1.813285067228749,0.85975844
00125_id03589_9NxOQlwpMys_id00403_wavtolip.mp4,1,FVFA,1,1.8145749078121984,0.8599139
00065_id00068_A7uFnQw--bY_id00806_wavtolip.mp4,1,FVFA,1,1.8102664381833975,0.8593941
00065_id00271_je6JSLqEEcw_id00434_wavtolip.mp4,1,FVFA,1,1.8065388651809655,0.85894305
00065_id00374_w1qI7y9AGTc_id00826_wavtolip.mp4,1,FVFA,1,1.8107509130238368,0.8594526
00065_id00484_u7YTz8eFZv0_id03620_wavtolip.mp4,1,FVFA,1,1.8077934113412122,0.859095
00065_id00495_E46aiMUC4A0_id00806_wavtolip.mp4,1,FVFA,1,1.8102664381833975,0.8593941
00065_id00581_7AxvP19LGKg_id00823_wavtolip.mp4,1,FVFA,1,1.8105693385297177,0.8594307
00065_id00634_z5t9oJizDQg_id03716_wavtolip.mp4,1,FVFA,1,1.8079170076339108,0.85910994
00065_id00735_ivJSkq5hGOQ_id03589_wavtolip.mp4,1,FVFA,1,1.8007370876536328,0.85823864
00065_id03371_truKMXt8Dak_id03858_wavtolip.mp4,1,FVFA,1,1.8105219751679724,0.85942495
00065_id03649_389qfFqUddI_id00495_wavtolip.mp4,1,FVFA,1,1.8154499905158847,0.86001927
00005_id00234_M3g5KRLJB60_id00328_wavtolip.mp4,1,FVFA,1,1.8105757524422617,0.85943145
00005_id00330_zCFFgGSIZ_s_id00328_wavtolip.mp4,1,FVFA,1,1.8105757524422617,0.85943145
00005_id00332__zNddcZV1EU_id00634_wavtolip.mp4,1,FVFA,1,1.8099695217269318,0.8593582
00005_id00496_SImaDcXQnh8_id00232_wavtolip.mp4,1,FVFA,1,1.8089968490228854,0.8592406
00005_id00591_1Jo8xElXQMs_id00328_wavtolip.mp4,1,FVFA,1,1.8105757524422617,0.85943145
00005_id00813_dKs9CWJIkSI_id00484_wavtolip.mp4,1,FVFA,1,1.811988520477724,0.85960203
00005_id03371_truKMXt8Dak_id03589_wavtolip.mp4,1,FVFA,1,1.7950525167055698,0.8575456
00086_id00188_e-vm5FB3idA_id00379_wavtolip.mp4,1,FVFA,1,1.8122982180201939,0.8596394
00086_id00262_3p7sRWAAh1Q_id03844_wavtolip.mp4,1,FVFA,1,1.8078283717295631,0.8590992
00086_id00332__zNddcZV1EU_id03649_wavtolip.mp4,1,FVFA,1,1.8125981025895541,0.8596756
00086_id00374_w1qI7y9AGTc_id03651_wavtolip.mp4,1,FVFA,1,1.812995907639637,0.85972357
00086_id00569_gSynmpwioV4_id00806_wavtolip.mp4,1,FVFA,1,1.8114029015771593,0.85953134
00086_id00633_UXrTMta1EDM_id00325_wavtolip.mp4,1,FVFA,1,1.8124819946289163,0.8596616
00086_id00735_ivJSkq5hGOQ_id00271_wavtolip.mp4,1,FVFA,1,1.8075885906459859,0.8590702
00086_id03816_XXD0yTNei50_id00287_wavtolip.mp4,1,FVFA,1,1.8124681611354514,0.8596599
00043_id00188_e-vm5FB3idA_id00232_wavtolip.mp4,1,FVFA,1,1.8133107732149918,0.85976154
00043_id00287_2NpfYjyMsPM_id03649_wavtolip.mp4,1,FVFA,1,1.8124696432888814,0.8596601
00043_id00325_4vJtbNe0L98_id00330_wavtolip.mp4,1,FVFA,1,1.8120690253245875,0.85961175
00043_id00491_ShjiTWoOtM4_id00581_wavtolip.mp4,1,FVFA,1,1.8136192821426127,0.8597987
00043_id00581_7AxvP19LGKg_id00271_wavtolip.mp4,1,FVFA,1,1.8075885906459859,0.8590702
00043_id00633_UXrTMta1EDM_id00484_wavtolip.mp4,1,FVFA,1,1.8106196638685803,0.85943675
00043_id01001_dHJc8dh9X8c_id03844_wavtolip.mp4,1,FVFA,1,1.8074743768044703,0.85905635
00043_id03371_truKMXt8Dak_id00373_wavtolip.mp4,1,FVFA,1,1.7995167715215459,0.8580901
00072_id00232_kL0cCveU1zg_id00270_wavtolip.mp4,1,FVFA,1,1.814444286645079,0.85989815
00072_id00287_2NpfYjyMsPM_id03589_wavtolip.mp4,1,FVFA,1,1.7950525167055698,0.8575456
00072_id00491_ShjiTWoOtM4_id00496_wavtolip.mp4,1,FVFA,1,1.7702071056720583,0.8544834
00072_id00591_1Jo8xElXQMs_id00735_wavtolip.mp4,1,FVFA,1,1.8142167184948514,0.85987073
00072_id03620_YkXM5A8w07E_id00379_wavtolip.mp4,1,FVFA,1,1.8125798211184767,0.8596734
00072_id03649_389qfFqUddI_id00271_wavtolip.mp4,1,FVFA,1,1.8075885906459859,0.8590702
00072_id03651_EjcoRkL6loI_id00823_wavtolip.mp4,1,FVFA,1,1.8105693385297177,0.8594307
00430_id00068_A7uFnQw--bY_id00735_wavtolip.mp4,1,FVFA,1,1.8142167184948514,0.85987073
00430_id00330_zCFFgGSIZ_s_id00434_wavtolip.mp4,1,FVFA,1,1.791846179903887,0.8571535
00430_id00491_ShjiTWoOtM4_id00495_wavtolip.mp4,1,FVFA,1,1.8154499905158847,0.86001927
00430_id00569_gSynmpwioV4_id00234_wavtolip.mp4,1,FVFA,1,1.806040608643751,0.85888267
00430_id00806_0sk9s9lFIAk_id00042_wavtolip.mp4,1,FVFA,1,1.8057721257026083,0.8588501
00430_id03858_uKVqPfRf-ac_id00496_wavtolip.mp4,1,FVFA,1,1.7804648454417464,0.85575426
00002_id00068_A7uFnQw--bY_id00287_wavtolip.mp4,1,FVFA,1,1.8124681611354514,0.8596599
00002_id00262_3p7sRWAAh1Q_id03651_wavtolip.mp4,1,FVFA,1,1.812995907639637,0.85972357
00002_id00287_2NpfYjyMsPM_id00071_wavtolip.mp4,1,FVFA,1,1.8140930557840913,0.85985583
00002_id00395_wM5kGJfTtEM_id00271_wavtolip.mp4,1,FVFA,1,1.8075885906459859,0.8590702
00002_id00495_E46aiMUC4A0_id00581_wavtolip.mp4,1,FVFA,1,1.806851288655938,0.8589809
00002_id00496_SImaDcXQnh8_id00271_wavtolip.mp4,1,FVFA,1,1.8075885906459859,0.8590702
00002_id00634_z5t9oJizDQg_id00374_wavtolip.mp4,1,FVFA,1,1.8070806077984414,0.85900867
00002_id03649_389qfFqUddI_id00633_wavtolip.mp4,1,FVFA,1,1.7984633195685407,0.8579618
00002_id03858_uKVqPfRf-ac_id01002_wavtolip.mp4,1,FVFA,1,1.8082326957718478,0.85914814
00081_id00287_2NpfYjyMsPM_id00270_wavtolip.mp4,1,FVFA,1,1.814444286645079,0.85989815
00081_id00325_4vJtbNe0L98_id00897_wavtolip.mp4,1,FVFA,1,1.803183870508462,0.85853606
00081_id00365_XV-imLNJvfk_id00071_wavtolip.mp4,1,FVFA,1,1.8140930557840913,0.85985583
00081_id00373_5NXv3Dxkd6E_id00484_wavtolip.mp4,1,FVFA,1,1.811988520477724,0.85960203
00081_id00374_w1qI7y9AGTc_id00232_wavtolip.mp4,1,FVFA,1,1.8089968490228854,0.8592406
00081_id00496_SImaDcXQnh8_id00332_wavtolip.mp4,1,FVFA,1,1.8115929784866278,0.8595543
00081_id01018_VNPt_GB5QiE_id00484_wavtolip.mp4,1,FVFA,1,1.811988520477724,0.85960203
00081_id03844_AEAEN1Lns2c_id00373_wavtolip.mp4,1,FVFA,1,1.7676257050321167,0.85416216
00001_id00068_A7uFnQw--bY_id00270_wavtolip.mp4,1,FVFA,1,1.8143606757538444,0.8598881
00001_id00188_e-vm5FB3idA_id01002_wavtolip.mp4,1,FVFA,1,1.8082326957718478,0.85914814
00001_id00325_4vJtbNe0L98_id03941_wavtolip.mp4,1,FVFA,1,1.809692884179444,0.85932475
00001_id00569_gSynmpwioV4_id00434_wavtolip.mp4,1,FVFA,1,1.8110218386014587,0.8594853
00001_id00589_uOzKwYEVR6s_id00373_wavtolip.mp4,1,FVFA,1,1.7959598510172465,0.8576564
00001_id00591_1Jo8xElXQMs_id00287_wavtolip.mp4,1,FVFA,1,1.8124681611354514,0.8596599
00001_id00633_UXrTMta1EDM_id00287_wavtolip.mp4,1,FVFA,1,1.8124681611354514,0.8596599
00001_id00634_z5t9oJizDQg_id03941_wavtolip.mp4,1,FVFA,1,1.809692884179444,0.85932475
00001_id00826_MYagwzy91Yk_id00634_wavtolip.mp4,1,FVFA,1,1.8131565444287963,0.85974294
00001_id03589_9NxOQlwpMys_id00434_wavtolip.mp4,1,FVFA,1,1.8110218386014587,0.8594853
00092_id00325_4vJtbNe0L98_id00332_wavtolip.mp4,1,FVFA,1,1.8149292300882698,0.85995656
00092_id00395_wM5kGJfTtEM_id00328_wavtolip.mp4,1,FVFA,1,1.8135871426003296,0.85979486
00092_id00897_0ayFw8JhoyI_id00826_wavtolip.mp4,1,FVFA,1,1.8107509130238368,0.8594526
00092_id01002_eQTviHjyISo_id03941_wavtolip.mp4,1,FVFA,1,1.8096835159561693,0.8593236
00092_id01018_VNPt_GB5QiE_id00330_wavtolip.mp4,1,FVFA,1,1.8125017570012276,0.85966396
00092_id03371_truKMXt8Dak_id00325_wavtolip.mp4,1,FVFA,1,1.8142142451327699,0.85987043
00092_id03649_389qfFqUddI_id03651_wavtolip.mp4,1,FVFA,1,1.8122932781240613,0.8596388
00092_id03716_s-lxbGafZQA_id00395_wavtolip.mp4,1,FVFA,1,1.813285067228749,0.85975844
00092_id03858_uKVqPfRf-ac_id00813_wavtolip.mp4,1,FVFA,1,1.8097382469947778,0.85933024
00040_id00365_XV-imLNJvfk_id03716_wavtolip.mp4,1,FVFA,1,1.798382129596987,0.8579519
00040_id00379_fgkgYHCuk4g_id00823_wavtolip.mp4,1,FVFA,1,1.8105693385297177,0.8594307
00040_id00395_wM5kGJfTtEM_id00232_wavtolip.mp4,1,FVFA,1,1.8089968490228854,0.8592406
00040_id00591_1Jo8xElXQMs_id00823_wavtolip.mp4,1,FVFA,1,1.8105693385297177,0.8594307
00040_id00633_UXrTMta1EDM_id00826_wavtolip.mp4,1,FVFA,1,1.8112622120254944,0.85951436
00040_id00897_0ayFw8JhoyI_id00232_wavtolip.mp4,1,FVFA,1,1.8089968490228854,0.8592406
00040_id03651_EjcoRkL6loI_id00328_wavtolip.mp4,1,FVFA,1,1.8105757524422617,0.85943145
00040_id03816_XXD0yTNei50_id00581_wavtolip.mp4,1,FVFA,1,1.8041421779524578,0.8586524
00093_id00071_JU1cVINUTZA_id00330_wavtolip.mp4,1,FVFA,1,1.810633972385567,0.8594385
00093_id00262_3p7sRWAAh1Q_id00826_wavtolip.mp4,1,FVFA,1,1.8107509130238368,0.8594526
00093_id00287_2NpfYjyMsPM_id00270_wavtolip.mp4,1,FVFA,1,1.8143606757538444,0.8598881
00093_id00379_fgkgYHCuk4g_id00484_wavtolip.mp4,1,FVFA,1,1.811988520477724,0.85960203
00093_id00395_wM5kGJfTtEM_id00332_wavtolip.mp4,1,FVFA,1,1.8126786427437134,0.8596853
00093_id00495_E46aiMUC4A0_id03651_wavtolip.mp4,1,FVFA,1,1.812995907639637,0.85972357
00093_id00633_UXrTMta1EDM_id00484_wavtolip.mp4,1,FVFA,1,1.811988520477724,0.85960203
00093_id00897_0ayFw8JhoyI_id00270_wavtolip.mp4,1,FVFA,1,1.8143606757538444,0.8598881
00093_id01018_VNPt_GB5QiE_id03651_wavtolip.mp4,1,FVFA,1,1.812995907639637,0.85972357
00093_id03941_SsYtP8Ze88Q_id03649_wavtolip.mp4,1,FVFA,1,1.8125981025895541,0.8596756
00028_id00068_A7uFnQw--bY_id03844_wavtolip.mp4,1,FVFA,1,1.8074743768044703,0.85905635
00028_id00330_zCFFgGSIZ_s_id00328_wavtolip.mp4,1,FVFA,1,1.8097614220472655,0.85933304
00028_id00365_XV-imLNJvfk_id00071_wavtolip.mp4,1,FVFA,1,1.8140930557840913,0.85985583
00028_id00484_u7YTz8eFZv0_id00379_wavtolip.mp4,1,FVFA,1,1.8122982180201939,0.8596394
00028_id00495_E46aiMUC4A0_id00374_wavtolip.mp4,1,FVFA,1,1.8110045649040323,0.85948324
00028_id00496_SImaDcXQnh8_id01018_wavtolip.mp4,1,FVFA,1,1.8158798144428272,0.860071
00028_id00735_ivJSkq5hGOQ_id00634_wavtolip.mp4,1,FVFA,1,1.8132059748684588,0.8597489
00028_id03858_uKVqPfRf-ac_id00374_wavtolip.mp4,1,FVFA,1,1.8110045649040323,0.85948324
00092_id00270_hoEQ70-sDME_id00287_wavtolip.mp4,1,FVFA,1,1.8124681611354514,0.8596599
00092_id00395_wM5kGJfTtEM_id03620_wavtolip.mp4,1,FVFA,1,1.8016270435222221,0.8583469
00092_id00495_E46aiMUC4A0_id03649_wavtolip.mp4,1,FVFA,1,1.8125981025895541,0.8596756
00092_id00581_7AxvP19LGKg_id00581_wavtolip.mp4,1,FVFA,1,1.8067961789528397,0.8589742
00092_id00823_KgExwCvgrUk_id03941_wavtolip.mp4,1,FVFA,1,1.809692884179444,0.85932475
00092_id03371_truKMXt8Dak_id00735_wavtolip.mp4,1,FVFA,1,1.8142167184948514,0.85987073
00092_id03716_s-lxbGafZQA_id00581_wavtolip.mp4,1,FVFA,1,1.8067961789528397,0.8589742
00092_id03844_AEAEN1Lns2c_id00806_wavtolip.mp4,1,FVFA,1,1.8064001421040226,0.85892624
00021_id00068_A7uFnQw--bY_id00569_wavtolip.mp4,1,FVFA,1,1.8121347167820334,0.8596197
00021_id00262_3p7sRWAAh1Q_id00395_wavtolip.mp4,1,FVFA,1,1.813285067228749,0.85975844
00021_id00287_2NpfYjyMsPM_id00434_wavtolip.mp4,1,FVFA,1,1.811827524766072,0.8595826
00021_id00332__zNddcZV1EU_id00271_wavtolip.mp4,1,FVFA,1,1.8075885906459859,0.8590702
00021_id00365_XV-imLNJvfk_id00270_wavtolip.mp4,1,FVFA,1,1.8143606757538444,0.8598881
00021_id00495_E46aiMUC4A0_id01002_wavtolip.mp4,1,FVFA,1,1.8082115163244268,0.8591456
00021_id00735_ivJSkq5hGOQ_id00379_wavtolip.mp4,1,FVFA,1,1.8122982180201939,0.8596394
00021_id00806_0sk9s9lFIAk_id00042_wavtolip.mp4,1,FVFA,1,1.8055907077320732,0.8588281
00021_id01001_dHJc8dh9X8c_id03589_wavtolip.mp4,1,FVFA,1,1.8077663299535862,0.8590917
00021_id03816_XXD0yTNei50_id01002_wavtolip.mp4,1,FVFA,1,1.8082115163244268,0.8591456
00028_id00068_wavtolip.mp4,1,FVRA,1,1.7578762758513693,0.8529435
00028_id00271_wavtolip.mp4,1,FVRA,1,1.8048441436318272,0.8587376
00028_id00325_wavtolip.mp4,1,FVRA,1,1.811898143289343,0.8595911
00028_id00379_wavtolip.mp4,1,FVRA,1,1.8088495037921826,0.85922277
00028_id00496_wavtolip.mp4,1,FVRA,1,1.8056305291656647,0.85883296
00028_id00569_wavtolip.mp4,1,FVRA,1,1.809248209664221,0.859271
00028_id01018_wavtolip.mp4,1,FVRA,1,1.8111249917174002,0.8594978
00028_id03620_wavtolip.mp4,1,FVRA,1,1.8003315031091554,0.8581893
00028_id03716_wavtolip.mp4,1,FVRA,1,1.7913477839766017,0.85709244
00028_id03941_wavtolip.mp4,1,FVRA,1,1.8132761691135164,0.85975736
00004_id00068_wavtolip.mp4,1,FVRA,1,1.7300714552651761,0.84942156
00004_id00071_wavtolip.mp4,1,FVRA,1,1.8158352412632883,0.86006564
00004_id00234_wavtolip.mp4,1,FVRA,1,1.7906083044665009,0.85700184
00004_id00262_wavtolip.mp4,1,FVRA,1,1.773665149184825,0.8549129
00004_id00365_wavtolip.mp4,1,FVRA,1,1.8102915951470981,0.8593971
00004_id00484_wavtolip.mp4,1,FVRA,1,1.7967617627913153,0.8577543
00004_id00496_wavtolip.mp4,1,FVRA,1,1.7976311015640052,0.8578603
00004_id00591_wavtolip.mp4,1,FVRA,1,1.8104558665051425,0.85941696
00004_id03589_wavtolip.mp4,1,FVRA,1,1.7923340399219327,0.8572132
00004_id03716_wavtolip.mp4,1,FVRA,1,1.7798396710110589,0.85567707
00014_id00188_wavtolip.mp4,1,FVRA,1,1.8125976084925801,0.8596755
00014_id00330_wavtolip.mp4,1,FVRA,1,1.780365861078405,0.85574204
00014_id00589_wavtolip.mp4,1,FVRA,1,1.8054810817629674,0.85881484
00014_id00633_wavtolip.mp4,1,FVRA,1,1.812804156335071,0.85970044
00014_id00813_wavtolip.mp4,1,FVRA,1,1.8090574671412951,0.8592479
00014_id01001_wavtolip.mp4,1,FVRA,1,1.8128906388290935,0.8597109
00014_id01018_wavtolip.mp4,1,FVRA,1,1.8123703425026665,0.8596481
00014_id03716_wavtolip.mp4,1,FVRA,1,1.8007694219285373,0.8582426
00014_id03816_wavtolip.mp4,1,FVRA,1,1.8048303858347718,0.8587359
00014_id03844_wavtolip.mp4,1,FVRA,1,1.8120156841688053,0.8596053
00020_id00071_wavtolip.mp4,1,FVRA,1,1.8158352412632883,0.86006564
00020_id00188_wavtolip.mp4,1,FVRA,1,1.8114335096102245,0.85953504
00020_id00262_wavtolip.mp4,1,FVRA,1,1.7946178491176084,0.8574925
00020_id00365_wavtolip.mp4,1,FVRA,1,1.8102575593636414,0.859393
00020_id00374_wavtolip.mp4,1,FVRA,1,1.8056506861275965,0.8588354
00020_id00633_wavtolip.mp4,1,FVRA,1,1.8119198727873034,0.85959375
00020_id03620_wavtolip.mp4,1,FVRA,1,1.8024827399724352,0.8584509
00020_id03716_wavtolip.mp4,1,FVRA,1,1.7973256229955608,0.8578231
00020_id03816_wavtolip.mp4,1,FVRA,1,1.8028099557797088,0.85849065
00020_id03844_wavtolip.mp4,1,FVRA,1,1.8110455285924965,0.8594882
00025_id00330_wavtolip.mp4,1,FVRA,1,1.740823478208811,0.85079163
00025_id00332_wavtolip.mp4,1,FVRA,1,1.793336098115974,0.8573358
00025_id00581_wavtolip.mp4,1,FVRA,1,1.808713506652909,0.8592063
00025_id00634_wavtolip.mp4,1,FVRA,1,1.8000660755803766,0.858157
00025_id01002_wavtolip.mp4,1,FVRA,1,1.7775060514075396,0.85538864
00025_id03371_wavtolip.mp4,1,FVRA,1,1.7989921480429634,0.8580262
00025_id03649_wavtolip.mp4,1,FVRA,1,1.8021502064518982,0.8584105
00025_id03651_wavtolip.mp4,1,FVRA,1,1.8141974263873817,0.8598684
00025_id03716_wavtolip.mp4,1,FVRA,1,1.7735676029801384,0.8549008
00025_id03844_wavtolip.mp4,1,FVRA,1,1.8114201802226972,0.8595334
00063_id00071_wavtolip.mp4,1,FVRA,1,1.8158352412632883,0.86006564
00063_id00328_wavtolip.mp4,1,FVRA,1,1.8124933579586686,0.85966295
00063_id00484_wavtolip.mp4,1,FVRA,1,1.7967617627913153,0.8577543
00063_id00569_wavtolip.mp4,1,FVRA,1,1.809248209664221,0.859271
00063_id00581_wavtolip.mp4,1,FVRA,1,1.8084587941384098,0.8591755
00063_id00826_wavtolip.mp4,1,FVRA,1,1.8101460856706704,0.85937953
00063_id03371_wavtolip.mp4,1,FVRA,1,1.798013899389047,0.857907
00063_id03651_wavtolip.mp4,1,FVRA,1,1.8141974263873817,0.8598684
00063_id03816_wavtolip.mp4,1,FVRA,1,1.8023836582729422,0.85843885
00063_id03844_wavtolip.mp4,1,FVRA,1,1.8114201802226972,0.8595334
00028_id00068_wavtolip.mp4,1,FVRA,1,1.729909293424388,0.8494008
00028_id00270_wavtolip.mp4,1,FVRA,1,1.8005406485377033,0.85821474
00028_id00271_wavtolip.mp4,1,FVRA,1,1.8048441436318272,0.8587376
00028_id00365_wavtolip.mp4,1,FVRA,1,1.8102915951470981,0.8593971
00028_id00373_wavtolip.mp4,1,FVRA,1,1.7288249589591778,0.84926206
00028_id00496_wavtolip.mp4,1,FVRA,1,1.7739342771849542,0.85494626
00028_id00633_wavtolip.mp4,1,FVRA,1,1.8022188646968074,0.8584188
00028_id00634_wavtolip.mp4,1,FVRA,1,1.7990200381739732,0.8580296
00028_id00826_wavtolip.mp4,1,FVRA,1,1.8101460856706704,0.85937953
00028_id03816_wavtolip.mp4,1,FVRA,1,1.8023836582729422,0.85843885
00088_id00188_wavtolip.mp4,1,FVRA,1,1.8116640788643295,0.8595629
00088_id00234_wavtolip.mp4,1,FVRA,1,1.7934062739421939,0.8573444
00088_id00328_wavtolip.mp4,1,FVRA,1,1.8124933579586686,0.85966295
00088_id00365_wavtolip.mp4,1,FVRA,1,1.8102915951470981,0.8593971
00088_id00373_wavtolip.mp4,1,FVRA,1,1.7756940072103755,0.85516435
00088_id00491_wavtolip.mp4,1,FVRA,1,1.797397954285921,0.8578319
00088_id00634_wavtolip.mp4,1,FVRA,1,1.8046476165597076,0.85871375
00088_id00826_wavtolip.mp4,1,FVRA,1,1.8101460856706704,0.85937953
00088_id00897_wavtolip.mp4,1,FVRA,1,1.8135812092276482,0.85979414
00088_id01002_wavtolip.mp4,1,FVRA,1,1.7775060514075396,0.85538864
00028_id00188_wavtolip.mp4,1,FVRA,1,1.8141608215864633,0.859864
00028_id00270_wavtolip.mp4,1,FVRA,1,1.8100499097943992,0.8593679
00028_id00365_wavtolip.mp4,1,FVRA,1,1.8121673167026937,0.8596236
00028_id00491_wavtolip.mp4,1,FVRA,1,1.8023395152275372,0.8584335
00028_id00633_wavtolip.mp4,1,FVRA,1,1.8134576030578695,0.85977924
00028_id00806_wavtolip.mp4,1,FVRA,1,1.8111560872195478,0.85950154
00028_id01001_wavtolip.mp4,1,FVRA,1,1.813986714654876,0.859843
00028_id01002_wavtolip.mp4,1,FVRA,1,1.7848464517986418,0.8562943
00028_id01018_wavtolip.mp4,1,FVRA,1,1.8131550615427667,0.85974276
00028_id03844_wavtolip.mp4,1,FVRA,1,1.812949449998634,0.85971797
00005_id00068_wavtolip.mp4,1,FVRA,1,1.7781793606048408,0.8554719
00005_id00188_wavtolip.mp4,1,FVRA,1,1.8134847954719555,0.8597825
00005_id00270_wavtolip.mp4,1,FVRA,1,1.8098437705689807,0.859343
00005_id00328_wavtolip.mp4,1,FVRA,1,1.8143943174009407,0.85989213
00005_id00365_wavtolip.mp4,1,FVRA,1,1.8120477873970096,0.8596092
00005_id00581_wavtolip.mp4,1,FVRA,1,1.8151232548785194,0.8599799
00005_id00826_wavtolip.mp4,1,FVRA,1,1.81349567258657,0.8597838
00005_id03371_wavtolip.mp4,1,FVRA,1,1.8087765761377517,0.85921395
00005_id03620_wavtolip.mp4,1,FVRA,1,1.8069108292678004,0.8589881
00005_id03816_wavtolip.mp4,1,FVRA,1,1.8070589537329116,0.85900605
00015_id00042_wavtolip.mp4,1,FVRA,1,1.7899936660778315,0.8569265
00015_id00188_wavtolip.mp4,1,FVRA,1,1.8116640788643295,0.8595629
00015_id00262_wavtolip.mp4,1,FVRA,1,1.766839292543318,0.85406417
00015_id00569_wavtolip.mp4,1,FVRA,1,1.809248209664221,0.859271
00015_id00581_wavtolip.mp4,1,FVRA,1,1.8094212313073272,0.8592919
00015_id00589_wavtolip.mp4,1,FVRA,1,1.7909468597781917,0.8570433
00015_id00591_wavtolip.mp4,1,FVRA,1,1.8104558665051425,0.85941696
00015_id03371_wavtolip.mp4,1,FVRA,1,1.799716982997513,0.8581145
00015_id03649_wavtolip.mp4,1,FVRA,1,1.8021502064518982,0.8584105
00015_id03858_wavtolip.mp4,1,FVRA,1,1.8080898638786658,0.85913086
00092_id00068_wavtolip.mp4,1,FVRA,1,1.7609893977474704,0.85333353
00092_id00188_wavtolip.mp4,1,FVRA,1,1.8116640788643295,0.8595629
00092_id00271_wavtolip.mp4,1,FVRA,1,1.8048441436318272,0.8587376
00092_id00328_wavtolip.mp4,1,FVRA,1,1.8119786429034477,0.85960084
00092_id00395_wavtolip.mp4,1,FVRA,1,1.8102506536541174,0.85939217
00092_id00491_wavtolip.mp4,1,FVRA,1,1.797397954285921,0.8578319
00092_id00569_wavtolip.mp4,1,FVRA,1,1.809248209664221,0.859271
00092_id00735_wavtolip.mp4,1,FVRA,1,1.8108352940207892,0.8594628
00092_id03651_wavtolip.mp4,1,FVRA,1,1.8141974263873817,0.8598684
00092_id03716_wavtolip.mp4,1,FVRA,1,1.793141183729616,0.85731196
00118_id00262_wavtolip.mp4,1,FVRA,1,1.774069821824131,0.85496306
00118_id00395_wavtolip.mp4,1,FVRA,1,1.8102506536541174,0.85939217
00118_id00491_wavtolip.mp4,1,FVRA,1,1.797397954285921,0.8578319
00118_id00591_wavtolip.mp4,1,FVRA,1,1.8104558665051425,0.85941696
00118_id00633_wavtolip.mp4,1,FVRA,1,1.805831620207352,0.85885733
00118_id00806_wavtolip.mp4,1,FVRA,1,1.8008727986513904,0.85825515
00118_id01001_wavtolip.mp4,1,FVRA,1,1.8107040369039016,0.85944694
00118_id01002_wavtolip.mp4,1,FVRA,1,1.7775060514075396,0.85538864
00118_id01018_wavtolip.mp4,1,FVRA,1,1.8066224992426205,0.8589532
00118_id03844_wavtolip.mp4,1,FVRA,1,1.8114201802226972,0.8595334
00293_id00188_wavtolip.mp4,1,FVRA,1,1.8116640788643295,0.8595629
00293_id00270_wavtolip.mp4,1,FVRA,1,1.8005406485377033,0.85821474
00293_id00287_wavtolip.mp4,1,FVRA,1,1.8124187569253123,0.85965395
00293_id00365_wavtolip.mp4,1,FVRA,1,1.8102915951470981,0.8593971
00293_id00496_wavtolip.mp4,1,FVRA,1,1.7976311015640052,0.8578603
00293_id00581_wavtolip.mp4,1,FVRA,1,1.8110233192140774,0.8594855
00293_id00591_wavtolip.mp4,1,FVRA,1,1.8104558665051425,0.85941696
00293_id00826_wavtolip.mp4,1,FVRA,1,1.8101460856706704,0.85937953
00293_id01018_wavtolip.mp4,1,FVRA,1,1.8062073301338293,0.8589029
00293_id03371_wavtolip.mp4,1,FVRA,1,1.8017755881223416,0.85836494
00078_id00325_wavtolip.mp4,1,FVRA,1,1.8128669173809249,0.859708
00078_id00365_wavtolip.mp4,1,FVRA,1,1.8099828372208384,0.8593598
00078_id00379_wavtolip.mp4,1,FVRA,1,1.8102383221152243,0.8593907
00078_id00395_wavtolip.mp4,1,FVRA,1,1.8102506536541174,0.85939217
00078_id00634_wavtolip.mp4,1,FVRA,1,1.809660342201148,0.8593208
00078_id00735_wavtolip.mp4,1,FVRA,1,1.8113135497214856,0.85952055
00078_id00813_wavtolip.mp4,1,FVRA,1,1.8070407448929415,0.85900384
00078_id00823_wavtolip.mp4,1,FVRA,1,1.7496025340105563,0.85190266
00078_id01002_wavtolip.mp4,1,FVRA,1,1.7775060514075396,0.85538864
00078_id03941_wavtolip.mp4,1,FVRA,1,1.8132761691135164,0.85975736
00028_id00232_wavtolip.mp4,1,FVRA,1,1.7951305858018516,0.85755515
00028_id00379_wavtolip.mp4,1,FVRA,1,1.809269404891674,0.85927355
00028_id00434_wavtolip.mp4,1,FVRA,1,1.7948817557503292,0.85752475
00028_id00484_wavtolip.mp4,1,FVRA,1,1.7967617627913153,0.8577543
00028_id00495_wavtolip.mp4,1,FVRA,1,1.8133611978767565,0.8597676
00028_id00823_wavtolip.mp4,1,FVRA,1,1.7496025340105563,0.85190266
00028_id01001_wavtolip.mp4,1,FVRA,1,1.8107040369039016,0.85944694
00028_id03371_wavtolip.mp4,1,FVRA,1,1.7938512900957482,0.8573988
00028_id03620_wavtolip.mp4,1,FVRA,1,1.738491350995359,0.85049534
00028_id03941_wavtolip.mp4,1,FVRA,1,1.8132761691135164,0.85975736
00311_id00188_wavtolip.mp4,1,FVRA,1,1.8116640788643295,0.8595629
00311_id00232_wavtolip.mp4,1,FVRA,1,1.8026613010027217,0.8584726
00311_id00325_wavtolip.mp4,1,FVRA,1,1.8096923911134886,0.8593247
00311_id00328_wavtolip.mp4,1,FVRA,1,1.8124933579586686,0.85966295
00311_id00495_wavtolip.mp4,1,FVRA,1,1.8133611978767565,0.8597676
00311_id00496_wavtolip.mp4,1,FVRA,1,1.8015255716493457,0.85833454
00311_id00589_wavtolip.mp4,1,FVRA,1,1.792906835127276,0.8572833
00311_id00634_wavtolip.mp4,1,FVRA,1,1.804856427493955,0.8587391
00311_id00826_wavtolip.mp4,1,FVRA,1,1.8101460856706704,0.85937953
00311_id03716_wavtolip.mp4,1,FVRA,1,1.7854065026817874,0.8563632
00043_id00071_wavtolip.mp4,1,FVRA,1,1.8158352412632883,0.86006564
00043_id00328_wavtolip.mp4,1,FVRA,1,1.8124933579586686,0.85966295
00043_id00330_wavtolip.mp4,1,FVRA,1,1.7630330117372033,0.8535891
00043_id00491_wavtolip.mp4,1,FVRA,1,1.797397954285921,0.8578319
00043_id00569_wavtolip.mp4,1,FVRA,1,1.809248209664221,0.859271
00043_id00581_wavtolip.mp4,1,FVRA,1,1.8132153668507387,0.85975003
00043_id00823_wavtolip.mp4,1,FVRA,1,1.7496025340105563,0.85190266
00043_id00897_wavtolip.mp4,1,FVRA,1,1.8148782535805499,0.8599504
00043_id03371_wavtolip.mp4,1,FVRA,1,1.805728366903166,0.8588448
00043_id03651_wavtolip.mp4,1,FVRA,1,1.8141974263873817,0.8598684
00420_id00188_wavtolip.mp4,1,FVRA,1,1.8123486059633613,0.8596455
00420_id00234_wavtolip.mp4,1,FVRA,1,1.803798937851645,0.85861075
00420_id00287_wavtolip.mp4,1,FVRA,1,1.8124187569253123,0.85965395
00420_id00328_wavtolip.mp4,1,FVRA,1,1.8132054805553601,0.85974884
00420_id00332_wavtolip.mp4,1,FVRA,1,1.8055484294308208,0.858823
00420_id00395_wavtolip.mp4,1,FVRA,1,1.8098422912112304,0.8593428
00420_id00569_wavtolip.mp4,1,FVRA,1,1.8089810788882614,0.8592387
00420_id00581_wavtolip.mp4,1,FVRA,1,1.8147025721836256,0.85992926
00420_id00823_wavtolip.mp4,1,FVRA,1,1.7496025340105563,0.85190266
00420_id01018_wavtolip.mp4,1,FVRA,1,1.8122443740993515,0.8596329
00052_id00068_wavtolip.mp4,1,FVRA,1,1.729909293424388,0.8494008
00052_id00270_wavtolip.mp4,1,FVRA,1,1.8005406485377033,0.85821474
00052_id00325_wavtolip.mp4,1,FVRA,1,1.8087884019843103,0.8592154
00052_id00365_wavtolip.mp4,1,FVRA,1,1.8102915951470981,0.8593971
00052_id00434_wavtolip.mp4,1,FVRA,1,1.8053080574233218,0.85879385
00052_id00569_wavtolip.mp4,1,FVRA,1,1.809248209664221,0.859271
00052_id00591_wavtolip.mp4,1,FVRA,1,1.8104558665051425,0.85941696
00052_id01001_wavtolip.mp4,1,FVRA,1,1.8107040369039016,0.85944694
00052_id01002_wavtolip.mp4,1,FVRA,1,1.7775060514075396,0.85538864
00052_id03858_wavtolip.mp4,1,FVRA,1,1.8079352279356253,0.85911214
00046_id00262_wavtolip.mp4,1,FVRA,1,1.7177238442449843,0.8478354
00046_id00287_wavtolip.mp4,1,FVRA,1,1.8124187569253123,0.85965395
00046_id00325_wavtolip.mp4,1,FVRA,1,1.8084824405330533,0.85917836
00046_id00395_wavtolip.mp4,1,FVRA,1,1.8102506536541174,0.85939217
00046_id00569_wavtolip.mp4,1,FVRA,1,1.809248209664221,0.859271
00046_id00806_wavtolip.mp4,1,FVRA,1,1.7835886056778136,0.8561394
00046_id00826_wavtolip.mp4,1,FVRA,1,1.8101460856706704,0.85937953
00046_id00897_wavtolip.mp4,1,FVRA,1,1.804856427493955,0.8587391
00046_id01002_wavtolip.mp4,1,FVRA,1,1.7775060514075396,0.85538864
00046_id03589_wavtolip.mp4,1,FVRA,1,1.7910845428901558,0.8570602
00202_id00188_wavtolip.mp4,1,FVRA,1,1.8116640788643295,0.8595629
00202_id00232_wavtolip.mp4,1,FVRA,1,1.808918492928197,0.8592311
00202_id00234_wavtolip.mp4,1,FVRA,1,1.801054583876707,0.85827726
00202_id00330_wavtolip.mp4,1,FVRA,1,1.7686476431897906,0.8542894
00202_id00379_wavtolip.mp4,1,FVRA,1,1.8093448230862006,0.8592827
00202_id00434_wavtolip.mp4,1,FVRA,1,1.8117213568124808,0.8595698
00202_id00806_wavtolip.mp4,1,FVRA,1,1.8076358542862625,0.8590759
00202_id03371_wavtolip.mp4,1,FVRA,1,1.8063632499941678,0.85892177
00202_id03651_wavtolip.mp4,1,FVRA,1,1.8141974263873817,0.8598684
00202_id03816_wavtolip.mp4,1,FVRA,1,1.80219140099335,0.8584155
00122_id00262_wavtolip.mp4,1,FVRA,1,1.7964364495720748,0.8577146
00122_id00373_wavtolip.mp4,1,FVRA,1,1.7944568953981264,0.85747284
00122_id00495_wavtolip.mp4,1,FVRA,1,1.8133611978767565,0.8597676
00122_id00496_wavtolip.mp4,1,FVRA,1,1.8090870379132344,0.8592515
00122_id00589_wavtolip.mp4,1,FVRA,1,1.8047724080392056,0.8587289
00122_id01002_wavtolip.mp4,1,FVRA,1,1.7775060514075396,0.85538864
00122_id03371_wavtolip.mp4,1,FVRA,1,1.807402997910257,0.8590477
00122_id03589_wavtolip.mp4,1,FVRA,1,1.8092748269784542,0.8592742
00122_id03651_wavtolip.mp4,1,FVRA,1,1.8141974263873817,0.8598684
00122_id03844_wavtolip.mp4,1,FVRA,1,1.8115396555889096,0.85954785
00027_id00232_wavtolip.mp4,1,FVRA,1,1.8117682672342859,0.85957545
00027_id00328_wavtolip.mp4,1,FVRA,1,1.8142998260203165,0.85988075
00027_id00374_wavtolip.mp4,1,FVRA,1,1.8080480021350125,0.8591258
00027_id00403_wavtolip.mp4,1,FVRA,1,1.803799428835785,0.8586108
00027_id00496_wavtolip.mp4,1,FVRA,1,1.8105283888621424,0.8594257
00027_id00569_wavtolip.mp4,1,FVRA,1,1.8094118649126758,0.8592908
00027_id00581_wavtolip.mp4,1,FVRA,1,1.81490448397709,0.8599536
00027_id00806_wavtolip.mp4,1,FVRA,1,1.8102896220354656,0.8593969
00027_id03620_wavtolip.mp4,1,FVRA,1,1.8061232291893277,0.8588927
00027_id03858_wavtolip.mp4,1,FVRA,1,1.8125822915734922,0.8596737
00015_id00270_wavtolip.mp4,1,FVRA,1,1.8005406485377033,0.85821474
00015_id00287_wavtolip.mp4,1,FVRA,1,1.8124187569253123,0.85965395
00015_id00434_wavtolip.mp4,1,FVRA,1,1.7948817557503292,0.85752475
00015_id00589_wavtolip.mp4,1,FVRA,1,1.7909468597781917,0.8570433
00015_id00633_wavtolip.mp4,1,FVRA,1,1.8022188646968074,0.8584188
00015_id00634_wavtolip.mp4,1,FVRA,1,1.7990200381739732,0.8580296
00015_id00735_wavtolip.mp4,1,FVRA,1,1.8105861134403805,0.8594327
00015_id00806_wavtolip.mp4,1,FVRA,1,1.7804320108314664,0.8557502
00015_id00823_wavtolip.mp4,1,FVRA,1,1.7496025340105563,0.85190266
00015_id00897_wavtolip.mp4,1,FVRA,1,1.803948204993834,0.85862887
00239_id00068_wavtolip.mp4,1,FVRA,1,1.7680530580091027,0.8542154
00239_id00262_wavtolip.mp4,1,FVRA,1,1.7946178491176084,0.8574925
00239_id00328_wavtolip.mp4,1,FVRA,1,1.8128066271888033,0.85970074
00239_id00330_wavtolip.mp4,1,FVRA,1,1.7741847085213647,0.8549773
00239_id00403_wavtolip.mp4,1,FVRA,1,1.8003432575246092,0.8581907
00239_id00491_wavtolip.mp4,1,FVRA,1,1.797397954285921,0.8578319
00239_id00735_wavtolip.mp4,1,FVRA,1,1.8119243174991744,0.8595943
00239_id00826_wavtolip.mp4,1,FVRA,1,1.8121930020270463,0.8596267
00239_id01001_wavtolip.mp4,1,FVRA,1,1.8120388971980645,0.8596081
00239_id01002_wavtolip.mp4,1,FVRA,1,1.7775060514075396,0.85538864
00010_id00188_wavtolip.mp4,1,FVRA,1,1.8116640788643295,0.8595629
00010_id00374_wavtolip.mp4,1,FVRA,1,1.7997595744718746,0.85811967
00010_id00379_wavtolip.mp4,1,FVRA,1,1.809269404891674,0.85927355
00010_id00434_wavtolip.mp4,1,FVRA,1,1.7979752726285743,0.8579023
00010_id00484_wavtolip.mp4,1,FVRA,1,1.7967617627913153,0.8577543
00010_id00495_wavtolip.mp4,1,FVRA,1,1.8133611978767565,0.8597676
00010_id00589_wavtolip.mp4,1,FVRA,1,1.7909468597781917,0.8570433
00010_id00826_wavtolip.mp4,1,FVRA,1,1.8101460856706704,0.85937953
00010_id01018_wavtolip.mp4,1,FVRA,1,1.7975225879282488,0.8578471
00010_id03589_wavtolip.mp4,1,FVRA,1,1.7910845428901558,0.8570602
00130_id00042_wavtolip.mp4,1,FVRA,1,1.7899936660778315,0.8569265
00130_id00188_wavtolip.mp4,1,FVRA,1,1.8116640788643295,0.8595629
00130_id00232_wavtolip.mp4,1,FVRA,1,1.7993307816925386,0.85806745
00130_id00262_wavtolip.mp4,1,FVRA,1,1.775205640835123,0.85510385
00130_id00270_wavtolip.mp4,1,FVRA,1,1.8005406485377033,0.85821474
00130_id00287_wavtolip.mp4,1,FVRA,1,1.8124187569253123,0.85965395
00130_id00735_wavtolip.mp4,1,FVRA,1,1.8105861134403805,0.8594327
00130_id00813_wavtolip.mp4,1,FVRA,1,1.7998408445680312,0.85812956
00130_id01002_wavtolip.mp4,1,FVRA,1,1.7775060514075396,0.85538864
00130_id03589_wavtolip.mp4,1,FVRA,1,1.7940219252856657,0.85741967
00001_id00270_wavtolip.mp4,1,FVRA,1,1.8098437705689807,0.859343
00001_id00287_wavtolip.mp4,1,FVRA,1,1.811998398122171,0.8596032
00001_id00325_wavtolip.mp4,1,FVRA,1,1.814010455224574,0.8598459
00001_id00374_wavtolip.mp4,1,FVRA,1,1.8085721034284705,0.8591892
00001_id00395_wavtolip.mp4,1,FVRA,1,1.8099783987087106,0.85935926
00001_id00434_wavtolip.mp4,1,FVRA,1,1.8134269504290135,0.85977554
00001_id00491_wavtolip.mp4,1,FVRA,1,1.801420676117638,0.8583218
00001_id00589_wavtolip.mp4,1,FVRA,1,1.8070594458670257,0.8590061
00001_id01001_wavtolip.mp4,1,FVRA,1,1.8138304326952115,0.8598242
00001_id03716_wavtolip.mp4,1,FVRA,1,1.8023895441178752,0.85843956
00088_id00232_wavtolip.mp4,1,FVRA,1,1.7951305858018516,0.85755515
00088_id00234_wavtolip.mp4,1,FVRA,1,1.7863851903634913,0.8564835
00088_id00271_wavtolip.mp4,1,FVRA,1,1.8048441436318272,0.8587376
00088_id00633_wavtolip.mp4,1,FVRA,1,1.8014834164225315,0.8583294
00088_id00735_wavtolip.mp4,1,FVRA,1,1.8105861134403805,0.8594327
00088_id01001_wavtolip.mp4,1,FVRA,1,1.8107040369039016,0.85944694
00088_id01002_wavtolip.mp4,1,FVRA,1,1.7775060514075396,0.85538864
00088_id01018_wavtolip.mp4,1,FVRA,1,1.8010849653881107,0.85828096
00088_id03589_wavtolip.mp4,1,FVRA,1,1.7910845428901558,0.8570602
00088_id03620_wavtolip.mp4,1,FVRA,1,1.7755775537381198,0.8551499
00078_id00234_wavtolip.mp4,1,FVRA,1,1.7863851903634913,0.8564835
00078_id00287_wavtolip.mp4,1,FVRA,1,1.8124187569253123,0.85965395
00078_id00325_wavtolip.mp4,1,FVRA,1,1.8084824405330533,0.85917836
00078_id00373_wavtolip.mp4,1,FVRA,1,1.7603251918200735,0.8532504
00078_id00491_wavtolip.mp4,1,FVRA,1,1.797397954285921,0.8578319
00078_id00569_wavtolip.mp4,1,FVRA,1,1.809248209664221,0.859271
00078_id00633_wavtolip.mp4,1,FVRA,1,1.8016603788878753,0.85835093
00078_id00897_wavtolip.mp4,1,FVRA,1,1.8097047178147858,0.8593262
00078_id01001_wavtolip.mp4,1,FVRA,1,1.8107040369039016,0.85944694
00078_id03941_wavtolip.mp4,1,FVRA,1,1.8132761691135164,0.85975736
00037_id00188_wavtolip.mp4,1,FVRA,1,1.8116640788643295,0.8595629
00037_id00232_wavtolip.mp4,1,FVRA,1,1.8047881305928957,0.8587308
00037_id00234_wavtolip.mp4,1,FVRA,1,1.7952740491295986,0.8575727
00037_id00262_wavtolip.mp4,1,FVRA,1,1.7810951289177765,0.85583204
00037_id00330_wavtolip.mp4,1,FVRA,1,1.752759076104288,0.85230047
00037_id00496_wavtolip.mp4,1,FVRA,1,1.802618130306834,0.85846734
00037_id00569_wavtolip.mp4,1,FVRA,1,1.809248209664221,0.859271
00037_id00581_wavtolip.mp4,1,FVRA,1,1.8129731728553493,0.8597208
00037_id00823_wavtolip.mp4,1,FVRA,1,1.7496025340105563,0.85190266
00037_id03649_wavtolip.mp4,1,FVRA,1,1.8021502064518982,0.8584105
00005_id00042_wavtolip.mp4,1,FVRA,1,1.7899936660778315,0.8569265
00005_id00068_wavtolip.mp4,1,FVRA,1,1.729909293424388,0.8494008
00005_id00373_wavtolip.mp4,1,FVRA,1,1.7288249589591778,0.84926206
00005_id00495_wavtolip.mp4,1,FVRA,1,1.8133611978767565,0.8597676
00005_id00591_wavtolip.mp4,1,FVRA,1,1.8104558665051425,0.85941696
00005_id00806_wavtolip.mp4,1,FVRA,1,1.7784532105732311,0.85550576
00005_id01018_wavtolip.mp4,1,FVRA,1,1.7939799958530878,0.85741454
00005_id03371_wavtolip.mp4,1,FVRA,1,1.7938512900957482,0.8573988
00005_id03716_wavtolip.mp4,1,FVRA,1,1.7467122772764656,0.85153764
00005_id03816_wavtolip.mp4,1,FVRA,1,1.8023836582729422,0.85843885
00169_id00042_wavtolip.mp4,1,FVRA,1,1.7899936660778315,0.8569265
00169_id00325_wavtolip.mp4,1,FVRA,1,1.8084824405330533,0.85917836
00169_id00379_wavtolip.mp4,1,FVRA,1,1.809269404891674,0.85927355
00169_id00395_wavtolip.mp4,1,FVRA,1,1.8102506536541174,0.85939217
00169_id00806_wavtolip.mp4,1,FVRA,1,1.781059864215776,0.8558277
00169_id01001_wavtolip.mp4,1,FVRA,1,1.8107040369039016,0.85944694
00169_id03371_wavtolip.mp4,1,FVRA,1,1.7938512900957482,0.8573988
00169_id03589_wavtolip.mp4,1,FVRA,1,1.7910845428901558,0.8570602
00169_id03649_wavtolip.mp4,1,FVRA,1,1.8021502064518982,0.8584105
00169_id03858_wavtolip.mp4,1,FVRA,1,1.8080898638786658,0.85913086
00125_id00234_wavtolip.mp4,1,FVRA,1,1.8038691503391495,0.8586193
00125_id00271_wavtolip.mp4,1,FVRA,1,1.8048441436318272,0.8587376
00125_id00365_wavtolip.mp4,1,FVRA,1,1.8111555936347186,0.8595015
00125_id00633_wavtolip.mp4,1,FVRA,1,1.8127838955001305,0.859698
00125_id00735_wavtolip.mp4,1,FVRA,1,1.8128011913163895,0.8597001
00125_id00823_wavtolip.mp4,1,FVRA,1,1.7498397166207478,0.8519326
00125_id01018_wavtolip.mp4,1,FVRA,1,1.8122631451377391,0.8596352
00125_id03371_wavtolip.mp4,1,FVRA,1,1.8078313261688035,0.85909957
00125_id03651_wavtolip.mp4,1,FVRA,1,1.8141974263873817,0.8598684
00125_id03858_wavtolip.mp4,1,FVRA,1,1.8123041459187221,0.8596401
00065_id00068_wavtolip.mp4,1,FVRA,1,1.7463860530618436,0.8514964
00065_id00373_wavtolip.mp4,1,FVRA,1,1.780161637323957,0.8557168
00065_id00395_wavtolip.mp4,1,FVRA,1,1.8102506536541174,0.85939217
00065_id00495_wavtolip.mp4,1,FVRA,1,1.8133611978767565,0.8597676
00065_id00633_wavtolip.mp4,1,FVRA,1,1.8088770990362522,0.8592261
00065_id00806_wavtolip.mp4,1,FVRA,1,1.8044909060779601,0.85869473
00065_id01018_wavtolip.mp4,1,FVRA,1,1.8096258288133318,0.85931665
00065_id03651_wavtolip.mp4,1,FVRA,1,1.8141974263873817,0.8598684
00065_id03716_wavtolip.mp4,1,FVRA,1,1.788617542996189,0.8567577
00065_id03816_wavtolip.mp4,1,FVRA,1,1.8023836582729422,0.85843885
00005_id00234_wavtolip.mp4,1,FVRA,1,1.7863851903634913,0.8564835
00005_id00328_wavtolip.mp4,1,FVRA,1,1.8124933579586686,0.85966295
00005_id00374_wavtolip.mp4,1,FVRA,1,1.7997595744718746,0.85811967
00005_id00491_wavtolip.mp4,1,FVRA,1,1.797397954285921,0.8578319
00005_id00496_wavtolip.mp4,1,FVRA,1,1.7739342771849542,0.85494626
00005_id00589_wavtolip.mp4,1,FVRA,1,1.7909468597781917,0.8570433
00005_id00591_wavtolip.mp4,1,FVRA,1,1.8104558665051425,0.85941696
00005_id00806_wavtolip.mp4,1,FVRA,1,1.7786007645258675,0.855524
00005_id00823_wavtolip.mp4,1,FVRA,1,1.7496025340105563,0.85190266
00005_id00897_wavtolip.mp4,1,FVRA,1,1.8033340534596345,0.8585543
00086_id00068_wavtolip.mp4,1,FVRA,1,1.7567894373821378,0.8528071
00086_id00234_wavtolip.mp4,1,FVRA,1,1.7994379675431085,0.8580805
00086_id00262_wavtolip.mp4,1,FVRA,1,1.7881178666874957,0.85669637
00086_id00287_wavtolip.mp4,1,FVRA,1,1.8124187569253123,0.85965395
00086_id00403_wavtolip.mp4,1,FVRA,1,1.7943427758009587,0.8574589
00086_id00434_wavtolip.mp4,1,FVRA,1,1.8115144760423671,0.8595448
00086_id00569_wavtolip.mp4,1,FVRA,1,1.809248209664221,0.859271
00086_id01018_wavtolip.mp4,1,FVRA,1,1.8109389268102052,0.8594753
00086_id03649_wavtolip.mp4,1,FVRA,1,1.8021502064518982,0.8584105
00086_id03858_wavtolip.mp4,1,FVRA,1,1.8105599644030412,0.85942954
00043_id00042_wavtolip.mp4,1,FVRA,1,1.7977728663072847,0.8578776
00043_id00232_wavtolip.mp4,1,FVRA,1,1.811246909809651,0.8595125
00043_id00270_wavtolip.mp4,1,FVRA,1,1.809074223834922,0.85924995
00043_id00365_wavtolip.mp4,1,FVRA,1,1.8111225238501816,0.8594975
00043_id00379_wavtolip.mp4,1,FVRA,1,1.8112720845121648,0.85951555
00043_id00395_wavtolip.mp4,1,FVRA,1,1.809743177824684,0.85933083
00043_id00633_wavtolip.mp4,1,FVRA,1,1.8128278767122072,0.8597033
00043_id00823_wavtolip.mp4,1,FVRA,1,1.7510399384935376,0.8520839
00043_id03620_wavtolip.mp4,1,FVRA,1,1.804249734084451,0.85866547
00043_id03941_wavtolip.mp4,1,FVRA,1,1.8132761691135164,0.85975736
00072_id00234_wavtolip.mp4,1,FVRA,1,1.7863851903634913,0.8564835
00072_id00270_wavtolip.mp4,1,FVRA,1,1.8005406485377033,0.85821474
00072_id00271_wavtolip.mp4,1,FVRA,1,1.8048441436318272,0.8587376
00072_id00332_wavtolip.mp4,1,FVRA,1,1.793336098115974,0.8573358
00072_id00434_wavtolip.mp4,1,FVRA,1,1.7947705283994992,0.85751116
00072_id00496_wavtolip.mp4,1,FVRA,1,1.776302416673692,0.8552397
00072_id00569_wavtolip.mp4,1,FVRA,1,1.809248209664221,0.859271
00072_id03589_wavtolip.mp4,1,FVRA,1,1.7910845428901558,0.8570602
00072_id03649_wavtolip.mp4,1,FVRA,1,1.8021502064518982,0.8584105
00072_id03941_wavtolip.mp4,1,FVRA,1,1.8132761691135164,0.85975736
00430_id00071_wavtolip.mp4,1,FVRA,1,1.8158352412632883,0.86006564
00430_id00188_wavtolip.mp4,1,FVRA,1,1.8116640788643295,0.8595629
00430_id00332_wavtolip.mp4,1,FVRA,1,1.793336098115974,0.8573358
00430_id00365_wavtolip.mp4,1,FVRA,1,1.8102915951470981,0.8593971
00430_id00434_wavtolip.mp4,1,FVRA,1,1.800167931099993,0.8581694
00430_id00484_wavtolip.mp4,1,FVRA,1,1.7967617627913153,0.8577543
00430_id00569_wavtolip.mp4,1,FVRA,1,1.809248209664221,0.859271
00430_id00591_wavtolip.mp4,1,FVRA,1,1.8104558665051425,0.85941696
00430_id03589_wavtolip.mp4,1,FVRA,1,1.7910845428901558,0.8570602
00430_id03651_wavtolip.mp4,1,FVRA,1,1.8141974263873817,0.8598684
00002_id00071_wavtolip.mp4,1,FVRA,1,1.8158352412632883,0.86006564
00002_id00234_wavtolip.mp4,1,FVRA,1,1.7886981683030363,0.8567676
00002_id00270_wavtolip.mp4,1,FVRA,1,1.8005406485377033,0.85821474
00002_id00332_wavtolip.mp4,1,FVRA,1,1.793336098115974,0.8573358
00002_id00374_wavtolip.mp4,1,FVRA,1,1.7997595744718746,0.85811967
00002_id00495_wavtolip.mp4,1,FVRA,1,1.8133611978767565,0.8597676
00002_id00589_wavtolip.mp4,1,FVRA,1,1.7909468597781917,0.8570433
00002_id00633_wavtolip.mp4,1,FVRA,1,1.804548872165378,0.85870177
00002_id03844_wavtolip.mp4,1,FVRA,1,1.8114201802226972,0.8595334
00002_id03858_wavtolip.mp4,1,FVRA,1,1.8080898638786658,0.85913086
00081_id00068_wavtolip.mp4,1,FVRA,1,1.729909293424388,0.8494008
00081_id00270_wavtolip.mp4,1,FVRA,1,1.8005406485377033,0.85821474
00081_id00328_wavtolip.mp4,1,FVRA,1,1.8124933579586686,0.85966295
00081_id00379_wavtolip.mp4,1,FVRA,1,1.809269404891674,0.85927355
00081_id00496_wavtolip.mp4,1,FVRA,1,1.7739342771849542,0.85494626
00081_id00581_wavtolip.mp4,1,FVRA,1,1.804557223410528,0.8587028
00081_id00589_wavtolip.mp4,1,FVRA,1,1.7909468597781917,0.8570433
00081_id00633_wavtolip.mp4,1,FVRA,1,1.8022188646968074,0.8584188
00081_id00806_wavtolip.mp4,1,FVRA,1,1.7786007645258675,0.855524
00081_id03844_wavtolip.mp4,1,FVRA,1,1.8114201802226972,0.8595334
00001_id00271_wavtolip.mp4,1,FVRA,1,1.8048441436318272,0.8587376
00001_id00325_wavtolip.mp4,1,FVRA,1,1.812959334473061,0.85971916
00001_id00330_wavtolip.mp4,1,FVRA,1,1.772942602614431,0.85482323
00001_id00373_wavtolip.mp4,1,FVRA,1,1.791441219699978,0.8571039
00001_id00374_wavtolip.mp4,1,FVRA,1,1.8051660165658248,0.8587766
00001_id00403_wavtolip.mp4,1,FVRA,1,1.799502087213253,0.8580883
00001_id00491_wavtolip.mp4,1,FVRA,1,1.797397954285921,0.8578319
00001_id00495_wavtolip.mp4,1,FVRA,1,1.8133611978767565,0.8597676
00001_id00581_wavtolip.mp4,1,FVRA,1,1.813833894446993,0.8598246
00001_id00823_wavtolip.mp4,1,FVRA,1,1.7496025340105563,0.85190266
00092_id00188_wavtolip.mp4,1,FVRA,1,1.8131125528159888,0.85973763
00092_id00234_wavtolip.mp4,1,FVRA,1,1.805207300305342,0.85878164
00092_id00325_wavtolip.mp4,1,FVRA,1,1.8137775184199507,0.8598178
00092_id00395_wavtolip.mp4,1,FVRA,1,1.8096687241530947,0.85932183
00092_id00581_wavtolip.mp4,1,FVRA,1,1.8150222794116426,0.85996777
00092_id00591_wavtolip.mp4,1,FVRA,1,1.8104558665051425,0.85941696
00092_id00633_wavtolip.mp4,1,FVRA,1,1.8130112291170544,0.8597254
00092_id01001_wavtolip.mp4,1,FVRA,1,1.8136652677034075,0.8598043
00092_id03649_wavtolip.mp4,1,FVRA,1,1.8047655294777356,0.85872805
00092_id03858_wavtolip.mp4,1,FVRA,1,1.812614407888217,0.85967755
00040_id00068_wavtolip.mp4,1,FVRA,1,1.729909293424388,0.8494008
00040_id00234_wavtolip.mp4,1,FVRA,1,1.7863851903634913,0.8564835
00040_id00328_wavtolip.mp4,1,FVRA,1,1.8124933579586686,0.85966295
00040_id00330_wavtolip.mp4,1,FVRA,1,1.740823478208811,0.85079163
00040_id00365_wavtolip.mp4,1,FVRA,1,1.8102915951470981,0.8593971
00040_id00373_wavtolip.mp4,1,FVRA,1,1.7345685121448897,0.84999585
00040_id00633_wavtolip.mp4,1,FVRA,1,1.8022188646968074,0.8584188
00040_id00813_wavtolip.mp4,1,FVRA,1,1.7800404689328262,0.85570186
00040_id00826_wavtolip.mp4,1,FVRA,1,1.8101460856706704,0.85937953
00040_id03716_wavtolip.mp4,1,FVRA,1,1.7466849319116018,0.8515342
00093_id00232_wavtolip.mp4,1,FVRA,1,1.8088608374869333,0.85922414
00093_id00234_wavtolip.mp4,1,FVRA,1,1.80098794287791,0.85826916
00093_id00330_wavtolip.mp4,1,FVRA,1,1.7681291624231015,0.85422486
00093_id00491_wavtolip.mp4,1,FVRA,1,1.797397954285921,0.8578319
00093_id00569_wavtolip.mp4,1,FVRA,1,1.809248209664221,0.859271
00093_id00735_wavtolip.mp4,1,FVRA,1,1.8108352940207892,0.8594628
00093_id03620_wavtolip.mp4,1,FVRA,1,1.8008551603749159,0.858253
00093_id03651_wavtolip.mp4,1,FVRA,1,1.8141974263873817,0.8598684
00093_id03844_wavtolip.mp4,1,FVRA,1,1.8114201802226972,0.8595334
00093_id03858_wavtolip.mp4,1,FVRA,1,1.8113831548165542,0.85952896
00028_id00042_wavtolip.mp4,1,FVRA,1,1.7948846829053404,0.8575251
00028_id00271_wavtolip.mp4,1,FVRA,1,1.8048441436318272,0.8587376
00028_id00365_wavtolip.mp4,1,FVRA,1,1.8102575593636414,0.859393
00028_id00379_wavtolip.mp4,1,FVRA,1,1.8108180226398634,0.8594607
00028_id00434_wavtolip.mp4,1,FVRA,1,1.8121697864248003,0.8596239
00028_id00484_wavtolip.mp4,1,FVRA,1,1.7979997198212614,0.85790527
00028_id00591_wavtolip.mp4,1,FVRA,1,1.8104558665051425,0.85941696
00028_id00813_wavtolip.mp4,1,FVRA,1,1.8077648528021368,0.8590915
00028_id00897_wavtolip.mp4,1,FVRA,1,1.8155782305046249,0.8600347
00028_id03620_wavtolip.mp4,1,FVRA,1,1.8024827399724352,0.8584509
00092_id00271_wavtolip.mp4,1,FVRA,1,1.8048441436318272,0.8587376
00092_id00328_wavtolip.mp4,1,FVRA,1,1.8124933579586686,0.85966295
00092_id00374_wavtolip.mp4,1,FVRA,1,1.7997595744718746,0.85811967
00092_id00379_wavtolip.mp4,1,FVRA,1,1.809269404891674,0.85927355
00092_id00484_wavtolip.mp4,1,FVRA,1,1.7967617627913153,0.8577543
00092_id00496_wavtolip.mp4,1,FVRA,1,1.7960692199259902,0.8576698
00092_id00591_wavtolip.mp4,1,FVRA,1,1.8104558665051425,0.85941696
00092_id03651_wavtolip.mp4,1,FVRA,1,1.8141974263873817,0.8598684
00092_id03844_wavtolip.mp4,1,FVRA,1,1.8114201802226972,0.8595334
00092_id03858_wavtolip.mp4,1,FVRA,1,1.8076082836344762,0.85907257
00021_id00068_wavtolip.mp4,1,FVRA,1,1.7732360924719583,0.85485965
00021_id00071_wavtolip.mp4,1,FVRA,1,1.815662905095905,0.8600449
00021_id00262_wavtolip.mp4,1,FVRA,1,1.797054902614742,0.85779005
00021_id00332_wavtolip.mp4,1,FVRA,1,1.8060897869496897,0.8588886
00021_id00374_wavtolip.mp4,1,FVRA,1,1.8071426190304933,0.8590162
00021_id00434_wavtolip.mp4,1,FVRA,1,1.8129647709639576,0.8597198
00021_id00581_wavtolip.mp4,1,FVRA,1,1.8148376716788541,0.85994554
00021_id00826_wavtolip.mp4,1,FVRA,1,1.8127275620477132,0.8596912
00021_id00897_wavtolip.mp4,1,FVRA,1,1.8156059596268153,0.86003804
00021_id03651_wavtolip.mp4,1,FVRA,1,1.8141974263873817,0.8598684
00028_id00188_wavtolip.mp4,1,FVFA,1,1.8127478220615771,0.85969365
00028_id00374_wavtolip.mp4,1,FVFA,1,1.8087953004412025,0.8592162
00028_id00403_wavtolip.mp4,1,FVFA,1,1.813164453181007,0.8597439
00028_id00633_wavtolip.mp4,1,FVFA,1,1.8078805677457679,0.8591055
00028_id00735_wavtolip.mp4,1,FVFA,1,1.813467985553183,0.8597805
00028_id00823_wavtolip.mp4,1,FVFA,1,1.8105693385297177,0.8594307
00028_id01002_wavtolip.mp4,1,FVFA,1,1.8082326957718478,0.85914814
00028_id03716_wavtolip.mp4,1,FVFA,1,1.8095612417731564,0.85930884
00028_id03858_wavtolip.mp4,1,FVFA,1,1.8105219751679724,0.85942495
00004_id00071_wavtolip.mp4,1,FVFA,1,1.8140930557840913,0.85985583
00004_id00270_wavtolip.mp4,1,FVFA,1,1.814444286645079,0.85989815
00004_id00287_wavtolip.mp4,1,FVFA,1,1.8124681611354514,0.8596599
00004_id00373_wavtolip.mp4,1,FVFA,1,1.78689686158647,0.8565464
00004_id00403_wavtolip.mp4,1,FVFA,1,1.810654695326275,0.859441
00004_id00813_wavtolip.mp4,1,FVFA,1,1.8011153475609416,0.85828465
00004_id00823_wavtolip.mp4,1,FVFA,1,1.8105693385297177,0.8594307
00004_id00897_wavtolip.mp4,1,FVFA,1,1.8121618833295015,0.85962296
00004_id01002_wavtolip.mp4,1,FVFA,1,1.8082326957718478,0.85914814
00014_id00262_wavtolip.mp4,1,FVFA,1,1.8097816388976358,0.8593355
00014_id00271_wavtolip.mp4,1,FVFA,1,1.8075885906459859,0.8590702
00014_id00328_wavtolip.mp4,1,FVFA,1,1.8128165106476535,0.85970193
00014_id00403_wavtolip.mp4,1,FVFA,1,1.8146026169114533,0.8599172
00014_id03371_wavtolip.mp4,1,FVFA,1,1.8117712300509003,0.8595758
00014_id03651_wavtolip.mp4,1,FVFA,1,1.812995907639637,0.85972357
00014_id03716_wavtolip.mp4,1,FVFA,1,1.8120887818275377,0.85961413
00020_id00232_wavtolip.mp4,1,FVFA,1,1.8116013720919684,0.8595553
00020_id00262_wavtolip.mp4,1,FVFA,1,1.8085228373864726,0.85918325
00020_id00270_wavtolip.mp4,1,FVFA,1,1.8143606757538444,0.8598881
00020_id00271_wavtolip.mp4,1,FVFA,1,1.8075885906459859,0.8590702
00020_id00330_wavtolip.mp4,1,FVFA,1,1.8114108003599105,0.8595323
00020_id00374_wavtolip.mp4,1,FVFA,1,1.8110045649040323,0.85948324
00020_id00581_wavtolip.mp4,1,FVFA,1,1.8131397384797698,0.8597409
00020_id00806_wavtolip.mp4,1,FVFA,1,1.8124162867608913,0.85965365
00020_id03844_wavtolip.mp4,1,FVFA,1,1.8074743768044703,0.85905635
00025_id00071_wavtolip.mp4,1,FVFA,1,1.8140930557840913,0.85985583
00025_id00270_wavtolip.mp4,1,FVFA,1,1.814444286645079,0.85989815
00025_id00374_wavtolip.mp4,1,FVFA,1,1.8070806077984414,0.85900867
00025_id00496_wavtolip.mp4,1,FVFA,1,1.788391719688033,0.85673
00025_id00569_wavtolip.mp4,1,FVFA,1,1.8122251093497919,0.8596306
00025_id00826_wavtolip.mp4,1,FVFA,1,1.8112622120254944,0.85951436
00025_id01018_wavtolip.mp4,1,FVFA,1,1.8095878650754074,0.85931206
00025_id03589_wavtolip.mp4,1,FVFA,1,1.7950525167055698,0.8575456
00025_id03716_wavtolip.mp4,1,FVFA,1,1.8032638679105204,0.8585458
00025_id03844_wavtolip.mp4,1,FVFA,1,1.8078283717295631,0.8590992
00063_id00232_wavtolip.mp4,1,FVFA,1,1.8089968490228854,0.8592406
00063_id00234_wavtolip.mp4,1,FVFA,1,1.8047758473326705,0.8587293
00063_id00403_wavtolip.mp4,1,FVFA,1,1.8117806123451614,0.85957694
00063_id00434_wavtolip.mp4,1,FVFA,1,1.799739992023454,0.8581173
00063_id00634_wavtolip.mp4,1,FVFA,1,1.8085553527785592,0.8591872
00063_id00826_wavtolip.mp4,1,FVFA,1,1.8112622120254944,0.85951436
00063_id01002_wavtolip.mp4,1,FVFA,1,1.8082326957718478,0.85914814
00063_id03649_wavtolip.mp4,1,FVFA,1,1.8125981025895541,0.8596756
00028_id00071_wavtolip.mp4,1,FVFA,1,1.8140930557840913,0.85985583
00028_id00328_wavtolip.mp4,1,FVFA,1,1.8105757524422617,0.85943145
00028_id00379_wavtolip.mp4,1,FVFA,1,1.8125798211184767,0.8596734
00028_id00395_wavtolip.mp4,1,FVFA,1,1.8134566142528372,0.8597791
00028_id00496_wavtolip.mp4,1,FVFA,1,1.7664911913505366,0.8540208
00028_id00813_wavtolip.mp4,1,FVFA,1,1.7948329707354385,0.8575188
00028_id01002_wavtolip.mp4,1,FVFA,1,1.8082326957718478,0.85914814
00028_id03651_wavtolip.mp4,1,FVFA,1,1.812995907639637,0.85972357
00028_id03941_wavtolip.mp4,1,FVFA,1,1.809692884179444,0.85932475
00088_id00042_wavtolip.mp4,1,FVFA,1,1.8057721257026083,0.8588501
00088_id00332_wavtolip.mp4,1,FVFA,1,1.8111644781884464,0.85950255
00088_id00395_wavtolip.mp4,1,FVFA,1,1.8134566142528372,0.8597791
00088_id00495_wavtolip.mp4,1,FVFA,1,1.8154499905158847,0.86001927
00088_id00496_wavtolip.mp4,1,FVFA,1,1.7934340528457475,0.8573478
00088_id00897_wavtolip.mp4,1,FVFA,1,1.8129983788342487,0.85972387
00088_id03716_wavtolip.mp4,1,FVFA,1,1.8063007815826395,0.8589142
00088_id03844_wavtolip.mp4,1,FVFA,1,1.8078283717295631,0.8590992
00088_id03858_wavtolip.mp4,1,FVFA,1,1.8105219751679724,0.85942495
00028_id00271_wavtolip.mp4,1,FVFA,1,1.8071908518977453,0.859022
00028_id00374_wavtolip.mp4,1,FVFA,1,1.8125318951598999,0.8596676
00028_id00434_wavtolip.mp4,1,FVFA,1,1.8128876736259336,0.8597105
00028_id00581_wavtolip.mp4,1,FVFA,1,1.8144917838303363,0.8599039
00028_id00591_wavtolip.mp4,1,FVFA,1,1.8124355541597728,0.859656
00028_id00806_wavtolip.mp4,1,FVFA,1,1.8140124336236918,0.8598461
00028_id03589_wavtolip.mp4,1,FVFA,1,1.809317218566944,0.85927933
00028_id03649_wavtolip.mp4,1,FVFA,1,1.8124696432888814,0.8596601
00005_id00071_wavtolip.mp4,1,FVFA,1,1.8133977816196625,0.859772
00005_id00634_wavtolip.mp4,1,FVFA,1,1.8144175701919614,0.85989493
00005_id00823_wavtolip.mp4,1,FVFA,1,1.8103054070068811,0.8593988
00005_id00897_wavtolip.mp4,1,FVFA,1,1.8156232906093486,0.8600401
00005_id01002_wavtolip.mp4,1,FVFA,1,1.8090816165580117,0.85925084
00005_id03620_wavtolip.mp4,1,FVFA,1,1.8126934665934322,0.8596871
00005_id03858_wavtolip.mp4,1,FVFA,1,1.8139921551662717,0.8598437
00015_id00188_wavtolip.mp4,1,FVFA,1,1.8127478220615771,0.85969365
00015_id00271_wavtolip.mp4,1,FVFA,1,1.8075885906459859,0.8590702
00015_id00330_wavtolip.mp4,1,FVFA,1,1.8066057720285686,0.85895115
00015_id00569_wavtolip.mp4,1,FVFA,1,1.8122251093497919,0.8596306
00015_id00806_wavtolip.mp4,1,FVFA,1,1.8060199542728985,0.85888016
00015_id00813_wavtolip.mp4,1,FVFA,1,1.7997933548409464,0.8581238
00015_id00823_wavtolip.mp4,1,FVFA,1,1.8105693385297177,0.8594307
00015_id03589_wavtolip.mp4,1,FVFA,1,1.7950525167055698,0.8575456
00015_id03844_wavtolip.mp4,1,FVFA,1,1.8078283717295631,0.8590992
00092_id00271_wavtolip.mp4,1,FVFA,1,1.8075885906459859,0.8590702
00092_id00287_wavtolip.mp4,1,FVFA,1,1.8124681611354514,0.8596599
00092_id00374_wavtolip.mp4,1,FVFA,1,1.8091732895868728,0.85926193
00092_id00569_wavtolip.mp4,1,FVFA,1,1.8122251093497919,0.8596306
00092_id00633_wavtolip.mp4,1,FVFA,1,1.8083474644276798,0.85916203
00092_id00634_wavtolip.mp4,1,FVFA,1,1.8127488103624898,0.85969377
00092_id00806_wavtolip.mp4,1,FVFA,1,1.8118719695722068,0.85958797
00092_id01002_wavtolip.mp4,1,FVFA,1,1.8082326957718478,0.85914814
00118_id00262_wavtolip.mp4,1,FVFA,1,1.8002154335709053,0.85817516
00118_id00328_wavtolip.mp4,1,FVFA,1,1.8105757524422617,0.85943145
00118_id00374_wavtolip.mp4,1,FVFA,1,1.8070806077984414,0.85900867
00118_id00434_wavtolip.mp4,1,FVFA,1,1.8036005944021964,0.85858667
00118_id00591_wavtolip.mp4,1,FVFA,1,1.8129731728553493,0.8597208
00118_id00633_wavtolip.mp4,1,FVFA,1,1.802423388208203,0.8584437
00118_id01002_wavtolip.mp4,1,FVFA,1,1.8082326957718478,0.85914814
00118_id03844_wavtolip.mp4,1,FVFA,1,1.8078283717295631,0.8590992
00118_id03858_wavtolip.mp4,1,FVFA,1,1.8105219751679724,0.85942495
00293_id00042_wavtolip.mp4,1,FVFA,1,1.8057721257026083,0.8588501
00293_id00071_wavtolip.mp4,1,FVFA,1,1.8140930557840913,0.85985583
00293_id00379_wavtolip.mp4,1,FVFA,1,1.8125798211184767,0.8596734
00293_id00395_wavtolip.mp4,1,FVFA,1,1.8134566142528372,0.8597791
00293_id00403_wavtolip.mp4,1,FVFA,1,1.810654695326275,0.859441
00293_id00496_wavtolip.mp4,1,FVFA,1,1.7920993395289575,0.85718447
00293_id00569_wavtolip.mp4,1,FVFA,1,1.8122251093497919,0.8596306
00293_id00806_wavtolip.mp4,1,FVFA,1,1.8067366432416838,0.858967
00293_id03371_wavtolip.mp4,1,FVFA,1,1.8054668261047104,0.8588131
00293_id03844_wavtolip.mp4,1,FVFA,1,1.8078283717295631,0.8590992
00078_id00234_wavtolip.mp4,1,FVFA,1,1.8120858183341986,0.8596138
00078_id00270_wavtolip.mp4,1,FVFA,1,1.8143606757538444,0.8598881
00078_id00287_wavtolip.mp4,1,FVFA,1,1.8124681611354514,0.8596599
00078_id00330_wavtolip.mp4,1,FVFA,1,1.811331814551142,0.85952276
00078_id00332_wavtolip.mp4,1,FVFA,1,1.8139985848890214,0.85984445
00078_id00395_wavtolip.mp4,1,FVFA,1,1.8134566142528372,0.8597791
00078_id00495_wavtolip.mp4,1,FVFA,1,1.8154499905158847,0.86001927
00078_id00897_wavtolip.mp4,1,FVFA,1,1.8148802332158387,0.85995066
00078_id03371_wavtolip.mp4,1,FVFA,1,1.8109394203181506,0.8594754
00028_id00188_wavtolip.mp4,1,FVFA,1,1.8127478220615771,0.85969365
00028_id00232_wavtolip.mp4,1,FVFA,1,1.8089968490228854,0.8592406
00028_id00234_wavtolip.mp4,1,FVFA,1,1.806040608643751,0.85888267
00028_id00270_wavtolip.mp4,1,FVFA,1,1.814444286645079,0.85989815
00028_id00569_wavtolip.mp4,1,FVFA,1,1.8122251093497919,0.8596306
00028_id00591_wavtolip.mp4,1,FVFA,1,1.8129731728553493,0.8597208
00028_id01018_wavtolip.mp4,1,FVFA,1,1.8083947538365552,0.85916775
00028_id03371_wavtolip.mp4,1,FVFA,1,1.8012731494849117,0.85830384
00028_id03844_wavtolip.mp4,1,FVFA,1,1.8078283717295631,0.8590992
00311_id00287_wavtolip.mp4,1,FVFA,1,1.8124681611354514,0.8596599
00311_id00374_wavtolip.mp4,1,FVFA,1,1.8065954406143538,0.8589499
00311_id00491_wavtolip.mp4,1,FVFA,1,1.8086731042658772,0.85920143
00311_id00581_wavtolip.mp4,1,FVFA,1,1.8098807550239246,0.85934746
00311_id00823_wavtolip.mp4,1,FVFA,1,1.8105693385297177,0.8594307
00311_id00897_wavtolip.mp4,1,FVFA,1,1.8131229327339515,0.8597389
00311_id01018_wavtolip.mp4,1,FVFA,1,1.8136944421276995,0.8598078
00311_id03371_wavtolip.mp4,1,FVFA,1,1.8068699870863385,0.85898316
00311_id03844_wavtolip.mp4,1,FVFA,1,1.8078283717295631,0.8590992
00311_id03941_wavtolip.mp4,1,FVFA,1,1.809692884179444,0.85932475
00043_id00232_wavtolip.mp4,1,FVFA,1,1.8081341894497953,0.8591362
00043_id00379_wavtolip.mp4,1,FVFA,1,1.8122982180201939,0.8596394
00043_id00403_wavtolip.mp4,1,FVFA,1,1.813274191762312,0.8597571
00043_id00581_wavtolip.mp4,1,FVFA,1,1.8120295131608462,0.859607
00043_id00735_wavtolip.mp4,1,FVFA,1,1.813467985553183,0.8597805
00043_id00806_wavtolip.mp4,1,FVFA,1,1.8114029015771593,0.85953134
00043_id00823_wavtolip.mp4,1,FVFA,1,1.8105693385297177,0.8594307
00043_id03620_wavtolip.mp4,1,FVFA,1,1.8100010845861234,0.859362
00043_id03649_wavtolip.mp4,1,FVFA,1,1.8125981025895541,0.8596756
00043_id03858_wavtolip.mp4,1,FVFA,1,1.8105219751679724,0.85942495
00420_id00042_wavtolip.mp4,1,FVFA,1,1.8055907077320732,0.8588281
00420_id00232_wavtolip.mp4,1,FVFA,1,1.8131520957754543,0.8597424
00420_id00234_wavtolip.mp4,1,FVFA,1,1.8124864411381925,0.8596621
00420_id00328_wavtolip.mp4,1,FVFA,1,1.8102328962727383,0.85939
00420_id00395_wavtolip.mp4,1,FVFA,1,1.813285067228749,0.85975844
00420_id00484_wavtolip.mp4,1,FVFA,1,1.8106196638685803,0.85943675
00420_id00591_wavtolip.mp4,1,FVFA,1,1.8129731728553493,0.8597208
00420_id00633_wavtolip.mp4,1,FVFA,1,1.8100558281178931,0.8593686
00420_id03941_wavtolip.mp4,1,FVFA,1,1.809692884179444,0.85932475
00052_id00287_wavtolip.mp4,1,FVFA,1,1.8124681611354514,0.8596599
00052_id00330_wavtolip.mp4,1,FVFA,1,1.8066057720285686,0.85895115
00052_id00403_wavtolip.mp4,1,FVFA,1,1.810654695326275,0.859441
00052_id00484_wavtolip.mp4,1,FVFA,1,1.811988520477724,0.85960203
00052_id00591_wavtolip.mp4,1,FVFA,1,1.8129731728553493,0.8597208
00052_id00897_wavtolip.mp4,1,FVFA,1,1.8119756796448478,0.8596005
00052_id03589_wavtolip.mp4,1,FVFA,1,1.7956957408536212,0.8576242
00052_id03620_wavtolip.mp4,1,FVFA,1,1.8023821868155894,0.8584387
00052_id03716_wavtolip.mp4,1,FVFA,1,1.8050873842545763,0.8587671
00046_id00232_wavtolip.mp4,1,FVFA,1,1.8089968490228854,0.8592406
00046_id00234_wavtolip.mp4,1,FVFA,1,1.806040608643751,0.85888267
00046_id00330_wavtolip.mp4,1,FVFA,1,1.8066057720285686,0.85895115
00046_id00373_wavtolip.mp4,1,FVFA,1,1.766245946289398,0.8539902
00046_id00484_wavtolip.mp4,1,FVFA,1,1.811988520477724,0.85960203
00046_id00591_wavtolip.mp4,1,FVFA,1,1.8129731728553493,0.8597208
00046_id00813_wavtolip.mp4,1,FVFA,1,1.7943895929708888,0.8574646
00046_id00897_wavtolip.mp4,1,FVFA,1,1.804493853447967,0.8586951
00046_id03651_wavtolip.mp4,1,FVFA,1,1.812995907639637,0.85972357
00046_id03716_wavtolip.mp4,1,FVFA,1,1.798382129596987,0.8579519
00202_id00188_wavtolip.mp4,1,FVFA,1,1.8127478220615771,0.85969365
00202_id00232_wavtolip.mp4,1,FVFA,1,1.8081341894497953,0.8591362
00202_id00271_wavtolip.mp4,1,FVFA,1,1.8075885906459859,0.8590702
00202_id00495_wavtolip.mp4,1,FVFA,1,1.8154499905158847,0.86001927
00202_id00496_wavtolip.mp4,1,FVFA,1,1.8001361004517917,0.8581655
00202_id00735_wavtolip.mp4,1,FVFA,1,1.813467985553183,0.8597805
00202_id00806_wavtolip.mp4,1,FVFA,1,1.8118932048144376,0.85959053
00202_id01002_wavtolip.mp4,1,FVFA,1,1.8082326957718478,0.85914814
00202_id03716_wavtolip.mp4,1,FVFA,1,1.8102200716382526,0.8593885
00122_id00234_wavtolip.mp4,1,FVFA,1,1.8124162867608913,0.85965365
00122_id00271_wavtolip.mp4,1,FVFA,1,1.8075885906459859,0.8590702
00122_id00373_wavtolip.mp4,1,FVFA,1,1.7974341213352272,0.8578363
00122_id00403_wavtolip.mp4,1,FVFA,1,1.814461603139111,0.85990024
00122_id00496_wavtolip.mp4,1,FVFA,1,1.802417011722608,0.8584429
00122_id03620_wavtolip.mp4,1,FVFA,1,1.8115485425965414,0.8595489
00122_id03651_wavtolip.mp4,1,FVFA,1,1.812995907639637,0.85972357
00122_id03844_wavtolip.mp4,1,FVFA,1,1.8074743768044703,0.85905635
00122_id03941_wavtolip.mp4,1,FVFA,1,1.809692884179444,0.85932475
00027_id00270_wavtolip.mp4,1,FVFA,1,1.8143606757538444,0.8598881
00027_id00271_wavtolip.mp4,1,FVFA,1,1.8075885906459859,0.8590702
00027_id00373_wavtolip.mp4,1,FVFA,1,1.8009007263783712,0.85825855
00027_id00379_wavtolip.mp4,1,FVFA,1,1.8122982180201939,0.8596394
00027_id00403_wavtolip.mp4,1,FVFA,1,1.8146956443585434,0.8599284
00027_id00434_wavtolip.mp4,1,FVFA,1,1.8124513635070156,0.8596579
00027_id00897_wavtolip.mp4,1,FVFA,1,1.8154148379922754,0.86001503
00027_id01002_wavtolip.mp4,1,FVFA,1,1.8083947538365552,0.85916775
00027_id01018_wavtolip.mp4,1,FVFA,1,1.8161121133917744,0.86009896
00027_id03649_wavtolip.mp4,1,FVFA,1,1.8124696432888814,0.8596601
00015_id00232_wavtolip.mp4,1,FVFA,1,1.8089968490228854,0.8592406
00015_id00330_wavtolip.mp4,1,FVFA,1,1.8066057720285686,0.85895115
00015_id00374_wavtolip.mp4,1,FVFA,1,1.8070806077984414,0.85900867
00015_id00379_wavtolip.mp4,1,FVFA,1,1.8125798211184767,0.8596734
00015_id00434_wavtolip.mp4,1,FVFA,1,1.7925517329317622,0.85723984
00015_id00823_wavtolip.mp4,1,FVFA,1,1.8105693385297177,0.8594307
00015_id03716_wavtolip.mp4,1,FVFA,1,1.8003060355485543,0.8581862
00239_id00232_wavtolip.mp4,1,FVFA,1,1.8116013720919684,0.8595553
00239_id00271_wavtolip.mp4,1,FVFA,1,1.8075885906459859,0.8590702
00239_id00287_wavtolip.mp4,1,FVFA,1,1.8124681611354514,0.8596599
00239_id00332_wavtolip.mp4,1,FVFA,1,1.8141801131856712,0.8598663
00239_id00434_wavtolip.mp4,1,FVFA,1,1.8111087038746805,0.8594958
00239_id00633_wavtolip.mp4,1,FVFA,1,1.8095415211369128,0.85930645
00239_id00897_wavtolip.mp4,1,FVFA,1,1.814987632658615,0.8599636
00239_id01002_wavtolip.mp4,1,FVFA,1,1.8082326957718478,0.85914814
00239_id01018_wavtolip.mp4,1,FVFA,1,1.8158798144428272,0.860071
00010_id00234_wavtolip.mp4,1,FVFA,1,1.806040608643751,0.85888267
00010_id00330_wavtolip.mp4,1,FVFA,1,1.8066057720285686,0.85895115
00010_id00332_wavtolip.mp4,1,FVFA,1,1.8115929784866278,0.8595543
00010_id00434_wavtolip.mp4,1,FVFA,1,1.791846179903887,0.8571535
00010_id00495_wavtolip.mp4,1,FVFA,1,1.8154499905158847,0.86001927
00010_id00591_wavtolip.mp4,1,FVFA,1,1.8129731728553493,0.8597208
00010_id01018_wavtolip.mp4,1,FVFA,1,1.8076151762462453,0.8590734
00010_id03589_wavtolip.mp4,1,FVFA,1,1.7950525167055698,0.8575456
00010_id03620_wavtolip.mp4,1,FVFA,1,1.7921908777397855,0.8571957
00130_id00270_wavtolip.mp4,1,FVFA,1,1.814444286645079,0.85989815
00130_id00287_wavtolip.mp4,1,FVFA,1,1.8124681611354514,0.8596599
00130_id00374_wavtolip.mp4,1,FVFA,1,1.8070806077984414,0.85900867
00130_id00581_wavtolip.mp4,1,FVFA,1,1.8081110414754848,0.8591334
00130_id00591_wavtolip.mp4,1,FVFA,1,1.8129731728553493,0.8597208
00130_id00813_wavtolip.mp4,1,FVFA,1,1.802268889260289,0.8584249
00130_id00826_wavtolip.mp4,1,FVFA,1,1.8112622120254944,0.85951436
00130_id00897_wavtolip.mp4,1,FVFA,1,1.8127048316519399,0.85968846
00130_id03651_wavtolip.mp4,1,FVFA,1,1.812995907639637,0.85972357
00001_id00071_wavtolip.mp4,1,FVFA,1,1.8133977816196625,0.859772
00001_id00234_wavtolip.mp4,1,FVFA,1,1.813231679391859,0.859752
00001_id00270_wavtolip.mp4,1,FVFA,1,1.8143606757538444,0.8598881
00001_id00328_wavtolip.mp4,1,FVFA,1,1.8140366692414998,0.85984904
00001_id00332_wavtolip.mp4,1,FVFA,1,1.8149821882474242,0.85996294
00001_id00484_wavtolip.mp4,1,FVFA,1,1.8146817888120264,0.85992676
00001_id00581_wavtolip.mp4,1,FVFA,1,1.8142627238321771,0.8598763
00001_id00633_wavtolip.mp4,1,FVFA,1,1.8106808461444297,0.85944414
00001_id01018_wavtolip.mp4,1,FVFA,1,1.8163855726144769,0.86013186
00001_id03589_wavtolip.mp4,1,FVFA,1,1.8085898396304319,0.85919136
00088_id00042_wavtolip.mp4,1,FVFA,1,1.8057721257026083,0.8588501
00088_id00330_wavtolip.mp4,1,FVFA,1,1.8066057720285686,0.85895115
00088_id00496_wavtolip.mp4,1,FVFA,1,1.784684679400294,0.85627437
00088_id00591_wavtolip.mp4,1,FVFA,1,1.8129731728553493,0.8597208
00088_id00735_wavtolip.mp4,1,FVFA,1,1.8142167184948514,0.85987073
00088_id03844_wavtolip.mp4,1,FVFA,1,1.8078283717295631,0.8590992
00078_id00042_wavtolip.mp4,1,FVFA,1,1.8057721257026083,0.8588501
00078_id00270_wavtolip.mp4,1,FVFA,1,1.814444286645079,0.85989815
00078_id00287_wavtolip.mp4,1,FVFA,1,1.8124681611354514,0.8596599
00078_id00330_wavtolip.mp4,1,FVFA,1,1.8066057720285686,0.85895115
00078_id00403_wavtolip.mp4,1,FVFA,1,1.8117806123451614,0.85957694
00078_id00484_wavtolip.mp4,1,FVFA,1,1.811988520477724,0.85960203
00078_id00496_wavtolip.mp4,1,FVFA,1,1.7852441811949544,0.8563432
00078_id00569_wavtolip.mp4,1,FVFA,1,1.8122251093497919,0.8596306
00078_id00813_wavtolip.mp4,1,FVFA,1,1.7970910607861272,0.85779446
00037_id00271_wavtolip.mp4,1,FVFA,1,1.8075885906459859,0.8590702
00037_id00332_wavtolip.mp4,1,FVFA,1,1.8111644781884464,0.85950255
00037_id00379_wavtolip.mp4,1,FVFA,1,1.8125798211184767,0.8596734
00037_id00484_wavtolip.mp4,1,FVFA,1,1.811988520477724,0.85960203
00037_id00496_wavtolip.mp4,1,FVFA,1,1.7952891770730208,0.8575745
00037_id00634_wavtolip.mp4,1,FVFA,1,1.8085553527785592,0.8591872
00037_id00823_wavtolip.mp4,1,FVFA,1,1.8105693385297177,0.8594307
00037_id00826_wavtolip.mp4,1,FVFA,1,1.8112622120254944,0.85951436
00037_id01002_wavtolip.mp4,1,FVFA,1,1.8082326957718478,0.85914814
00005_id00287_wavtolip.mp4,1,FVFA,1,1.8124681611354514,0.8596599
00005_id00328_wavtolip.mp4,1,FVFA,1,1.8105757524422617,0.85943145
00005_id00330_wavtolip.mp4,1,FVFA,1,1.8066057720285686,0.85895115
00005_id00332_wavtolip.mp4,1,FVFA,1,1.8115929784866278,0.8595543
00005_id00373_wavtolip.mp4,1,FVFA,1,1.7676257050321167,0.85416216
00005_id00591_wavtolip.mp4,1,FVFA,1,1.8129731728553493,0.8597208
00005_id03716_wavtolip.mp4,1,FVFA,1,1.8003060355485543,0.8581862
00005_id03858_wavtolip.mp4,1,FVFA,1,1.8110899484132847,0.85949355
00169_id00234_wavtolip.mp4,1,FVFA,1,1.806040608643751,0.85888267
00169_id00325_wavtolip.mp4,1,FVFA,1,1.8088041699360153,0.8592173
00169_id00330_wavtolip.mp4,1,FVFA,1,1.8066057720285686,0.85895115
00169_id00395_wavtolip.mp4,1,FVFA,1,1.8134566142528372,0.8597791
00169_id00434_wavtolip.mp4,1,FVFA,1,1.7925517329317622,0.85723984
00169_id03589_wavtolip.mp4,1,FVFA,1,1.7950525167055698,0.8575456
00169_id03649_wavtolip.mp4,1,FVFA,1,1.8125981025895541,0.8596756
00169_id03716_wavtolip.mp4,1,FVFA,1,1.798382129596987,0.8579519
00169_id03844_wavtolip.mp4,1,FVFA,1,1.8078283717295631,0.8590992
00125_id00188_wavtolip.mp4,1,FVFA,1,1.8119648144173452,0.8595992
00125_id00271_wavtolip.mp4,1,FVFA,1,1.8075885906459859,0.8590702
00125_id00332_wavtolip.mp4,1,FVFA,1,1.8144452761532093,0.85989827
00125_id00374_wavtolip.mp4,1,FVFA,1,1.811531262356072,0.85954684
00125_id00403_wavtolip.mp4,1,FVFA,1,1.8145749078121984,0.8599139
00125_id00434_wavtolip.mp4,1,FVFA,1,1.8117727114615751,0.859576
00125_id00496_wavtolip.mp4,1,FVFA,1,1.8026711127108634,0.8584738
00125_id00633_wavtolip.mp4,1,FVFA,1,1.8101372076189504,0.85937846
00125_id00826_wavtolip.mp4,1,FVFA,1,1.8107509130238368,0.8594526
00065_id00287_wavtolip.mp4,1,FVFA,1,1.8124681611354514,0.8596599
00065_id00325_wavtolip.mp4,1,FVFA,1,1.81108353212929,0.8594928
00065_id00374_wavtolip.mp4,1,FVFA,1,1.8070924192488187,0.8590101
00065_id00379_wavtolip.mp4,1,FVFA,1,1.8125798211184767,0.8596734
00065_id00495_wavtolip.mp4,1,FVFA,1,1.8154499905158847,0.86001927
00065_id00569_wavtolip.mp4,1,FVFA,1,1.8122251093497919,0.8596306
00065_id00806_wavtolip.mp4,1,FVFA,1,1.8102664381833975,0.8593941
00065_id00897_wavtolip.mp4,1,FVFA,1,1.8138640615061223,0.85982823
00065_id03620_wavtolip.mp4,1,FVFA,1,1.8077934113412122,0.859095
00065_id03651_wavtolip.mp4,1,FVFA,1,1.812995907639637,0.85972357
00005_id00042_wavtolip.mp4,1,FVFA,1,1.8057721257026083,0.8588501
00005_id00232_wavtolip.mp4,1,FVFA,1,1.8089968490228854,0.8592406
00005_id00271_wavtolip.mp4,1,FVFA,1,1.8075885906459859,0.8590702
00005_id00287_wavtolip.mp4,1,FVFA,1,1.8124681611354514,0.8596599
00005_id00379_wavtolip.mp4,1,FVFA,1,1.8125798211184767,0.8596734
00005_id00491_wavtolip.mp4,1,FVFA,1,1.8086731042658772,0.85920143
00005_id00495_wavtolip.mp4,1,FVFA,1,1.8154499905158847,0.86001927
00005_id00496_wavtolip.mp4,1,FVFA,1,1.7664911913505366,0.8540208
00005_id01002_wavtolip.mp4,1,FVFA,1,1.8082326957718478,0.85914814
00005_id03651_wavtolip.mp4,1,FVFA,1,1.812995907639637,0.85972357
00086_id00042_wavtolip.mp4,1,FVFA,1,1.8057721257026083,0.8588501
00086_id00232_wavtolip.mp4,1,FVFA,1,1.8081341894497953,0.8591362
00086_id00287_wavtolip.mp4,1,FVFA,1,1.8124681611354514,0.8596599
00086_id00496_wavtolip.mp4,1,FVFA,1,1.7964994547788484,0.8577223
00086_id00735_wavtolip.mp4,1,FVFA,1,1.813467985553183,0.8597805
00086_id00823_wavtolip.mp4,1,FVFA,1,1.8105693385297177,0.8594307
00086_id00826_wavtolip.mp4,1,FVFA,1,1.8107509130238368,0.8594526
00086_id03371_wavtolip.mp4,1,FVFA,1,1.8098777962313521,0.8593471
00086_id03651_wavtolip.mp4,1,FVFA,1,1.812995907639637,0.85972357
00043_id00234_wavtolip.mp4,1,FVFA,1,1.8122552415117388,0.8596342
00043_id00434_wavtolip.mp4,1,FVFA,1,1.8119717286432053,0.8596
00043_id00569_wavtolip.mp4,1,FVFA,1,1.8121347167820334,0.8596197
00043_id00813_wavtolip.mp4,1,FVFA,1,1.8094044704351124,0.8592899
00043_id00826_wavtolip.mp4,1,FVFA,1,1.8107509130238368,0.8594526
00043_id00897_wavtolip.mp4,1,FVFA,1,1.815332158803314,0.8600051
00043_id01018_wavtolip.mp4,1,FVFA,1,1.8160046269577608,0.860086
00043_id03858_wavtolip.mp4,1,FVFA,1,1.8137285621467034,0.8598119
00043_id03941_wavtolip.mp4,1,FVFA,1,1.809692884179444,0.85932475
00072_id00071_wavtolip.mp4,1,FVFA,1,1.8140930557840913,0.85985583
00072_id00234_wavtolip.mp4,1,FVFA,1,1.806040608643751,0.85888267
00072_id00270_wavtolip.mp4,1,FVFA,1,1.814444286645079,0.85989815
00072_id00271_wavtolip.mp4,1,FVFA,1,1.8075885906459859,0.8590702
00072_id00330_wavtolip.mp4,1,FVFA,1,1.8066057720285686,0.85895115
00072_id00332_wavtolip.mp4,1,FVFA,1,1.8115929784866278,0.8595543
00072_id00374_wavtolip.mp4,1,FVFA,1,1.8070806077984414,0.85900867
00072_id00491_wavtolip.mp4,1,FVFA,1,1.8086731042658772,0.85920143
00072_id00581_wavtolip.mp4,1,FVFA,1,1.8041421779524578,0.8586524
00072_id03651_wavtolip.mp4,1,FVFA,1,1.812995907639637,0.85972357
00430_id00188_wavtolip.mp4,1,FVFA,1,1.8127478220615771,0.85969365
00430_id00262_wavtolip.mp4,1,FVFA,1,1.7894123418821382,0.8568552
00430_id00330_wavtolip.mp4,1,FVFA,1,1.8066057720285686,0.85895115
00430_id00484_wavtolip.mp4,1,FVFA,1,1.811988520477724,0.85960203
00430_id00491_wavtolip.mp4,1,FVFA,1,1.8086731042658772,0.85920143
00430_id00581_wavtolip.mp4,1,FVFA,1,1.8028914037289792,0.85850054
00430_id00591_wavtolip.mp4,1,FVFA,1,1.8129731728553493,0.8597208
00430_id00897_wavtolip.mp4,1,FVFA,1,1.808260771349961,0.85915154
00430_id03649_wavtolip.mp4,1,FVFA,1,1.8125981025895541,0.8596756
00002_id00188_wavtolip.mp4,1,FVFA,1,1.8127478220615771,0.85969365
00002_id00262_wavtolip.mp4,1,FVFA,1,1.7977982877132497,0.8578807
00002_id00270_wavtolip.mp4,1,FVFA,1,1.814444286645079,0.85989815
00002_id00373_wavtolip.mp4,1,FVFA,1,1.7836118351121477,0.8561423
00002_id00495_wavtolip.mp4,1,FVFA,1,1.8154499905158847,0.86001927
00002_id00806_wavtolip.mp4,1,FVFA,1,1.8063002897164986,0.85891414
00002_id01002_wavtolip.mp4,1,FVFA,1,1.8082326957718478,0.85914814
00002_id03371_wavtolip.mp4,1,FVFA,1,1.8047547203782959,0.85872674
00081_id00262_wavtolip.mp4,1,FVFA,1,1.7756011323824394,0.85515285
00081_id00270_wavtolip.mp4,1,FVFA,1,1.814444286645079,0.85989815
00081_id00328_wavtolip.mp4,1,FVFA,1,1.8105757524422617,0.85943145
00081_id00332_wavtolip.mp4,1,FVFA,1,1.8115929784866278,0.8595543
00081_id00634_wavtolip.mp4,1,FVFA,1,1.8099695217269318,0.8593582
00081_id00823_wavtolip.mp4,1,FVFA,1,1.8105693385297177,0.8594307
00081_id01018_wavtolip.mp4,1,FVFA,1,1.8083947538365552,0.85916775
00081_id03589_wavtolip.mp4,1,FVFA,1,1.7950525167055698,0.8575456
00081_id03651_wavtolip.mp4,1,FVFA,1,1.812995907639637,0.85972357
00081_id03716_wavtolip.mp4,1,FVFA,1,1.8003060355485543,0.8581862
00001_id00234_wavtolip.mp4,1,FVFA,1,1.8121450894011488,0.8596209
00001_id00271_wavtolip.mp4,1,FVFA,1,1.8075885906459859,0.8590702
00001_id00325_wavtolip.mp4,1,FVFA,1,1.8129791036327914,0.85972154
00001_id00374_wavtolip.mp4,1,FVFA,1,1.8100578008979857,0.85936886
00001_id00434_wavtolip.mp4,1,FVFA,1,1.8110218386014587,0.8594853
00001_id00484_wavtolip.mp4,1,FVFA,1,1.8106196638685803,0.85943675
00001_id00633_wavtolip.mp4,1,FVFA,1,1.8092723623909353,0.8592739
00001_id00813_wavtolip.mp4,1,FVFA,1,1.8076634254839565,0.85907924
00001_id03620_wavtolip.mp4,1,FVFA,1,1.810924121653265,0.8594735
00001_id03649_wavtolip.mp4,1,FVFA,1,1.8124696432888814,0.8596601
00092_id00042_wavtolip.mp4,1,FVFA,1,1.8055907077320732,0.8588281
00092_id00232_wavtolip.mp4,1,FVFA,1,1.8135238545977426,0.8597872
00092_id00270_wavtolip.mp4,1,FVFA,1,1.8143606757538444,0.8598881
00092_id00287_wavtolip.mp4,1,FVFA,1,1.8124681611354514,0.8596599
00092_id00332_wavtolip.mp4,1,FVFA,1,1.8149292300882698,0.85995656
00092_id00495_wavtolip.mp4,1,FVFA,1,1.8154499905158847,0.86001927
00092_id00806_wavtolip.mp4,1,FVFA,1,1.813698892517451,0.8598083
00092_id03589_wavtolip.mp4,1,FVFA,1,1.8082499350948247,0.85915023
00092_id03858_wavtolip.mp4,1,FVFA,1,1.8138813707701724,0.8598303
00040_id00262_wavtolip.mp4,1,FVFA,1,1.7777783244774126,0.8554223
00040_id00270_wavtolip.mp4,1,FVFA,1,1.814444286645079,0.85989815
00040_id00330_wavtolip.mp4,1,FVFA,1,1.8066057720285686,0.85895115
00040_id00434_wavtolip.mp4,1,FVFA,1,1.7925517329317622,0.85723984
00040_id00495_wavtolip.mp4,1,FVFA,1,1.8154499905158847,0.86001927
00040_id00897_wavtolip.mp4,1,FVFA,1,1.8040017290129418,0.85863537
00040_id03716_wavtolip.mp4,1,FVFA,1,1.798382129596987,0.8579519
00040_id03844_wavtolip.mp4,1,FVFA,1,1.8078283717295631,0.8590992
00093_id00071_wavtolip.mp4,1,FVFA,1,1.8140930557840913,0.85985583
00093_id00395_wavtolip.mp4,1,FVFA,1,1.8134566142528372,0.8597791
00093_id00569_wavtolip.mp4,1,FVFA,1,1.8122251093497919,0.8596306
00093_id00591_wavtolip.mp4,1,FVFA,1,1.8129731728553493,0.8597208
00093_id00633_wavtolip.mp4,1,FVFA,1,1.8083474644276798,0.85916203
00093_id01002_wavtolip.mp4,1,FVFA,1,1.8082326957718478,0.85914814
00093_id03941_wavtolip.mp4,1,FVFA,1,1.809692884179444,0.85932475
00028_id00188_wavtolip.mp4,1,FVFA,1,1.8119648144173452,0.8595992
00028_id00271_wavtolip.mp4,1,FVFA,1,1.8075885906459859,0.8590702
00028_id00332_wavtolip.mp4,1,FVFA,1,1.8141801131856712,0.8598663
00028_id00403_wavtolip.mp4,1,FVFA,1,1.8142533247684738,0.85987514
00028_id00495_wavtolip.mp4,1,FVFA,1,1.8154499905158847,0.86001927
00028_id00569_wavtolip.mp4,1,FVFA,1,1.8121347167820334,0.8596197
00028_id00735_wavtolip.mp4,1,FVFA,1,1.813467985553183,0.8597805
00028_id00806_wavtolip.mp4,1,FVFA,1,1.8124162867608913,0.85965365
00028_id01002_wavtolip.mp4,1,FVFA,1,1.8082326957718478,0.85914814
00028_id03620_wavtolip.mp4,1,FVFA,1,1.8109354722594906,0.8594749
00092_id00188_wavtolip.mp4,1,FVFA,1,1.8127478220615771,0.85969365
00092_id00262_wavtolip.mp4,1,FVFA,1,1.798368924445401,0.85795027
00092_id00270_wavtolip.mp4,1,FVFA,1,1.814444286645079,0.85989815
00092_id00379_wavtolip.mp4,1,FVFA,1,1.8125798211184767,0.8596734
00092_id00434_wavtolip.mp4,1,FVFA,1,1.8027692335886203,0.8584857
00092_id00495_wavtolip.mp4,1,FVFA,1,1.8154499905158847,0.86001927
00092_id00735_wavtolip.mp4,1,FVFA,1,1.8142167184948514,0.85987073
00092_id00813_wavtolip.mp4,1,FVFA,1,1.8005568133063197,0.8582167
00092_id03589_wavtolip.mp4,1,FVFA,1,1.7936475301926287,0.8573739
00021_id00071_wavtolip.mp4,1,FVFA,1,1.8133977816196625,0.859772
00021_id00328_wavtolip.mp4,1,FVFA,1,1.8128165106476535,0.85970193
00021_id00332_wavtolip.mp4,1,FVFA,1,1.8145180069304438,0.85990703
00021_id00379_wavtolip.mp4,1,FVFA,1,1.8122972300395632,0.8596393
00021_id00491_wavtolip.mp4,1,FVFA,1,1.8102837027173586,0.85939616
00021_id00735_wavtolip.mp4,1,FVFA,1,1.8134669967407635,0.8597804
00021_id00806_wavtolip.mp4,1,FVFA,1,1.8133171997858435,0.8597623
00021_id03649_wavtolip.mp4,1,FVFA,1,1.8124696432888814,0.8596601
00021_id03716_wavtolip.mp4,1,FVFA,1,1.8120887818275377,0.85961413
