sample_id,label,category,probability,prediction
00028.mp4,0,RVRA,0.347412,0
00004.mp4,0,RVRA,0.315918,0
00014.mp4,0,RVRA,0.460205,1
00020.mp4,0,RVRA,0.485840,1
00025.mp4,0,RVRA,0.396240,1
00063.mp4,0,RVRA,0.447754,1
00028.mp4,0,RVRA,0.425049,1
00088.mp4,0,RVRA,0.501465,1
00028.mp4,0,RVRA,0.488525,1
00005.mp4,0,RVRA,0.416260,1
00015.mp4,0,RVRA,0.333252,0
00092.mp4,0,RVRA,0.459229,1
00118.mp4,0,RVRA,0.312256,0
00293.mp4,0,RVRA,0.383545,1
00078.mp4,0,RVRA,0.500000,1
00028.mp4,0,RVRA,0.472168,1
00311.mp4,0,RVRA,0.527832,1
00043.mp4,0,RVRA,0.446289,1
00420.mp4,0,RVRA,0.459229,1
00052.mp4,0,RVRA,0.433105,1
00046.mp4,0,RVRA,0.364014,1
00202.mp4,0,RVRA,0.463867,1
00122.mp4,0,RVRA,0.434570,1
00027.mp4,0,RVRA,0.355957,1
00015.mp4,0,RVRA,0.476074,1
00239.mp4,0,RVRA,0.414795,1
00010.mp4,0,RVRA,0.438477,1
00130.mp4,0,RVRA,0.481689,1
00001.mp4,0,RVRA,0.463135,1
00088.mp4,0,RVRA,0.439453,1
00078.mp4,0,RVRA,0.457520,1
00037.mp4,0,RVRA,0.352051,1
00005.mp4,0,RVRA,0.345215,0
00169.mp4,0,RVRA,0.436035,1
00125.mp4,0,RVRA,0.357910,1
00065.mp4,0,RVRA,0.458008,1
00005.mp4,0,RVRA,0.533203,1
00086.mp4,0,RVRA,0.410645,1
00043.mp4,0,RVRA,0.423096,1
00072.mp4,0,RVRA,0.450439,1
00430.mp4,0,RVRA,0.450195,1
00002.mp4,0,RVRA,0.415039,1
00081.mp4,0,RVRA,0.464600,1
00001.mp4,0,RVRA,0.498779,1
00092.mp4,0,RVRA,0.499512,1
00040.mp4,0,RVRA,0.344238,0
00093.mp4,0,RVRA,0.537598,1
00028.mp4,0,RVRA,0.356445,1
00092.mp4,0,RVRA,0.500977,1
00021.mp4,0,RVRA,0.345947,0
00028_fake.mp4,1,RVFA,0.348633,0
00004_fake.mp4,1,RVFA,0.316162,0
00014_fake.mp4,1,RVFA,0.461670,1
00020_fake.mp4,1,RVFA,0.489990,1
00025_fake.mp4,1,RVFA,0.399902,1
00063_fake.mp4,1,RVFA,0.448242,1
00028_fake.mp4,1,RVFA,0.426758,1
00088_fake.mp4,1,RVFA,0.500977,1
00028_fake.mp4,1,RVFA,0.488770,1
00005_fake.mp4,1,RVFA,0.418213,1
00015_fake.mp4,1,RVFA,0.337158,0
00092_fake.mp4,1,RVFA,0.460938,1
00118_fake.mp4,1,RVFA,0.314453,0
00293_fake.mp4,1,RVFA,0.385498,1
00078_fake.mp4,1,RVFA,0.500000,1
00028_fake.mp4,1,RVFA,0.472168,1
00311_fake.mp4,1,RVFA,0.526855,1
00043_fake.mp4,1,RVFA,0.446533,1
00420_fake.mp4,1,RVFA,0.459717,1
00052_fake.mp4,1,RVFA,0.435059,1
00046_fake.mp4,1,RVFA,0.367188,1
00202_fake.mp4,1,RVFA,0.463623,1
00122_fake.mp4,1,RVFA,0.436768,1
00027_fake.mp4,1,RVFA,0.357910,1
00015_fake.mp4,1,RVFA,0.475586,1
00239_fake.mp4,1,RVFA,0.415771,1
00010_fake.mp4,1,RVFA,0.438965,1
00130_fake.mp4,1,RVFA,0.481689,1
00001_fake.mp4,1,RVFA,0.465820,1
00088_fake.mp4,1,RVFA,0.440918,1
00078_fake.mp4,1,RVFA,0.457764,1
00037_fake.mp4,1,RVFA,0.354492,1
00005_fake.mp4,1,RVFA,0.348877,0
00169_fake.mp4,1,RVFA,0.437256,1
00125_fake.mp4,1,RVFA,0.359619,1
00065_fake.mp4,1,RVFA,0.459229,1
00005_fake.mp4,1,RVFA,0.536133,1
00086_fake.mp4,1,RVFA,0.411865,1
00043_fake.mp4,1,RVFA,0.424805,1
00072_fake.mp4,1,RVFA,0.455322,1
00430_fake.mp4,1,RVFA,0.450684,1
00002_fake.mp4,1,RVFA,0.417725,1
00081_fake.mp4,1,RVFA,0.464600,1
00001_fake.mp4,1,RVFA,0.500488,1
00092_fake.mp4,1,RVFA,0.499268,1
00040_fake.mp4,1,RVFA,0.348145,0
00093_fake.mp4,1,RVFA,0.540039,1
00028_fake.mp4,1,RVFA,0.359375,1
00092_fake.mp4,1,RVFA,0.502441,1
00021_fake.mp4,1,RVFA,0.347412,0
00028_0.mp4,1,FVRA,0.358398,1
00028_id00325_4vJtbNe0L98_faceswap.mp4,1,FVRA,0.346436,0
00004_0.mp4,1,FVRA,0.426025,1
00004_1.mp4,1,FVRA,0.463135,1
00004_2.mp4,1,FVRA,0.500977,1
00004_3.mp4,1,FVRA,0.463379,1
00004_id00495_E46aiMUC4A0_faceswap.mp4,1,FVRA,0.315674,0
00014_id03371_truKMXt8Dak_faceswap.mp4,1,FVRA,0.462402,1
00020_id00569_gSynmpwioV4_faceswap.mp4,1,FVRA,0.488281,1
00025_0.mp4,1,FVRA,0.500488,1
00025_id00365_XV-imLNJvfk_faceswap.mp4,1,FVRA,0.400879,1
00063_id00403_n4LSCxzFr6o_faceswap.mp4,1,FVRA,0.447998,1
00028_0.mp4,1,FVRA,0.388184,1
00028_id00287_2NpfYjyMsPM_faceswap.mp4,1,FVRA,0.427490,1
00088_0.mp4,1,FVRA,0.458252,1
00088_id00633_UXrTMta1EDM_faceswap.mp4,1,FVRA,0.502930,1
00028_0.mp4,1,FVRA,0.458252,1
00028_id00495_E46aiMUC4A0_faceswap.mp4,1,FVRA,0.489014,1
00005_id00262_3p7sRWAAh1Q_faceswap.mp4,1,FVRA,0.418945,1
00015_id00042_4yuJSkaZwn0_faceswap.mp4,1,FVRA,0.339600,0
00092_0.mp4,1,FVRA,0.315430,0
00092_id00484_u7YTz8eFZv0_faceswap.mp4,1,FVRA,0.462158,1
00118_id00365_XV-imLNJvfk_faceswap.mp4,1,FVRA,0.313721,0
00293_0.mp4,1,FVRA,0.481445,1
00078_0.mp4,1,FVRA,0.315674,0
00078_id00330_zCFFgGSIZ_s_faceswap.mp4,1,FVRA,0.500488,1
00028_0.mp4,1,FVRA,0.453613,1
00311_0.mp4,1,FVRA,0.460205,1
00311_id00330_zCFFgGSIZ_s_faceswap.mp4,1,FVRA,0.527832,1
00043_id00633_UXrTMta1EDM_faceswap.mp4,1,FVRA,0.447266,1
00420_0.mp4,1,FVRA,0.359131,1
00420_id00823_KgExwCvgrUk_faceswap.mp4,1,FVRA,0.460205,1
00052_id00234_M3g5KRLJB60_faceswap.mp4,1,FVRA,0.435547,1
00046_0.mp4,1,FVRA,0.527344,1
00046_id00330_zCFFgGSIZ_s_faceswap.mp4,1,FVRA,0.365723,1
00202_0.mp4,1,FVRA,0.460938,1
00202_id03844_AEAEN1Lns2c_faceswap.mp4,1,FVRA,0.463623,1
00122_id00633_UXrTMta1EDM_faceswap.mp4,1,FVRA,0.437988,1
00027_0.mp4,1,FVRA,0.418457,1
00027_id00395_wM5kGJfTtEM_faceswap.mp4,1,FVRA,0.357910,1
00015_id00262_3p7sRWAAh1Q_faceswap.mp4,1,FVRA,0.475586,1
00239_0.mp4,1,FVRA,0.527832,1
00239_1.mp4,1,FVRA,0.387939,1
00239_2.mp4,1,FVRA,0.473633,1
00010_id03371_truKMXt8Dak_faceswap.mp4,1,FVRA,0.439209,1
00130_0.mp4,1,FVRA,0.540039,1
00130_id00634_z5t9oJizDQg_faceswap.mp4,1,FVRA,0.481689,1
00001_id00897_0ayFw8JhoyI_faceswap.mp4,1,FVRA,0.467773,1
00088_id01002_eQTviHjyISo_faceswap.mp4,1,FVRA,0.441162,1
00078_0.mp4,1,FVRA,0.315674,0
00078_id03649_389qfFqUddI_faceswap.mp4,1,FVRA,0.458008,1
00037_id03844_AEAEN1Lns2c_faceswap.mp4,1,FVRA,0.354004,1
00005_id00379_fgkgYHCuk4g_faceswap.mp4,1,FVRA,0.347412,0
00169_id00897_0ayFw8JhoyI_faceswap.mp4,1,FVRA,0.437256,1
00125_id00395_wM5kGJfTtEM_faceswap.mp4,1,FVRA,0.359375,1
00065_0.mp4,1,FVRA,0.540039,1
00065_id00581_7AxvP19LGKg_faceswap.mp4,1,FVRA,0.459473,1
00005_id00591_1Jo8xElXQMs_faceswap.mp4,1,FVRA,0.535645,1
00086_id00633_UXrTMta1EDM_faceswap.mp4,1,FVRA,0.413818,1
00043_0.mp4,1,FVRA,0.439453,1
00043_id00633_UXrTMta1EDM_faceswap.mp4,1,FVRA,0.425293,1
00072_id00569_gSynmpwioV4_faceswap.mp4,1,FVRA,0.453857,1
00430_id00581_7AxvP19LGKg_faceswap.mp4,1,FVRA,0.451172,1
00002_0.mp4,1,FVRA,0.503418,1
00002_id00495_E46aiMUC4A0_faceswap.mp4,1,FVRA,0.417480,1
00081_id00496_SImaDcXQnh8_faceswap.mp4,1,FVRA,0.465820,1
00001_0.mp4,1,FVRA,0.427246,1
00001_id00634_z5t9oJizDQg_faceswap.mp4,1,FVRA,0.501465,1
00092_id03716_s-lxbGafZQA_faceswap.mp4,1,FVRA,0.499512,1
00040_0.mp4,1,FVRA,0.337646,0
00040_id03651_EjcoRkL6loI_faceswap.mp4,1,FVRA,0.347900,0
00093_id03941_SsYtP8Ze88Q_faceswap.mp4,1,FVRA,0.540039,1
00028_0.mp4,1,FVRA,0.313965,0
00028_id00484_u7YTz8eFZv0_faceswap.mp4,1,FVRA,0.358398,1
00092_0.mp4,1,FVRA,0.540039,1
00092_id00395_wM5kGJfTtEM_faceswap.mp4,1,FVRA,0.502930,1
00021_0.mp4,1,FVRA,0.465332,1
00021_id03816_XXD0yTNei50_faceswap.mp4,1,FVRA,0.347900,0
00028_id00325_4vJtbNe0L98_faceswap_id00325_wavtolip.mp4,1,FVFA,0.352295,1
00028_id00325_4vJtbNe0L98_faceswap_id00495_wavtolip.mp4,1,FVFA,0.350342,1
00028_id00325_4vJtbNe0L98_faceswap_id00735_wavtolip.mp4,1,FVFA,0.351318,1
00028_id00325_4vJtbNe0L98_faceswap_id03858_wavtolip.mp4,1,FVFA,0.352539,1
00004_1_id00262_wavtolip.mp4,1,FVFA,0.465332,1
00004_1_id00373_wavtolip.mp4,1,FVFA,0.465088,1
00004_1_id00569_wavtolip.mp4,1,FVFA,0.465332,1
00004_1_id00581_wavtolip.mp4,1,FVFA,0.465332,1
00004_1_id00633_wavtolip.mp4,1,FVFA,0.465088,1
00004_2_id00068_wavtolip.mp4,1,FVFA,0.500000,1
00004_2_id00332_wavtolip.mp4,1,FVFA,0.500000,1
00004_2_id00581_wavtolip.mp4,1,FVFA,0.500000,1
00004_2_id03716_wavtolip.mp4,1,FVFA,0.500000,1
00004_3_id00332_wavtolip.mp4,1,FVFA,0.466064,1
00004_3_id00434_wavtolip.mp4,1,FVFA,0.466309,1
00004_3_id00495_wavtolip.mp4,1,FVFA,0.464600,1
00004_3_id03371_wavtolip.mp4,1,FVFA,0.466064,1
00004_3_id03716_wavtolip.mp4,1,FVFA,0.466309,1
00004_id00495_E46aiMUC4A0_faceswap_id00071_wavtolip.mp4,1,FVFA,0.315674,0
00004_id00495_E46aiMUC4A0_faceswap_id00434_wavtolip.mp4,1,FVFA,0.317871,0
00004_id00495_E46aiMUC4A0_faceswap_id00591_wavtolip.mp4,1,FVFA,0.311279,0
00004_id00495_E46aiMUC4A0_faceswap_id00813_wavtolip.mp4,1,FVFA,0.317627,0
00014_id03371_truKMXt8Dak_faceswap_id00271_wavtolip.mp4,1,FVFA,0.465820,1
00014_id03371_truKMXt8Dak_faceswap_id00806_wavtolip.mp4,1,FVFA,0.466064,1
00014_id03371_truKMXt8Dak_faceswap_id01018_wavtolip.mp4,1,FVFA,0.466064,1
00014_id03371_truKMXt8Dak_faceswap_id03716_wavtolip.mp4,1,FVFA,0.465820,1
00020_id00569_gSynmpwioV4_faceswap_id00270_wavtolip.mp4,1,FVFA,0.499756,1
00020_id00569_gSynmpwioV4_faceswap_id00328_wavtolip.mp4,1,FVFA,0.499512,1
00020_id00569_gSynmpwioV4_faceswap_id00395_wavtolip.mp4,1,FVFA,0.500488,1
00020_id00569_gSynmpwioV4_faceswap_id00491_wavtolip.mp4,1,FVFA,0.499268,1
00020_id00569_gSynmpwioV4_faceswap_id00581_wavtolip.mp4,1,FVFA,0.499268,1
00025_id00365_XV-imLNJvfk_faceswap_id00395_wavtolip.mp4,1,FVFA,0.406982,1
00025_id00365_XV-imLNJvfk_faceswap_id00491_wavtolip.mp4,1,FVFA,0.407715,1
00025_id00365_XV-imLNJvfk_faceswap_id00581_wavtolip.mp4,1,FVFA,0.410400,1
00025_id00365_XV-imLNJvfk_faceswap_id00735_wavtolip.mp4,1,FVFA,0.406738,1
00063_id00403_n4LSCxzFr6o_faceswap_id00071_wavtolip.mp4,1,FVFA,0.447754,1
00063_id00403_n4LSCxzFr6o_faceswap_id00234_wavtolip.mp4,1,FVFA,0.448242,1
00063_id00403_n4LSCxzFr6o_faceswap_id00495_wavtolip.mp4,1,FVFA,0.445557,1
00063_id00403_n4LSCxzFr6o_faceswap_id00581_wavtolip.mp4,1,FVFA,0.448486,1
00063_id00403_n4LSCxzFr6o_faceswap_id03941_wavtolip.mp4,1,FVFA,0.447021,1
00028_id00287_2NpfYjyMsPM_faceswap_id00379_wavtolip.mp4,1,FVFA,0.430664,1
00028_id00287_2NpfYjyMsPM_faceswap_id01002_wavtolip.mp4,1,FVFA,0.430908,1
00028_id00287_2NpfYjyMsPM_faceswap_id03620_wavtolip.mp4,1,FVFA,0.430176,1
00028_id00287_2NpfYjyMsPM_faceswap_id03858_wavtolip.mp4,1,FVFA,0.430176,1
00028_id00287_2NpfYjyMsPM_faceswap_id03941_wavtolip.mp4,1,FVFA,0.430664,1
00088_id00633_UXrTMta1EDM_faceswap_id00042_wavtolip.mp4,1,FVFA,0.501465,1
00088_id00633_UXrTMta1EDM_faceswap_id00434_wavtolip.mp4,1,FVFA,0.502441,1
00088_id00633_UXrTMta1EDM_faceswap_id03649_wavtolip.mp4,1,FVFA,0.499023,1
00028_id00495_E46aiMUC4A0_faceswap_id00328_wavtolip.mp4,1,FVFA,0.487305,1
00028_id00495_E46aiMUC4A0_faceswap_id00484_wavtolip.mp4,1,FVFA,0.487305,1
00028_id00495_E46aiMUC4A0_faceswap_id00826_wavtolip.mp4,1,FVFA,0.487305,1
00028_id00495_E46aiMUC4A0_faceswap_id03620_wavtolip.mp4,1,FVFA,0.487305,1
00028_id00495_E46aiMUC4A0_faceswap_id03716_wavtolip.mp4,1,FVFA,0.487305,1
00005_id00262_3p7sRWAAh1Q_faceswap_id00271_wavtolip.mp4,1,FVFA,0.420898,1
00005_id00262_3p7sRWAAh1Q_faceswap_id00897_wavtolip.mp4,1,FVFA,0.421143,1
00005_id00262_3p7sRWAAh1Q_faceswap_id03589_wavtolip.mp4,1,FVFA,0.421143,1
00005_id00262_3p7sRWAAh1Q_faceswap_id03941_wavtolip.mp4,1,FVFA,0.421143,1
00015_id00042_4yuJSkaZwn0_faceswap_id00188_wavtolip.mp4,1,FVFA,0.349365,0
00015_id00042_4yuJSkaZwn0_faceswap_id00232_wavtolip.mp4,1,FVFA,0.351562,1
00015_id00042_4yuJSkaZwn0_faceswap_id00484_wavtolip.mp4,1,FVFA,0.350098,1
00015_id00042_4yuJSkaZwn0_faceswap_id00591_wavtolip.mp4,1,FVFA,0.350586,1
00092_id00484_u7YTz8eFZv0_faceswap_id00287_wavtolip.mp4,1,FVFA,0.464355,1
00092_id00484_u7YTz8eFZv0_faceswap_id00484_wavtolip.mp4,1,FVFA,0.465332,1
00092_id00484_u7YTz8eFZv0_faceswap_id01002_wavtolip.mp4,1,FVFA,0.465088,1
00092_id00484_u7YTz8eFZv0_faceswap_id03589_wavtolip.mp4,1,FVFA,0.464355,1
00118_id00365_XV-imLNJvfk_faceswap_id00262_wavtolip.mp4,1,FVFA,0.321045,0
00118_id00365_XV-imLNJvfk_faceswap_id00328_wavtolip.mp4,1,FVFA,0.320068,0
00118_id00365_XV-imLNJvfk_faceswap_id00569_wavtolip.mp4,1,FVFA,0.317627,0
00118_id00365_XV-imLNJvfk_faceswap_id00897_wavtolip.mp4,1,FVFA,0.321045,0
00118_id00365_XV-imLNJvfk_faceswap_id03716_wavtolip.mp4,1,FVFA,0.321045,0
00078_0_id00271_wavtolip.mp4,1,FVFA,0.316650,0
00078_0_id00569_wavtolip.mp4,1,FVFA,0.313232,0
00078_0_id00634_wavtolip.mp4,1,FVFA,0.317139,0
00078_0_id03816_wavtolip.mp4,1,FVFA,0.315918,0
00078_id00330_zCFFgGSIZ_s_faceswap_id00042_wavtolip.mp4,1,FVFA,0.500488,1
00078_id00330_zCFFgGSIZ_s_faceswap_id00379_wavtolip.mp4,1,FVFA,0.500488,1
00078_id00330_zCFFgGSIZ_s_faceswap_id00569_wavtolip.mp4,1,FVFA,0.500488,1
00078_id00330_zCFFgGSIZ_s_faceswap_id03716_wavtolip.mp4,1,FVFA,0.500000,1
00311_id00330_zCFFgGSIZ_s_faceswap_id00262_wavtolip.mp4,1,FVFA,0.525391,1
00311_id00330_zCFFgGSIZ_s_faceswap_id00365_wavtolip.mp4,1,FVFA,0.525391,1
00311_id00330_zCFFgGSIZ_s_faceswap_id00591_wavtolip.mp4,1,FVFA,0.526367,1
00311_id00330_zCFFgGSIZ_s_faceswap_id00633_wavtolip.mp4,1,FVFA,0.525391,1
00311_id00330_zCFFgGSIZ_s_faceswap_id03716_wavtolip.mp4,1,FVFA,0.525391,1
00043_id00633_UXrTMta1EDM_faceswap_id00071_wavtolip.mp4,1,FVFA,0.445557,1
00043_id00633_UXrTMta1EDM_faceswap_id00270_wavtolip.mp4,1,FVFA,0.445557,1
00043_id00633_UXrTMta1EDM_faceswap_id00332_wavtolip.mp4,1,FVFA,0.446045,1
00043_id00633_UXrTMta1EDM_faceswap_id00395_wavtolip.mp4,1,FVFA,0.445557,1
00043_id00633_UXrTMta1EDM_faceswap_id01018_wavtolip.mp4,1,FVFA,0.446045,1
00420_id00823_KgExwCvgrUk_faceswap_id00188_wavtolip.mp4,1,FVFA,0.460205,1
00420_id00823_KgExwCvgrUk_faceswap_id00271_wavtolip.mp4,1,FVFA,0.460205,1
00420_id00823_KgExwCvgrUk_faceswap_id00330_wavtolip.mp4,1,FVFA,0.460449,1
00420_id00823_KgExwCvgrUk_faceswap_id00897_wavtolip.mp4,1,FVFA,0.460449,1
00052_id00234_M3g5KRLJB60_faceswap_id00232_wavtolip.mp4,1,FVFA,0.438965,1
00052_id00234_M3g5KRLJB60_faceswap_id00365_wavtolip.mp4,1,FVFA,0.438721,1
00052_id00234_M3g5KRLJB60_faceswap_id00806_wavtolip.mp4,1,FVFA,0.438965,1
00052_id00234_M3g5KRLJB60_faceswap_id01018_wavtolip.mp4,1,FVFA,0.438721,1
00046_id00330_zCFFgGSIZ_s_faceswap_id00325_wavtolip.mp4,1,FVFA,0.374512,1
00046_id00330_zCFFgGSIZ_s_faceswap_id00403_wavtolip.mp4,1,FVFA,0.374756,1
00046_id00330_zCFFgGSIZ_s_faceswap_id00633_wavtolip.mp4,1,FVFA,0.376953,1
00046_id00330_zCFFgGSIZ_s_faceswap_id00806_wavtolip.mp4,1,FVFA,0.376953,1
00046_id00330_zCFFgGSIZ_s_faceswap_id00823_wavtolip.mp4,1,FVFA,0.378418,1
00202_id03844_AEAEN1Lns2c_faceswap_id00395_wavtolip.mp4,1,FVFA,0.462891,1
00202_id03844_AEAEN1Lns2c_faceswap_id00484_wavtolip.mp4,1,FVFA,0.462158,1
00202_id03844_AEAEN1Lns2c_faceswap_id00826_wavtolip.mp4,1,FVFA,0.462158,1
00202_id03844_AEAEN1Lns2c_faceswap_id01002_wavtolip.mp4,1,FVFA,0.462158,1
00122_id00633_UXrTMta1EDM_faceswap_id00569_wavtolip.mp4,1,FVFA,0.443359,1
00122_id00633_UXrTMta1EDM_faceswap_id01002_wavtolip.mp4,1,FVFA,0.443604,1
00122_id00633_UXrTMta1EDM_faceswap_id03620_wavtolip.mp4,1,FVFA,0.443848,1
00122_id00633_UXrTMta1EDM_faceswap_id03716_wavtolip.mp4,1,FVFA,0.443848,1
00122_id00633_UXrTMta1EDM_faceswap_id03941_wavtolip.mp4,1,FVFA,0.443604,1
00027_id00395_wM5kGJfTtEM_faceswap_id00271_wavtolip.mp4,1,FVFA,0.367920,1
00027_id00395_wM5kGJfTtEM_faceswap_id00330_wavtolip.mp4,1,FVFA,0.367920,1
00027_id00395_wM5kGJfTtEM_faceswap_id00496_wavtolip.mp4,1,FVFA,0.367920,1
00027_id00395_wM5kGJfTtEM_faceswap_id03649_wavtolip.mp4,1,FVFA,0.367432,1
00027_id00395_wM5kGJfTtEM_faceswap_id03651_wavtolip.mp4,1,FVFA,0.368164,1
00015_id00262_3p7sRWAAh1Q_faceswap_id00188_wavtolip.mp4,1,FVFA,0.473633,1
00015_id00262_3p7sRWAAh1Q_faceswap_id00234_wavtolip.mp4,1,FVFA,0.474609,1
00015_id00262_3p7sRWAAh1Q_faceswap_id00374_wavtolip.mp4,1,FVFA,0.474365,1
00239_0_id00330_wavtolip.mp4,1,FVFA,0.429932,1
00239_0_id00491_wavtolip.mp4,1,FVFA,0.429932,1
00239_0_id03589_wavtolip.mp4,1,FVFA,0.430176,1
00239_0_id03816_wavtolip.mp4,1,FVFA,0.430176,1
00239_0_id03941_wavtolip.mp4,1,FVFA,0.430176,1
00239_1_id00262_wavtolip.mp4,1,FVFA,0.392090,1
00239_1_id00735_wavtolip.mp4,1,FVFA,0.394775,1
00239_1_id01002_wavtolip.mp4,1,FVFA,0.393555,1
00239_1_id03649_wavtolip.mp4,1,FVFA,0.394043,1
00239_1_id03716_wavtolip.mp4,1,FVFA,0.391846,1
00239_2_id00287_wavtolip.mp4,1,FVFA,0.471680,1
00239_2_id00332_wavtolip.mp4,1,FVFA,0.473389,1
00239_2_id00633_wavtolip.mp4,1,FVFA,0.474365,1
00239_2_id00735_wavtolip.mp4,1,FVFA,0.471436,1
00239_2_id03371_wavtolip.mp4,1,FVFA,0.473389,1
00010_id03371_truKMXt8Dak_faceswap_id00271_wavtolip.mp4,1,FVFA,0.439209,1
00010_id03371_truKMXt8Dak_faceswap_id00330_wavtolip.mp4,1,FVFA,0.439209,1
00010_id03371_truKMXt8Dak_faceswap_id00496_wavtolip.mp4,1,FVFA,0.439209,1
00010_id03371_truKMXt8Dak_faceswap_id01018_wavtolip.mp4,1,FVFA,0.439209,1
00130_id00634_z5t9oJizDQg_faceswap_id00071_wavtolip.mp4,1,FVFA,0.479980,1
00130_id00634_z5t9oJizDQg_faceswap_id00325_wavtolip.mp4,1,FVFA,0.480469,1
00130_id00634_z5t9oJizDQg_faceswap_id00395_wavtolip.mp4,1,FVFA,0.479980,1
00130_id00634_z5t9oJizDQg_faceswap_id00591_wavtolip.mp4,1,FVFA,0.480713,1
00130_id00634_z5t9oJizDQg_faceswap_id00823_wavtolip.mp4,1,FVFA,0.480469,1
00001_id00897_0ayFw8JhoyI_faceswap_id00262_wavtolip.mp4,1,FVFA,0.478271,1
00001_id00897_0ayFw8JhoyI_faceswap_id00633_wavtolip.mp4,1,FVFA,0.478027,1
00001_id00897_0ayFw8JhoyI_faceswap_id03371_wavtolip.mp4,1,FVFA,0.478027,1
00088_id01002_eQTviHjyISo_faceswap_id00232_wavtolip.mp4,1,FVFA,0.443359,1
00088_id01002_eQTviHjyISo_faceswap_id00270_wavtolip.mp4,1,FVFA,0.444336,1
00088_id01002_eQTviHjyISo_faceswap_id00735_wavtolip.mp4,1,FVFA,0.443848,1
00088_id01002_eQTviHjyISo_faceswap_id03620_wavtolip.mp4,1,FVFA,0.443359,1
00078_id03649_389qfFqUddI_faceswap_id00188_wavtolip.mp4,1,FVFA,0.457764,1
00078_id03649_389qfFqUddI_faceswap_id00569_wavtolip.mp4,1,FVFA,0.457764,1
00078_id03649_389qfFqUddI_faceswap_id00581_wavtolip.mp4,1,FVFA,0.458252,1
00078_id03649_389qfFqUddI_faceswap_id01002_wavtolip.mp4,1,FVFA,0.458008,1
00078_id03649_389qfFqUddI_faceswap_id03941_wavtolip.mp4,1,FVFA,0.458008,1
00037_id03844_AEAEN1Lns2c_faceswap_id00234_wavtolip.mp4,1,FVFA,0.358887,1
00037_id03844_AEAEN1Lns2c_faceswap_id00328_wavtolip.mp4,1,FVFA,0.360596,1
00037_id03844_AEAEN1Lns2c_faceswap_id00332_wavtolip.mp4,1,FVFA,0.359131,1
00037_id03844_AEAEN1Lns2c_faceswap_id00373_wavtolip.mp4,1,FVFA,0.358643,1
00037_id03844_AEAEN1Lns2c_faceswap_id00569_wavtolip.mp4,1,FVFA,0.359375,1
00005_id00379_fgkgYHCuk4g_faceswap_id00188_wavtolip.mp4,1,FVFA,0.355713,1
00005_id00379_fgkgYHCuk4g_faceswap_id00232_wavtolip.mp4,1,FVFA,0.353271,1
00005_id00379_fgkgYHCuk4g_faceswap_id00403_wavtolip.mp4,1,FVFA,0.354004,1
00005_id00379_fgkgYHCuk4g_faceswap_id00569_wavtolip.mp4,1,FVFA,0.355713,1
00169_id00897_0ayFw8JhoyI_faceswap_id00234_wavtolip.mp4,1,FVFA,0.440430,1
00169_id00897_0ayFw8JhoyI_faceswap_id00271_wavtolip.mp4,1,FVFA,0.441895,1
00169_id00897_0ayFw8JhoyI_faceswap_id00634_wavtolip.mp4,1,FVFA,0.440674,1
00169_id00897_0ayFw8JhoyI_faceswap_id03716_wavtolip.mp4,1,FVFA,0.440430,1
00169_id00897_0ayFw8JhoyI_faceswap_id03844_wavtolip.mp4,1,FVFA,0.441162,1
00125_id00395_wM5kGJfTtEM_faceswap_id00332_wavtolip.mp4,1,FVFA,0.366943,1
00125_id00395_wM5kGJfTtEM_faceswap_id00379_wavtolip.mp4,1,FVFA,0.366699,1
00125_id00395_wM5kGJfTtEM_faceswap_id03651_wavtolip.mp4,1,FVFA,0.371826,1
00125_id00395_wM5kGJfTtEM_faceswap_id03858_wavtolip.mp4,1,FVFA,0.366943,1
00125_id00395_wM5kGJfTtEM_faceswap_id03941_wavtolip.mp4,1,FVFA,0.366699,1
00065_id00581_7AxvP19LGKg_faceswap_id00071_wavtolip.mp4,1,FVFA,0.459473,1
00065_id00581_7AxvP19LGKg_faceswap_id00188_wavtolip.mp4,1,FVFA,0.460693,1
00065_id00581_7AxvP19LGKg_faceswap_id00806_wavtolip.mp4,1,FVFA,0.461426,1
00065_id00581_7AxvP19LGKg_faceswap_id00823_wavtolip.mp4,1,FVFA,0.461670,1
00065_id00581_7AxvP19LGKg_faceswap_id01018_wavtolip.mp4,1,FVFA,0.461182,1
00005_id00591_1Jo8xElXQMs_faceswap_id00188_wavtolip.mp4,1,FVFA,0.543945,1
00005_id00591_1Jo8xElXQMs_faceswap_id00332_wavtolip.mp4,1,FVFA,0.544434,1
00005_id00591_1Jo8xElXQMs_faceswap_id00735_wavtolip.mp4,1,FVFA,0.544922,1
00005_id00591_1Jo8xElXQMs_faceswap_id00897_wavtolip.mp4,1,FVFA,0.541992,1
00005_id00591_1Jo8xElXQMs_faceswap_id03858_wavtolip.mp4,1,FVFA,0.543945,1
00086_id00633_UXrTMta1EDM_faceswap_id00330_wavtolip.mp4,1,FVFA,0.419922,1
00086_id00633_UXrTMta1EDM_faceswap_id00395_wavtolip.mp4,1,FVFA,0.418701,1
00086_id00633_UXrTMta1EDM_faceswap_id00495_wavtolip.mp4,1,FVFA,0.419189,1
00086_id00633_UXrTMta1EDM_faceswap_id00897_wavtolip.mp4,1,FVFA,0.419678,1
00086_id00633_UXrTMta1EDM_faceswap_id03651_wavtolip.mp4,1,FVFA,0.421875,1
00043_id00633_UXrTMta1EDM_faceswap_id00042_wavtolip.mp4,1,FVFA,0.430420,1
00043_id00633_UXrTMta1EDM_faceswap_id00365_wavtolip.mp4,1,FVFA,0.430176,1
00043_id00633_UXrTMta1EDM_faceswap_id00897_wavtolip.mp4,1,FVFA,0.430420,1
00043_id00633_UXrTMta1EDM_faceswap_id03620_wavtolip.mp4,1,FVFA,0.430420,1
00072_id00569_gSynmpwioV4_faceswap_id00232_wavtolip.mp4,1,FVFA,0.473145,1
00072_id00569_gSynmpwioV4_faceswap_id00262_wavtolip.mp4,1,FVFA,0.469971,1
00072_id00569_gSynmpwioV4_faceswap_id00270_wavtolip.mp4,1,FVFA,0.477051,1
00072_id00569_gSynmpwioV4_faceswap_id00330_wavtolip.mp4,1,FVFA,0.471436,1
00430_id00581_7AxvP19LGKg_faceswap_id00234_wavtolip.mp4,1,FVFA,0.452637,1
00430_id00581_7AxvP19LGKg_faceswap_id00823_wavtolip.mp4,1,FVFA,0.456543,1
00430_id00581_7AxvP19LGKg_faceswap_id00897_wavtolip.mp4,1,FVFA,0.451904,1
00430_id00581_7AxvP19LGKg_faceswap_id03371_wavtolip.mp4,1,FVFA,0.451660,1
00002_id00495_E46aiMUC4A0_faceswap_id00271_wavtolip.mp4,1,FVFA,0.427490,1
00002_id00495_E46aiMUC4A0_faceswap_id00328_wavtolip.mp4,1,FVFA,0.428467,1
00002_id00495_E46aiMUC4A0_faceswap_id00434_wavtolip.mp4,1,FVFA,0.423096,1
00002_id00495_E46aiMUC4A0_faceswap_id01002_wavtolip.mp4,1,FVFA,0.427246,1
00081_id00496_SImaDcXQnh8_faceswap_id00234_wavtolip.mp4,1,FVFA,0.467529,1
00081_id00496_SImaDcXQnh8_faceswap_id00332_wavtolip.mp4,1,FVFA,0.466553,1
00081_id00496_SImaDcXQnh8_faceswap_id03589_wavtolip.mp4,1,FVFA,0.467773,1
00081_id00496_SImaDcXQnh8_faceswap_id03649_wavtolip.mp4,1,FVFA,0.465820,1
00001_id00634_z5t9oJizDQg_faceswap_id00325_wavtolip.mp4,1,FVFA,0.506348,1
00001_id00634_z5t9oJizDQg_faceswap_id00495_wavtolip.mp4,1,FVFA,0.507324,1
00001_id00634_z5t9oJizDQg_faceswap_id03844_wavtolip.mp4,1,FVFA,0.507324,1
00092_id03716_s-lxbGafZQA_faceswap_id00403_wavtolip.mp4,1,FVFA,0.497803,1
00092_id03716_s-lxbGafZQA_faceswap_id00434_wavtolip.mp4,1,FVFA,0.498047,1
00092_id03716_s-lxbGafZQA_faceswap_id00813_wavtolip.mp4,1,FVFA,0.498047,1
00092_id03716_s-lxbGafZQA_faceswap_id01018_wavtolip.mp4,1,FVFA,0.498047,1
00092_id03716_s-lxbGafZQA_faceswap_id03858_wavtolip.mp4,1,FVFA,0.497803,1
00040_id03651_EjcoRkL6loI_faceswap_id00234_wavtolip.mp4,1,FVFA,0.353760,1
00040_id03651_EjcoRkL6loI_faceswap_id00403_wavtolip.mp4,1,FVFA,0.353760,1
00040_id03651_EjcoRkL6loI_faceswap_id00735_wavtolip.mp4,1,FVFA,0.353760,1
00040_id03651_EjcoRkL6loI_faceswap_id01002_wavtolip.mp4,1,FVFA,0.353516,1
00040_id03651_EjcoRkL6loI_faceswap_id03844_wavtolip.mp4,1,FVFA,0.354492,1
00093_id03941_SsYtP8Ze88Q_faceswap_id00287_wavtolip.mp4,1,FVFA,0.547363,1
00093_id03941_SsYtP8Ze88Q_faceswap_id00325_wavtolip.mp4,1,FVFA,0.546387,1
00093_id03941_SsYtP8Ze88Q_faceswap_id00813_wavtolip.mp4,1,FVFA,0.546387,1
00093_id03941_SsYtP8Ze88Q_faceswap_id00826_wavtolip.mp4,1,FVFA,0.547363,1
00093_id03941_SsYtP8Ze88Q_faceswap_id03716_wavtolip.mp4,1,FVFA,0.546387,1
00028_id00484_u7YTz8eFZv0_faceswap_id00374_wavtolip.mp4,1,FVFA,0.367676,1
00028_id00484_u7YTz8eFZv0_faceswap_id00591_wavtolip.mp4,1,FVFA,0.367676,1
00028_id00484_u7YTz8eFZv0_faceswap_id00735_wavtolip.mp4,1,FVFA,0.367432,1
00028_id00484_u7YTz8eFZv0_faceswap_id03620_wavtolip.mp4,1,FVFA,0.367676,1
00092_id00395_wM5kGJfTtEM_faceswap_id00262_wavtolip.mp4,1,FVFA,0.508301,1
00092_id00395_wM5kGJfTtEM_faceswap_id00365_wavtolip.mp4,1,FVFA,0.505859,1
00092_id00395_wM5kGJfTtEM_faceswap_id00374_wavtolip.mp4,1,FVFA,0.507324,1
00092_id00395_wM5kGJfTtEM_faceswap_id00496_wavtolip.mp4,1,FVFA,0.508789,1
00092_id00395_wM5kGJfTtEM_faceswap_id01018_wavtolip.mp4,1,FVFA,0.508789,1
00021_id03816_XXD0yTNei50_faceswap_id00328_wavtolip.mp4,1,FVFA,0.357910,1
00021_id03816_XXD0yTNei50_faceswap_id00379_wavtolip.mp4,1,FVFA,0.357910,1
00021_id03816_XXD0yTNei50_faceswap_id00484_wavtolip.mp4,1,FVFA,0.357910,1
00021_id03816_XXD0yTNei50_faceswap_id00591_wavtolip.mp4,1,FVFA,0.359619,1
00021_id03816_XXD0yTNei50_faceswap_id03649_wavtolip.mp4,1,FVFA,0.359131,1
00028_id00287_2NpfYjyMsPM.mp4,1,FVRA,0.352783,1
00028_id00325_4vJtbNe0L98.mp4,1,FVRA,0.354980,1
00028_id00330_zCFFgGSIZ_s.mp4,1,FVRA,0.346191,0
00028_id00374_w1qI7y9AGTc.mp4,1,FVRA,0.352539,1
00028_id00569_gSynmpwioV4.mp4,1,FVRA,0.356201,1
00028_id01002_eQTviHjyISo.mp4,1,FVRA,0.352051,1
00028_id03589_9NxOQlwpMys.mp4,1,FVRA,0.353760,1
00028_id03620_YkXM5A8w07E.mp4,1,FVRA,0.355713,1
00028_id03649_389qfFqUddI.mp4,1,FVRA,0.351074,1
00028_id03651_EjcoRkL6loI.mp4,1,FVRA,0.355469,1
00004_id00232_kL0cCveU1zg.mp4,1,FVRA,0.320068,0
00004_id00365_XV-imLNJvfk.mp4,1,FVRA,0.321533,0
00004_id00395_wM5kGJfTtEM.mp4,1,FVRA,0.323242,0
00004_id00484_u7YTz8eFZv0.mp4,1,FVRA,0.324951,0
00004_id00495_E46aiMUC4A0.mp4,1,FVRA,0.320068,0
00004_id00581_7AxvP19LGKg.mp4,1,FVRA,0.320068,0
00004_id00826_MYagwzy91Yk.mp4,1,FVRA,0.321289,0
00004_id03371_truKMXt8Dak.mp4,1,FVRA,0.323730,0
00004_id03589_9NxOQlwpMys.mp4,1,FVRA,0.319824,0
00004_id03844_AEAEN1Lns2c.mp4,1,FVRA,0.321533,0
00014_id00188_e-vm5FB3idA.mp4,1,FVRA,0.476074,1
00014_id00232_kL0cCveU1zg.mp4,1,FVRA,0.471680,1
00014_id00262_3p7sRWAAh1Q.mp4,1,FVRA,0.477783,1
00014_id00270_hoEQ70-sDME.mp4,1,FVRA,0.473389,1
00014_id00379_fgkgYHCuk4g.mp4,1,FVRA,0.472900,1
00014_id00581_7AxvP19LGKg.mp4,1,FVRA,0.470459,1
00014_id00735_ivJSkq5hGOQ.mp4,1,FVRA,0.465332,1
00014_id00897_0ayFw8JhoyI.mp4,1,FVRA,0.476562,1
00014_id03371_truKMXt8Dak.mp4,1,FVRA,0.477295,1
00014_id03816_XXD0yTNei50.mp4,1,FVRA,0.474609,1
00020_id00270_hoEQ70-sDME.mp4,1,FVRA,0.482178,1
00020_id00373_5NXv3Dxkd6E.mp4,1,FVRA,0.488770,1
00020_id00374_w1qI7y9AGTc.mp4,1,FVRA,0.489502,1
00020_id00379_fgkgYHCuk4g.mp4,1,FVRA,0.489502,1
00020_id00491_ShjiTWoOtM4.mp4,1,FVRA,0.479492,1
00020_id00569_gSynmpwioV4.mp4,1,FVRA,0.492432,1
00020_id00633_UXrTMta1EDM.mp4,1,FVRA,0.490967,1
00020_id00897_0ayFw8JhoyI.mp4,1,FVRA,0.494141,1
00020_id01018_VNPt_GB5QiE.mp4,1,FVRA,0.491211,1
00020_id03649_389qfFqUddI.mp4,1,FVRA,0.492676,1
00025_id00068_A7uFnQw--bY.mp4,1,FVRA,0.411865,1
00025_id00287_2NpfYjyMsPM.mp4,1,FVRA,0.415771,1
00025_id00332__zNddcZV1EU.mp4,1,FVRA,0.416748,1
00025_id00365_XV-imLNJvfk.mp4,1,FVRA,0.410645,1
00025_id00484_u7YTz8eFZv0.mp4,1,FVRA,0.422363,1
00025_id00495_E46aiMUC4A0.mp4,1,FVRA,0.404297,1
00025_id00897_0ayFw8JhoyI.mp4,1,FVRA,0.421631,1
00025_id01018_VNPt_GB5QiE.mp4,1,FVRA,0.414551,1
00025_id03844_AEAEN1Lns2c.mp4,1,FVRA,0.417969,1
00025_id03858_uKVqPfRf-ac.mp4,1,FVRA,0.413330,1
00063_id00188_e-vm5FB3idA.mp4,1,FVRA,0.451660,1
00063_id00271_je6JSLqEEcw.mp4,1,FVRA,0.451904,1
00063_id00330_zCFFgGSIZ_s.mp4,1,FVRA,0.441162,1
00063_id00332__zNddcZV1EU.mp4,1,FVRA,0.453857,1
00063_id00403_n4LSCxzFr6o.mp4,1,FVRA,0.447754,1
00063_id00434_HPXkk-HGXVI.mp4,1,FVRA,0.450928,1
00063_id00491_ShjiTWoOtM4.mp4,1,FVRA,0.452148,1
00063_id00897_0ayFw8JhoyI.mp4,1,FVRA,0.455322,1
00063_id01002_eQTviHjyISo.mp4,1,FVRA,0.446777,1
00063_id03371_truKMXt8Dak.mp4,1,FVRA,0.450684,1
00028_id00071_JU1cVINUTZA.mp4,1,FVRA,0.428223,1
00028_id00270_hoEQ70-sDME.mp4,1,FVRA,0.430176,1
00028_id00287_2NpfYjyMsPM.mp4,1,FVRA,0.426514,1
00028_id00395_wM5kGJfTtEM.mp4,1,FVRA,0.428955,1
00028_id00495_E46aiMUC4A0.mp4,1,FVRA,0.427734,1
00028_id00496_SImaDcXQnh8.mp4,1,FVRA,0.431885,1
00028_id00633_UXrTMta1EDM.mp4,1,FVRA,0.433838,1
00028_id00813_dKs9CWJIkSI.mp4,1,FVRA,0.426270,1
00028_id03816_XXD0yTNei50.mp4,1,FVRA,0.432373,1
00028_id03941_SsYtP8Ze88Q.mp4,1,FVRA,0.427002,1
00088_id00188_e-vm5FB3idA.mp4,1,FVRA,0.503418,1
00088_id00262_3p7sRWAAh1Q.mp4,1,FVRA,0.503418,1
00088_id00287_2NpfYjyMsPM.mp4,1,FVRA,0.501953,1
00088_id00332__zNddcZV1EU.mp4,1,FVRA,0.506348,1
00088_id00379_fgkgYHCuk4g.mp4,1,FVRA,0.501953,1
00088_id00395_wM5kGJfTtEM.mp4,1,FVRA,0.500977,1
00088_id00569_gSynmpwioV4.mp4,1,FVRA,0.503906,1
00088_id00591_1Jo8xElXQMs.mp4,1,FVRA,0.492432,1
00088_id00633_UXrTMta1EDM.mp4,1,FVRA,0.506348,1
00088_id03858_uKVqPfRf-ac.mp4,1,FVRA,0.500488,1
00028_id00287_2NpfYjyMsPM.mp4,1,FVRA,0.483887,1
00028_id00330_zCFFgGSIZ_s.mp4,1,FVRA,0.484619,1
00028_id00365_XV-imLNJvfk.mp4,1,FVRA,0.486572,1
00028_id00395_wM5kGJfTtEM.mp4,1,FVRA,0.486572,1
00028_id00484_u7YTz8eFZv0.mp4,1,FVRA,0.488037,1
00028_id00495_E46aiMUC4A0.mp4,1,FVRA,0.483398,1
00028_id00633_UXrTMta1EDM.mp4,1,FVRA,0.492432,1
00028_id00634_z5t9oJizDQg.mp4,1,FVRA,0.486816,1
00028_id00826_MYagwzy91Yk.mp4,1,FVRA,0.486572,1
00028_id03844_AEAEN1Lns2c.mp4,1,FVRA,0.482666,1
00005_id00262_3p7sRWAAh1Q.mp4,1,FVRA,0.426025,1
00005_id00270_hoEQ70-sDME.mp4,1,FVRA,0.422119,1
00005_id00271_je6JSLqEEcw.mp4,1,FVRA,0.419434,1
00005_id00325_4vJtbNe0L98.mp4,1,FVRA,0.426514,1
00005_id00379_fgkgYHCuk4g.mp4,1,FVRA,0.419922,1
00005_id00403_n4LSCxzFr6o.mp4,1,FVRA,0.426025,1
00005_id00496_SImaDcXQnh8.mp4,1,FVRA,0.429199,1
00005_id01002_eQTviHjyISo.mp4,1,FVRA,0.421631,1
00005_id03589_9NxOQlwpMys.mp4,1,FVRA,0.424316,1
00005_id03620_YkXM5A8w07E.mp4,1,FVRA,0.426270,1
00015_id00042_4yuJSkaZwn0.mp4,1,FVRA,0.351807,1
00015_id00287_2NpfYjyMsPM.mp4,1,FVRA,0.351562,1
00015_id00365_XV-imLNJvfk.mp4,1,FVRA,0.346680,0
00015_id00591_1Jo8xElXQMs.mp4,1,FVRA,0.327881,0
00015_id00633_UXrTMta1EDM.mp4,1,FVRA,0.344482,0
00015_id00897_0ayFw8JhoyI.mp4,1,FVRA,0.351318,1
00015_id01002_eQTviHjyISo.mp4,1,FVRA,0.337402,0
00015_id03620_YkXM5A8w07E.mp4,1,FVRA,0.342285,0
00015_id03649_389qfFqUddI.mp4,1,FVRA,0.344727,0
00015_id03651_EjcoRkL6loI.mp4,1,FVRA,0.348633,0
00092_id00188_e-vm5FB3idA.mp4,1,FVRA,0.470215,1
00092_id00232_kL0cCveU1zg.mp4,1,FVRA,0.470215,1
00092_id00373_5NXv3Dxkd6E.mp4,1,FVRA,0.464111,1
00092_id00403_n4LSCxzFr6o.mp4,1,FVRA,0.465820,1
00092_id00484_u7YTz8eFZv0.mp4,1,FVRA,0.468018,1
00092_id00495_E46aiMUC4A0.mp4,1,FVRA,0.462891,1
00092_id03371_truKMXt8Dak.mp4,1,FVRA,0.469238,1
00092_id03620_YkXM5A8w07E.mp4,1,FVRA,0.467773,1
00092_id03844_AEAEN1Lns2c.mp4,1,FVRA,0.466797,1
00092_id03858_uKVqPfRf-ac.mp4,1,FVRA,0.467773,1
00118_id00332__zNddcZV1EU.mp4,1,FVRA,0.337891,0
00118_id00365_XV-imLNJvfk.mp4,1,FVRA,0.333740,0
00118_id00374_w1qI7y9AGTc.mp4,1,FVRA,0.333496,0
00118_id00434_HPXkk-HGXVI.mp4,1,FVRA,0.343018,0
00118_id00491_ShjiTWoOtM4.mp4,1,FVRA,0.333984,0
00118_id00581_7AxvP19LGKg.mp4,1,FVRA,0.327148,0
00118_id00823_KgExwCvgrUk.mp4,1,FVRA,0.330078,0
00118_id00897_0ayFw8JhoyI.mp4,1,FVRA,0.340332,0
00118_id03371_truKMXt8Dak.mp4,1,FVRA,0.333740,0
00118_id03844_AEAEN1Lns2c.mp4,1,FVRA,0.339355,0
00293_id00234_M3g5KRLJB60.mp4,1,FVRA,0.395752,1
00293_id00270_hoEQ70-sDME.mp4,1,FVRA,0.392090,1
00293_id00330_zCFFgGSIZ_s.mp4,1,FVRA,0.367676,1
00293_id00434_HPXkk-HGXVI.mp4,1,FVRA,0.394287,1
00293_id00591_1Jo8xElXQMs.mp4,1,FVRA,0.374512,1
00293_id00633_UXrTMta1EDM.mp4,1,FVRA,0.395264,1
00293_id00897_0ayFw8JhoyI.mp4,1,FVRA,0.395020,1
00293_id03858_uKVqPfRf-ac.mp4,1,FVRA,0.389160,1
00078_id00068_A7uFnQw--bY.mp4,1,FVRA,0.502441,1
00078_id00232_kL0cCveU1zg.mp4,1,FVRA,0.500977,1
00078_id00287_2NpfYjyMsPM.mp4,1,FVRA,0.502441,1
00078_id00484_u7YTz8eFZv0.mp4,1,FVRA,0.508789,1
00078_id00495_E46aiMUC4A0.mp4,1,FVRA,0.501465,1
00078_id00813_dKs9CWJIkSI.mp4,1,FVRA,0.501953,1
00078_id03858_uKVqPfRf-ac.mp4,1,FVRA,0.503906,1
00028_id00188_e-vm5FB3idA.mp4,1,FVRA,0.474854,1
00028_id00328_ytKnCbJSEcU.mp4,1,FVRA,0.476318,1
00028_id00330_zCFFgGSIZ_s.mp4,1,FVRA,0.470459,1
00028_id00374_w1qI7y9AGTc.mp4,1,FVRA,0.475830,1
00028_id00484_u7YTz8eFZv0.mp4,1,FVRA,0.479248,1
00028_id00495_E46aiMUC4A0.mp4,1,FVRA,0.472900,1
00028_id00569_gSynmpwioV4.mp4,1,FVRA,0.478516,1
00028_id00589_uOzKwYEVR6s.mp4,1,FVRA,0.478027,1
00028_id00823_KgExwCvgrUk.mp4,1,FVRA,0.474365,1
00028_id00897_0ayFw8JhoyI.mp4,1,FVRA,0.477295,1
00311_id00188_e-vm5FB3idA.mp4,1,FVRA,0.524902,1
00311_id00262_3p7sRWAAh1Q.mp4,1,FVRA,0.532227,1
00311_id00330_zCFFgGSIZ_s.mp4,1,FVRA,0.525879,1
00311_id00373_5NXv3Dxkd6E.mp4,1,FVRA,0.526855,1
00311_id00434_HPXkk-HGXVI.mp4,1,FVRA,0.525391,1
00311_id00633_UXrTMta1EDM.mp4,1,FVRA,0.531738,1
00311_id00826_MYagwzy91Yk.mp4,1,FVRA,0.525391,1
00311_id00897_0ayFw8JhoyI.mp4,1,FVRA,0.529785,1
00311_id03620_YkXM5A8w07E.mp4,1,FVRA,0.532715,1
00043_id00188_e-vm5FB3idA.mp4,1,FVRA,0.447021,1
00043_id00262_3p7sRWAAh1Q.mp4,1,FVRA,0.450439,1
00043_id00270_hoEQ70-sDME.mp4,1,FVRA,0.452393,1
00043_id00287_2NpfYjyMsPM.mp4,1,FVRA,0.445801,1
00043_id00496_SImaDcXQnh8.mp4,1,FVRA,0.450195,1
00043_id00633_UXrTMta1EDM.mp4,1,FVRA,0.451416,1
00043_id00806_0sk9s9lFIAk.mp4,1,FVRA,0.446045,1
00043_id00897_0ayFw8JhoyI.mp4,1,FVRA,0.450195,1
00043_id03716_s-lxbGafZQA.mp4,1,FVRA,0.448730,1
00420_id00068_A7uFnQw--bY.mp4,1,FVRA,0.458740,1
00420_id00262_3p7sRWAAh1Q.mp4,1,FVRA,0.468506,1
00420_id00495_E46aiMUC4A0.mp4,1,FVRA,0.459717,1
00420_id00581_7AxvP19LGKg.mp4,1,FVRA,0.462646,1
00420_id00634_z5t9oJizDQg.mp4,1,FVRA,0.463623,1
00420_id00813_dKs9CWJIkSI.mp4,1,FVRA,0.458740,1
00420_id00823_KgExwCvgrUk.mp4,1,FVRA,0.459961,1
00420_id03716_s-lxbGafZQA.mp4,1,FVRA,0.465576,1
00420_id03816_XXD0yTNei50.mp4,1,FVRA,0.468750,1
00420_id03858_uKVqPfRf-ac.mp4,1,FVRA,0.462158,1
00052_id00071_JU1cVINUTZA.mp4,1,FVRA,0.437988,1
00052_id00188_e-vm5FB3idA.mp4,1,FVRA,0.443115,1
00052_id00234_M3g5KRLJB60.mp4,1,FVRA,0.438721,1
00052_id00271_je6JSLqEEcw.mp4,1,FVRA,0.441406,1
00052_id00287_2NpfYjyMsPM.mp4,1,FVRA,0.438721,1
00052_id00373_5NXv3Dxkd6E.mp4,1,FVRA,0.434570,1
00052_id00374_w1qI7y9AGTc.mp4,1,FVRA,0.438232,1
00052_id00484_u7YTz8eFZv0.mp4,1,FVRA,0.441895,1
00052_id00897_0ayFw8JhoyI.mp4,1,FVRA,0.441895,1
00052_id03649_389qfFqUddI.mp4,1,FVRA,0.435791,1
00046_id00068_A7uFnQw--bY.mp4,1,FVRA,0.371826,1
00046_id00234_M3g5KRLJB60.mp4,1,FVRA,0.372314,1
00046_id00330_zCFFgGSIZ_s.mp4,1,FVRA,0.353760,1
00046_id00332__zNddcZV1EU.mp4,1,FVRA,0.371094,1
00046_id00374_w1qI7y9AGTc.mp4,1,FVRA,0.369873,1
00046_id00569_gSynmpwioV4.mp4,1,FVRA,0.371338,1
00046_id00591_1Jo8xElXQMs.mp4,1,FVRA,0.355469,1
00046_id00633_UXrTMta1EDM.mp4,1,FVRA,0.369629,1
00046_id00897_0ayFw8JhoyI.mp4,1,FVRA,0.376953,1
00046_id03371_truKMXt8Dak.mp4,1,FVRA,0.376709,1
00202_id00068_A7uFnQw--bY.mp4,1,FVRA,0.459229,1
00202_id00271_je6JSLqEEcw.mp4,1,FVRA,0.461914,1
00202_id00328_ytKnCbJSEcU.mp4,1,FVRA,0.461914,1
00202_id00373_5NXv3Dxkd6E.mp4,1,FVRA,0.459229,1
00202_id00495_E46aiMUC4A0.mp4,1,FVRA,0.459473,1
00202_id00569_gSynmpwioV4.mp4,1,FVRA,0.464600,1
00202_id00581_7AxvP19LGKg.mp4,1,FVRA,0.462891,1
00202_id00826_MYagwzy91Yk.mp4,1,FVRA,0.459961,1
00202_id03844_AEAEN1Lns2c.mp4,1,FVRA,0.458496,1
00202_id03858_uKVqPfRf-ac.mp4,1,FVRA,0.463135,1
00122_id00188_e-vm5FB3idA.mp4,1,FVRA,0.447510,1
00122_id00234_M3g5KRLJB60.mp4,1,FVRA,0.446045,1
00122_id00330_zCFFgGSIZ_s.mp4,1,FVRA,0.434814,1
00122_id00569_gSynmpwioV4.mp4,1,FVRA,0.447021,1
00122_id00591_1Jo8xElXQMs.mp4,1,FVRA,0.434570,1
00122_id00633_UXrTMta1EDM.mp4,1,FVRA,0.445312,1
00122_id01002_eQTviHjyISo.mp4,1,FVRA,0.442871,1
00122_id01018_VNPt_GB5QiE.mp4,1,FVRA,0.442627,1
00122_id03371_truKMXt8Dak.mp4,1,FVRA,0.446777,1
00122_id03858_uKVqPfRf-ac.mp4,1,FVRA,0.443604,1
00027_id00068_A7uFnQw--bY.mp4,1,FVRA,0.370361,1
00027_id00262_3p7sRWAAh1Q.mp4,1,FVRA,0.364258,1
00027_id00271_je6JSLqEEcw.mp4,1,FVRA,0.362061,1
00027_id00395_wM5kGJfTtEM.mp4,1,FVRA,0.362793,1
00027_id00484_u7YTz8eFZv0.mp4,1,FVRA,0.371582,1
00027_id00581_7AxvP19LGKg.mp4,1,FVRA,0.362793,1
00027_id00634_z5t9oJizDQg.mp4,1,FVRA,0.367188,1
00027_id03589_9NxOQlwpMys.mp4,1,FVRA,0.366943,1
00027_id03858_uKVqPfRf-ac.mp4,1,FVRA,0.366211,1
00027_id03941_SsYtP8Ze88Q.mp4,1,FVRA,0.371094,1
00015_id00262_3p7sRWAAh1Q.mp4,1,FVRA,0.475098,1
00015_id00287_2NpfYjyMsPM.mp4,1,FVRA,0.470459,1
00015_id00373_5NXv3Dxkd6E.mp4,1,FVRA,0.472412,1
00015_id00569_gSynmpwioV4.mp4,1,FVRA,0.472656,1
00015_id00813_dKs9CWJIkSI.mp4,1,FVRA,0.470947,1
00015_id00897_0ayFw8JhoyI.mp4,1,FVRA,0.474121,1
00015_id03589_9NxOQlwpMys.mp4,1,FVRA,0.472412,1
00015_id03620_YkXM5A8w07E.mp4,1,FVRA,0.476074,1
00015_id03858_uKVqPfRf-ac.mp4,1,FVRA,0.472900,1
00239_id00188_e-vm5FB3idA.mp4,1,FVRA,0.416260,1
00239_id00270_hoEQ70-sDME.mp4,1,FVRA,0.418701,1
00239_id00373_5NXv3Dxkd6E.mp4,1,FVRA,0.413574,1
00239_id00484_u7YTz8eFZv0.mp4,1,FVRA,0.417236,1
00239_id00491_ShjiTWoOtM4.mp4,1,FVRA,0.416016,1
00239_id00633_UXrTMta1EDM.mp4,1,FVRA,0.419434,1
00239_id00897_0ayFw8JhoyI.mp4,1,FVRA,0.417480,1
00239_id01002_eQTviHjyISo.mp4,1,FVRA,0.414551,1
00239_id01018_VNPt_GB5QiE.mp4,1,FVRA,0.416260,1
00239_id03371_truKMXt8Dak.mp4,1,FVRA,0.418457,1
00010_id00068_A7uFnQw--bY.mp4,1,FVRA,0.438965,1
00010_id00330_zCFFgGSIZ_s.mp4,1,FVRA,0.440186,1
00010_id00395_wM5kGJfTtEM.mp4,1,FVRA,0.442871,1
00010_id00495_E46aiMUC4A0.mp4,1,FVRA,0.439697,1
00010_id00591_1Jo8xElXQMs.mp4,1,FVRA,0.436523,1
00010_id00826_MYagwzy91Yk.mp4,1,FVRA,0.440430,1
00010_id03371_truKMXt8Dak.mp4,1,FVRA,0.444336,1
00010_id03858_uKVqPfRf-ac.mp4,1,FVRA,0.441162,1
00130_id00271_je6JSLqEEcw.mp4,1,FVRA,0.482666,1
00130_id00373_5NXv3Dxkd6E.mp4,1,FVRA,0.476562,1
00130_id00495_E46aiMUC4A0.mp4,1,FVRA,0.476074,1
00130_id00591_1Jo8xElXQMs.mp4,1,FVRA,0.475342,1
00130_id00634_z5t9oJizDQg.mp4,1,FVRA,0.479980,1
00130_id00897_0ayFw8JhoyI.mp4,1,FVRA,0.480713,1
00130_id03589_9NxOQlwpMys.mp4,1,FVRA,0.481689,1
00130_id03620_YkXM5A8w07E.mp4,1,FVRA,0.484619,1
00130_id03649_389qfFqUddI.mp4,1,FVRA,0.473877,1
00130_id03858_uKVqPfRf-ac.mp4,1,FVRA,0.478027,1
00001_id00188_e-vm5FB3idA.mp4,1,FVRA,0.493896,1
00001_id00270_hoEQ70-sDME.mp4,1,FVRA,0.477295,1
00001_id00374_w1qI7y9AGTc.mp4,1,FVRA,0.486572,1
00001_id00581_7AxvP19LGKg.mp4,1,FVRA,0.482910,1
00001_id00633_UXrTMta1EDM.mp4,1,FVRA,0.490479,1
00001_id00634_z5t9oJizDQg.mp4,1,FVRA,0.488037,1
00001_id00897_0ayFw8JhoyI.mp4,1,FVRA,0.490967,1
00001_id03649_389qfFqUddI.mp4,1,FVRA,0.486816,1
00001_id03716_s-lxbGafZQA.mp4,1,FVRA,0.487305,1
00001_id03844_AEAEN1Lns2c.mp4,1,FVRA,0.490479,1
00088_id00188_e-vm5FB3idA.mp4,1,FVRA,0.444580,1
00088_id00262_3p7sRWAAh1Q.mp4,1,FVRA,0.443115,1
00088_id00270_hoEQ70-sDME.mp4,1,FVRA,0.442627,1
00088_id00332__zNddcZV1EU.mp4,1,FVRA,0.445801,1
00088_id00379_fgkgYHCuk4g.mp4,1,FVRA,0.443848,1
00088_id00491_ShjiTWoOtM4.mp4,1,FVRA,0.438965,1
00088_id00569_gSynmpwioV4.mp4,1,FVRA,0.444092,1
00088_id00581_7AxvP19LGKg.mp4,1,FVRA,0.440186,1
00088_id01001_dHJc8dh9X8c.mp4,1,FVRA,0.441406,1
00088_id01002_eQTviHjyISo.mp4,1,FVRA,0.441650,1
00078_id00395_wM5kGJfTtEM.mp4,1,FVRA,0.460449,1
00078_id00484_u7YTz8eFZv0.mp4,1,FVRA,0.461182,1
00078_id00495_E46aiMUC4A0.mp4,1,FVRA,0.456543,1
00078_id00581_7AxvP19LGKg.mp4,1,FVRA,0.459473,1
00078_id00589_uOzKwYEVR6s.mp4,1,FVRA,0.468018,1
00078_id00591_1Jo8xElXQMs.mp4,1,FVRA,0.454346,1
00078_id00823_KgExwCvgrUk.mp4,1,FVRA,0.457764,1
00078_id00826_MYagwzy91Yk.mp4,1,FVRA,0.458496,1
00078_id03589_9NxOQlwpMys.mp4,1,FVRA,0.463623,1
00078_id03649_389qfFqUddI.mp4,1,FVRA,0.455078,1
00037_id00068_A7uFnQw--bY.mp4,1,FVRA,0.361816,1
00037_id00188_e-vm5FB3idA.mp4,1,FVRA,0.374023,1
00037_id00262_3p7sRWAAh1Q.mp4,1,FVRA,0.370605,1
00037_id00373_5NXv3Dxkd6E.mp4,1,FVRA,0.366455,1
00037_id00495_E46aiMUC4A0.mp4,1,FVRA,0.360840,1
00037_id00826_MYagwzy91Yk.mp4,1,FVRA,0.366455,1
00037_id03371_truKMXt8Dak.mp4,1,FVRA,0.373291,1
00037_id03844_AEAEN1Lns2c.mp4,1,FVRA,0.365967,1
00037_id03941_SsYtP8Ze88Q.mp4,1,FVRA,0.363525,1
00005_id00365_XV-imLNJvfk.mp4,1,FVRA,0.361816,1
00005_id00373_5NXv3Dxkd6E.mp4,1,FVRA,0.360596,1
00005_id00379_fgkgYHCuk4g.mp4,1,FVRA,0.361084,1
00005_id00569_gSynmpwioV4.mp4,1,FVRA,0.368164,1
00005_id00813_dKs9CWJIkSI.mp4,1,FVRA,0.361084,1
00005_id01002_eQTviHjyISo.mp4,1,FVRA,0.359619,1
00005_id03858_uKVqPfRf-ac.mp4,1,FVRA,0.362061,1
00169_id00262_3p7sRWAAh1Q.mp4,1,FVRA,0.441895,1
00169_id00330_zCFFgGSIZ_s.mp4,1,FVRA,0.428711,1
00169_id00365_XV-imLNJvfk.mp4,1,FVRA,0.439453,1
00169_id00395_wM5kGJfTtEM.mp4,1,FVRA,0.440430,1
00169_id00496_SImaDcXQnh8.mp4,1,FVRA,0.444824,1
00169_id00806_0sk9s9lFIAk.mp4,1,FVRA,0.433838,1
00169_id00823_KgExwCvgrUk.mp4,1,FVRA,0.436035,1
00169_id00897_0ayFw8JhoyI.mp4,1,FVRA,0.443848,1
00169_id03589_9NxOQlwpMys.mp4,1,FVRA,0.445801,1
00169_id03858_uKVqPfRf-ac.mp4,1,FVRA,0.441650,1
00125_id00262_3p7sRWAAh1Q.mp4,1,FVRA,0.372803,1
00125_id00330_zCFFgGSIZ_s.mp4,1,FVRA,0.356689,1
00125_id00373_5NXv3Dxkd6E.mp4,1,FVRA,0.367920,1
00125_id00395_wM5kGJfTtEM.mp4,1,FVRA,0.370605,1
00125_id00495_E46aiMUC4A0.mp4,1,FVRA,0.368164,1
00125_id00581_7AxvP19LGKg.mp4,1,FVRA,0.367676,1
00125_id00634_z5t9oJizDQg.mp4,1,FVRA,0.374512,1
00125_id00813_dKs9CWJIkSI.mp4,1,FVRA,0.377197,1
00125_id03589_9NxOQlwpMys.mp4,1,FVRA,0.378174,1
00125_id03858_uKVqPfRf-ac.mp4,1,FVRA,0.370361,1
00065_id00068_A7uFnQw--bY.mp4,1,FVRA,0.461182,1
00065_id00271_je6JSLqEEcw.mp4,1,FVRA,0.470215,1
00065_id00374_w1qI7y9AGTc.mp4,1,FVRA,0.469482,1
00065_id00484_u7YTz8eFZv0.mp4,1,FVRA,0.470703,1
00065_id00495_E46aiMUC4A0.mp4,1,FVRA,0.463379,1
00065_id00581_7AxvP19LGKg.mp4,1,FVRA,0.464111,1
00065_id00634_z5t9oJizDQg.mp4,1,FVRA,0.467529,1
00065_id00735_ivJSkq5hGOQ.mp4,1,FVRA,0.461182,1
00065_id03371_truKMXt8Dak.mp4,1,FVRA,0.468750,1
00065_id03649_389qfFqUddI.mp4,1,FVRA,0.459473,1
00005_id00188_e-vm5FB3idA.mp4,1,FVRA,0.546875,1
00005_id00234_M3g5KRLJB60.mp4,1,FVRA,0.545410,1
00005_id00330_zCFFgGSIZ_s.mp4,1,FVRA,0.534668,1
00005_id00332__zNddcZV1EU.mp4,1,FVRA,0.542480,1
00005_id00373_5NXv3Dxkd6E.mp4,1,FVRA,0.541992,1
00005_id00496_SImaDcXQnh8.mp4,1,FVRA,0.543457,1
00005_id00569_gSynmpwioV4.mp4,1,FVRA,0.542969,1
00005_id00591_1Jo8xElXQMs.mp4,1,FVRA,0.535645,1
00005_id00813_dKs9CWJIkSI.mp4,1,FVRA,0.543945,1
00005_id03371_truKMXt8Dak.mp4,1,FVRA,0.544922,1
00086_id00188_e-vm5FB3idA.mp4,1,FVRA,0.430176,1
00086_id00262_3p7sRWAAh1Q.mp4,1,FVRA,0.422119,1
00086_id00332__zNddcZV1EU.mp4,1,FVRA,0.421875,1
00086_id00374_w1qI7y9AGTc.mp4,1,FVRA,0.417236,1
00086_id00569_gSynmpwioV4.mp4,1,FVRA,0.424805,1
00086_id00633_UXrTMta1EDM.mp4,1,FVRA,0.420166,1
00086_id00735_ivJSkq5hGOQ.mp4,1,FVRA,0.415527,1
00086_id01002_eQTviHjyISo.mp4,1,FVRA,0.410645,1
00086_id03816_XXD0yTNei50.mp4,1,FVRA,0.426025,1
00043_id00188_e-vm5FB3idA.mp4,1,FVRA,0.437256,1
00043_id00287_2NpfYjyMsPM.mp4,1,FVRA,0.434326,1
00043_id00325_4vJtbNe0L98.mp4,1,FVRA,0.436523,1
00043_id00491_ShjiTWoOtM4.mp4,1,FVRA,0.426514,1
00043_id00569_gSynmpwioV4.mp4,1,FVRA,0.436279,1
00043_id00581_7AxvP19LGKg.mp4,1,FVRA,0.431396,1
00043_id00633_UXrTMta1EDM.mp4,1,FVRA,0.435059,1
00043_id01001_dHJc8dh9X8c.mp4,1,FVRA,0.435059,1
00043_id03371_truKMXt8Dak.mp4,1,FVRA,0.436523,1
00043_id03651_EjcoRkL6loI.mp4,1,FVRA,0.435547,1
00072_id00232_kL0cCveU1zg.mp4,1,FVRA,0.469971,1
00072_id00287_2NpfYjyMsPM.mp4,1,FVRA,0.473633,1
00072_id00491_ShjiTWoOtM4.mp4,1,FVRA,0.454590,1
00072_id00569_gSynmpwioV4.mp4,1,FVRA,0.472656,1
00072_id00591_1Jo8xElXQMs.mp4,1,FVRA,0.453857,1
00072_id03620_YkXM5A8w07E.mp4,1,FVRA,0.460205,1
00072_id03649_389qfFqUddI.mp4,1,FVRA,0.472168,1
00072_id03651_EjcoRkL6loI.mp4,1,FVRA,0.469727,1
00430_id00068_A7uFnQw--bY.mp4,1,FVRA,0.449219,1
00430_id00330_zCFFgGSIZ_s.mp4,1,FVRA,0.446533,1
00430_id00491_ShjiTWoOtM4.mp4,1,FVRA,0.450439,1
00430_id00569_gSynmpwioV4.mp4,1,FVRA,0.454102,1
00430_id00581_7AxvP19LGKg.mp4,1,FVRA,0.450195,1
00430_id00806_0sk9s9lFIAk.mp4,1,FVRA,0.450195,1
00430_id03858_uKVqPfRf-ac.mp4,1,FVRA,0.451416,1
00002_id00068_A7uFnQw--bY.mp4,1,FVRA,0.422119,1
00002_id00262_3p7sRWAAh1Q.mp4,1,FVRA,0.424805,1
00002_id00287_2NpfYjyMsPM.mp4,1,FVRA,0.423096,1
00002_id00395_wM5kGJfTtEM.mp4,1,FVRA,0.418701,1
00002_id00495_E46aiMUC4A0.mp4,1,FVRA,0.418945,1
00002_id00496_SImaDcXQnh8.mp4,1,FVRA,0.426514,1
00002_id00589_uOzKwYEVR6s.mp4,1,FVRA,0.425049,1
00002_id00634_z5t9oJizDQg.mp4,1,FVRA,0.426270,1
00002_id03649_389qfFqUddI.mp4,1,FVRA,0.420410,1
00002_id03858_uKVqPfRf-ac.mp4,1,FVRA,0.421387,1
00081_id00188_e-vm5FB3idA.mp4,1,FVRA,0.461670,1
00081_id00287_2NpfYjyMsPM.mp4,1,FVRA,0.460205,1
00081_id00325_4vJtbNe0L98.mp4,1,FVRA,0.463867,1
00081_id00365_XV-imLNJvfk.mp4,1,FVRA,0.462646,1
00081_id00373_5NXv3Dxkd6E.mp4,1,FVRA,0.460938,1
00081_id00374_w1qI7y9AGTc.mp4,1,FVRA,0.461670,1
00081_id00496_SImaDcXQnh8.mp4,1,FVRA,0.466797,1
00081_id01018_VNPt_GB5QiE.mp4,1,FVRA,0.462891,1
00081_id03651_EjcoRkL6loI.mp4,1,FVRA,0.465088,1
00081_id03844_AEAEN1Lns2c.mp4,1,FVRA,0.460938,1
00001_id00068_A7uFnQw--bY.mp4,1,FVRA,0.510742,1
00001_id00188_e-vm5FB3idA.mp4,1,FVRA,0.518066,1
00001_id00325_4vJtbNe0L98.mp4,1,FVRA,0.517090,1
00001_id00569_gSynmpwioV4.mp4,1,FVRA,0.511719,1
00001_id00589_uOzKwYEVR6s.mp4,1,FVRA,0.511719,1
00001_id00591_1Jo8xElXQMs.mp4,1,FVRA,0.496338,1
00001_id00633_UXrTMta1EDM.mp4,1,FVRA,0.514648,1
00001_id00634_z5t9oJizDQg.mp4,1,FVRA,0.512695,1
00001_id00826_MYagwzy91Yk.mp4,1,FVRA,0.510742,1
00001_id03589_9NxOQlwpMys.mp4,1,FVRA,0.512695,1
00092_id00325_4vJtbNe0L98.mp4,1,FVRA,0.500488,1
00092_id00395_wM5kGJfTtEM.mp4,1,FVRA,0.500488,1
00092_id00897_0ayFw8JhoyI.mp4,1,FVRA,0.503906,1
00092_id01002_eQTviHjyISo.mp4,1,FVRA,0.502441,1
00092_id01018_VNPt_GB5QiE.mp4,1,FVRA,0.499023,1
00092_id03371_truKMXt8Dak.mp4,1,FVRA,0.501953,1
00092_id03620_YkXM5A8w07E.mp4,1,FVRA,0.503418,1
00092_id03649_389qfFqUddI.mp4,1,FVRA,0.495605,1
00092_id03716_s-lxbGafZQA.mp4,1,FVRA,0.501953,1
00092_id03858_uKVqPfRf-ac.mp4,1,FVRA,0.500977,1
00040_id00332__zNddcZV1EU.mp4,1,FVRA,0.363037,1
00040_id00365_XV-imLNJvfk.mp4,1,FVRA,0.363770,1
00040_id00379_fgkgYHCuk4g.mp4,1,FVRA,0.363037,1
00040_id00395_wM5kGJfTtEM.mp4,1,FVRA,0.360352,1
00040_id00591_1Jo8xElXQMs.mp4,1,FVRA,0.344727,0
00040_id00633_UXrTMta1EDM.mp4,1,FVRA,0.362793,1
00040_id00897_0ayFw8JhoyI.mp4,1,FVRA,0.366455,1
00040_id03651_EjcoRkL6loI.mp4,1,FVRA,0.367188,1
00040_id03816_XXD0yTNei50.mp4,1,FVRA,0.363281,1
00040_id03858_uKVqPfRf-ac.mp4,1,FVRA,0.364502,1
00093_id00071_JU1cVINUTZA.mp4,1,FVRA,0.548828,1
00093_id00262_3p7sRWAAh1Q.mp4,1,FVRA,0.549316,1
00093_id00287_2NpfYjyMsPM.mp4,1,FVRA,0.549805,1
00093_id00379_fgkgYHCuk4g.mp4,1,FVRA,0.548828,1
00093_id00395_wM5kGJfTtEM.mp4,1,FVRA,0.546387,1
00093_id00495_E46aiMUC4A0.mp4,1,FVRA,0.548340,1
00093_id00633_UXrTMta1EDM.mp4,1,FVRA,0.549316,1
00093_id00897_0ayFw8JhoyI.mp4,1,FVRA,0.551270,1
00093_id01018_VNPt_GB5QiE.mp4,1,FVRA,0.548828,1
00093_id03941_SsYtP8Ze88Q.mp4,1,FVRA,0.549316,1
00028_id00068_A7uFnQw--bY.mp4,1,FVRA,0.362061,1
00028_id00330_zCFFgGSIZ_s.mp4,1,FVRA,0.343994,0
00028_id00332__zNddcZV1EU.mp4,1,FVRA,0.370361,1
00028_id00365_XV-imLNJvfk.mp4,1,FVRA,0.364502,1
00028_id00484_u7YTz8eFZv0.mp4,1,FVRA,0.373291,1
00028_id00495_E46aiMUC4A0.mp4,1,FVRA,0.357910,1
00028_id00496_SImaDcXQnh8.mp4,1,FVRA,0.376465,1
00028_id00735_ivJSkq5hGOQ.mp4,1,FVRA,0.357422,1
00028_id03858_uKVqPfRf-ac.mp4,1,FVRA,0.368408,1
00092_id00270_hoEQ70-sDME.mp4,1,FVRA,0.508301,1
00092_id00365_XV-imLNJvfk.mp4,1,FVRA,0.510254,1
00092_id00395_wM5kGJfTtEM.mp4,1,FVRA,0.508301,1
00092_id00484_u7YTz8eFZv0.mp4,1,FVRA,0.511230,1
00092_id00495_E46aiMUC4A0.mp4,1,FVRA,0.508789,1
00092_id00581_7AxvP19LGKg.mp4,1,FVRA,0.510254,1
00092_id00823_KgExwCvgrUk.mp4,1,FVRA,0.507324,1
00092_id03371_truKMXt8Dak.mp4,1,FVRA,0.511230,1
00092_id03716_s-lxbGafZQA.mp4,1,FVRA,0.505859,1
00092_id03844_AEAEN1Lns2c.mp4,1,FVRA,0.513184,1
00021_id00068_A7uFnQw--bY.mp4,1,FVRA,0.358398,1
00021_id00262_3p7sRWAAh1Q.mp4,1,FVRA,0.356689,1
00021_id00287_2NpfYjyMsPM.mp4,1,FVRA,0.359375,1
00021_id00332__zNddcZV1EU.mp4,1,FVRA,0.356689,1
00021_id00365_XV-imLNJvfk.mp4,1,FVRA,0.356201,1
00021_id00495_E46aiMUC4A0.mp4,1,FVRA,0.355957,1
00021_id00735_ivJSkq5hGOQ.mp4,1,FVRA,0.357666,1
00021_id00806_0sk9s9lFIAk.mp4,1,FVRA,0.350342,1
00021_id01001_dHJc8dh9X8c.mp4,1,FVRA,0.358154,1
00021_id03816_XXD0yTNei50.mp4,1,FVRA,0.356445,1
00028_id00287_2NpfYjyMsPM_id00262_wavtolip.mp4,1,FVFA,0.357910,1
00028_id00325_4vJtbNe0L98_id00823_wavtolip.mp4,1,FVFA,0.358887,1
00028_id00330_zCFFgGSIZ_s_id00484_wavtolip.mp4,1,FVFA,0.349365,0
00028_id00569_gSynmpwioV4_id00806_wavtolip.mp4,1,FVFA,0.362061,1
00028_id01002_eQTviHjyISo_id00270_wavtolip.mp4,1,FVFA,0.355469,1
00028_id03620_YkXM5A8w07E_id03844_wavtolip.mp4,1,FVFA,0.359863,1
00028_id03649_389qfFqUddI_id00374_wavtolip.mp4,1,FVFA,0.355957,1
00028_id03651_EjcoRkL6loI_id00262_wavtolip.mp4,1,FVFA,0.361572,1
00004_id00232_kL0cCveU1zg_id00806_wavtolip.mp4,1,FVFA,0.322998,0
00004_id00395_wM5kGJfTtEM_id00634_wavtolip.mp4,1,FVFA,0.325439,0
00004_id00484_u7YTz8eFZv0_id00188_wavtolip.mp4,1,FVFA,0.323730,0
00004_id00495_E46aiMUC4A0_id00496_wavtolip.mp4,1,FVFA,0.322754,0
00004_id00581_7AxvP19LGKg_id00581_wavtolip.mp4,1,FVFA,0.322754,0
00004_id00826_MYagwzy91Yk_id00403_wavtolip.mp4,1,FVFA,0.323730,0
00004_id03371_truKMXt8Dak_id00823_wavtolip.mp4,1,FVFA,0.321045,0
00004_id03589_9NxOQlwpMys_id00735_wavtolip.mp4,1,FVFA,0.320557,0
00004_id03844_AEAEN1Lns2c_id00633_wavtolip.mp4,1,FVFA,0.324463,0
00014_id00188_e-vm5FB3idA_id03651_wavtolip.mp4,1,FVFA,0.473389,1
00014_id00232_kL0cCveU1zg_id00806_wavtolip.mp4,1,FVFA,0.472412,1
00014_id00262_3p7sRWAAh1Q_id00270_wavtolip.mp4,1,FVFA,0.479736,1
00014_id00270_hoEQ70-sDME_id00591_wavtolip.mp4,1,FVFA,0.473389,1
00014_id00379_fgkgYHCuk4g_id03620_wavtolip.mp4,1,FVFA,0.474121,1
00014_id00581_7AxvP19LGKg_id00232_wavtolip.mp4,1,FVFA,0.471924,1
00014_id00735_ivJSkq5hGOQ_id03589_wavtolip.mp4,1,FVFA,0.466309,1
00014_id00897_0ayFw8JhoyI_id00496_wavtolip.mp4,1,FVFA,0.477539,1
00014_id03371_truKMXt8Dak_id00071_wavtolip.mp4,1,FVFA,0.476318,1
00014_id03816_XXD0yTNei50_id00271_wavtolip.mp4,1,FVFA,0.476562,1
00020_id00270_hoEQ70-sDME_id03651_wavtolip.mp4,1,FVFA,0.495361,1
00020_id00373_5NXv3Dxkd6E_id00826_wavtolip.mp4,1,FVFA,0.500000,1
00020_id00374_w1qI7y9AGTc_id00806_wavtolip.mp4,1,FVFA,0.499756,1
00020_id00379_fgkgYHCuk4g_id00634_wavtolip.mp4,1,FVFA,0.500000,1
00020_id00491_ShjiTWoOtM4_id00330_wavtolip.mp4,1,FVFA,0.490479,1
00020_id00569_gSynmpwioV4_id00262_wavtolip.mp4,1,FVFA,0.502441,1
00020_id00897_0ayFw8JhoyI_id03649_wavtolip.mp4,1,FVFA,0.505859,1
00020_id01018_VNPt_GB5QiE_id00735_wavtolip.mp4,1,FVFA,0.502441,1
00020_id03649_389qfFqUddI_id03620_wavtolip.mp4,1,FVFA,0.500977,1
00025_id00068_A7uFnQw--bY_id00496_wavtolip.mp4,1,FVFA,0.417725,1
00025_id00332__zNddcZV1EU_id03651_wavtolip.mp4,1,FVFA,0.426270,1
00025_id00365_XV-imLNJvfk_id00897_wavtolip.mp4,1,FVFA,0.416504,1
00025_id00484_u7YTz8eFZv0_id00270_wavtolip.mp4,1,FVFA,0.424072,1
00025_id00495_E46aiMUC4A0_id03844_wavtolip.mp4,1,FVFA,0.406982,1
00025_id03844_AEAEN1Lns2c_id00484_wavtolip.mp4,1,FVFA,0.419922,1
00063_id00271_je6JSLqEEcw_id00897_wavtolip.mp4,1,FVFA,0.451904,1
00063_id00330_zCFFgGSIZ_s_id00569_wavtolip.mp4,1,FVFA,0.440430,1
00063_id00332__zNddcZV1EU_id00071_wavtolip.mp4,1,FVFA,0.453369,1
00063_id00403_n4LSCxzFr6o_id00826_wavtolip.mp4,1,FVFA,0.446777,1
00063_id00434_HPXkk-HGXVI_id00188_wavtolip.mp4,1,FVFA,0.448242,1
00063_id00491_ShjiTWoOtM4_id03941_wavtolip.mp4,1,FVFA,0.452637,1
00063_id00897_0ayFw8JhoyI_id00373_wavtolip.mp4,1,FVFA,0.455078,1
00063_id01002_eQTviHjyISo_id03620_wavtolip.mp4,1,FVFA,0.447998,1
00063_id03371_truKMXt8Dak_id00569_wavtolip.mp4,1,FVFA,0.447998,1
00028_id00071_JU1cVINUTZA_id00484_wavtolip.mp4,1,FVFA,0.430664,1
00028_id00270_hoEQ70-sDME_id03651_wavtolip.mp4,1,FVFA,0.429688,1
00028_id00395_wM5kGJfTtEM_id03371_wavtolip.mp4,1,FVFA,0.430420,1
00028_id00495_E46aiMUC4A0_id00591_wavtolip.mp4,1,FVFA,0.427246,1
00028_id00496_SImaDcXQnh8_id00271_wavtolip.mp4,1,FVFA,0.433105,1
00028_id00633_UXrTMta1EDM_id00806_wavtolip.mp4,1,FVFA,0.435547,1
00028_id00813_dKs9CWJIkSI_id00434_wavtolip.mp4,1,FVFA,0.427490,1
00028_id03816_XXD0yTNei50_id03716_wavtolip.mp4,1,FVFA,0.433838,1
00028_id03941_SsYtP8Ze88Q_id00325_wavtolip.mp4,1,FVFA,0.427979,1
00088_id00188_e-vm5FB3idA_id00403_wavtolip.mp4,1,FVFA,0.501465,1
00088_id00262_3p7sRWAAh1Q_id00484_wavtolip.mp4,1,FVFA,0.501465,1
00088_id00287_2NpfYjyMsPM_id00042_wavtolip.mp4,1,FVFA,0.499512,1
00088_id00332__zNddcZV1EU_id00042_wavtolip.mp4,1,FVFA,0.503906,1
00088_id00379_fgkgYHCuk4g_id03858_wavtolip.mp4,1,FVFA,0.499756,1
00088_id00395_wM5kGJfTtEM_id03371_wavtolip.mp4,1,FVFA,0.499756,1
00088_id00569_gSynmpwioV4_id00897_wavtolip.mp4,1,FVFA,0.502930,1
00088_id00591_1Jo8xElXQMs_id00330_wavtolip.mp4,1,FVFA,0.490967,1
00088_id00633_UXrTMta1EDM_id03649_wavtolip.mp4,1,FVFA,0.502930,1
00088_id03858_uKVqPfRf-ac_id00042_wavtolip.mp4,1,FVFA,0.498291,1
00028_id00287_2NpfYjyMsPM_id03589_wavtolip.mp4,1,FVFA,0.481445,1
00028_id00330_zCFFgGSIZ_s_id00826_wavtolip.mp4,1,FVFA,0.483643,1
00028_id00365_XV-imLNJvfk_id00826_wavtolip.mp4,1,FVFA,0.484375,1
00028_id00395_wM5kGJfTtEM_id00484_wavtolip.mp4,1,FVFA,0.484619,1
00028_id00484_u7YTz8eFZv0_id00591_wavtolip.mp4,1,FVFA,0.486328,1
00028_id00495_E46aiMUC4A0_id00569_wavtolip.mp4,1,FVFA,0.482910,1
00028_id00633_UXrTMta1EDM_id01018_wavtolip.mp4,1,FVFA,0.490234,1
00028_id00634_z5t9oJizDQg_id00328_wavtolip.mp4,1,FVFA,0.484619,1
00028_id00826_MYagwzy91Yk_id00271_wavtolip.mp4,1,FVFA,0.483887,1
00028_id03844_AEAEN1Lns2c_id00633_wavtolip.mp4,1,FVFA,0.480469,1
00005_id00262_3p7sRWAAh1Q_id00826_wavtolip.mp4,1,FVFA,0.428711,1
00005_id00271_je6JSLqEEcw_id00232_wavtolip.mp4,1,FVFA,0.421143,1
00005_id00325_4vJtbNe0L98_id00826_wavtolip.mp4,1,FVFA,0.427734,1
00005_id00379_fgkgYHCuk4g_id00484_wavtolip.mp4,1,FVFA,0.421875,1
00005_id00496_SImaDcXQnh8_id00373_wavtolip.mp4,1,FVFA,0.431396,1
00005_id03589_9NxOQlwpMys_id00287_wavtolip.mp4,1,FVFA,0.426025,1
00005_id03620_YkXM5A8w07E_id03858_wavtolip.mp4,1,FVFA,0.428711,1
00015_id00042_4yuJSkaZwn0_id00826_wavtolip.mp4,1,FVFA,0.362305,1
00015_id00287_2NpfYjyMsPM_id03371_wavtolip.mp4,1,FVFA,0.361328,1
00015_id00365_XV-imLNJvfk_id00332_wavtolip.mp4,1,FVFA,0.359619,1
00015_id00897_0ayFw8JhoyI_id00484_wavtolip.mp4,1,FVFA,0.361816,1
00015_id01002_eQTviHjyISo_id00325_wavtolip.mp4,1,FVFA,0.346680,0
00015_id03620_YkXM5A8w07E_id03844_wavtolip.mp4,1,FVFA,0.353271,1
00015_id03649_389qfFqUddI_id00330_wavtolip.mp4,1,FVFA,0.355713,1
00015_id03651_EjcoRkL6loI_id00806_wavtolip.mp4,1,FVFA,0.358643,1
00092_id00188_e-vm5FB3idA_id00271_wavtolip.mp4,1,FVFA,0.470215,1
00092_id00232_kL0cCveU1zg_id03716_wavtolip.mp4,1,FVFA,0.470703,1
00092_id00373_5NXv3Dxkd6E_id03844_wavtolip.mp4,1,FVFA,0.465820,1
00092_id00403_n4LSCxzFr6o_id00806_wavtolip.mp4,1,FVFA,0.466553,1
00092_id00484_u7YTz8eFZv0_id00496_wavtolip.mp4,1,FVFA,0.468994,1
00092_id00495_E46aiMUC4A0_id03844_wavtolip.mp4,1,FVFA,0.464355,1
00092_id03371_truKMXt8Dak_id00328_wavtolip.mp4,1,FVFA,0.469971,1
00092_id03620_YkXM5A8w07E_id03858_wavtolip.mp4,1,FVFA,0.468994,1
00092_id03858_uKVqPfRf-ac_id00634_wavtolip.mp4,1,FVFA,0.469482,1
00118_id00332__zNddcZV1EU_id00328_wavtolip.mp4,1,FVFA,0.345215,0
00118_id00374_w1qI7y9AGTc_id00735_wavtolip.mp4,1,FVFA,0.338135,0
00118_id00434_HPXkk-HGXVI_id03371_wavtolip.mp4,1,FVFA,0.352539,1
00118_id00581_7AxvP19LGKg_id00271_wavtolip.mp4,1,FVFA,0.331543,0
00118_id03371_truKMXt8Dak_id00328_wavtolip.mp4,1,FVFA,0.340820,0
00118_id03844_AEAEN1Lns2c_id00395_wavtolip.mp4,1,FVFA,0.342773,0
00293_id00270_hoEQ70-sDME_id00042_wavtolip.mp4,1,FVFA,0.398682,1
00293_id00330_zCFFgGSIZ_s_id03844_wavtolip.mp4,1,FVFA,0.377686,1
00293_id00434_HPXkk-HGXVI_id00735_wavtolip.mp4,1,FVFA,0.400635,1
00293_id00591_1Jo8xElXQMs_id00325_wavtolip.mp4,1,FVFA,0.378662,1
00293_id00633_UXrTMta1EDM_id00826_wavtolip.mp4,1,FVFA,0.401855,1
00293_id00897_0ayFw8JhoyI_id00373_wavtolip.mp4,1,FVFA,0.398438,1
00293_id03858_uKVqPfRf-ac_id00569_wavtolip.mp4,1,FVFA,0.395508,1
00078_id00068_A7uFnQw--bY_id01002_wavtolip.mp4,1,FVFA,0.500488,1
00078_id00232_kL0cCveU1zg_id00071_wavtolip.mp4,1,FVFA,0.499756,1
00078_id00287_2NpfYjyMsPM_id00581_wavtolip.mp4,1,FVFA,0.500977,1
00078_id00495_E46aiMUC4A0_id03716_wavtolip.mp4,1,FVFA,0.500488,1
00078_id00813_dKs9CWJIkSI_id00735_wavtolip.mp4,1,FVFA,0.500000,1
00078_id03858_uKVqPfRf-ac_id00569_wavtolip.mp4,1,FVFA,0.503418,1
00028_id00188_e-vm5FB3idA_id00634_wavtolip.mp4,1,FVFA,0.473633,1
00028_id00328_ytKnCbJSEcU_id03716_wavtolip.mp4,1,FVFA,0.476318,1
00028_id00330_zCFFgGSIZ_s_id03651_wavtolip.mp4,1,FVFA,0.470703,1
00028_id00374_w1qI7y9AGTc_id00826_wavtolip.mp4,1,FVFA,0.474365,1
00028_id00484_u7YTz8eFZv0_id00823_wavtolip.mp4,1,FVFA,0.476807,1
00028_id00495_E46aiMUC4A0_id03651_wavtolip.mp4,1,FVFA,0.472168,1
00028_id00569_gSynmpwioV4_id00262_wavtolip.mp4,1,FVFA,0.476318,1
00028_id00589_uOzKwYEVR6s_id00330_wavtolip.mp4,1,FVFA,0.476318,1
00028_id00823_KgExwCvgrUk_id00434_wavtolip.mp4,1,FVFA,0.473633,1
00028_id00897_0ayFw8JhoyI_id00271_wavtolip.mp4,1,FVFA,0.475342,1
00311_id00188_e-vm5FB3idA_id00735_wavtolip.mp4,1,FVFA,0.522461,1
00311_id00262_3p7sRWAAh1Q_id00823_wavtolip.mp4,1,FVFA,0.530762,1
00311_id00330_zCFFgGSIZ_s_id00071_wavtolip.mp4,1,FVFA,0.525391,1
00311_id00373_5NXv3Dxkd6E_id00234_wavtolip.mp4,1,FVFA,0.524414,1
00311_id00434_HPXkk-HGXVI_id03649_wavtolip.mp4,1,FVFA,0.522461,1
00311_id00633_UXrTMta1EDM_id00071_wavtolip.mp4,1,FVFA,0.529297,1
00311_id00826_MYagwzy91Yk_id00813_wavtolip.mp4,1,FVFA,0.522461,1
00311_id03620_YkXM5A8w07E_id00495_wavtolip.mp4,1,FVFA,0.531738,1
00043_id00262_3p7sRWAAh1Q_id00188_wavtolip.mp4,1,FVFA,0.448975,1
00043_id00270_hoEQ70-sDME_id03371_wavtolip.mp4,1,FVFA,0.451416,1
00043_id00287_2NpfYjyMsPM_id00735_wavtolip.mp4,1,FVFA,0.443848,1
00043_id00496_SImaDcXQnh8_id00395_wavtolip.mp4,1,FVFA,0.448486,1
00043_id00633_UXrTMta1EDM_id00325_wavtolip.mp4,1,FVFA,0.450195,1
00043_id00806_0sk9s9lFIAk_id00581_wavtolip.mp4,1,FVFA,0.445312,1
00043_id00897_0ayFw8JhoyI_id00271_wavtolip.mp4,1,FVFA,0.448486,1
00043_id03716_s-lxbGafZQA_id03620_wavtolip.mp4,1,FVFA,0.447510,1
00420_id00068_A7uFnQw--bY_id03941_wavtolip.mp4,1,FVFA,0.458740,1
00420_id00262_3p7sRWAAh1Q_id03844_wavtolip.mp4,1,FVFA,0.467773,1
00420_id00581_7AxvP19LGKg_id00591_wavtolip.mp4,1,FVFA,0.462158,1
00420_id00813_dKs9CWJIkSI_id00071_wavtolip.mp4,1,FVFA,0.458496,1
00420_id00823_KgExwCvgrUk_id03589_wavtolip.mp4,1,FVFA,0.459961,1
00420_id03716_s-lxbGafZQA_id00328_wavtolip.mp4,1,FVFA,0.465332,1
00420_id03816_XXD0yTNei50_id00188_wavtolip.mp4,1,FVFA,0.467773,1
00420_id03858_uKVqPfRf-ac_id00826_wavtolip.mp4,1,FVFA,0.461670,1
00052_id00071_JU1cVINUTZA_id00806_wavtolip.mp4,1,FVFA,0.440918,1
00052_id00188_e-vm5FB3idA_id03844_wavtolip.mp4,1,FVFA,0.445801,1
00052_id00234_M3g5KRLJB60_id00434_wavtolip.mp4,1,FVFA,0.441406,1
00052_id00271_je6JSLqEEcw_id00581_wavtolip.mp4,1,FVFA,0.444336,1
00052_id00287_2NpfYjyMsPM_id00379_wavtolip.mp4,1,FVFA,0.441650,1
00052_id00374_w1qI7y9AGTc_id00271_wavtolip.mp4,1,FVFA,0.441162,1
00052_id00484_u7YTz8eFZv0_id00188_wavtolip.mp4,1,FVFA,0.444336,1
00052_id00897_0ayFw8JhoyI_id00403_wavtolip.mp4,1,FVFA,0.444580,1
00052_id03649_389qfFqUddI_id00042_wavtolip.mp4,1,FVFA,0.439209,1
00046_id00068_A7uFnQw--bY_id03651_wavtolip.mp4,1,FVFA,0.385010,1
00046_id00330_zCFFgGSIZ_s_id03716_wavtolip.mp4,1,FVFA,0.361328,1
00046_id00332__zNddcZV1EU_id00806_wavtolip.mp4,1,FVFA,0.382080,1
00046_id00374_w1qI7y9AGTc_id00332_wavtolip.mp4,1,FVFA,0.376221,1
00046_id00569_gSynmpwioV4_id00071_wavtolip.mp4,1,FVFA,0.382324,1
00046_id00591_1Jo8xElXQMs_id00569_wavtolip.mp4,1,FVFA,0.364014,1
00046_id00633_UXrTMta1EDM_id00826_wavtolip.mp4,1,FVFA,0.379639,1
00046_id03371_truKMXt8Dak_id00262_wavtolip.mp4,1,FVFA,0.388428,1
00202_id00068_A7uFnQw--bY_id03589_wavtolip.mp4,1,FVFA,0.457520,1
00202_id00271_je6JSLqEEcw_id00330_wavtolip.mp4,1,FVFA,0.460693,1
00202_id00328_ytKnCbJSEcU_id00374_wavtolip.mp4,1,FVFA,0.460449,1
00202_id00373_5NXv3Dxkd6E_id01002_wavtolip.mp4,1,FVFA,0.458008,1
00202_id00569_gSynmpwioV4_id03716_wavtolip.mp4,1,FVFA,0.462891,1
00202_id00581_7AxvP19LGKg_id03371_wavtolip.mp4,1,FVFA,0.461426,1
00202_id00826_MYagwzy91Yk_id00395_wavtolip.mp4,1,FVFA,0.458740,1
00202_id03844_AEAEN1Lns2c_id00042_wavtolip.mp4,1,FVFA,0.457031,1
00202_id03858_uKVqPfRf-ac_id00826_wavtolip.mp4,1,FVFA,0.461670,1
00122_id00188_e-vm5FB3idA_id00325_wavtolip.mp4,1,FVFA,0.450928,1
00122_id00234_M3g5KRLJB60_id00374_wavtolip.mp4,1,FVFA,0.449707,1
00122_id00330_zCFFgGSIZ_s_id03649_wavtolip.mp4,1,FVFA,0.439453,1
00122_id00569_gSynmpwioV4_id00591_wavtolip.mp4,1,FVFA,0.450684,1
00122_id00591_1Jo8xElXQMs_id00581_wavtolip.mp4,1,FVFA,0.439209,1
00122_id00633_UXrTMta1EDM_id00735_wavtolip.mp4,1,FVFA,0.449463,1
00122_id01002_eQTviHjyISo_id03371_wavtolip.mp4,1,FVFA,0.446777,1
00122_id01018_VNPt_GB5QiE_id01002_wavtolip.mp4,1,FVFA,0.446289,1
00122_id03371_truKMXt8Dak_id00633_wavtolip.mp4,1,FVFA,0.450195,1
00122_id03858_uKVqPfRf-ac_id00395_wavtolip.mp4,1,FVFA,0.447266,1
00027_id00068_A7uFnQw--bY_id00634_wavtolip.mp4,1,FVFA,0.381348,1
00027_id00271_je6JSLqEEcw_id00591_wavtolip.mp4,1,FVFA,0.370117,1
00027_id00395_wM5kGJfTtEM_id03589_wavtolip.mp4,1,FVFA,0.371582,1
00027_id00484_u7YTz8eFZv0_id00496_wavtolip.mp4,1,FVFA,0.382080,1
00027_id00581_7AxvP19LGKg_id00897_wavtolip.mp4,1,FVFA,0.372314,1
00027_id00634_z5t9oJizDQg_id00262_wavtolip.mp4,1,FVFA,0.376953,1
00027_id03589_9NxOQlwpMys_id00330_wavtolip.mp4,1,FVFA,0.377441,1
00027_id03858_uKVqPfRf-ac_id03589_wavtolip.mp4,1,FVFA,0.376221,1
00027_id03941_SsYtP8Ze88Q_id03371_wavtolip.mp4,1,FVFA,0.382568,1
00015_id00262_3p7sRWAAh1Q_id00232_wavtolip.mp4,1,FVFA,0.473145,1
00015_id00287_2NpfYjyMsPM_id00332_wavtolip.mp4,1,FVFA,0.468506,1
00015_id00373_5NXv3Dxkd6E_id00806_wavtolip.mp4,1,FVFA,0.470215,1
00015_id00569_gSynmpwioV4_id00569_wavtolip.mp4,1,FVFA,0.470215,1
00015_id00813_dKs9CWJIkSI_id00897_wavtolip.mp4,1,FVFA,0.468506,1
00015_id00897_0ayFw8JhoyI_id00735_wavtolip.mp4,1,FVFA,0.471924,1
00015_id03620_YkXM5A8w07E_id00806_wavtolip.mp4,1,FVFA,0.474365,1
00015_id03858_uKVqPfRf-ac_id00633_wavtolip.mp4,1,FVFA,0.470947,1
00239_id00188_e-vm5FB3idA_id00373_wavtolip.mp4,1,FVFA,0.416504,1
00239_id00373_5NXv3Dxkd6E_id03651_wavtolip.mp4,1,FVFA,0.412354,1
00239_id00484_u7YTz8eFZv0_id03716_wavtolip.mp4,1,FVFA,0.417480,1
00239_id00491_ShjiTWoOtM4_id00232_wavtolip.mp4,1,FVFA,0.417236,1
00239_id00633_UXrTMta1EDM_id00735_wavtolip.mp4,1,FVFA,0.418701,1
00239_id00897_0ayFw8JhoyI_id03649_wavtolip.mp4,1,FVFA,0.415527,1
00239_id01002_eQTviHjyISo_id00496_wavtolip.mp4,1,FVFA,0.415527,1
00239_id01018_VNPt_GB5QiE_id03589_wavtolip.mp4,1,FVFA,0.416260,1
00239_id03371_truKMXt8Dak_id00271_wavtolip.mp4,1,FVFA,0.417480,1
00010_id00330_zCFFgGSIZ_s_id00188_wavtolip.mp4,1,FVFA,0.440186,1
00010_id00395_wM5kGJfTtEM_id00325_wavtolip.mp4,1,FVFA,0.442627,1
00010_id00495_E46aiMUC4A0_id00806_wavtolip.mp4,1,FVFA,0.439941,1
00010_id00591_1Jo8xElXQMs_id00735_wavtolip.mp4,1,FVFA,0.437256,1
00010_id00826_MYagwzy91Yk_id00271_wavtolip.mp4,1,FVFA,0.440674,1
00010_id03371_truKMXt8Dak_id00287_wavtolip.mp4,1,FVFA,0.444336,1
00010_id03858_uKVqPfRf-ac_id00735_wavtolip.mp4,1,FVFA,0.441406,1
00130_id00271_je6JSLqEEcw_id00735_wavtolip.mp4,1,FVFA,0.480713,1
00130_id00373_5NXv3Dxkd6E_id03371_wavtolip.mp4,1,FVFA,0.475586,1
00130_id00495_E46aiMUC4A0_id00325_wavtolip.mp4,1,FVFA,0.474854,1
00130_id00591_1Jo8xElXQMs_id03620_wavtolip.mp4,1,FVFA,0.474854,1
00130_id00634_z5t9oJizDQg_id00897_wavtolip.mp4,1,FVFA,0.478760,1
00130_id00897_0ayFw8JhoyI_id00379_wavtolip.mp4,1,FVFA,0.479004,1
00130_id03589_9NxOQlwpMys_id00897_wavtolip.mp4,1,FVFA,0.479736,1
00130_id03620_YkXM5A8w07E_id03858_wavtolip.mp4,1,FVFA,0.483398,1
00130_id03649_389qfFqUddI_id00495_wavtolip.mp4,1,FVFA,0.472412,1
00130_id03858_uKVqPfRf-ac_id00634_wavtolip.mp4,1,FVFA,0.476807,1
00001_id00188_e-vm5FB3idA_id03858_wavtolip.mp4,1,FVFA,0.499512,1
00001_id00270_hoEQ70-sDME_id00270_wavtolip.mp4,1,FVFA,0.486084,1
00001_id00581_7AxvP19LGKg_id00735_wavtolip.mp4,1,FVFA,0.490234,1
00001_id00633_UXrTMta1EDM_id00287_wavtolip.mp4,1,FVFA,0.497070,1
00001_id00634_z5t9oJizDQg_id03620_wavtolip.mp4,1,FVFA,0.493896,1
00001_id00897_0ayFw8JhoyI_id00373_wavtolip.mp4,1,FVFA,0.496826,1
00001_id03649_389qfFqUddI_id00591_wavtolip.mp4,1,FVFA,0.490967,1
00001_id03844_AEAEN1Lns2c_id03589_wavtolip.mp4,1,FVFA,0.496094,1
00088_id00188_e-vm5FB3idA_id00188_wavtolip.mp4,1,FVFA,0.445557,1
00088_id00270_hoEQ70-sDME_id00823_wavtolip.mp4,1,FVFA,0.445557,1
00088_id00332__zNddcZV1EU_id00071_wavtolip.mp4,1,FVFA,0.447998,1
00088_id00379_fgkgYHCuk4g_id00262_wavtolip.mp4,1,FVFA,0.445312,1
00088_id00491_ShjiTWoOtM4_id03844_wavtolip.mp4,1,FVFA,0.442627,1
00088_id00569_gSynmpwioV4_id00287_wavtolip.mp4,1,FVFA,0.445801,1
00088_id00581_7AxvP19LGKg_id00813_wavtolip.mp4,1,FVFA,0.442139,1
00088_id01001_dHJc8dh9X8c_id00330_wavtolip.mp4,1,FVFA,0.443115,1
00088_id01002_eQTviHjyISo_id00262_wavtolip.mp4,1,FVFA,0.443115,1
00078_id00395_wM5kGJfTtEM_id00379_wavtolip.mp4,1,FVFA,0.459717,1
00078_id00484_u7YTz8eFZv0_id00330_wavtolip.mp4,1,FVFA,0.460449,1
00078_id00495_E46aiMUC4A0_id00328_wavtolip.mp4,1,FVFA,0.456299,1
00078_id00581_7AxvP19LGKg_id00434_wavtolip.mp4,1,FVFA,0.459473,1
00078_id00589_uOzKwYEVR6s_id00330_wavtolip.mp4,1,FVFA,0.467041,1
00078_id00591_1Jo8xElXQMs_id00071_wavtolip.mp4,1,FVFA,0.455078,1
00078_id00826_MYagwzy91Yk_id00806_wavtolip.mp4,1,FVFA,0.458252,1
00078_id03589_9NxOQlwpMys_id00569_wavtolip.mp4,1,FVFA,0.462158,1
00078_id03649_389qfFqUddI_id00232_wavtolip.mp4,1,FVFA,0.454834,1
00037_id00068_A7uFnQw--bY_id00374_wavtolip.mp4,1,FVFA,0.366455,1
00037_id00188_e-vm5FB3idA_id03941_wavtolip.mp4,1,FVFA,0.383057,1
00037_id00262_3p7sRWAAh1Q_id00271_wavtolip.mp4,1,FVFA,0.380127,1
00037_id00373_5NXv3Dxkd6E_id00395_wavtolip.mp4,1,FVFA,0.373535,1
00037_id00495_E46aiMUC4A0_id03941_wavtolip.mp4,1,FVFA,0.368164,1
00037_id00826_MYagwzy91Yk_id00495_wavtolip.mp4,1,FVFA,0.372314,1
00037_id03371_truKMXt8Dak_id01002_wavtolip.mp4,1,FVFA,0.381592,1
00037_id03844_AEAEN1Lns2c_id00735_wavtolip.mp4,1,FVFA,0.373047,1
00037_id03941_SsYtP8Ze88Q_id00633_wavtolip.mp4,1,FVFA,0.368896,1
00005_id00365_XV-imLNJvfk_id00496_wavtolip.mp4,1,FVFA,0.370361,1
00005_id00373_5NXv3Dxkd6E_id00496_wavtolip.mp4,1,FVFA,0.368896,1
00005_id00379_fgkgYHCuk4g_id00496_wavtolip.mp4,1,FVFA,0.369629,1
00005_id00569_gSynmpwioV4_id03858_wavtolip.mp4,1,FVFA,0.374756,1
00005_id00813_dKs9CWJIkSI_id01002_wavtolip.mp4,1,FVFA,0.367432,1
00005_id01002_eQTviHjyISo_id03620_wavtolip.mp4,1,FVFA,0.368896,1
00005_id03858_uKVqPfRf-ac_id03589_wavtolip.mp4,1,FVFA,0.370117,1
00169_id00262_3p7sRWAAh1Q_id00634_wavtolip.mp4,1,FVFA,0.445312,1
00169_id00330_zCFFgGSIZ_s_id03371_wavtolip.mp4,1,FVFA,0.432861,1
00169_id00365_XV-imLNJvfk_id00823_wavtolip.mp4,1,FVFA,0.442871,1
00169_id00496_SImaDcXQnh8_id00330_wavtolip.mp4,1,FVFA,0.448486,1
00169_id00806_0sk9s9lFIAk_id00234_wavtolip.mp4,1,FVFA,0.437500,1
00169_id00897_0ayFw8JhoyI_id00330_wavtolip.mp4,1,FVFA,0.447510,1
00169_id03589_9NxOQlwpMys_id00806_wavtolip.mp4,1,FVFA,0.448242,1
00169_id03858_uKVqPfRf-ac_id00332_wavtolip.mp4,1,FVFA,0.446045,1
00125_id00262_3p7sRWAAh1Q_id00434_wavtolip.mp4,1,FVFA,0.380371,1
00125_id00330_zCFFgGSIZ_s_id03858_wavtolip.mp4,1,FVFA,0.362305,1
00125_id00373_5NXv3Dxkd6E_id03858_wavtolip.mp4,1,FVFA,0.375977,1
00125_id00395_wM5kGJfTtEM_id00328_wavtolip.mp4,1,FVFA,0.377197,1
00125_id00495_E46aiMUC4A0_id03620_wavtolip.mp4,1,FVFA,0.376221,1
00125_id00581_7AxvP19LGKg_id00735_wavtolip.mp4,1,FVFA,0.375488,1
00125_id00634_z5t9oJizDQg_id00633_wavtolip.mp4,1,FVFA,0.382324,1
00125_id00813_dKs9CWJIkSI_id00395_wavtolip.mp4,1,FVFA,0.388428,1
00125_id03589_9NxOQlwpMys_id00403_wavtolip.mp4,1,FVFA,0.386719,1
00065_id00068_A7uFnQw--bY_id00806_wavtolip.mp4,1,FVFA,0.462402,1
00065_id00271_je6JSLqEEcw_id00434_wavtolip.mp4,1,FVFA,0.470947,1
00065_id00374_w1qI7y9AGTc_id00826_wavtolip.mp4,1,FVFA,0.469727,1
00065_id00484_u7YTz8eFZv0_id03620_wavtolip.mp4,1,FVFA,0.471191,1
00065_id00495_E46aiMUC4A0_id00806_wavtolip.mp4,1,FVFA,0.464844,1
00065_id00581_7AxvP19LGKg_id00823_wavtolip.mp4,1,FVFA,0.466309,1
00065_id00634_z5t9oJizDQg_id03716_wavtolip.mp4,1,FVFA,0.468262,1
00065_id00735_ivJSkq5hGOQ_id03589_wavtolip.mp4,1,FVFA,0.462158,1
00065_id03371_truKMXt8Dak_id03858_wavtolip.mp4,1,FVFA,0.468506,1
00065_id03649_389qfFqUddI_id00495_wavtolip.mp4,1,FVFA,0.459961,1
00005_id00234_M3g5KRLJB60_id00328_wavtolip.mp4,1,FVFA,0.550781,1
00005_id00330_zCFFgGSIZ_s_id00328_wavtolip.mp4,1,FVFA,0.542969,1
00005_id00332__zNddcZV1EU_id00634_wavtolip.mp4,1,FVFA,0.549316,1
00005_id00496_SImaDcXQnh8_id00232_wavtolip.mp4,1,FVFA,0.549805,1
00005_id00591_1Jo8xElXQMs_id00328_wavtolip.mp4,1,FVFA,0.544434,1
00005_id00813_dKs9CWJIkSI_id00484_wavtolip.mp4,1,FVFA,0.548828,1
00005_id03371_truKMXt8Dak_id03589_wavtolip.mp4,1,FVFA,0.550781,1
00086_id00188_e-vm5FB3idA_id00379_wavtolip.mp4,1,FVFA,0.434814,1
00086_id00262_3p7sRWAAh1Q_id03844_wavtolip.mp4,1,FVFA,0.427002,1
00086_id00332__zNddcZV1EU_id03649_wavtolip.mp4,1,FVFA,0.426758,1
00086_id00374_w1qI7y9AGTc_id03651_wavtolip.mp4,1,FVFA,0.424805,1
00086_id00569_gSynmpwioV4_id00806_wavtolip.mp4,1,FVFA,0.429443,1
00086_id00633_UXrTMta1EDM_id00325_wavtolip.mp4,1,FVFA,0.425049,1
00086_id00735_ivJSkq5hGOQ_id00271_wavtolip.mp4,1,FVFA,0.421631,1
00086_id03816_XXD0yTNei50_id00287_wavtolip.mp4,1,FVFA,0.429932,1
00043_id00188_e-vm5FB3idA_id00232_wavtolip.mp4,1,FVFA,0.439453,1
00043_id00287_2NpfYjyMsPM_id03649_wavtolip.mp4,1,FVFA,0.437988,1
00043_id00325_4vJtbNe0L98_id00330_wavtolip.mp4,1,FVFA,0.439209,1
00043_id00491_ShjiTWoOtM4_id00581_wavtolip.mp4,1,FVFA,0.431396,1
00043_id00581_7AxvP19LGKg_id00271_wavtolip.mp4,1,FVFA,0.435791,1
00043_id00633_UXrTMta1EDM_id00484_wavtolip.mp4,1,FVFA,0.438477,1
00043_id01001_dHJc8dh9X8c_id03844_wavtolip.mp4,1,FVFA,0.438721,1
00043_id03371_truKMXt8Dak_id00373_wavtolip.mp4,1,FVFA,0.439453,1
00072_id00232_kL0cCveU1zg_id00270_wavtolip.mp4,1,FVFA,0.485596,1
00072_id00287_2NpfYjyMsPM_id03589_wavtolip.mp4,1,FVFA,0.483643,1
00072_id00491_ShjiTWoOtM4_id00496_wavtolip.mp4,1,FVFA,0.468994,1
00072_id00591_1Jo8xElXQMs_id00735_wavtolip.mp4,1,FVFA,0.472412,1
00072_id03620_YkXM5A8w07E_id00379_wavtolip.mp4,1,FVFA,0.476074,1
00072_id03649_389qfFqUddI_id00271_wavtolip.mp4,1,FVFA,0.487793,1
00072_id03651_EjcoRkL6loI_id00823_wavtolip.mp4,1,FVFA,0.488037,1
00430_id00068_A7uFnQw--bY_id00735_wavtolip.mp4,1,FVFA,0.453369,1
00430_id00330_zCFFgGSIZ_s_id00434_wavtolip.mp4,1,FVFA,0.448730,1
00430_id00491_ShjiTWoOtM4_id00495_wavtolip.mp4,1,FVFA,0.457275,1
00430_id00569_gSynmpwioV4_id00234_wavtolip.mp4,1,FVFA,0.454834,1
00430_id00806_0sk9s9lFIAk_id00042_wavtolip.mp4,1,FVFA,0.454346,1
00430_id03858_uKVqPfRf-ac_id00496_wavtolip.mp4,1,FVFA,0.451904,1
00002_id00068_A7uFnQw--bY_id00287_wavtolip.mp4,1,FVFA,0.431152,1
00002_id00262_3p7sRWAAh1Q_id03651_wavtolip.mp4,1,FVFA,0.432861,1
00002_id00287_2NpfYjyMsPM_id00071_wavtolip.mp4,1,FVFA,0.432373,1
00002_id00395_wM5kGJfTtEM_id00271_wavtolip.mp4,1,FVFA,0.428955,1
00002_id00495_E46aiMUC4A0_id00581_wavtolip.mp4,1,FVFA,0.424316,1
00002_id00496_SImaDcXQnh8_id00271_wavtolip.mp4,1,FVFA,0.435791,1
00002_id00634_z5t9oJizDQg_id00374_wavtolip.mp4,1,FVFA,0.431641,1
00002_id03649_389qfFqUddI_id00633_wavtolip.mp4,1,FVFA,0.425537,1
00002_id03858_uKVqPfRf-ac_id01002_wavtolip.mp4,1,FVFA,0.431641,1
00081_id00287_2NpfYjyMsPM_id00270_wavtolip.mp4,1,FVFA,0.458740,1
00081_id00325_4vJtbNe0L98_id00897_wavtolip.mp4,1,FVFA,0.462891,1
00081_id00365_XV-imLNJvfk_id00071_wavtolip.mp4,1,FVFA,0.462158,1
00081_id00373_5NXv3Dxkd6E_id00484_wavtolip.mp4,1,FVFA,0.459961,1
00081_id00374_w1qI7y9AGTc_id00232_wavtolip.mp4,1,FVFA,0.461426,1
00081_id00496_SImaDcXQnh8_id00332_wavtolip.mp4,1,FVFA,0.466309,1
00081_id01018_VNPt_GB5QiE_id00484_wavtolip.mp4,1,FVFA,0.461670,1
00081_id03844_AEAEN1Lns2c_id00373_wavtolip.mp4,1,FVFA,0.461182,1
00001_id00068_A7uFnQw--bY_id00270_wavtolip.mp4,1,FVFA,0.514160,1
00001_id00188_e-vm5FB3idA_id01002_wavtolip.mp4,1,FVFA,0.520996,1
00001_id00325_4vJtbNe0L98_id03941_wavtolip.mp4,1,FVFA,0.521973,1
00001_id00569_gSynmpwioV4_id00434_wavtolip.mp4,1,FVFA,0.517090,1
00001_id00589_uOzKwYEVR6s_id00373_wavtolip.mp4,1,FVFA,0.517578,1
00001_id00591_1Jo8xElXQMs_id00287_wavtolip.mp4,1,FVFA,0.503418,1
00001_id00633_UXrTMta1EDM_id00287_wavtolip.mp4,1,FVFA,0.521484,1
00001_id00634_z5t9oJizDQg_id03941_wavtolip.mp4,1,FVFA,0.518555,1
00001_id00826_MYagwzy91Yk_id00634_wavtolip.mp4,1,FVFA,0.514648,1
00001_id03589_9NxOQlwpMys_id00434_wavtolip.mp4,1,FVFA,0.518066,1
00092_id00325_4vJtbNe0L98_id00332_wavtolip.mp4,1,FVFA,0.498047,1
00092_id00395_wM5kGJfTtEM_id00328_wavtolip.mp4,1,FVFA,0.499023,1
00092_id00897_0ayFw8JhoyI_id00826_wavtolip.mp4,1,FVFA,0.501953,1
00092_id01002_eQTviHjyISo_id03941_wavtolip.mp4,1,FVFA,0.501465,1
00092_id01018_VNPt_GB5QiE_id00330_wavtolip.mp4,1,FVFA,0.496582,1
00092_id03371_truKMXt8Dak_id00325_wavtolip.mp4,1,FVFA,0.499512,1
00092_id03649_389qfFqUddI_id03651_wavtolip.mp4,1,FVFA,0.493652,1
00092_id03716_s-lxbGafZQA_id00395_wavtolip.mp4,1,FVFA,0.498779,1
00092_id03858_uKVqPfRf-ac_id00813_wavtolip.mp4,1,FVFA,0.498779,1
00040_id00365_XV-imLNJvfk_id03716_wavtolip.mp4,1,FVFA,0.372803,1
00040_id00379_fgkgYHCuk4g_id00823_wavtolip.mp4,1,FVFA,0.370361,1
00040_id00395_wM5kGJfTtEM_id00232_wavtolip.mp4,1,FVFA,0.366211,1
00040_id00591_1Jo8xElXQMs_id00823_wavtolip.mp4,1,FVFA,0.351318,1
00040_id00633_UXrTMta1EDM_id00826_wavtolip.mp4,1,FVFA,0.369141,1
00040_id00897_0ayFw8JhoyI_id00232_wavtolip.mp4,1,FVFA,0.372314,1
00040_id03651_EjcoRkL6loI_id00328_wavtolip.mp4,1,FVFA,0.374023,1
00040_id03816_XXD0yTNei50_id00581_wavtolip.mp4,1,FVFA,0.369629,1
00093_id00071_JU1cVINUTZA_id00330_wavtolip.mp4,1,FVFA,0.551758,1
00093_id00262_3p7sRWAAh1Q_id00826_wavtolip.mp4,1,FVFA,0.552734,1
00093_id00287_2NpfYjyMsPM_id00270_wavtolip.mp4,1,FVFA,0.552246,1
00093_id00379_fgkgYHCuk4g_id00484_wavtolip.mp4,1,FVFA,0.551758,1
00093_id00395_wM5kGJfTtEM_id00332_wavtolip.mp4,1,FVFA,0.549805,1
00093_id00495_E46aiMUC4A0_id03651_wavtolip.mp4,1,FVFA,0.551758,1
00093_id00633_UXrTMta1EDM_id00484_wavtolip.mp4,1,FVFA,0.552734,1
00093_id00897_0ayFw8JhoyI_id00270_wavtolip.mp4,1,FVFA,0.554199,1
00093_id01018_VNPt_GB5QiE_id03651_wavtolip.mp4,1,FVFA,0.551758,1
00093_id03941_SsYtP8Ze88Q_id03649_wavtolip.mp4,1,FVFA,0.552246,1
00028_id00068_A7uFnQw--bY_id03844_wavtolip.mp4,1,FVFA,0.371094,1
00028_id00330_zCFFgGSIZ_s_id00328_wavtolip.mp4,1,FVFA,0.353516,1
00028_id00365_XV-imLNJvfk_id00071_wavtolip.mp4,1,FVFA,0.372803,1
00028_id00484_u7YTz8eFZv0_id00379_wavtolip.mp4,1,FVFA,0.382080,1
00028_id00495_E46aiMUC4A0_id00374_wavtolip.mp4,1,FVFA,0.366455,1
00028_id00496_SImaDcXQnh8_id01018_wavtolip.mp4,1,FVFA,0.385986,1
00028_id00735_ivJSkq5hGOQ_id00634_wavtolip.mp4,1,FVFA,0.366699,1
00028_id03858_uKVqPfRf-ac_id00374_wavtolip.mp4,1,FVFA,0.377686,1
00092_id00270_hoEQ70-sDME_id00287_wavtolip.mp4,1,FVFA,0.506836,1
00092_id00395_wM5kGJfTtEM_id03620_wavtolip.mp4,1,FVFA,0.513672,1
00092_id00495_E46aiMUC4A0_id03649_wavtolip.mp4,1,FVFA,0.505371,1
00092_id00581_7AxvP19LGKg_id00581_wavtolip.mp4,1,FVFA,0.515625,1
00092_id00823_KgExwCvgrUk_id03941_wavtolip.mp4,1,FVFA,0.506836,1
00092_id03371_truKMXt8Dak_id00735_wavtolip.mp4,1,FVFA,0.507812,1
00092_id03716_s-lxbGafZQA_id00581_wavtolip.mp4,1,FVFA,0.511719,1
00092_id03844_AEAEN1Lns2c_id00806_wavtolip.mp4,1,FVFA,0.517578,1
00021_id00068_A7uFnQw--bY_id00569_wavtolip.mp4,1,FVFA,0.370850,1
00021_id00262_3p7sRWAAh1Q_id00395_wavtolip.mp4,1,FVFA,0.368408,1
00021_id00287_2NpfYjyMsPM_id00434_wavtolip.mp4,1,FVFA,0.370117,1
00021_id00332__zNddcZV1EU_id00271_wavtolip.mp4,1,FVFA,0.367432,1
00021_id00365_XV-imLNJvfk_id00270_wavtolip.mp4,1,FVFA,0.367188,1
00021_id00495_E46aiMUC4A0_id01002_wavtolip.mp4,1,FVFA,0.365479,1
00021_id00735_ivJSkq5hGOQ_id00379_wavtolip.mp4,1,FVFA,0.367920,1
00021_id00806_0sk9s9lFIAk_id00042_wavtolip.mp4,1,FVFA,0.359131,1
00021_id01001_dHJc8dh9X8c_id03589_wavtolip.mp4,1,FVFA,0.367920,1
00021_id03816_XXD0yTNei50_id01002_wavtolip.mp4,1,FVFA,0.365479,1
00028_id00068_wavtolip.mp4,1,FVRA,0.352783,1
00028_id00271_wavtolip.mp4,1,FVRA,0.351074,1
00028_id00325_wavtolip.mp4,1,FVRA,0.353027,1
00028_id00379_wavtolip.mp4,1,FVRA,0.353027,1
00028_id00496_wavtolip.mp4,1,FVRA,0.353027,1
00028_id00569_wavtolip.mp4,1,FVRA,0.352295,1
00028_id01018_wavtolip.mp4,1,FVRA,0.353027,1
00028_id03620_wavtolip.mp4,1,FVRA,0.352783,1
00028_id03716_wavtolip.mp4,1,FVRA,0.352783,1
00028_id03941_wavtolip.mp4,1,FVRA,0.351807,1
00004_id00068_wavtolip.mp4,1,FVRA,0.318115,0
00004_id00071_wavtolip.mp4,1,FVRA,0.316895,0
00004_id00234_wavtolip.mp4,1,FVRA,0.318115,0
00004_id00262_wavtolip.mp4,1,FVRA,0.318115,0
00004_id00365_wavtolip.mp4,1,FVRA,0.316895,0
00004_id00484_wavtolip.mp4,1,FVRA,0.317383,0
00004_id00496_wavtolip.mp4,1,FVRA,0.318359,0
00004_id00591_wavtolip.mp4,1,FVRA,0.316162,0
00004_id03589_wavtolip.mp4,1,FVRA,0.318115,0
00004_id03716_wavtolip.mp4,1,FVRA,0.318115,0
00014_id00188_wavtolip.mp4,1,FVRA,0.463867,1
00014_id00330_wavtolip.mp4,1,FVRA,0.464111,1
00014_id00589_wavtolip.mp4,1,FVRA,0.464111,1
00014_id00633_wavtolip.mp4,1,FVRA,0.463867,1
00014_id00813_wavtolip.mp4,1,FVRA,0.463867,1
00014_id01001_wavtolip.mp4,1,FVRA,0.464111,1
00014_id01018_wavtolip.mp4,1,FVRA,0.463867,1
00014_id03716_wavtolip.mp4,1,FVRA,0.464111,1
00014_id03816_wavtolip.mp4,1,FVRA,0.463867,1
00014_id03844_wavtolip.mp4,1,FVRA,0.464111,1
00020_id00071_wavtolip.mp4,1,FVRA,0.497070,1
00020_id00188_wavtolip.mp4,1,FVRA,0.497314,1
00020_id00262_wavtolip.mp4,1,FVRA,0.497070,1
00020_id00365_wavtolip.mp4,1,FVRA,0.497070,1
00020_id00374_wavtolip.mp4,1,FVRA,0.497314,1
00020_id00633_wavtolip.mp4,1,FVRA,0.497070,1
00020_id03620_wavtolip.mp4,1,FVRA,0.497070,1
00020_id03716_wavtolip.mp4,1,FVRA,0.497070,1
00020_id03816_wavtolip.mp4,1,FVRA,0.497070,1
00020_id03844_wavtolip.mp4,1,FVRA,0.497314,1
00025_id00330_wavtolip.mp4,1,FVRA,0.406006,1
00025_id00332_wavtolip.mp4,1,FVRA,0.406006,1
00025_id00581_wavtolip.mp4,1,FVRA,0.406738,1
00025_id00634_wavtolip.mp4,1,FVRA,0.406738,1
00025_id01002_wavtolip.mp4,1,FVRA,0.403076,1
00025_id03371_wavtolip.mp4,1,FVRA,0.406494,1
00025_id03649_wavtolip.mp4,1,FVRA,0.403320,1
00025_id03651_wavtolip.mp4,1,FVRA,0.402832,1
00025_id03716_wavtolip.mp4,1,FVRA,0.406494,1
00025_id03844_wavtolip.mp4,1,FVRA,0.403076,1
00063_id00071_wavtolip.mp4,1,FVRA,0.447754,1
00063_id00328_wavtolip.mp4,1,FVRA,0.447021,1
00063_id00484_wavtolip.mp4,1,FVRA,0.447021,1
00063_id00569_wavtolip.mp4,1,FVRA,0.447266,1
00063_id00581_wavtolip.mp4,1,FVRA,0.447998,1
00063_id00826_wavtolip.mp4,1,FVRA,0.448730,1
00063_id03371_wavtolip.mp4,1,FVRA,0.448242,1
00063_id03651_wavtolip.mp4,1,FVRA,0.447266,1
00063_id03816_wavtolip.mp4,1,FVRA,0.447021,1
00063_id03844_wavtolip.mp4,1,FVRA,0.447266,1
00028_id00068_wavtolip.mp4,1,FVRA,0.428223,1
00028_id00270_wavtolip.mp4,1,FVRA,0.428711,1
00028_id00271_wavtolip.mp4,1,FVRA,0.427979,1
00028_id00365_wavtolip.mp4,1,FVRA,0.428711,1
00028_id00373_wavtolip.mp4,1,FVRA,0.428955,1
00028_id00496_wavtolip.mp4,1,FVRA,0.428711,1
00028_id00633_wavtolip.mp4,1,FVRA,0.427734,1
00028_id00634_wavtolip.mp4,1,FVRA,0.427734,1
00028_id00826_wavtolip.mp4,1,FVRA,0.428467,1
00028_id03816_wavtolip.mp4,1,FVRA,0.428467,1
00088_id00188_wavtolip.mp4,1,FVRA,0.499512,1
00088_id00234_wavtolip.mp4,1,FVRA,0.500977,1
00088_id00328_wavtolip.mp4,1,FVRA,0.500000,1
00088_id00365_wavtolip.mp4,1,FVRA,0.499268,1
00088_id00373_wavtolip.mp4,1,FVRA,0.500977,1
00088_id00491_wavtolip.mp4,1,FVRA,0.500000,1
00088_id00634_wavtolip.mp4,1,FVRA,0.500977,1
00088_id00826_wavtolip.mp4,1,FVRA,0.500488,1
00088_id00897_wavtolip.mp4,1,FVRA,0.500977,1
00088_id01002_wavtolip.mp4,1,FVRA,0.500488,1
00028_id00188_wavtolip.mp4,1,FVRA,0.487305,1
00028_id00270_wavtolip.mp4,1,FVRA,0.487305,1
00028_id00365_wavtolip.mp4,1,FVRA,0.487305,1
00028_id00491_wavtolip.mp4,1,FVRA,0.487549,1
00028_id00633_wavtolip.mp4,1,FVRA,0.487305,1
00028_id00806_wavtolip.mp4,1,FVRA,0.487305,1
00028_id01001_wavtolip.mp4,1,FVRA,0.487549,1
00028_id01002_wavtolip.mp4,1,FVRA,0.487549,1
00028_id01018_wavtolip.mp4,1,FVRA,0.487549,1
00028_id03844_wavtolip.mp4,1,FVRA,0.487549,1
00005_id00068_wavtolip.mp4,1,FVRA,0.419189,1
00005_id00188_wavtolip.mp4,1,FVRA,0.418945,1
00005_id00270_wavtolip.mp4,1,FVRA,0.418945,1
00005_id00328_wavtolip.mp4,1,FVRA,0.418945,1
00005_id00365_wavtolip.mp4,1,FVRA,0.418945,1
00005_id00581_wavtolip.mp4,1,FVRA,0.418945,1
00005_id00826_wavtolip.mp4,1,FVRA,0.418945,1
00005_id03371_wavtolip.mp4,1,FVRA,0.419189,1
00005_id03620_wavtolip.mp4,1,FVRA,0.418945,1
00005_id03816_wavtolip.mp4,1,FVRA,0.418945,1
00015_id00042_wavtolip.mp4,1,FVRA,0.344971,0
00015_id00188_wavtolip.mp4,1,FVRA,0.343018,0
00015_id00262_wavtolip.mp4,1,FVRA,0.343018,0
00015_id00569_wavtolip.mp4,1,FVRA,0.343018,0
00015_id00581_wavtolip.mp4,1,FVRA,0.343018,0
00015_id00589_wavtolip.mp4,1,FVRA,0.344727,0
00015_id00591_wavtolip.mp4,1,FVRA,0.343506,0
00015_id03371_wavtolip.mp4,1,FVRA,0.343018,0
00015_id03649_wavtolip.mp4,1,FVRA,0.342285,0
00015_id03858_wavtolip.mp4,1,FVRA,0.344971,0
00092_id00068_wavtolip.mp4,1,FVRA,0.462402,1
00092_id00188_wavtolip.mp4,1,FVRA,0.462402,1
00092_id00271_wavtolip.mp4,1,FVRA,0.461670,1
00092_id00328_wavtolip.mp4,1,FVRA,0.462402,1
00092_id00395_wavtolip.mp4,1,FVRA,0.462891,1
00092_id00491_wavtolip.mp4,1,FVRA,0.462891,1
00092_id00569_wavtolip.mp4,1,FVRA,0.462402,1
00092_id00735_wavtolip.mp4,1,FVRA,0.462402,1
00092_id03651_wavtolip.mp4,1,FVRA,0.462891,1
00092_id03716_wavtolip.mp4,1,FVRA,0.462158,1
00118_id00262_wavtolip.mp4,1,FVRA,0.320312,0
00118_id00395_wavtolip.mp4,1,FVRA,0.318359,0
00118_id00491_wavtolip.mp4,1,FVRA,0.318359,0
00118_id00591_wavtolip.mp4,1,FVRA,0.317627,0
00118_id00633_wavtolip.mp4,1,FVRA,0.320312,0
00118_id00806_wavtolip.mp4,1,FVRA,0.320312,0
00118_id01001_wavtolip.mp4,1,FVRA,0.320068,0
00118_id01002_wavtolip.mp4,1,FVRA,0.318604,0
00118_id01018_wavtolip.mp4,1,FVRA,0.320068,0
00118_id03844_wavtolip.mp4,1,FVRA,0.319336,0
00293_id00188_wavtolip.mp4,1,FVRA,0.390869,1
00293_id00270_wavtolip.mp4,1,FVRA,0.389404,1
00293_id00287_wavtolip.mp4,1,FVRA,0.391113,1
00293_id00365_wavtolip.mp4,1,FVRA,0.389648,1
00293_id00496_wavtolip.mp4,1,FVRA,0.388428,1
00293_id00581_wavtolip.mp4,1,FVRA,0.388428,1
00293_id00591_wavtolip.mp4,1,FVRA,0.391113,1
00293_id00826_wavtolip.mp4,1,FVRA,0.389893,1
00293_id01018_wavtolip.mp4,1,FVRA,0.388184,1
00293_id03371_wavtolip.mp4,1,FVRA,0.388428,1
00078_id00325_wavtolip.mp4,1,FVRA,0.500000,1
00078_id00365_wavtolip.mp4,1,FVRA,0.500000,1
00078_id00379_wavtolip.mp4,1,FVRA,0.500000,1
00078_id00395_wavtolip.mp4,1,FVRA,0.500000,1
00078_id00634_wavtolip.mp4,1,FVRA,0.500000,1
00078_id00735_wavtolip.mp4,1,FVRA,0.500000,1
00078_id00813_wavtolip.mp4,1,FVRA,0.500000,1
00078_id00823_wavtolip.mp4,1,FVRA,0.500000,1
00078_id01002_wavtolip.mp4,1,FVRA,0.500000,1
00078_id03941_wavtolip.mp4,1,FVRA,0.500000,1
00028_id00232_wavtolip.mp4,1,FVRA,0.472656,1
00028_id00379_wavtolip.mp4,1,FVRA,0.472168,1
00028_id00434_wavtolip.mp4,1,FVRA,0.471191,1
00028_id00484_wavtolip.mp4,1,FVRA,0.472168,1
00028_id00495_wavtolip.mp4,1,FVRA,0.471680,1
00028_id00823_wavtolip.mp4,1,FVRA,0.471436,1
00028_id01001_wavtolip.mp4,1,FVRA,0.472168,1
00028_id03371_wavtolip.mp4,1,FVRA,0.472656,1
00028_id03620_wavtolip.mp4,1,FVRA,0.470947,1
00028_id03941_wavtolip.mp4,1,FVRA,0.471436,1
00311_id00188_wavtolip.mp4,1,FVRA,0.525391,1
00311_id00232_wavtolip.mp4,1,FVRA,0.525879,1
00311_id00325_wavtolip.mp4,1,FVRA,0.525879,1
00311_id00328_wavtolip.mp4,1,FVRA,0.525391,1
00311_id00495_wavtolip.mp4,1,FVRA,0.525879,1
00311_id00496_wavtolip.mp4,1,FVRA,0.525879,1
00311_id00589_wavtolip.mp4,1,FVRA,0.525879,1
00311_id00634_wavtolip.mp4,1,FVRA,0.525879,1
00311_id00826_wavtolip.mp4,1,FVRA,0.525391,1
00311_id03716_wavtolip.mp4,1,FVRA,0.525391,1
00043_id00071_wavtolip.mp4,1,FVRA,0.445068,1
00043_id00328_wavtolip.mp4,1,FVRA,0.445068,1
00043_id00330_wavtolip.mp4,1,FVRA,0.445312,1
00043_id00491_wavtolip.mp4,1,FVRA,0.445068,1
00043_id00569_wavtolip.mp4,1,FVRA,0.445068,1
00043_id00581_wavtolip.mp4,1,FVRA,0.445312,1
00043_id00823_wavtolip.mp4,1,FVRA,0.444824,1
00043_id00897_wavtolip.mp4,1,FVRA,0.445068,1
00043_id03371_wavtolip.mp4,1,FVRA,0.445068,1
00043_id03651_wavtolip.mp4,1,FVRA,0.445068,1
00420_id00188_wavtolip.mp4,1,FVRA,0.459717,1
00420_id00234_wavtolip.mp4,1,FVRA,0.460205,1
00420_id00287_wavtolip.mp4,1,FVRA,0.459717,1
00420_id00328_wavtolip.mp4,1,FVRA,0.459961,1
00420_id00332_wavtolip.mp4,1,FVRA,0.459961,1
00420_id00395_wavtolip.mp4,1,FVRA,0.459961,1
00420_id00569_wavtolip.mp4,1,FVRA,0.459961,1
00420_id00581_wavtolip.mp4,1,FVRA,0.459961,1
00420_id00823_wavtolip.mp4,1,FVRA,0.459961,1
00420_id01018_wavtolip.mp4,1,FVRA,0.459961,1
00052_id00068_wavtolip.mp4,1,FVRA,0.436523,1
00052_id00270_wavtolip.mp4,1,FVRA,0.437500,1
00052_id00325_wavtolip.mp4,1,FVRA,0.437012,1
00052_id00365_wavtolip.mp4,1,FVRA,0.437256,1
00052_id00434_wavtolip.mp4,1,FVRA,0.437012,1
00052_id00569_wavtolip.mp4,1,FVRA,0.437744,1
00052_id00591_wavtolip.mp4,1,FVRA,0.437012,1
00052_id01001_wavtolip.mp4,1,FVRA,0.437988,1
00052_id01002_wavtolip.mp4,1,FVRA,0.437988,1
00052_id03858_wavtolip.mp4,1,FVRA,0.437012,1
00046_id00262_wavtolip.mp4,1,FVRA,0.375000,1
00046_id00287_wavtolip.mp4,1,FVRA,0.373535,1
00046_id00325_wavtolip.mp4,1,FVRA,0.374268,1
00046_id00395_wavtolip.mp4,1,FVRA,0.373047,1
00046_id00569_wavtolip.mp4,1,FVRA,0.373535,1
00046_id00806_wavtolip.mp4,1,FVRA,0.374756,1
00046_id00826_wavtolip.mp4,1,FVRA,0.372559,1
00046_id00897_wavtolip.mp4,1,FVRA,0.374756,1
00046_id01002_wavtolip.mp4,1,FVRA,0.373047,1
00046_id03589_wavtolip.mp4,1,FVRA,0.373535,1
00202_id00188_wavtolip.mp4,1,FVRA,0.462158,1
00202_id00232_wavtolip.mp4,1,FVRA,0.462402,1
00202_id00234_wavtolip.mp4,1,FVRA,0.462402,1
00202_id00330_wavtolip.mp4,1,FVRA,0.462402,1
00202_id00379_wavtolip.mp4,1,FVRA,0.462402,1
00202_id00434_wavtolip.mp4,1,FVRA,0.462402,1
00202_id00806_wavtolip.mp4,1,FVRA,0.462402,1
00202_id03371_wavtolip.mp4,1,FVRA,0.462402,1
00202_id03651_wavtolip.mp4,1,FVRA,0.462646,1
00202_id03816_wavtolip.mp4,1,FVRA,0.462402,1
00122_id00262_wavtolip.mp4,1,FVRA,0.440674,1
00122_id00373_wavtolip.mp4,1,FVRA,0.440674,1
00122_id00495_wavtolip.mp4,1,FVRA,0.440674,1
00122_id00496_wavtolip.mp4,1,FVRA,0.440674,1
00122_id00589_wavtolip.mp4,1,FVRA,0.440674,1
00122_id01002_wavtolip.mp4,1,FVRA,0.440430,1
00122_id03371_wavtolip.mp4,1,FVRA,0.440674,1
00122_id03589_wavtolip.mp4,1,FVRA,0.440918,1
00122_id03651_wavtolip.mp4,1,FVRA,0.440674,1
00122_id03844_wavtolip.mp4,1,FVRA,0.440674,1
00027_id00232_wavtolip.mp4,1,FVRA,0.365479,1
00027_id00328_wavtolip.mp4,1,FVRA,0.365234,1
00027_id00374_wavtolip.mp4,1,FVRA,0.365479,1
00027_id00403_wavtolip.mp4,1,FVRA,0.365479,1
00027_id00496_wavtolip.mp4,1,FVRA,0.365479,1
00027_id00569_wavtolip.mp4,1,FVRA,0.365234,1
00027_id00581_wavtolip.mp4,1,FVRA,0.365234,1
00027_id00806_wavtolip.mp4,1,FVRA,0.365479,1
00027_id03620_wavtolip.mp4,1,FVRA,0.365234,1
00027_id03858_wavtolip.mp4,1,FVRA,0.365234,1
00015_id00270_wavtolip.mp4,1,FVRA,0.475098,1
00015_id00287_wavtolip.mp4,1,FVRA,0.474365,1
00015_id00434_wavtolip.mp4,1,FVRA,0.474854,1
00015_id00589_wavtolip.mp4,1,FVRA,0.475098,1
00015_id00633_wavtolip.mp4,1,FVRA,0.474854,1
00015_id00634_wavtolip.mp4,1,FVRA,0.475098,1
00015_id00735_wavtolip.mp4,1,FVRA,0.474854,1
00015_id00806_wavtolip.mp4,1,FVRA,0.474609,1
00015_id00823_wavtolip.mp4,1,FVRA,0.474365,1
00015_id00897_wavtolip.mp4,1,FVRA,0.474609,1
00239_id00068_wavtolip.mp4,1,FVRA,0.415283,1
00239_id00262_wavtolip.mp4,1,FVRA,0.415283,1
00239_id00328_wavtolip.mp4,1,FVRA,0.415283,1
00239_id00330_wavtolip.mp4,1,FVRA,0.415283,1
00239_id00403_wavtolip.mp4,1,FVRA,0.415039,1
00239_id00491_wavtolip.mp4,1,FVRA,0.415039,1
00239_id00735_wavtolip.mp4,1,FVRA,0.415283,1
00239_id00826_wavtolip.mp4,1,FVRA,0.415283,1
00239_id01001_wavtolip.mp4,1,FVRA,0.415283,1
00239_id01002_wavtolip.mp4,1,FVRA,0.414795,1
00010_id00188_wavtolip.mp4,1,FVRA,0.438965,1
00010_id00374_wavtolip.mp4,1,FVRA,0.438721,1
00010_id00379_wavtolip.mp4,1,FVRA,0.438721,1
00010_id00434_wavtolip.mp4,1,FVRA,0.438721,1
00010_id00484_wavtolip.mp4,1,FVRA,0.438721,1
00010_id00495_wavtolip.mp4,1,FVRA,0.438721,1
00010_id00589_wavtolip.mp4,1,FVRA,0.438721,1
00010_id00826_wavtolip.mp4,1,FVRA,0.438965,1
00010_id01018_wavtolip.mp4,1,FVRA,0.438965,1
00010_id03589_wavtolip.mp4,1,FVRA,0.438721,1
00130_id00042_wavtolip.mp4,1,FVRA,0.481445,1
00130_id00188_wavtolip.mp4,1,FVRA,0.481445,1
00130_id00232_wavtolip.mp4,1,FVRA,0.480957,1
00130_id00262_wavtolip.mp4,1,FVRA,0.480713,1
00130_id00270_wavtolip.mp4,1,FVRA,0.481201,1
00130_id00287_wavtolip.mp4,1,FVRA,0.480469,1
00130_id00735_wavtolip.mp4,1,FVRA,0.481689,1
00130_id00813_wavtolip.mp4,1,FVRA,0.480957,1
00130_id01002_wavtolip.mp4,1,FVRA,0.481201,1
00130_id03589_wavtolip.mp4,1,FVRA,0.480957,1
00001_id00270_wavtolip.mp4,1,FVRA,0.473145,1
00001_id00287_wavtolip.mp4,1,FVRA,0.472900,1
00001_id00325_wavtolip.mp4,1,FVRA,0.472900,1
00001_id00374_wavtolip.mp4,1,FVRA,0.473145,1
00001_id00395_wavtolip.mp4,1,FVRA,0.472900,1
00001_id00434_wavtolip.mp4,1,FVRA,0.473145,1
00001_id00491_wavtolip.mp4,1,FVRA,0.472900,1
00001_id00589_wavtolip.mp4,1,FVRA,0.472900,1
00001_id01001_wavtolip.mp4,1,FVRA,0.472900,1
00001_id03716_wavtolip.mp4,1,FVRA,0.473145,1
00088_id00232_wavtolip.mp4,1,FVRA,0.442383,1
00088_id00234_wavtolip.mp4,1,FVRA,0.442383,1
00088_id00271_wavtolip.mp4,1,FVRA,0.443359,1
00088_id00633_wavtolip.mp4,1,FVRA,0.441895,1
00088_id00735_wavtolip.mp4,1,FVRA,0.442627,1
00088_id01001_wavtolip.mp4,1,FVRA,0.442139,1
00088_id01002_wavtolip.mp4,1,FVRA,0.442139,1
00088_id01018_wavtolip.mp4,1,FVRA,0.441895,1
00088_id03589_wavtolip.mp4,1,FVRA,0.442383,1
00088_id03620_wavtolip.mp4,1,FVRA,0.442139,1
00078_id00234_wavtolip.mp4,1,FVRA,0.458252,1
00078_id00287_wavtolip.mp4,1,FVRA,0.457764,1
00078_id00325_wavtolip.mp4,1,FVRA,0.458008,1
00078_id00373_wavtolip.mp4,1,FVRA,0.458252,1
00078_id00491_wavtolip.mp4,1,FVRA,0.458008,1
00078_id00569_wavtolip.mp4,1,FVRA,0.457764,1
00078_id00633_wavtolip.mp4,1,FVRA,0.458252,1
00078_id00897_wavtolip.mp4,1,FVRA,0.458252,1
00078_id01001_wavtolip.mp4,1,FVRA,0.457764,1
00078_id03941_wavtolip.mp4,1,FVRA,0.458008,1
00037_id00188_wavtolip.mp4,1,FVRA,0.358154,1
00037_id00232_wavtolip.mp4,1,FVRA,0.356445,1
00037_id00234_wavtolip.mp4,1,FVRA,0.356445,1
00037_id00262_wavtolip.mp4,1,FVRA,0.356689,1
00037_id00330_wavtolip.mp4,1,FVRA,0.356689,1
00037_id00496_wavtolip.mp4,1,FVRA,0.356445,1
00037_id00569_wavtolip.mp4,1,FVRA,0.358154,1
00037_id00581_wavtolip.mp4,1,FVRA,0.356689,1
00037_id00823_wavtolip.mp4,1,FVRA,0.358643,1
00037_id03649_wavtolip.mp4,1,FVRA,0.358154,1
00005_id00042_wavtolip.mp4,1,FVRA,0.351562,1
00005_id00068_wavtolip.mp4,1,FVRA,0.352539,1
00005_id00373_wavtolip.mp4,1,FVRA,0.354736,1
00005_id00495_wavtolip.mp4,1,FVRA,0.352539,1
00005_id00591_wavtolip.mp4,1,FVRA,0.351807,1
00005_id00806_wavtolip.mp4,1,FVRA,0.353760,1
00005_id01018_wavtolip.mp4,1,FVRA,0.353516,1
00005_id03371_wavtolip.mp4,1,FVRA,0.352539,1
00005_id03716_wavtolip.mp4,1,FVRA,0.353027,1
00005_id03816_wavtolip.mp4,1,FVRA,0.351074,1
00169_id00042_wavtolip.mp4,1,FVRA,0.440186,1
00169_id00325_wavtolip.mp4,1,FVRA,0.438965,1
00169_id00379_wavtolip.mp4,1,FVRA,0.440430,1
00169_id00395_wavtolip.mp4,1,FVRA,0.440674,1
00169_id00806_wavtolip.mp4,1,FVRA,0.438965,1
00169_id01001_wavtolip.mp4,1,FVRA,0.440186,1
00169_id03371_wavtolip.mp4,1,FVRA,0.439941,1
00169_id03589_wavtolip.mp4,1,FVRA,0.439941,1
00169_id03649_wavtolip.mp4,1,FVRA,0.440186,1
00169_id03858_wavtolip.mp4,1,FVRA,0.439941,1
00125_id00234_wavtolip.mp4,1,FVRA,0.365234,1
00125_id00271_wavtolip.mp4,1,FVRA,0.364746,1
00125_id00365_wavtolip.mp4,1,FVRA,0.364990,1
00125_id00633_wavtolip.mp4,1,FVRA,0.365234,1
00125_id00735_wavtolip.mp4,1,FVRA,0.365234,1
00125_id00823_wavtolip.mp4,1,FVRA,0.365234,1
00125_id01018_wavtolip.mp4,1,FVRA,0.364990,1
00125_id03371_wavtolip.mp4,1,FVRA,0.365234,1
00125_id03651_wavtolip.mp4,1,FVRA,0.364746,1
00125_id03858_wavtolip.mp4,1,FVRA,0.365234,1
00065_id00068_wavtolip.mp4,1,FVRA,0.459717,1
00065_id00373_wavtolip.mp4,1,FVRA,0.459473,1
00065_id00395_wavtolip.mp4,1,FVRA,0.458496,1
00065_id00495_wavtolip.mp4,1,FVRA,0.458252,1
00065_id00633_wavtolip.mp4,1,FVRA,0.459717,1
00065_id00806_wavtolip.mp4,1,FVRA,0.459717,1
00065_id01018_wavtolip.mp4,1,FVRA,0.459961,1
00065_id03651_wavtolip.mp4,1,FVRA,0.458496,1
00065_id03716_wavtolip.mp4,1,FVRA,0.459717,1
00065_id03816_wavtolip.mp4,1,FVRA,0.458984,1
00005_id00234_wavtolip.mp4,1,FVRA,0.543457,1
00005_id00328_wavtolip.mp4,1,FVRA,0.541992,1
00005_id00374_wavtolip.mp4,1,FVRA,0.542969,1
00005_id00491_wavtolip.mp4,1,FVRA,0.542969,1
00005_id00496_wavtolip.mp4,1,FVRA,0.541016,1
00005_id00589_wavtolip.mp4,1,FVRA,0.542969,1
00005_id00591_wavtolip.mp4,1,FVRA,0.543457,1
00005_id00806_wavtolip.mp4,1,FVRA,0.540039,1
00005_id00823_wavtolip.mp4,1,FVRA,0.542969,1
00005_id00897_wavtolip.mp4,1,FVRA,0.541016,1
00086_id00068_wavtolip.mp4,1,FVRA,0.416748,1
00086_id00234_wavtolip.mp4,1,FVRA,0.416992,1
00086_id00262_wavtolip.mp4,1,FVRA,0.416748,1
00086_id00287_wavtolip.mp4,1,FVRA,0.416260,1
00086_id00403_wavtolip.mp4,1,FVRA,0.416748,1
00086_id00434_wavtolip.mp4,1,FVRA,0.416992,1
00086_id00569_wavtolip.mp4,1,FVRA,0.415283,1
00086_id01018_wavtolip.mp4,1,FVRA,0.416748,1
00086_id03649_wavtolip.mp4,1,FVRA,0.415771,1
00086_id03858_wavtolip.mp4,1,FVRA,0.416748,1
00043_id00042_wavtolip.mp4,1,FVRA,0.428711,1
00043_id00232_wavtolip.mp4,1,FVRA,0.428467,1
00043_id00270_wavtolip.mp4,1,FVRA,0.428711,1
00043_id00365_wavtolip.mp4,1,FVRA,0.428467,1
00043_id00379_wavtolip.mp4,1,FVRA,0.428711,1
00043_id00395_wavtolip.mp4,1,FVRA,0.428711,1
00043_id00633_wavtolip.mp4,1,FVRA,0.428467,1
00043_id00823_wavtolip.mp4,1,FVRA,0.428467,1
00043_id03620_wavtolip.mp4,1,FVRA,0.428711,1
00043_id03941_wavtolip.mp4,1,FVRA,0.428467,1
00072_id00234_wavtolip.mp4,1,FVRA,0.462891,1
00072_id00270_wavtolip.mp4,1,FVRA,0.466553,1
00072_id00271_wavtolip.mp4,1,FVRA,0.474121,1
00072_id00332_wavtolip.mp4,1,FVRA,0.465088,1
00072_id00434_wavtolip.mp4,1,FVRA,0.466797,1
00072_id00496_wavtolip.mp4,1,FVRA,0.467041,1
00072_id00569_wavtolip.mp4,1,FVRA,0.472168,1
00072_id03589_wavtolip.mp4,1,FVRA,0.464600,1
00072_id03649_wavtolip.mp4,1,FVRA,0.471680,1
00072_id03941_wavtolip.mp4,1,FVRA,0.473389,1
00430_id00071_wavtolip.mp4,1,FVRA,0.453613,1
00430_id00188_wavtolip.mp4,1,FVRA,0.452881,1
00430_id00332_wavtolip.mp4,1,FVRA,0.451416,1
00430_id00365_wavtolip.mp4,1,FVRA,0.452637,1
00430_id00434_wavtolip.mp4,1,FVRA,0.450684,1
00430_id00484_wavtolip.mp4,1,FVRA,0.452637,1
00430_id00569_wavtolip.mp4,1,FVRA,0.452881,1
00430_id00591_wavtolip.mp4,1,FVRA,0.454346,1
00430_id03589_wavtolip.mp4,1,FVRA,0.452637,1
00430_id03651_wavtolip.mp4,1,FVRA,0.454102,1
00002_id00071_wavtolip.mp4,1,FVRA,0.425537,1
00002_id00234_wavtolip.mp4,1,FVRA,0.421143,1
00002_id00270_wavtolip.mp4,1,FVRA,0.421387,1
00002_id00332_wavtolip.mp4,1,FVRA,0.421631,1
00002_id00374_wavtolip.mp4,1,FVRA,0.421631,1
00002_id00495_wavtolip.mp4,1,FVRA,0.425781,1
00002_id00589_wavtolip.mp4,1,FVRA,0.422363,1
00002_id00633_wavtolip.mp4,1,FVRA,0.421143,1
00002_id03844_wavtolip.mp4,1,FVRA,0.426758,1
00002_id03858_wavtolip.mp4,1,FVRA,0.421143,1
00081_id00068_wavtolip.mp4,1,FVRA,0.466553,1
00081_id00270_wavtolip.mp4,1,FVRA,0.466064,1
00081_id00328_wavtolip.mp4,1,FVRA,0.465820,1
00081_id00379_wavtolip.mp4,1,FVRA,0.465576,1
00081_id00496_wavtolip.mp4,1,FVRA,0.464844,1
00081_id00581_wavtolip.mp4,1,FVRA,0.466309,1
00081_id00589_wavtolip.mp4,1,FVRA,0.466309,1
00081_id00633_wavtolip.mp4,1,FVRA,0.466553,1
00081_id00806_wavtolip.mp4,1,FVRA,0.464844,1
00081_id03844_wavtolip.mp4,1,FVRA,0.464844,1
00001_id00271_wavtolip.mp4,1,FVRA,0.504883,1
00001_id00325_wavtolip.mp4,1,FVRA,0.504395,1
00001_id00330_wavtolip.mp4,1,FVRA,0.504395,1
00001_id00373_wavtolip.mp4,1,FVRA,0.504395,1
00001_id00374_wavtolip.mp4,1,FVRA,0.504395,1
00001_id00403_wavtolip.mp4,1,FVRA,0.504395,1
00001_id00491_wavtolip.mp4,1,FVRA,0.504883,1
00001_id00495_wavtolip.mp4,1,FVRA,0.504883,1
00001_id00581_wavtolip.mp4,1,FVRA,0.504395,1
00001_id00823_wavtolip.mp4,1,FVRA,0.504395,1
00092_id00188_wavtolip.mp4,1,FVRA,0.499023,1
00092_id00234_wavtolip.mp4,1,FVRA,0.499023,1
00092_id00325_wavtolip.mp4,1,FVRA,0.498779,1
00092_id00395_wavtolip.mp4,1,FVRA,0.498779,1
00092_id00581_wavtolip.mp4,1,FVRA,0.498779,1
00092_id00591_wavtolip.mp4,1,FVRA,0.498779,1
00092_id00633_wavtolip.mp4,1,FVRA,0.498779,1
00092_id01001_wavtolip.mp4,1,FVRA,0.499023,1
00092_id03649_wavtolip.mp4,1,FVRA,0.499023,1
00092_id03858_wavtolip.mp4,1,FVRA,0.499023,1
00040_id00068_wavtolip.mp4,1,FVRA,0.350342,1
00040_id00234_wavtolip.mp4,1,FVRA,0.351318,1
00040_id00328_wavtolip.mp4,1,FVRA,0.350342,1
00040_id00330_wavtolip.mp4,1,FVRA,0.350342,1
00040_id00365_wavtolip.mp4,1,FVRA,0.350098,1
00040_id00373_wavtolip.mp4,1,FVRA,0.353760,1
00040_id00633_wavtolip.mp4,1,FVRA,0.350830,1
00040_id00813_wavtolip.mp4,1,FVRA,0.354004,1
00040_id00826_wavtolip.mp4,1,FVRA,0.350098,1
00040_id03716_wavtolip.mp4,1,FVRA,0.353760,1
00093_id00232_wavtolip.mp4,1,FVRA,0.544922,1
00093_id00234_wavtolip.mp4,1,FVRA,0.544922,1
00093_id00330_wavtolip.mp4,1,FVRA,0.544922,1
00093_id00491_wavtolip.mp4,1,FVRA,0.545410,1
00093_id00569_wavtolip.mp4,1,FVRA,0.545410,1
00093_id00735_wavtolip.mp4,1,FVRA,0.544922,1
00093_id03620_wavtolip.mp4,1,FVRA,0.544922,1
00093_id03651_wavtolip.mp4,1,FVRA,0.545410,1
00093_id03844_wavtolip.mp4,1,FVRA,0.545410,1
00093_id03858_wavtolip.mp4,1,FVRA,0.544922,1
00028_id00042_wavtolip.mp4,1,FVRA,0.365234,1
00028_id00271_wavtolip.mp4,1,FVRA,0.364258,1
00028_id00365_wavtolip.mp4,1,FVRA,0.365234,1
00028_id00379_wavtolip.mp4,1,FVRA,0.365234,1
00028_id00434_wavtolip.mp4,1,FVRA,0.365234,1
00028_id00484_wavtolip.mp4,1,FVRA,0.365234,1
00028_id00591_wavtolip.mp4,1,FVRA,0.364014,1
00028_id00813_wavtolip.mp4,1,FVRA,0.365234,1
00028_id00897_wavtolip.mp4,1,FVRA,0.365234,1
00028_id03620_wavtolip.mp4,1,FVRA,0.364990,1
00092_id00271_wavtolip.mp4,1,FVRA,0.500000,1
00092_id00328_wavtolip.mp4,1,FVRA,0.503906,1
00092_id00374_wavtolip.mp4,1,FVRA,0.505371,1
00092_id00379_wavtolip.mp4,1,FVRA,0.504395,1
00092_id00484_wavtolip.mp4,1,FVRA,0.504395,1
00092_id00496_wavtolip.mp4,1,FVRA,0.506836,1
00092_id00591_wavtolip.mp4,1,FVRA,0.500488,1
00092_id03651_wavtolip.mp4,1,FVRA,0.500977,1
00092_id03844_wavtolip.mp4,1,FVRA,0.502930,1
00092_id03858_wavtolip.mp4,1,FVRA,0.506836,1
00021_id00068_wavtolip.mp4,1,FVRA,0.355469,1
00021_id00071_wavtolip.mp4,1,FVRA,0.355225,1
00021_id00262_wavtolip.mp4,1,FVRA,0.355225,1
00021_id00332_wavtolip.mp4,1,FVRA,0.355225,1
00021_id00374_wavtolip.mp4,1,FVRA,0.355225,1
00021_id00434_wavtolip.mp4,1,FVRA,0.355225,1
00021_id00581_wavtolip.mp4,1,FVRA,0.355469,1
00021_id00826_wavtolip.mp4,1,FVRA,0.355225,1
00021_id00897_wavtolip.mp4,1,FVRA,0.355225,1
00021_id03651_wavtolip.mp4,1,FVRA,0.354980,1
00028_id00188_wavtolip.mp4,1,FVFA,0.351318,1
00028_id00374_wavtolip.mp4,1,FVFA,0.352783,1
00028_id00403_wavtolip.mp4,1,FVFA,0.352783,1
00028_id00633_wavtolip.mp4,1,FVFA,0.352783,1
00028_id00735_wavtolip.mp4,1,FVFA,0.351318,1
00028_id00823_wavtolip.mp4,1,FVFA,0.350586,1
00028_id01002_wavtolip.mp4,1,FVFA,0.352539,1
00028_id03716_wavtolip.mp4,1,FVFA,0.352783,1
00028_id03858_wavtolip.mp4,1,FVFA,0.352539,1
00004_id00071_wavtolip.mp4,1,FVFA,0.316162,0
00004_id00270_wavtolip.mp4,1,FVFA,0.316406,0
00004_id00287_wavtolip.mp4,1,FVFA,0.316162,0
00004_id00373_wavtolip.mp4,1,FVFA,0.318115,0
00004_id00403_wavtolip.mp4,1,FVFA,0.317383,0
00004_id00813_wavtolip.mp4,1,FVFA,0.318115,0
00004_id00823_wavtolip.mp4,1,FVFA,0.312256,0
00004_id00897_wavtolip.mp4,1,FVFA,0.318359,0
00004_id01002_wavtolip.mp4,1,FVFA,0.316895,0
00014_id00262_wavtolip.mp4,1,FVFA,0.463867,1
00014_id00271_wavtolip.mp4,1,FVFA,0.463867,1
00014_id00328_wavtolip.mp4,1,FVFA,0.463867,1
00014_id00403_wavtolip.mp4,1,FVFA,0.463867,1
00014_id03371_wavtolip.mp4,1,FVFA,0.463867,1
00014_id03651_wavtolip.mp4,1,FVFA,0.462402,1
00014_id03716_wavtolip.mp4,1,FVFA,0.463867,1
00020_id00232_wavtolip.mp4,1,FVFA,0.497070,1
00020_id00262_wavtolip.mp4,1,FVFA,0.497070,1
00020_id00270_wavtolip.mp4,1,FVFA,0.497314,1
00020_id00271_wavtolip.mp4,1,FVFA,0.497314,1
00020_id00330_wavtolip.mp4,1,FVFA,0.497070,1
00020_id00374_wavtolip.mp4,1,FVFA,0.497070,1
00020_id00581_wavtolip.mp4,1,FVFA,0.497070,1
00020_id00806_wavtolip.mp4,1,FVFA,0.497070,1
00020_id03844_wavtolip.mp4,1,FVFA,0.498047,1
00025_id00071_wavtolip.mp4,1,FVFA,0.402344,1
00025_id00270_wavtolip.mp4,1,FVFA,0.402100,1
00025_id00374_wavtolip.mp4,1,FVFA,0.404785,1
00025_id00496_wavtolip.mp4,1,FVFA,0.406738,1
00025_id00569_wavtolip.mp4,1,FVFA,0.402344,1
00025_id00826_wavtolip.mp4,1,FVFA,0.402100,1
00025_id01018_wavtolip.mp4,1,FVFA,0.406738,1
00025_id03589_wavtolip.mp4,1,FVFA,0.406982,1
00025_id03716_wavtolip.mp4,1,FVFA,0.406494,1
00025_id03844_wavtolip.mp4,1,FVFA,0.402344,1
00063_id00232_wavtolip.mp4,1,FVFA,0.447266,1
00063_id00234_wavtolip.mp4,1,FVFA,0.447998,1
00063_id00403_wavtolip.mp4,1,FVFA,0.448242,1
00063_id00434_wavtolip.mp4,1,FVFA,0.448242,1
00063_id00634_wavtolip.mp4,1,FVFA,0.447266,1
00063_id00826_wavtolip.mp4,1,FVFA,0.446777,1
00063_id01002_wavtolip.mp4,1,FVFA,0.447998,1
00063_id03649_wavtolip.mp4,1,FVFA,0.445312,1
00028_id00071_wavtolip.mp4,1,FVFA,0.428223,1
00028_id00328_wavtolip.mp4,1,FVFA,0.428711,1
00028_id00379_wavtolip.mp4,1,FVFA,0.428711,1
00028_id00395_wavtolip.mp4,1,FVFA,0.427002,1
00028_id00496_wavtolip.mp4,1,FVFA,0.428711,1
00028_id00813_wavtolip.mp4,1,FVFA,0.427490,1
00028_id01002_wavtolip.mp4,1,FVFA,0.428955,1
00028_id03651_wavtolip.mp4,1,FVFA,0.425537,1
00028_id03941_wavtolip.mp4,1,FVFA,0.428711,1
00088_id00042_wavtolip.mp4,1,FVFA,0.499756,1
00088_id00332_wavtolip.mp4,1,FVFA,0.500488,1
00088_id00395_wavtolip.mp4,1,FVFA,0.497559,1
00088_id00495_wavtolip.mp4,1,FVFA,0.496826,1
00088_id00496_wavtolip.mp4,1,FVFA,0.500977,1
00088_id00897_wavtolip.mp4,1,FVFA,0.500977,1
00088_id03716_wavtolip.mp4,1,FVFA,0.500977,1
00088_id03844_wavtolip.mp4,1,FVFA,0.497559,1
00088_id03858_wavtolip.mp4,1,FVFA,0.499756,1
00028_id00271_wavtolip.mp4,1,FVFA,0.487305,1
00028_id00374_wavtolip.mp4,1,FVFA,0.487549,1
00028_id00434_wavtolip.mp4,1,FVFA,0.487549,1
00028_id00581_wavtolip.mp4,1,FVFA,0.487549,1
00028_id00591_wavtolip.mp4,1,FVFA,0.488037,1
00028_id00806_wavtolip.mp4,1,FVFA,0.487549,1
00028_id03589_wavtolip.mp4,1,FVFA,0.487549,1
00028_id03649_wavtolip.mp4,1,FVFA,0.489014,1
00005_id00071_wavtolip.mp4,1,FVFA,0.418701,1
00005_id00634_wavtolip.mp4,1,FVFA,0.418945,1
00005_id00823_wavtolip.mp4,1,FVFA,0.419434,1
00005_id00897_wavtolip.mp4,1,FVFA,0.418945,1
00005_id01002_wavtolip.mp4,1,FVFA,0.418945,1
00005_id03620_wavtolip.mp4,1,FVFA,0.418945,1
00005_id03858_wavtolip.mp4,1,FVFA,0.418945,1
00015_id00188_wavtolip.mp4,1,FVFA,0.342041,0
00015_id00271_wavtolip.mp4,1,FVFA,0.343506,0
00015_id00330_wavtolip.mp4,1,FVFA,0.343994,0
00015_id00569_wavtolip.mp4,1,FVFA,0.342285,0
00015_id00806_wavtolip.mp4,1,FVFA,0.343018,0
00015_id00813_wavtolip.mp4,1,FVFA,0.343018,0
00015_id00823_wavtolip.mp4,1,FVFA,0.342773,0
00015_id03589_wavtolip.mp4,1,FVFA,0.343994,0
00015_id03844_wavtolip.mp4,1,FVFA,0.342773,0
00092_id00271_wavtolip.mp4,1,FVFA,0.461670,1
00092_id00287_wavtolip.mp4,1,FVFA,0.461914,1
00092_id00374_wavtolip.mp4,1,FVFA,0.462402,1
00092_id00569_wavtolip.mp4,1,FVFA,0.462158,1
00092_id00633_wavtolip.mp4,1,FVFA,0.462402,1
00092_id00634_wavtolip.mp4,1,FVFA,0.462402,1
00092_id00806_wavtolip.mp4,1,FVFA,0.462402,1
00092_id01002_wavtolip.mp4,1,FVFA,0.463135,1
00118_id00262_wavtolip.mp4,1,FVFA,0.320312,0
00118_id00328_wavtolip.mp4,1,FVFA,0.319336,0
00118_id00374_wavtolip.mp4,1,FVFA,0.320557,0
00118_id00434_wavtolip.mp4,1,FVFA,0.320312,0
00118_id00591_wavtolip.mp4,1,FVFA,0.316895,0
00118_id00633_wavtolip.mp4,1,FVFA,0.320068,0
00118_id01002_wavtolip.mp4,1,FVFA,0.319092,0
00118_id03844_wavtolip.mp4,1,FVFA,0.316895,0
00118_id03858_wavtolip.mp4,1,FVFA,0.320312,0
00293_id00042_wavtolip.mp4,1,FVFA,0.390625,1
00293_id00071_wavtolip.mp4,1,FVFA,0.391113,1
00293_id00379_wavtolip.mp4,1,FVFA,0.390625,1
00293_id00395_wavtolip.mp4,1,FVFA,0.391113,1
00293_id00403_wavtolip.mp4,1,FVFA,0.390137,1
00293_id00496_wavtolip.mp4,1,FVFA,0.388184,1
00293_id00569_wavtolip.mp4,1,FVFA,0.391113,1
00293_id00806_wavtolip.mp4,1,FVFA,0.388428,1
00293_id03371_wavtolip.mp4,1,FVFA,0.388428,1
00293_id03844_wavtolip.mp4,1,FVFA,0.391113,1
00078_id00234_wavtolip.mp4,1,FVFA,0.500000,1
00078_id00270_wavtolip.mp4,1,FVFA,0.500000,1
00078_id00287_wavtolip.mp4,1,FVFA,0.500000,1
00078_id00330_wavtolip.mp4,1,FVFA,0.500000,1
00078_id00332_wavtolip.mp4,1,FVFA,0.500000,1
00078_id00395_wavtolip.mp4,1,FVFA,0.500488,1
00078_id00495_wavtolip.mp4,1,FVFA,0.500488,1
00078_id00897_wavtolip.mp4,1,FVFA,0.500000,1
00078_id03371_wavtolip.mp4,1,FVFA,0.500000,1
00028_id00188_wavtolip.mp4,1,FVFA,0.470947,1
00028_id00232_wavtolip.mp4,1,FVFA,0.472168,1
00028_id00234_wavtolip.mp4,1,FVFA,0.472412,1
00028_id00270_wavtolip.mp4,1,FVFA,0.471680,1
00028_id00569_wavtolip.mp4,1,FVFA,0.470703,1
00028_id00591_wavtolip.mp4,1,FVFA,0.470459,1
00028_id01018_wavtolip.mp4,1,FVFA,0.472656,1
00028_id03371_wavtolip.mp4,1,FVFA,0.472412,1
00028_id03844_wavtolip.mp4,1,FVFA,0.470947,1
00311_id00287_wavtolip.mp4,1,FVFA,0.526367,1
00311_id00374_wavtolip.mp4,1,FVFA,0.525879,1
00311_id00491_wavtolip.mp4,1,FVFA,0.525879,1
00311_id00581_wavtolip.mp4,1,FVFA,0.525879,1
00311_id00823_wavtolip.mp4,1,FVFA,0.526367,1
00311_id00897_wavtolip.mp4,1,FVFA,0.525879,1
00311_id01018_wavtolip.mp4,1,FVFA,0.525879,1
00311_id03371_wavtolip.mp4,1,FVFA,0.525879,1
00311_id03844_wavtolip.mp4,1,FVFA,0.526367,1
00311_id03941_wavtolip.mp4,1,FVFA,0.525879,1
00043_id00232_wavtolip.mp4,1,FVFA,0.445068,1
00043_id00379_wavtolip.mp4,1,FVFA,0.445312,1
00043_id00403_wavtolip.mp4,1,FVFA,0.445068,1
00043_id00581_wavtolip.mp4,1,FVFA,0.445068,1
00043_id00735_wavtolip.mp4,1,FVFA,0.444824,1
00043_id00806_wavtolip.mp4,1,FVFA,0.445068,1
00043_id00823_wavtolip.mp4,1,FVFA,0.444824,1
00043_id03620_wavtolip.mp4,1,FVFA,0.445312,1
00043_id03649_wavtolip.mp4,1,FVFA,0.444824,1
00043_id03858_wavtolip.mp4,1,FVFA,0.445312,1
00420_id00042_wavtolip.mp4,1,FVFA,0.459717,1
00420_id00232_wavtolip.mp4,1,FVFA,0.459961,1
00420_id00234_wavtolip.mp4,1,FVFA,0.459961,1
00420_id00328_wavtolip.mp4,1,FVFA,0.459961,1
00420_id00395_wavtolip.mp4,1,FVFA,0.459717,1
00420_id00484_wavtolip.mp4,1,FVFA,0.459961,1
00420_id00591_wavtolip.mp4,1,FVFA,0.459473,1
00420_id00633_wavtolip.mp4,1,FVFA,0.459961,1
00420_id03941_wavtolip.mp4,1,FVFA,0.459717,1
00052_id00287_wavtolip.mp4,1,FVFA,0.437500,1
00052_id00330_wavtolip.mp4,1,FVFA,0.437500,1
00052_id00403_wavtolip.mp4,1,FVFA,0.437256,1
00052_id00484_wavtolip.mp4,1,FVFA,0.438232,1
00052_id00591_wavtolip.mp4,1,FVFA,0.437256,1
00052_id00897_wavtolip.mp4,1,FVFA,0.437012,1
00052_id03589_wavtolip.mp4,1,FVFA,0.437012,1
00052_id03620_wavtolip.mp4,1,FVFA,0.437256,1
00052_id03716_wavtolip.mp4,1,FVFA,0.437012,1
00046_id00232_wavtolip.mp4,1,FVFA,0.372803,1
00046_id00234_wavtolip.mp4,1,FVFA,0.373535,1
00046_id00330_wavtolip.mp4,1,FVFA,0.372314,1
00046_id00373_wavtolip.mp4,1,FVFA,0.374268,1
00046_id00484_wavtolip.mp4,1,FVFA,0.372803,1
00046_id00591_wavtolip.mp4,1,FVFA,0.376465,1
00046_id00813_wavtolip.mp4,1,FVFA,0.375000,1
00046_id00897_wavtolip.mp4,1,FVFA,0.374512,1
00046_id03651_wavtolip.mp4,1,FVFA,0.376709,1
00046_id03716_wavtolip.mp4,1,FVFA,0.374268,1
00202_id00188_wavtolip.mp4,1,FVFA,0.462891,1
00202_id00232_wavtolip.mp4,1,FVFA,0.462646,1
00202_id00271_wavtolip.mp4,1,FVFA,0.462402,1
00202_id00495_wavtolip.mp4,1,FVFA,0.462891,1
00202_id00496_wavtolip.mp4,1,FVFA,0.462402,1
00202_id00735_wavtolip.mp4,1,FVFA,0.462402,1
00202_id00806_wavtolip.mp4,1,FVFA,0.462402,1
00202_id01002_wavtolip.mp4,1,FVFA,0.462402,1
00202_id03716_wavtolip.mp4,1,FVFA,0.462402,1
00122_id00234_wavtolip.mp4,1,FVFA,0.440674,1
00122_id00271_wavtolip.mp4,1,FVFA,0.440918,1
00122_id00373_wavtolip.mp4,1,FVFA,0.440674,1
00122_id00403_wavtolip.mp4,1,FVFA,0.440674,1
00122_id00496_wavtolip.mp4,1,FVFA,0.440674,1
00122_id03620_wavtolip.mp4,1,FVFA,0.440674,1
00122_id03651_wavtolip.mp4,1,FVFA,0.439697,1
00122_id03844_wavtolip.mp4,1,FVFA,0.440674,1
00122_id03941_wavtolip.mp4,1,FVFA,0.440430,1
00027_id00270_wavtolip.mp4,1,FVFA,0.365479,1
00027_id00271_wavtolip.mp4,1,FVFA,0.365234,1
00027_id00373_wavtolip.mp4,1,FVFA,0.365234,1
00027_id00379_wavtolip.mp4,1,FVFA,0.365234,1
00027_id00403_wavtolip.mp4,1,FVFA,0.365479,1
00027_id00434_wavtolip.mp4,1,FVFA,0.365234,1
00027_id00897_wavtolip.mp4,1,FVFA,0.365234,1
00027_id01002_wavtolip.mp4,1,FVFA,0.365479,1
00027_id01018_wavtolip.mp4,1,FVFA,0.365234,1
00027_id03649_wavtolip.mp4,1,FVFA,0.365234,1
00015_id00232_wavtolip.mp4,1,FVFA,0.474609,1
00015_id00330_wavtolip.mp4,1,FVFA,0.474854,1
00015_id00374_wavtolip.mp4,1,FVFA,0.475098,1
00015_id00379_wavtolip.mp4,1,FVFA,0.474609,1
00015_id00434_wavtolip.mp4,1,FVFA,0.474609,1
00015_id00823_wavtolip.mp4,1,FVFA,0.474609,1
00015_id03716_wavtolip.mp4,1,FVFA,0.474854,1
00239_id00232_wavtolip.mp4,1,FVFA,0.415283,1
00239_id00271_wavtolip.mp4,1,FVFA,0.414307,1
00239_id00287_wavtolip.mp4,1,FVFA,0.414062,1
00239_id00332_wavtolip.mp4,1,FVFA,0.415283,1
00239_id00434_wavtolip.mp4,1,FVFA,0.415283,1
00239_id00633_wavtolip.mp4,1,FVFA,0.415039,1
00239_id00897_wavtolip.mp4,1,FVFA,0.415283,1
00239_id01002_wavtolip.mp4,1,FVFA,0.414551,1
00239_id01018_wavtolip.mp4,1,FVFA,0.415039,1
00010_id00234_wavtolip.mp4,1,FVFA,0.438721,1
00010_id00330_wavtolip.mp4,1,FVFA,0.438965,1
00010_id00332_wavtolip.mp4,1,FVFA,0.438721,1
00010_id00434_wavtolip.mp4,1,FVFA,0.438721,1
00010_id00495_wavtolip.mp4,1,FVFA,0.439209,1
00010_id00591_wavtolip.mp4,1,FVFA,0.439453,1
00010_id01018_wavtolip.mp4,1,FVFA,0.438721,1
00010_id03589_wavtolip.mp4,1,FVFA,0.438721,1
00010_id03620_wavtolip.mp4,1,FVFA,0.438965,1
00130_id00270_wavtolip.mp4,1,FVFA,0.480713,1
00130_id00287_wavtolip.mp4,1,FVFA,0.480469,1
00130_id00374_wavtolip.mp4,1,FVFA,0.481201,1
00130_id00581_wavtolip.mp4,1,FVFA,0.480957,1
00130_id00591_wavtolip.mp4,1,FVFA,0.480957,1
00130_id00813_wavtolip.mp4,1,FVFA,0.480957,1
00130_id00826_wavtolip.mp4,1,FVFA,0.480469,1
00130_id00897_wavtolip.mp4,1,FVFA,0.480957,1
00130_id03651_wavtolip.mp4,1,FVFA,0.482422,1
00001_id00071_wavtolip.mp4,1,FVFA,0.473389,1
00001_id00234_wavtolip.mp4,1,FVFA,0.472900,1
00001_id00270_wavtolip.mp4,1,FVFA,0.473389,1
00001_id00328_wavtolip.mp4,1,FVFA,0.473145,1
00001_id00332_wavtolip.mp4,1,FVFA,0.472900,1
00001_id00484_wavtolip.mp4,1,FVFA,0.473145,1
00001_id00581_wavtolip.mp4,1,FVFA,0.472900,1
00001_id00633_wavtolip.mp4,1,FVFA,0.472900,1
00001_id01018_wavtolip.mp4,1,FVFA,0.472900,1
00001_id03589_wavtolip.mp4,1,FVFA,0.472900,1
00088_id00042_wavtolip.mp4,1,FVFA,0.442627,1
00088_id00330_wavtolip.mp4,1,FVFA,0.442383,1
00088_id00496_wavtolip.mp4,1,FVFA,0.442139,1
00088_id00591_wavtolip.mp4,1,FVFA,0.443115,1
00088_id00735_wavtolip.mp4,1,FVFA,0.442871,1
00088_id03844_wavtolip.mp4,1,FVFA,0.442871,1
00078_id00042_wavtolip.mp4,1,FVFA,0.457764,1
00078_id00270_wavtolip.mp4,1,FVFA,0.457764,1
00078_id00287_wavtolip.mp4,1,FVFA,0.457764,1
00078_id00330_wavtolip.mp4,1,FVFA,0.457520,1
00078_id00403_wavtolip.mp4,1,FVFA,0.457764,1
00078_id00484_wavtolip.mp4,1,FVFA,0.458008,1
00078_id00496_wavtolip.mp4,1,FVFA,0.458008,1
00078_id00569_wavtolip.mp4,1,FVFA,0.457520,1
00078_id00813_wavtolip.mp4,1,FVFA,0.458252,1
00037_id00271_wavtolip.mp4,1,FVFA,0.359131,1
00037_id00332_wavtolip.mp4,1,FVFA,0.357666,1
00037_id00379_wavtolip.mp4,1,FVFA,0.359131,1
00037_id00484_wavtolip.mp4,1,FVFA,0.358887,1
00037_id00496_wavtolip.mp4,1,FVFA,0.356689,1
00037_id00634_wavtolip.mp4,1,FVFA,0.358398,1
00037_id00823_wavtolip.mp4,1,FVFA,0.357910,1
00037_id00826_wavtolip.mp4,1,FVFA,0.358643,1
00037_id01002_wavtolip.mp4,1,FVFA,0.358398,1
00005_id00287_wavtolip.mp4,1,FVFA,0.352051,1
00005_id00328_wavtolip.mp4,1,FVFA,0.352783,1
00005_id00330_wavtolip.mp4,1,FVFA,0.351807,1
00005_id00332_wavtolip.mp4,1,FVFA,0.351562,1
00005_id00373_wavtolip.mp4,1,FVFA,0.352783,1
00005_id00591_wavtolip.mp4,1,FVFA,0.354004,1
00005_id03716_wavtolip.mp4,1,FVFA,0.353760,1
00005_id03858_wavtolip.mp4,1,FVFA,0.351562,1
00169_id00234_wavtolip.mp4,1,FVFA,0.439209,1
00169_id00325_wavtolip.mp4,1,FVFA,0.439941,1
00169_id00330_wavtolip.mp4,1,FVFA,0.439453,1
00169_id00395_wavtolip.mp4,1,FVFA,0.439453,1
00169_id00434_wavtolip.mp4,1,FVFA,0.438965,1
00169_id03589_wavtolip.mp4,1,FVFA,0.439697,1
00169_id03649_wavtolip.mp4,1,FVFA,0.439209,1
00169_id03716_wavtolip.mp4,1,FVFA,0.439697,1
00169_id03844_wavtolip.mp4,1,FVFA,0.439697,1
00125_id00188_wavtolip.mp4,1,FVFA,0.365723,1
00125_id00271_wavtolip.mp4,1,FVFA,0.364990,1
00125_id00332_wavtolip.mp4,1,FVFA,0.364990,1
00125_id00374_wavtolip.mp4,1,FVFA,0.364990,1
00125_id00403_wavtolip.mp4,1,FVFA,0.364990,1
00125_id00434_wavtolip.mp4,1,FVFA,0.365234,1
00125_id00496_wavtolip.mp4,1,FVFA,0.365234,1
00125_id00633_wavtolip.mp4,1,FVFA,0.365234,1
00125_id00826_wavtolip.mp4,1,FVFA,0.364502,1
00065_id00287_wavtolip.mp4,1,FVFA,0.457764,1
00065_id00325_wavtolip.mp4,1,FVFA,0.459961,1
00065_id00374_wavtolip.mp4,1,FVFA,0.459717,1
00065_id00379_wavtolip.mp4,1,FVFA,0.458496,1
00065_id00495_wavtolip.mp4,1,FVFA,0.458984,1
00065_id00569_wavtolip.mp4,1,FVFA,0.458496,1
00065_id00806_wavtolip.mp4,1,FVFA,0.459717,1
00065_id00897_wavtolip.mp4,1,FVFA,0.459717,1
00065_id03620_wavtolip.mp4,1,FVFA,0.459717,1
00065_id03651_wavtolip.mp4,1,FVFA,0.462646,1
00005_id00042_wavtolip.mp4,1,FVFA,0.542969,1
00005_id00232_wavtolip.mp4,1,FVFA,0.541992,1
00005_id00271_wavtolip.mp4,1,FVFA,0.542969,1
00005_id00287_wavtolip.mp4,1,FVFA,0.542969,1
00005_id00379_wavtolip.mp4,1,FVFA,0.543457,1
00005_id00491_wavtolip.mp4,1,FVFA,0.543457,1
00005_id00495_wavtolip.mp4,1,FVFA,0.541504,1
00005_id00496_wavtolip.mp4,1,FVFA,0.541016,1
00005_id01002_wavtolip.mp4,1,FVFA,0.542969,1
00005_id03651_wavtolip.mp4,1,FVFA,0.539062,1
00086_id00042_wavtolip.mp4,1,FVFA,0.416504,1
00086_id00232_wavtolip.mp4,1,FVFA,0.415527,1
00086_id00287_wavtolip.mp4,1,FVFA,0.415039,1
00086_id00496_wavtolip.mp4,1,FVFA,0.416748,1
00086_id00735_wavtolip.mp4,1,FVFA,0.416016,1
00086_id00823_wavtolip.mp4,1,FVFA,0.416504,1
00086_id00826_wavtolip.mp4,1,FVFA,0.416504,1
00086_id03371_wavtolip.mp4,1,FVFA,0.416748,1
00086_id03651_wavtolip.mp4,1,FVFA,0.418213,1
00043_id00234_wavtolip.mp4,1,FVFA,0.428467,1
00043_id00434_wavtolip.mp4,1,FVFA,0.428467,1
00043_id00569_wavtolip.mp4,1,FVFA,0.429199,1
00043_id00813_wavtolip.mp4,1,FVFA,0.428711,1
00043_id00826_wavtolip.mp4,1,FVFA,0.428467,1
00043_id00897_wavtolip.mp4,1,FVFA,0.428467,1
00043_id01018_wavtolip.mp4,1,FVFA,0.428467,1
00043_id03858_wavtolip.mp4,1,FVFA,0.428467,1
00043_id03941_wavtolip.mp4,1,FVFA,0.428711,1
00072_id00071_wavtolip.mp4,1,FVFA,0.474121,1
00072_id00234_wavtolip.mp4,1,FVFA,0.461914,1
00072_id00270_wavtolip.mp4,1,FVFA,0.474121,1
00072_id00271_wavtolip.mp4,1,FVFA,0.473877,1
00072_id00330_wavtolip.mp4,1,FVFA,0.468750,1
00072_id00332_wavtolip.mp4,1,FVFA,0.468994,1
00072_id00374_wavtolip.mp4,1,FVFA,0.468262,1
00072_id00491_wavtolip.mp4,1,FVFA,0.472168,1
00072_id00581_wavtolip.mp4,1,FVFA,0.463379,1
00072_id03651_wavtolip.mp4,1,FVFA,0.475342,1
00430_id00188_wavtolip.mp4,1,FVFA,0.455811,1
00430_id00262_wavtolip.mp4,1,FVFA,0.450684,1
00430_id00330_wavtolip.mp4,1,FVFA,0.451416,1
00430_id00484_wavtolip.mp4,1,FVFA,0.453369,1
00430_id00491_wavtolip.mp4,1,FVFA,0.453369,1
00430_id00581_wavtolip.mp4,1,FVFA,0.451660,1
00430_id00591_wavtolip.mp4,1,FVFA,0.455566,1
00430_id00897_wavtolip.mp4,1,FVFA,0.450684,1
00430_id03649_wavtolip.mp4,1,FVFA,0.455811,1
00002_id00188_wavtolip.mp4,1,FVFA,0.426025,1
00002_id00262_wavtolip.mp4,1,FVFA,0.421387,1
00002_id00270_wavtolip.mp4,1,FVFA,0.426025,1
00002_id00373_wavtolip.mp4,1,FVFA,0.421143,1
00002_id00495_wavtolip.mp4,1,FVFA,0.425781,1
00002_id00806_wavtolip.mp4,1,FVFA,0.421387,1
00002_id01002_wavtolip.mp4,1,FVFA,0.425537,1
00002_id03371_wavtolip.mp4,1,FVFA,0.421143,1
00081_id00262_wavtolip.mp4,1,FVFA,0.464844,1
00081_id00270_wavtolip.mp4,1,FVFA,0.464355,1
00081_id00328_wavtolip.mp4,1,FVFA,0.465088,1
00081_id00332_wavtolip.mp4,1,FVFA,0.465820,1
00081_id00634_wavtolip.mp4,1,FVFA,0.466064,1
00081_id00823_wavtolip.mp4,1,FVFA,0.465820,1
00081_id01018_wavtolip.mp4,1,FVFA,0.467285,1
00081_id03589_wavtolip.mp4,1,FVFA,0.467285,1
00081_id03651_wavtolip.mp4,1,FVFA,0.463623,1
00081_id03716_wavtolip.mp4,1,FVFA,0.466309,1
00001_id00234_wavtolip.mp4,1,FVFA,0.504395,1
00001_id00271_wavtolip.mp4,1,FVFA,0.504395,1
00001_id00325_wavtolip.mp4,1,FVFA,0.504395,1
00001_id00374_wavtolip.mp4,1,FVFA,0.504395,1
00001_id00434_wavtolip.mp4,1,FVFA,0.504395,1
00001_id00484_wavtolip.mp4,1,FVFA,0.504883,1
00001_id00633_wavtolip.mp4,1,FVFA,0.504395,1
00001_id00813_wavtolip.mp4,1,FVFA,0.504395,1
00001_id03620_wavtolip.mp4,1,FVFA,0.504395,1
00001_id03649_wavtolip.mp4,1,FVFA,0.505859,1
00092_id00042_wavtolip.mp4,1,FVFA,0.499023,1
00092_id00232_wavtolip.mp4,1,FVFA,0.499023,1
00092_id00270_wavtolip.mp4,1,FVFA,0.498779,1
00092_id00287_wavtolip.mp4,1,FVFA,0.498291,1
00092_id00332_wavtolip.mp4,1,FVFA,0.499023,1
00092_id00495_wavtolip.mp4,1,FVFA,0.497559,1
00092_id00806_wavtolip.mp4,1,FVFA,0.498779,1
00092_id03589_wavtolip.mp4,1,FVFA,0.499023,1
00092_id03858_wavtolip.mp4,1,FVFA,0.498779,1
00040_id00262_wavtolip.mp4,1,FVFA,0.353760,1
00040_id00270_wavtolip.mp4,1,FVFA,0.350342,1
00040_id00330_wavtolip.mp4,1,FVFA,0.350098,1
00040_id00434_wavtolip.mp4,1,FVFA,0.350830,1
00040_id00495_wavtolip.mp4,1,FVFA,0.351074,1
00040_id00897_wavtolip.mp4,1,FVFA,0.353516,1
00040_id03716_wavtolip.mp4,1,FVFA,0.353027,1
00040_id03844_wavtolip.mp4,1,FVFA,0.351318,1
00093_id00071_wavtolip.mp4,1,FVFA,0.545898,1
00093_id00395_wavtolip.mp4,1,FVFA,0.546387,1
00093_id00569_wavtolip.mp4,1,FVFA,0.546387,1
00093_id00591_wavtolip.mp4,1,FVFA,0.546387,1
00093_id00633_wavtolip.mp4,1,FVFA,0.544922,1
00093_id01002_wavtolip.mp4,1,FVFA,0.545410,1
00093_id03941_wavtolip.mp4,1,FVFA,0.545410,1
00028_id00188_wavtolip.mp4,1,FVFA,0.364990,1
00028_id00271_wavtolip.mp4,1,FVFA,0.364502,1
00028_id00332_wavtolip.mp4,1,FVFA,0.365234,1
00028_id00403_wavtolip.mp4,1,FVFA,0.365234,1
00028_id00495_wavtolip.mp4,1,FVFA,0.364746,1
00028_id00569_wavtolip.mp4,1,FVFA,0.364990,1
00028_id00735_wavtolip.mp4,1,FVFA,0.364502,1
00028_id00806_wavtolip.mp4,1,FVFA,0.365234,1
00028_id01002_wavtolip.mp4,1,FVFA,0.364746,1
00028_id03620_wavtolip.mp4,1,FVFA,0.364990,1
00092_id00188_wavtolip.mp4,1,FVFA,0.498779,1
00092_id00262_wavtolip.mp4,1,FVFA,0.506836,1
00092_id00270_wavtolip.mp4,1,FVFA,0.500488,1
00092_id00379_wavtolip.mp4,1,FVFA,0.500977,1
00092_id00434_wavtolip.mp4,1,FVFA,0.506348,1
00092_id00495_wavtolip.mp4,1,FVFA,0.498779,1
00092_id00735_wavtolip.mp4,1,FVFA,0.499023,1
00092_id00813_wavtolip.mp4,1,FVFA,0.506836,1
00092_id03589_wavtolip.mp4,1,FVFA,0.506836,1
00021_id00071_wavtolip.mp4,1,FVFA,0.356445,1
00021_id00328_wavtolip.mp4,1,FVFA,0.355469,1
00021_id00332_wavtolip.mp4,1,FVFA,0.355225,1
00021_id00379_wavtolip.mp4,1,FVFA,0.355469,1
00021_id00491_wavtolip.mp4,1,FVFA,0.355225,1
00021_id00735_wavtolip.mp4,1,FVFA,0.356445,1
00021_id00806_wavtolip.mp4,1,FVFA,0.355469,1
00021_id03649_wavtolip.mp4,1,FVFA,0.356201,1
00021_id03716_wavtolip.mp4,1,FVFA,0.355225,1
